﻿Alfa.started,Alfa.stopped,alfa_mouse.x,alfa_mouse.y,alfa_mouse.leftButton,alfa_mouse.midButton,alfa_mouse.rightButton,alfa_mouse.clicked_name,participant,group,date,expName,psychopyVersion,OS,frameRate,)],ITI.started,ITI.stopped,B_consensoinformato.started,B_consensoinformato.stopped,tempo_consenso,cons_mouse.x,cons_mouse.y,cons_mouse.leftButton,cons_mouse.midButton,cons_mouse.rightButton,A_benvenuto.started,A_benvenuto.stopped,ben_mouse.x,ben_mouse.y,ben_mouse.leftButton,ben_mouse.midButton,ben_mouse.rightButton,B2_istruzioni.started,B2_istruzioni.stopped,tempo_istru,cons_mouse_2.x,cons_mouse_2.y,cons_mouse_2.leftButton,cons_mouse_2.midButton,cons_mouse_2.rightButton,SAMevaluation.started,SAMevaluation.stopped,temposam,sliderintensity.response,sliderintensity.rt,slidervalence.response,slidervalence.rt,mouse_sam.x,mouse_sam.y,mouse_sam.leftButton,mouse_sam.midButton,mouse_sam.rightButton,mouse_sam.time,mouse_sam.clicked_name,Loading.started,Loading.stopped,C_associative_task.started,C_associative_task.stopped,tempo_trial,hapremutosi,hapremutono,tempo_tasktot,mouse.x,mouse.y,mouse.leftButton,mouse.midButton,mouse.rightButton,trials.thisRepN,trials.thisTrialN,trials.thisN,trials.thisIndex,trials.ran,cond,causa,effetto,D_VD.started,D_VD.stopped,tempo_vd,vd.response,vd.rt,mouse_vd.x,mouse_vd.y,mouse_vd.leftButton,mouse_vd.midButton,mouse_vd.rightButton,Previous.started,Previous.stopped,tempo_vd1,previous.response,previous.rt,mouse_vd_2.x,mouse_vd_2.y,mouse_vd_2.leftButton,mouse_vd_2.midButton,mouse_vd_2.rightButton,EstITA.TrialSN,EstITA.TrialNS,EstITA.TrialD,EstITA.TrialSS,itaest.thisRepN,itaest.thisTrialN,itaest.thisN,itaest.thisIndex,itaest.ran,PF.started,PF.stopped,tempo_pf,processfluency.response,processfluency.rt,mouse_ch.x,mouse_ch.y,mouse_ch.leftButton,mouse_ch.midButton,mouse_ch.rightButton,Questionario_Lingua.Age,Questionario_Lingua.Sesso,Questionario_Lingua.StaiStudiando?,Questionario_Lingua.Anniscolarita,Questionario_Lingua.Diploma,Questionario_Lingua.ItaMADRE?,Questionario_Lingua.INGmadre?,Questionario_Lingua.Q5(AOAIng),Questionario_Lingua.INGLETTURA,Questionario_Lingua.INGCOMPRESO,Questionario_Lingua.INGSCRITTO,Questionario_Lingua.INGPARLATO,Questionario_Lingua.haivissutoestero,ProvaInglese.ProcediamoENg,ProvaInglese.C1,ProvaInglese.C2,ProvaInglese.C3,ProvaInglese.C4,ProvaInglese.C5,ProvaInglese.C6,ProvaInglese.C7,ProvaInglese.C8,ProvaInglese.C9,ProvaInglese.C10,ProvaInglese.C11,ProvaInglese.C12,ProvaInglese.C13,ProvaInglese.C14,ProvaInglese.C15,ProvaInglese.C16,ProvaInglese.C17,ProvaInglese.C18,ProvaInglese.C19,ProvaInglese.C20,ProvaInglese.C21,ProvaInglese.C22,ProvaInglese.C23,ProvaInglese.C24,ProvaInglese.C25,ProvaInglese.controlquestion,Ant_lastquestion.started,Ant_lastquestion.stopped,exp_loop.thisRepN,exp_loop.thisTrialN,exp_loop.thisN,exp_loop.thisIndex,exp_loop.ran
0.001,11.949,0,-0.01,1,0,0,alfa_mask,[(%NOPROG1,1,2025-05-10_10h15.53.590,CLTandFLE,2024.1.5,MacIntel,41.66666667,,,,,,,,,,,,,,,,,,,,,,,,,,,,,,,,,,,,,,,,,,,,,,,,,,,,,,,,,,,,,,,,,,,,,,,,,,,,,,,,,,,,,,,,,,,,,,,,,,,,,,,,,,,,,,,,,,,,,,,,,,,,,,,,,,,,,,,,,,,,,,,,,,,
,,,,,,,,[(%NOPROG1,1,2025-05-10_10h15.53.590,CLTandFLE,2024.1.5,MacIntel,41.66666667,,11.95,12.94,,,,,,,,,,,,,,,,,,,,,,,,,,,,,,,,,,,,,,,,,,,,,,,,,,,,,,,,,,,,,,,,,,,,,,,,,,,,,,,,,,,,,,,,,,,,,,,,,,,,,,,,,,,,,,,,,,,,,,,,,,,,,,,,,,,,,,,,,,,,,,,,
,,,,,,,,[(%NOPROG1,1,2025-05-10_10h15.53.590,CLTandFLE,2024.1.5,MacIntel,41.66666667,,,,12.941,27.232,14.289,0.192222222,-0.403333333,1,0,0,,,,,,,,,,,,,,,,,,,,,,,,,,,,,,,,,,,,,,,,,,,,,,,,,,,,,,,,,,,,,,,,,,,,,,,,,,,,,,,,,,,,,,,,,,,,,,,,,,,,,,,,,,,,,,,,,,,,,,,,,,,,,,,,,,,,,,,,
,,,,,,,,[(%NOPROG1,1,2025-05-10_10h15.53.590,CLTandFLE,2024.1.5,MacIntel,41.66666667,,86.824,87.822,,,,,,,,,28.23,31.63,0.041111111,-0.116666667,1,0,0,32.628,57.853,25.22,-0.005555556,-0.403333333,1,0,0,58.843,78.819,19.973,0.402777778,16.51,0.379166667,18.769,"[-0.0033333333333333335,-0.0077777777777777776,-0.014444444444444444]","[-0.005555555555555556,0.2,-0.18333333333333332]","[1,1,1]","[0,0,0]","[0,0,0]","[13.937999999999988,17.622,19.94099999999999]","[""rettoksam""]",79.829,86.824,87.9,101.472,13.571,0,1,13.571,0.054444444,-0.206666667,0,0,0,0,0,0,29,1,c,Il paziente non ha preso il Batatrim,Il paziente ha superato la crisi,,,,,,,,,,,,,,,,,,,,,,,,,,,,,,,,,,,,,,,,,,,,,,,,,,,,,,,,,,,,,,,,,,,,,,,,,,,,,,,,,,,,,,
,,,,,,,,[(%NOPROG1,1,2025-05-10_10h15.53.590,CLTandFLE,2024.1.5,MacIntel,41.66666667,,,,,,,,,,,,,,,,,,,,,,,,,,,,,,,,,,,,,,,,,,,101.479,111.011,9.531,0,1,23.102,-0.044444444,-0.132222222,0,0,0,0,1,1,37,1,d,Il paziente non ha preso il Batatrim,Il paziente non ha superato la crisi,,,,,,,,,,,,,,,,,,,,,,,,,,,,,,,,,,,,,,,,,,,,,,,,,,,,,,,,,,,,,,,,,,,,,,,,,,,,,,,,,,,,,,
,,,,,,,,[(%NOPROG1,1,2025-05-10_10h15.53.590,CLTandFLE,2024.1.5,MacIntel,41.66666667,,,,,,,,,,,,,,,,,,,,,,,,,,,,,,,,,,,,,,,,,,,111.012,118.442,7.429,1,0,30.531,0.022222222,-0.075555556,0,0,0,0,2,2,1,1,a,Il paziente ha preso il Batatrim,Il paziente ha superato la crisi,,,,,,,,,,,,,,,,,,,,,,,,,,,,,,,,,,,,,,,,,,,,,,,,,,,,,,,,,,,,,,,,,,,,,,,,,,,,,,,,,,,,,,
,,,,,,,,[(%NOPROG1,1,2025-05-10_10h15.53.590,CLTandFLE,2024.1.5,MacIntel,41.66666667,,,,,,,,,,,,,,,,,,,,,,,,,,,,,,,,,,,,,,,,,,,118.443,125.496,7.052,0,1,37.583,0.057777778,-0.04,0,0,0,0,3,3,22,1,c,Il paziente non ha preso il Batatrim,Il paziente ha superato la crisi,,,,,,,,,,,,,,,,,,,,,,,,,,,,,,,,,,,,,,,,,,,,,,,,,,,,,,,,,,,,,,,,,,,,,,,,,,,,,,,,,,,,,,
,,,,,,,,[(%NOPROG1,1,2025-05-10_10h15.53.590,CLTandFLE,2024.1.5,MacIntel,41.66666667,,,,,,,,,,,,,,,,,,,,,,,,,,,,,,,,,,,,,,,,,,,125.497,130.849,5.352,1,0,42.935,-0.082222222,-0.006666667,0,0,0,0,4,4,15,1,b,Il paziente ha preso il Batatrim,Il paziente non ha superato la crisi,,,,,,,,,,,,,,,,,,,,,,,,,,,,,,,,,,,,,,,,,,,,,,,,,,,,,,,,,,,,,,,,,,,,,,,,,,,,,,,,,,,,,,
,,,,,,,,[(%NOPROG1,1,2025-05-10_10h15.53.590,CLTandFLE,2024.1.5,MacIntel,41.66666667,,,,,,,,,,,,,,,,,,,,,,,,,,,,,,,,,,,,,,,,,,,130.85,137.422,6.571,0,1,49.506,-0.003333333,-0.027777778,0,0,0,0,5,5,25,1,c,Il paziente non ha preso il Batatrim,Il paziente ha superato la crisi,,,,,,,,,,,,,,,,,,,,,,,,,,,,,,,,,,,,,,,,,,,,,,,,,,,,,,,,,,,,,,,,,,,,,,,,,,,,,,,,,,,,,,
,,,,,,,,[(%NOPROG1,1,2025-05-10_10h15.53.590,CLTandFLE,2024.1.5,MacIntel,41.66666667,,,,,,,,,,,,,,,,,,,,,,,,,,,,,,,,,,,,,,,,,,,137.423,142.822,5.399,1,0,54.905,-0.035555556,-0.05,0,0,0,0,6,6,17,1,b,Il paziente ha preso il Batatrim,Il paziente non ha superato la crisi,,,,,,,,,,,,,,,,,,,,,,,,,,,,,,,,,,,,,,,,,,,,,,,,,,,,,,,,,,,,,,,,,,,,,,,,,,,,,,,,,,,,,,
,,,,,,,,[(%NOPROG1,1,2025-05-10_10h15.53.590,CLTandFLE,2024.1.5,MacIntel,41.66666667,,,,,,,,,,,,,,,,,,,,,,,,,,,,,,,,,,,,,,,,,,,142.823,148.251,5.427,1,0,60.332,-0.001111111,-0.055555556,0,0,0,0,7,7,16,1,b,Il paziente ha preso il Batatrim,Il paziente non ha superato la crisi,,,,,,,,,,,,,,,,,,,,,,,,,,,,,,,,,,,,,,,,,,,,,,,,,,,,,,,,,,,,,,,,,,,,,,,,,,,,,,,,,,,,,,
,,,,,,,,[(%NOPROG1,1,2025-05-10_10h15.53.590,CLTandFLE,2024.1.5,MacIntel,41.66666667,,,,,,,,,,,,,,,,,,,,,,,,,,,,,,,,,,,,,,,,,,,148.252,153.46,5.207,0,1,65.539,0.062222222,-0.031111111,0,0,0,0,8,8,31,1,c,Il paziente non ha preso il Batatrim,Il paziente ha superato la crisi,,,,,,,,,,,,,,,,,,,,,,,,,,,,,,,,,,,,,,,,,,,,,,,,,,,,,,,,,,,,,,,,,,,,,,,,,,,,,,,,,,,,,,
,,,,,,,,[(%NOPROG1,1,2025-05-10_10h15.53.590,CLTandFLE,2024.1.5,MacIntel,41.66666667,,,,,,,,,,,,,,,,,,,,,,,,,,,,,,,,,,,,,,,,,,,153.461,159.332,5.871,1,0,71.41,0.003333333,-0.052222222,0,0,0,0,9,9,38,1,d,Il paziente non ha preso il Batatrim,Il paziente non ha superato la crisi,,,,,,,,,,,,,,,,,,,,,,,,,,,,,,,,,,,,,,,,,,,,,,,,,,,,,,,,,,,,,,,,,,,,,,,,,,,,,,,,,,,,,,
,,,,,,,,[(%NOPROG1,1,2025-05-10_10h15.53.590,CLTandFLE,2024.1.5,MacIntel,41.66666667,,,,,,,,,,,,,,,,,,,,,,,,,,,,,,,,,,,,,,,,,,,159.333,167.874,8.54,0,1,79.95,0.076666667,-0.045555556,0,0,0,0,10,10,27,1,c,Il paziente non ha preso il Batatrim,Il paziente ha superato la crisi,,,,,,,,,,,,,,,,,,,,,,,,,,,,,,,,,,,,,,,,,,,,,,,,,,,,,,,,,,,,,,,,,,,,,,,,,,,,,,,,,,,,,,
,,,,,,,,[(%NOPROG1,1,2025-05-10_10h15.53.590,CLTandFLE,2024.1.5,MacIntel,41.66666667,,,,,,,,,,,,,,,,,,,,,,,,,,,,,,,,,,,,,,,,,,,167.875,173.043,5.167,0,1,85.117,0.043333333,-0.067777778,0,0,0,0,11,11,32,1,c,Il paziente non ha preso il Batatrim,Il paziente ha superato la crisi,,,,,,,,,,,,,,,,,,,,,,,,,,,,,,,,,,,,,,,,,,,,,,,,,,,,,,,,,,,,,,,,,,,,,,,,,,,,,,,,,,,,,,
,,,,,,,,[(%NOPROG1,1,2025-05-10_10h15.53.590,CLTandFLE,2024.1.5,MacIntel,41.66666667,,,,,,,,,,,,,,,,,,,,,,,,,,,,,,,,,,,,,,,,,,,173.044,178.458,5.414,1,0,90.531,0.001111111,-0.095555556,0,0,0,0,12,12,2,1,a,Il paziente ha preso il Batatrim,Il paziente ha superato la crisi,,,,,,,,,,,,,,,,,,,,,,,,,,,,,,,,,,,,,,,,,,,,,,,,,,,,,,,,,,,,,,,,,,,,,,,,,,,,,,,,,,,,,,
,,,,,,,,[(%NOPROG1,1,2025-05-10_10h15.53.590,CLTandFLE,2024.1.5,MacIntel,41.66666667,,,,,,,,,,,,,,,,,,,,,,,,,,,,,,,,,,,,,,,,,,,178.459,183.929,5.47,1,0,96.001,-0.014444444,-0.066666667,0,0,0,0,13,13,12,1,a,Il paziente ha preso il Batatrim,Il paziente ha superato la crisi,,,,,,,,,,,,,,,,,,,,,,,,,,,,,,,,,,,,,,,,,,,,,,,,,,,,,,,,,,,,,,,,,,,,,,,,,,,,,,,,,,,,,,
,,,,,,,,[(%NOPROG1,1,2025-05-10_10h15.53.590,CLTandFLE,2024.1.5,MacIntel,41.66666667,,,,,,,,,,,,,,,,,,,,,,,,,,,,,,,,,,,,,,,,,,,183.93,188.778,4.847,0,1,100.848,-0.011111111,-0.018888889,0,0,0,0,14,14,36,1,d,Il paziente non ha preso il Batatrim,Il paziente non ha superato la crisi,,,,,,,,,,,,,,,,,,,,,,,,,,,,,,,,,,,,,,,,,,,,,,,,,,,,,,,,,,,,,,,,,,,,,,,,,,,,,,,,,,,,,,
,,,,,,,,[(%NOPROG1,1,2025-05-10_10h15.53.590,CLTandFLE,2024.1.5,MacIntel,41.66666667,,,,,,,,,,,,,,,,,,,,,,,,,,,,,,,,,,,,,,,,,,,188.778,194.512,5.733,0,1,106.581,-0.023333333,-0.006666667,0,0,0,0,15,15,35,1,d,Il paziente non ha preso il Batatrim,Il paziente non ha superato la crisi,,,,,,,,,,,,,,,,,,,,,,,,,,,,,,,,,,,,,,,,,,,,,,,,,,,,,,,,,,,,,,,,,,,,,,,,,,,,,,,,,,,,,,
,,,,,,,,[(%NOPROG1,1,2025-05-10_10h15.53.590,CLTandFLE,2024.1.5,MacIntel,41.66666667,,,,,,,,,,,,,,,,,,,,,,,,,,,,,,,,,,,,,,,,,,,194.513,199.597,5.084,0,1,111.665,-0.014444444,-0.006666667,0,0,0,0,16,16,21,1,c,Il paziente non ha preso il Batatrim,Il paziente ha superato la crisi,,,,,,,,,,,,,,,,,,,,,,,,,,,,,,,,,,,,,,,,,,,,,,,,,,,,,,,,,,,,,,,,,,,,,,,,,,,,,,,,,,,,,,
,,,,,,,,[(%NOPROG1,1,2025-05-10_10h15.53.590,CLTandFLE,2024.1.5,MacIntel,41.66666667,,,,,,,,,,,,,,,,,,,,,,,,,,,,,,,,,,,,,,,,,,,199.598,204.329,4.73,1,0,116.395,-0.03,-0.071111111,0,0,0,0,17,17,14,1,b,Il paziente ha preso il Batatrim,Il paziente ha superato la crisi,,,,,,,,,,,,,,,,,,,,,,,,,,,,,,,,,,,,,,,,,,,,,,,,,,,,,,,,,,,,,,,,,,,,,,,,,,,,,,,,,,,,,,
,,,,,,,,[(%NOPROG1,1,2025-05-10_10h15.53.590,CLTandFLE,2024.1.5,MacIntel,41.66666667,,,,,,,,,,,,,,,,,,,,,,,,,,,,,,,,,,,,,,,,,,,204.33,209.115,4.784,1,0,121.179,-0.043333333,-0.077777778,0,0,0,0,18,18,0,1,a,Il paziente ha preso il Batatrim,Il paziente ha superato la crisi,,,,,,,,,,,,,,,,,,,,,,,,,,,,,,,,,,,,,,,,,,,,,,,,,,,,,,,,,,,,,,,,,,,,,,,,,,,,,,,,,,,,,,
,,,,,,,,[(%NOPROG1,1,2025-05-10_10h15.53.590,CLTandFLE,2024.1.5,MacIntel,41.66666667,,,,,,,,,,,,,,,,,,,,,,,,,,,,,,,,,,,,,,,,,,,209.116,214.039,4.922,1,0,126.101,-0.027777778,-0.064444444,0,0,0,0,19,19,5,1,a,Il paziente ha preso il Batatrim,Il paziente ha superato la crisi,,,,,,,,,,,,,,,,,,,,,,,,,,,,,,,,,,,,,,,,,,,,,,,,,,,,,,,,,,,,,,,,,,,,,,,,,,,,,,,,,,,,,,
,,,,,,,,[(%NOPROG1,1,2025-05-10_10h15.53.590,CLTandFLE,2024.1.5,MacIntel,41.66666667,,,,,,,,,,,,,,,,,,,,,,,,,,,,,,,,,,,,,,,,,,,214.039,220.079,6.039,0,1,132.14,0.058888889,-0.022222222,0,0,0,0,20,20,28,1,c,Il paziente non ha preso il Batatrim,Il paziente ha superato la crisi,,,,,,,,,,,,,,,,,,,,,,,,,,,,,,,,,,,,,,,,,,,,,,,,,,,,,,,,,,,,,,,,,,,,,,,,,,,,,,,,,,,,,,
,,,,,,,,[(%NOPROG1,1,2025-05-10_10h15.53.590,CLTandFLE,2024.1.5,MacIntel,41.66666667,,,,,,,,,,,,,,,,,,,,,,,,,,,,,,,,,,,,,,,,,,,220.079,224.792,4.712,0,1,136.852,0.045555556,-0.027777778,0,0,0,0,21,21,39,1,d,Il paziente non ha preso il Batatrim,Il paziente non ha superato la crisi,,,,,,,,,,,,,,,,,,,,,,,,,,,,,,,,,,,,,,,,,,,,,,,,,,,,,,,,,,,,,,,,,,,,,,,,,,,,,,,,,,,,,,
,,,,,,,,[(%NOPROG1,1,2025-05-10_10h15.53.590,CLTandFLE,2024.1.5,MacIntel,41.66666667,,,,,,,,,,,,,,,,,,,,,,,,,,,,,,,,,,,,,,,,,,,224.792,229.887,5.095,1,0,141.947,-0.011111111,-0.065555556,0,0,0,0,22,22,19,1,b,Il paziente ha preso il Batatrim,Il paziente non ha superato la crisi,,,,,,,,,,,,,,,,,,,,,,,,,,,,,,,,,,,,,,,,,,,,,,,,,,,,,,,,,,,,,,,,,,,,,,,,,,,,,,,,,,,,,,
,,,,,,,,[(%NOPROG1,1,2025-05-10_10h15.53.590,CLTandFLE,2024.1.5,MacIntel,41.66666667,,,,,,,,,,,,,,,,,,,,,,,,,,,,,,,,,,,,,,,,,,,229.888,235.433,5.544,1,0,147.491,0,-0.067777778,0,0,0,0,23,23,6,1,a,Il paziente ha preso il Batatrim,Il paziente ha superato la crisi,,,,,,,,,,,,,,,,,,,,,,,,,,,,,,,,,,,,,,,,,,,,,,,,,,,,,,,,,,,,,,,,,,,,,,,,,,,,,,,,,,,,,,
,,,,,,,,[(%NOPROG1,1,2025-05-10_10h15.53.590,CLTandFLE,2024.1.5,MacIntel,41.66666667,,,,,,,,,,,,,,,,,,,,,,,,,,,,,,,,,,,,,,,,,,,235.434,241.516,6.081,1,0,153.572,0.003333333,-0.06,0,0,0,0,24,24,11,1,a,Il paziente ha preso il Batatrim,Il paziente ha superato la crisi,,,,,,,,,,,,,,,,,,,,,,,,,,,,,,,,,,,,,,,,,,,,,,,,,,,,,,,,,,,,,,,,,,,,,,,,,,,,,,,,,,,,,,
,,,,,,,,[(%NOPROG1,1,2025-05-10_10h15.53.590,CLTandFLE,2024.1.5,MacIntel,41.66666667,,,,,,,,,,,,,,,,,,,,,,,,,,,,,,,,,,,,,,,,,,,241.517,247.538,6.021,1,0,159.593,-0.016666667,-0.08,0,0,0,0,25,25,10,1,a,Il paziente ha preso il Batatrim,Il paziente ha superato la crisi,,,,,,,,,,,,,,,,,,,,,,,,,,,,,,,,,,,,,,,,,,,,,,,,,,,,,,,,,,,,,,,,,,,,,,,,,,,,,,,,,,,,,,
,,,,,,,,[(%NOPROG1,1,2025-05-10_10h15.53.590,CLTandFLE,2024.1.5,MacIntel,41.66666667,,,,,,,,,,,,,,,,,,,,,,,,,,,,,,,,,,,,,,,,,,,247.539,252.618,5.079,1,0,164.672,-0.036666667,-0.073333333,0,0,0,0,26,26,9,1,a,Il paziente ha preso il Batatrim,Il paziente ha superato la crisi,,,,,,,,,,,,,,,,,,,,,,,,,,,,,,,,,,,,,,,,,,,,,,,,,,,,,,,,,,,,,,,,,,,,,,,,,,,,,,,,,,,,,,
,,,,,,,,[(%NOPROG1,1,2025-05-10_10h15.53.590,CLTandFLE,2024.1.5,MacIntel,41.66666667,,,,,,,,,,,,,,,,,,,,,,,,,,,,,,,,,,,,,,,,,,,252.619,258.209,5.589,0,1,170.261,0.047777778,-0.046666667,0,0,0,0,27,27,24,1,c,Il paziente non ha preso il Batatrim,Il paziente ha superato la crisi,,,,,,,,,,,,,,,,,,,,,,,,,,,,,,,,,,,,,,,,,,,,,,,,,,,,,,,,,,,,,,,,,,,,,,,,,,,,,,,,,,,,,,
,,,,,,,,[(%NOPROG1,1,2025-05-10_10h15.53.590,CLTandFLE,2024.1.5,MacIntel,41.66666667,,,,,,,,,,,,,,,,,,,,,,,,,,,,,,,,,,,,,,,,,,,258.209,264.03,5.821,0,1,176.082,0.023333333,-0.034444444,0,0,0,0,28,28,33,1,c,Il paziente non ha preso il Batatrim,Il paziente ha superato la crisi,,,,,,,,,,,,,,,,,,,,,,,,,,,,,,,,,,,,,,,,,,,,,,,,,,,,,,,,,,,,,,,,,,,,,,,,,,,,,,,,,,,,,,
,,,,,,,,[(%NOPROG1,1,2025-05-10_10h15.53.590,CLTandFLE,2024.1.5,MacIntel,41.66666667,,,,,,,,,,,,,,,,,,,,,,,,,,,,,,,,,,,,,,,,,,,264.03,269.223,5.193,1,0,181.275,-0.045555556,-0.052222222,0,0,0,0,29,29,3,1,a,Il paziente ha preso il Batatrim,Il paziente ha superato la crisi,,,,,,,,,,,,,,,,,,,,,,,,,,,,,,,,,,,,,,,,,,,,,,,,,,,,,,,,,,,,,,,,,,,,,,,,,,,,,,,,,,,,,,
,,,,,,,,[(%NOPROG1,1,2025-05-10_10h15.53.590,CLTandFLE,2024.1.5,MacIntel,41.66666667,,,,,,,,,,,,,,,,,,,,,,,,,,,,,,,,,,,,,,,,,,,269.223,274.556,5.333,0,1,186.608,0.023333333,-0.017777778,0,0,0,0,30,30,26,1,c,Il paziente non ha preso il Batatrim,Il paziente ha superato la crisi,,,,,,,,,,,,,,,,,,,,,,,,,,,,,,,,,,,,,,,,,,,,,,,,,,,,,,,,,,,,,,,,,,,,,,,,,,,,,,,,,,,,,,
,,,,,,,,[(%NOPROG1,1,2025-05-10_10h15.53.590,CLTandFLE,2024.1.5,MacIntel,41.66666667,,,,,,,,,,,,,,,,,,,,,,,,,,,,,,,,,,,,,,,,,,,274.557,280.549,5.992,0,1,192.6,-0.015555556,-0.041111111,0,0,0,0,31,31,20,1,c,Il paziente non ha preso il Batatrim,Il paziente ha superato la crisi,,,,,,,,,,,,,,,,,,,,,,,,,,,,,,,,,,,,,,,,,,,,,,,,,,,,,,,,,,,,,,,,,,,,,,,,,,,,,,,,,,,,,,
,,,,,,,,[(%NOPROG1,1,2025-05-10_10h15.53.590,CLTandFLE,2024.1.5,MacIntel,41.66666667,,,,,,,,,,,,,,,,,,,,,,,,,,,,,,,,,,,,,,,,,,,280.55,286.062,5.512,1,0,198.112,0.004444444,-0.041111111,0,0,0,0,32,32,4,1,a,Il paziente ha preso il Batatrim,Il paziente ha superato la crisi,,,,,,,,,,,,,,,,,,,,,,,,,,,,,,,,,,,,,,,,,,,,,,,,,,,,,,,,,,,,,,,,,,,,,,,,,,,,,,,,,,,,,,
,,,,,,,,[(%NOPROG1,1,2025-05-10_10h15.53.590,CLTandFLE,2024.1.5,MacIntel,41.66666667,,,,,,,,,,,,,,,,,,,,,,,,,,,,,,,,,,,,,,,,,,,286.063,291.255,5.192,0,1,203.304,0.032222222,-0.032222222,0,0,0,0,33,33,30,1,c,Il paziente non ha preso il Batatrim,Il paziente ha superato la crisi,,,,,,,,,,,,,,,,,,,,,,,,,,,,,,,,,,,,,,,,,,,,,,,,,,,,,,,,,,,,,,,,,,,,,,,,,,,,,,,,,,,,,,
,,,,,,,,[(%NOPROG1,1,2025-05-10_10h15.53.590,CLTandFLE,2024.1.5,MacIntel,41.66666667,,,,,,,,,,,,,,,,,,,,,,,,,,,,,,,,,,,,,,,,,,,291.256,296.193,4.937,0,1,208.241,0.011111111,-0.03,0,0,0,0,34,34,23,1,c,Il paziente non ha preso il Batatrim,Il paziente ha superato la crisi,,,,,,,,,,,,,,,,,,,,,,,,,,,,,,,,,,,,,,,,,,,,,,,,,,,,,,,,,,,,,,,,,,,,,,,,,,,,,,,,,,,,,,
,,,,,,,,[(%NOPROG1,1,2025-05-10_10h15.53.590,CLTandFLE,2024.1.5,MacIntel,41.66666667,,,,,,,,,,,,,,,,,,,,,,,,,,,,,,,,,,,,,,,,,,,296.194,300.796,4.601,1,0,212.842,-0.061111111,-0.058888889,0,0,0,0,35,35,18,1,b,Il paziente ha preso il Batatrim,Il paziente non ha superato la crisi,,,,,,,,,,,,,,,,,,,,,,,,,,,,,,,,,,,,,,,,,,,,,,,,,,,,,,,,,,,,,,,,,,,,,,,,,,,,,,,,,,,,,,
,,,,,,,,[(%NOPROG1,1,2025-05-10_10h15.53.590,CLTandFLE,2024.1.5,MacIntel,41.66666667,,,,,,,,,,,,,,,,,,,,,,,,,,,,,,,,,,,,,,,,,,,300.797,307.502,6.705,0,1,219.547,-0.067777778,-0.054444444,0,0,0,0,36,36,34,1,c,Il paziente non ha preso il Batatrim,Il paziente ha superato la crisi,,,,,,,,,,,,,,,,,,,,,,,,,,,,,,,,,,,,,,,,,,,,,,,,,,,,,,,,,,,,,,,,,,,,,,,,,,,,,,,,,,,,,,
,,,,,,,,[(%NOPROG1,1,2025-05-10_10h15.53.590,CLTandFLE,2024.1.5,MacIntel,41.66666667,,,,,,,,,,,,,,,,,,,,,,,,,,,,,,,,,,,,,,,,,,,307.503,312.039,4.536,1,0,224.083,-0.063333333,-0.085555556,0,0,0,0,37,37,13,1,a,Il paziente ha preso il Batatrim,Il paziente ha superato la crisi,,,,,,,,,,,,,,,,,,,,,,,,,,,,,,,,,,,,,,,,,,,,,,,,,,,,,,,,,,,,,,,,,,,,,,,,,,,,,,,,,,,,,,
,,,,,,,,[(%NOPROG1,1,2025-05-10_10h15.53.590,CLTandFLE,2024.1.5,MacIntel,41.66666667,,,,,,,,,,,,,,,,,,,,,,,,,,,,,,,,,,,,,,,,,,,312.039,317.077,5.038,1,0,229.121,-0.025555556,-0.094444444,0,0,0,0,38,38,8,1,a,Il paziente ha preso il Batatrim,Il paziente ha superato la crisi,,,,,,,,,,,,,,,,,,,,,,,,,,,,,,,,,,,,,,,,,,,,,,,,,,,,,,,,,,,,,,,,,,,,,,,,,,,,,,,,,,,,,,
,,,,,,,,[(%NOPROG1,1,2025-05-10_10h15.53.590,CLTandFLE,2024.1.5,MacIntel,41.66666667,,,,,,,,,,,,,,,,,,,,,,,,,,,,,,,,,,,,,,,,,,,317.078,321.835,4.756,1,0,233.877,-0.022222222,-0.063333333,0,0,0,0,39,39,7,1,a,Il paziente ha preso il Batatrim,Il paziente ha superato la crisi,,,,,,,,,,,,,,,,,,,,,,,,,,,,,,,,,,,,,,,,,,,,,,,,,,,,,,,,,,,,,,,,,,,,,,,,,,,,,,,,,,,,,,
,,,,,,,,[(%NOPROG1,1,2025-05-10_10h15.53.590,CLTandFLE,2024.1.5,MacIntel,41.66666667,,362.143,363.14,,,,,,,,,,,,,,,,,,,,,,,,,,,,,,,,,,,,,,,,,,,,,,,,,,,,,,,,,,,322.833,340.805,17.972,60,15.384,-0.007777778,-0.203333333,1,0,0,341.804,362.143,20.338,70,19.503,0.017777778,-0.177777778,1,0,0,40,50,70,80,0,0,0,0,1,,,,,,,,,,,,,,,,,,,,,,,,,,,,,,,,,,,,,,,,,,,,,,,,,,,,,,,,,
,,,,,,,,[(%NOPROG1,1,2025-05-10_10h15.53.590,CLTandFLE,2024.1.5,MacIntel,41.66666667,,523.385,524.383,,,,,,,,,,,,,,,,,,,,,,,,,,,,,,,,,,,,,,,,,,,,,,,,,,,,,,,,,,,,,,,,,,,,,,,,,,,,,,,,,,,,,,,,432.594,437.774,5.18,4,3.842,-0.032222222,-0.22,1,0,0,22,Femmina,No,13,No,TRUE,FALSE,10,6,6,7,3,FALSE,Conferma,c1ok,c2ok,c3err2,c4err2,c5ok,c6ok,c7ok,c8err3,c9ok,c10err,c11err2,c12ok,c13err2,c14err2,c15ok,c16err3,c17ok,c18err2,c19err2,c20err3,c21err,c22err3,c23err3,c24err3,c25err,c26err,834.412,841.157,0,0,0,0,1
