﻿Alfa.started,Alfa.stopped,alfa_mouse.x,alfa_mouse.y,alfa_mouse.leftButton,alfa_mouse.midButton,alfa_mouse.rightButton,alfa_mouse.clicked_name,participant,group,date,expName,psychopyVersion,OS,frameRate,)],ITI.started,ITI.stopped,B_consensoinformato.started,B_consensoinformato.stopped,tempo_consenso,cons_mouse.x,cons_mouse.y,cons_mouse.leftButton,cons_mouse.midButton,cons_mouse.rightButton,A_benvenuto.started,A_benvenuto.stopped,ben_mouse.x,ben_mouse.y,ben_mouse.leftButton,ben_mouse.midButton,ben_mouse.rightButton,B2_istruzioni.started,B2_istruzioni.stopped,tempo_istru,cons_mouse_2.x,cons_mouse_2.y,cons_mouse_2.leftButton,cons_mouse_2.midButton,cons_mouse_2.rightButton,SAMevaluation.started,SAMevaluation.stopped,temposam,sliderintensity.response,sliderintensity.rt,slidervalence.response,slidervalence.rt,mouse_sam.x,mouse_sam.y,mouse_sam.leftButton,mouse_sam.midButton,mouse_sam.rightButton,mouse_sam.time,mouse_sam.clicked_name,Loading.started,Loading.stopped,C_associative_task.started,C_associative_task.stopped,tempo_trial,hapremutosi,hapremutono,tempo_tasktot,mouse.x,mouse.y,mouse.leftButton,mouse.midButton,mouse.rightButton,trials.thisRepN,trials.thisTrialN,trials.thisN,trials.thisIndex,trials.ran,cond,causa,effetto,D_VD.started,D_VD.stopped,tempo_vd,vd.response,vd.rt,mouse_vd.x,mouse_vd.y,mouse_vd.leftButton,mouse_vd.midButton,mouse_vd.rightButton,Previous.started,Previous.stopped,tempo_vd1,previous.response,previous.rt,mouse_vd_2.x,mouse_vd_2.y,mouse_vd_2.leftButton,mouse_vd_2.midButton,mouse_vd_2.rightButton,EstENG.TrialNS,EstENG.TrialSS,EstENG.TrialSN,EstENG.TrialNN,ingesta.thisRepN,ingesta.thisTrialN,ingesta.thisN,ingesta.thisIndex,ingesta.ran,PF.started,PF.stopped,tempo_pf,processfluency.response,processfluency.rt,mouse_ch.x,mouse_ch.y,mouse_ch.leftButton,mouse_ch.midButton,mouse_ch.rightButton,Questionario_Lingua.Age,Questionario_Lingua.Sesso,Questionario_Lingua.StaiStudiando?,Questionario_Lingua.Anniscolarita,Questionario_Lingua.Diploma,Questionario_Lingua.Punteggiodiploma,Questionario_Lingua.ItaMADRE?,Questionario_Lingua.INGmadre?,Questionario_Lingua.Q5(AOAIng),Questionario_Lingua.INGLETTURA,Questionario_Lingua.INGCOMPRESO,Questionario_Lingua.INGSCRITTO,Questionario_Lingua.INGPARLATO,Questionario_Lingua.haivissutoestero,ProvaInglese.ProcediamoENg,ProvaInglese.C1,ProvaInglese.C2,ProvaInglese.C3,ProvaInglese.C4,ProvaInglese.C5,ProvaInglese.C6,ProvaInglese.C7,ProvaInglese.C8,ProvaInglese.C9,ProvaInglese.C10,ProvaInglese.C11,ProvaInglese.C12,ProvaInglese.C13,ProvaInglese.C14,ProvaInglese.C15,ProvaInglese.C16,ProvaInglese.C17,ProvaInglese.C18,ProvaInglese.C19,ProvaInglese.C20,ProvaInglese.C21,ProvaInglese.C22,ProvaInglese.C23,ProvaInglese.C24,ProvaInglese.C25,ProvaInglese.controlquestion,Ant_lastquestion.started,Ant_lastquestion.stopped,exp_loop.thisRepN,exp_loop.thisTrialN,exp_loop.thisN,exp_loop.thisIndex,exp_loop.ran
0.0003,2.0487,0.025,0.000925912,1,0,0,alfa_mask,[(%NOPRO3,2,2025-04-24_22h43.36.881,CLTandFLE,2024.1.5,Win32,60.24096386,,,,,,,,,,,,,,,,,,,,,,,,,,,,,,,,,,,,,,,,,,,,,,,,,,,,,,,,,,,,,,,,,,,,,,,,,,,,,,,,,,,,,,,,,,,,,,,,,,,,,,,,,,,,,,,,,,,,,,,,,,,,,,,,,,,,,,,,,,,,,,,,,,,,
,,,,,,,,[(%NOPRO3,2,2025-04-24_22h43.36.881,CLTandFLE,2024.1.5,Win32,60.24096386,,2.049,3.0428,,,,,,,,,,,,,,,,,,,,,,,,,,,,,,,,,,,,,,,,,,,,,,,,,,,,,,,,,,,,,,,,,,,,,,,,,,,,,,,,,,,,,,,,,,,,,,,,,,,,,,,,,,,,,,,,,,,,,,,,,,,,,,,,,,,,,,,,,,,,,,,,,
,,,,,,,,[(%NOPRO3,2,2025-04-24_22h43.36.881,CLTandFLE,2024.1.5,Win32,60.24096386,,,,3.0436,15.9437,12.8988,0.175925954,-0.402777778,1,0,0,,,,,,,,,,,,,,,,,,,,,,,,,,,,,,,,,,,,,,,,,,,,,,,,,,,,,,,,,,,,,,,,,,,,,,,,,,,,,,,,,,,,,,,,,,,,,,,,,,,,,,,,,,,,,,,,,,,,,,,,,,,,,,,,,,,,,,,,,
,,,,,,,,[(%NOPRO3,2,2025-04-24_22h43.36.881,CLTandFLE,2024.1.5,Win32,60.24096386,,111.9939,112.9942,,,,,,,,,16.9434,19.7165,-0.033333333,-0.114814843,1,0,0,20.7099,89.9113,69.2003,0.010185242,-0.413888889,1,0,0,90.9119,103.9949,13.0819,0.21759261,10.7033,0.734953774,12.2185,"[-0.22592591179741753,0.18796301947699653,0.041666666666666664]","[0.0037036895751953124,0.20462962256537542,-0.19259262084960938]","[1,1,1]","[0,0,0]","[0,0,0]","[10.415699999988078,12.165099999994041,13.065099999994047]","[""slidervalence"",""rettoksam""]",104.9946,111.9938,113.0568,186.2794,73.2215,1,0,73.2215,-0.170370314,-0.028703732,0,0,0,0,0,0,31,1,c,The patient has not taken Batatrim,The patient has overcome the crisis,,,,,,,,,,,,,,,,,,,,,,,,,,,,,,,,,,,,,,,,,,,,,,,,,,,,,,,,,,,,,,,,,,,,,,,,,,,,,,,,,,,,,,,
,,,,,,,,[(%NOPRO3,2,2025-04-24_22h43.36.881,CLTandFLE,2024.1.5,Win32,60.24096386,,,,,,,,,,,,,,,,,,,,,,,,,,,,,,,,,,,,,,,,,,,186.2808,193.0092,6.7279,1,0,79.9494,-0.171296268,-0.027777778,0,0,0,0,1,1,7,1,a,The patient has taken Batatrim,The patient has overcome the crisis,,,,,,,,,,,,,,,,,,,,,,,,,,,,,,,,,,,,,,,,,,,,,,,,,,,,,,,,,,,,,,,,,,,,,,,,,,,,,,,,,,,,,,,
,,,,,,,,[(%NOPRO3,2,2025-04-24_22h43.36.881,CLTandFLE,2024.1.5,Win32,60.24096386,,,,,,,,,,,,,,,,,,,,,,,,,,,,,,,,,,,,,,,,,,,193.01,251.396,58.3856,0,1,138.335,0.121296353,-0.029629644,0,0,0,0,2,2,36,1,d,The patient has not taken Batatrim,The patient has not overcome the crisis,,,,,,,,,,,,,,,,,,,,,,,,,,,,,,,,,,,,,,,,,,,,,,,,,,,,,,,,,,,,,,,,,,,,,,,,,,,,,,,,,,,,,,,
,,,,,,,,[(%NOPRO3,2,2025-04-24_22h43.36.881,CLTandFLE,2024.1.5,Win32,60.24096386,,,,,,,,,,,,,,,,,,,,,,,,,,,,,,,,,,,,,,,,,,,251.397,261.5809,10.1832,0,1,148.5182,0.148148176,-0.037037065,0,0,0,0,3,3,19,1,b,The patient has taken Batatrim,The patient has not overcome the crisis,,,,,,,,,,,,,,,,,,,,,,,,,,,,,,,,,,,,,,,,,,,,,,,,,,,,,,,,,,,,,,,,,,,,,,,,,,,,,,,,,,,,,,,
,,,,,,,,[(%NOPRO3,2,2025-04-24_22h43.36.881,CLTandFLE,2024.1.5,Win32,60.24096386,,,,,,,,,,,,,,,,,,,,,,,,,,,,,,,,,,,,,,,,,,,261.5832,269.7149,8.1313,1,0,156.6495,-0.181481467,-0.038888889,0,0,0,0,4,4,0,1,a,The patient has taken Batatrim,The patient has overcome the crisis,,,,,,,,,,,,,,,,,,,,,,,,,,,,,,,,,,,,,,,,,,,,,,,,,,,,,,,,,,,,,,,,,,,,,,,,,,,,,,,,,,,,,,,
,,,,,,,,[(%NOPRO3,2,2025-04-24_22h43.36.881,CLTandFLE,2024.1.5,Win32,60.24096386,,,,,,,,,,,,,,,,,,,,,,,,,,,,,,,,,,,,,,,,,,,269.7155,275.0628,5.3469,0,1,161.9964,0.15,-0.051851866,0,0,0,0,5,5,3,1,a,The patient has taken Batatrim,The patient has overcome the crisis,,,,,,,,,,,,,,,,,,,,,,,,,,,,,,,,,,,,,,,,,,,,,,,,,,,,,,,,,,,,,,,,,,,,,,,,,,,,,,,,,,,,,,,
,,,,,,,,[(%NOPRO3,2,2025-04-24_22h43.36.881,CLTandFLE,2024.1.5,Win32,60.24096386,,,,,,,,,,,,,,,,,,,,,,,,,,,,,,,,,,,,,,,,,,,275.0633,283.0681,8.0045,0,1,170.0009,0.149074131,-0.042592621,0,0,0,0,6,6,27,1,c,The patient has not taken Batatrim,The patient has overcome the crisis,,,,,,,,,,,,,,,,,,,,,,,,,,,,,,,,,,,,,,,,,,,,,,,,,,,,,,,,,,,,,,,,,,,,,,,,,,,,,,,,,,,,,,,
,,,,,,,,[(%NOPRO3,2,2025-04-24_22h43.36.881,CLTandFLE,2024.1.5,Win32,60.24096386,,,,,,,,,,,,,,,,,,,,,,,,,,,,,,,,,,,,,,,,,,,283.0687,289.5635,6.4945,1,0,176.4954,-0.182407379,-0.007407422,0,0,0,0,7,7,11,1,a,The patient has taken Batatrim,The patient has overcome the crisis,,,,,,,,,,,,,,,,,,,,,,,,,,,,,,,,,,,,,,,,,,,,,,,,,,,,,,,,,,,,,,,,,,,,,,,,,,,,,,,,,,,,,,,
,,,,,,,,[(%NOPRO3,2,2025-04-24_22h43.36.881,CLTandFLE,2024.1.5,Win32,60.24096386,,,,,,,,,,,,,,,,,,,,,,,,,,,,,,,,,,,,,,,,,,,289.5643,295.4082,5.8436,1,0,182.339,-0.164814758,-0.044444444,0,0,0,0,8,8,30,1,c,The patient has not taken Batatrim,The patient has overcome the crisis,,,,,,,,,,,,,,,,,,,,,,,,,,,,,,,,,,,,,,,,,,,,,,,,,,,,,,,,,,,,,,,,,,,,,,,,,,,,,,,,,,,,,,,
,,,,,,,,[(%NOPRO3,2,2025-04-24_22h43.36.881,CLTandFLE,2024.1.5,Win32,60.24096386,,,,,,,,,,,,,,,,,,,,,,,,,,,,,,,,,,,,,,,,,,,295.4089,300.9657,5.5564,0,1,187.8954,0.253703732,-0.04629631,0,0,0,0,9,9,8,1,a,The patient has taken Batatrim,The patient has overcome the crisis,,,,,,,,,,,,,,,,,,,,,,,,,,,,,,,,,,,,,,,,,,,,,,,,,,,,,,,,,,,,,,,,,,,,,,,,,,,,,,,,,,,,,,,
,,,,,,,,[(%NOPRO3,2,2025-04-24_22h43.36.881,CLTandFLE,2024.1.5,Win32,60.24096386,,,,,,,,,,,,,,,,,,,,,,,,,,,,,,,,,,,,,,,,,,,300.9665,307.5314,6.5646,1,0,194.46,-0.157407379,-0.061111111,0,0,0,0,10,10,37,1,d,The patient has not taken Batatrim,The patient has not overcome the crisis,,,,,,,,,,,,,,,,,,,,,,,,,,,,,,,,,,,,,,,,,,,,,,,,,,,,,,,,,,,,,,,,,,,,,,,,,,,,,,,,,,,,,,,
,,,,,,,,[(%NOPRO3,2,2025-04-24_22h43.36.881,CLTandFLE,2024.1.5,Win32,60.24096386,,,,,,,,,,,,,,,,,,,,,,,,,,,,,,,,,,,,,,,,,,,307.5323,314.3285,6.7958,1,0,201.2558,-0.162036981,-0.083333333,0,0,0,0,11,11,15,1,b,The patient has taken Batatrim,The patient has not overcome the crisis,,,,,,,,,,,,,,,,,,,,,,,,,,,,,,,,,,,,,,,,,,,,,,,,,,,,,,,,,,,,,,,,,,,,,,,,,,,,,,,,,,,,,,,
,,,,,,,,[(%NOPRO3,2,2025-04-24_22h43.36.881,CLTandFLE,2024.1.5,Win32,60.24096386,,,,,,,,,,,,,,,,,,,,,,,,,,,,,,,,,,,,,,,,,,,314.3294,321.6449,7.3151,0,1,208.5709,0.155555556,-0.055555556,0,0,0,0,12,12,9,1,a,The patient has taken Batatrim,The patient has overcome the crisis,,,,,,,,,,,,,,,,,,,,,,,,,,,,,,,,,,,,,,,,,,,,,,,,,,,,,,,,,,,,,,,,,,,,,,,,,,,,,,,,,,,,,,,
,,,,,,,,[(%NOPRO3,2,2025-04-24_22h43.36.881,CLTandFLE,2024.1.5,Win32,60.24096386,,,,,,,,,,,,,,,,,,,,,,,,,,,,,,,,,,,,,,,,,,,321.6456,326.5541,4.908,0,1,213.4789,0.153703732,-0.061111111,0,0,0,0,13,13,10,1,a,The patient has taken Batatrim,The patient has overcome the crisis,,,,,,,,,,,,,,,,,,,,,,,,,,,,,,,,,,,,,,,,,,,,,,,,,,,,,,,,,,,,,,,,,,,,,,,,,,,,,,,,,,,,,,,
,,,,,,,,[(%NOPRO3,2,2025-04-24_22h43.36.881,CLTandFLE,2024.1.5,Win32,60.24096386,,,,,,,,,,,,,,,,,,,,,,,,,,,,,,,,,,,,,,,,,,,326.5549,331.9125,5.3573,1,0,218.8362,-0.145370314,-0.085185199,0,0,0,0,14,14,4,1,a,The patient has taken Batatrim,The patient has overcome the crisis,,,,,,,,,,,,,,,,,,,,,,,,,,,,,,,,,,,,,,,,,,,,,,,,,,,,,,,,,,,,,,,,,,,,,,,,,,,,,,,,,,,,,,,
,,,,,,,,[(%NOPRO3,2,2025-04-24_22h43.36.881,CLTandFLE,2024.1.5,Win32,60.24096386,,,,,,,,,,,,,,,,,,,,,,,,,,,,,,,,,,,,,,,,,,,331.9134,341.5674,9.6536,1,0,228.4898,-0.199074046,-0.026851866,0,0,0,0,15,15,16,1,b,The patient has taken Batatrim,The patient has not overcome the crisis,,,,,,,,,,,,,,,,,,,,,,,,,,,,,,,,,,,,,,,,,,,,,,,,,,,,,,,,,,,,,,,,,,,,,,,,,,,,,,,,,,,,,,,
,,,,,,,,[(%NOPRO3,2,2025-04-24_22h43.36.881,CLTandFLE,2024.1.5,Win32,60.24096386,,,,,,,,,,,,,,,,,,,,,,,,,,,,,,,,,,,,,,,,,,,341.5681,351.0183,9.4495,0,1,237.9393,0.143518575,-0.047222222,0,0,0,0,16,16,6,1,a,The patient has taken Batatrim,The patient has overcome the crisis,,,,,,,,,,,,,,,,,,,,,,,,,,,,,,,,,,,,,,,,,,,,,,,,,,,,,,,,,,,,,,,,,,,,,,,,,,,,,,,,,,,,,,,
,,,,,,,,[(%NOPRO3,2,2025-04-24_22h43.36.881,CLTandFLE,2024.1.5,Win32,60.24096386,,,,,,,,,,,,,,,,,,,,,,,,,,,,,,,,,,,,,,,,,,,351.0192,355.3928,4.373,0,1,242.3123,0.145370399,-0.055555556,0,0,0,0,17,17,1,1,a,The patient has taken Batatrim,The patient has overcome the crisis,,,,,,,,,,,,,,,,,,,,,,,,,,,,,,,,,,,,,,,,,,,,,,,,,,,,,,,,,,,,,,,,,,,,,,,,,,,,,,,,,,,,,,,
,,,,,,,,[(%NOPRO3,2,2025-04-24_22h43.36.881,CLTandFLE,2024.1.5,Win32,60.24096386,,,,,,,,,,,,,,,,,,,,,,,,,,,,,,,,,,,,,,,,,,,355.3937,359.9141,4.5201,1,0,246.8324,-0.260185157,-0.053703732,0,0,0,0,18,18,14,1,b,The patient has taken Batatrim,The patient has overcome the crisis,,,,,,,,,,,,,,,,,,,,,,,,,,,,,,,,,,,,,,,,,,,,,,,,,,,,,,,,,,,,,,,,,,,,,,,,,,,,,,,,,,,,,,,
,,,,,,,,[(%NOPRO3,2,2025-04-24_22h43.36.881,CLTandFLE,2024.1.5,Win32,60.24096386,,,,,,,,,,,,,,,,,,,,,,,,,,,,,,,,,,,,,,,,,,,359.9149,365.6648,5.7495,0,1,252.5819,0.145370399,-0.042592621,0,0,0,0,19,19,2,1,a,The patient has taken Batatrim,The patient has overcome the crisis,,,,,,,,,,,,,,,,,,,,,,,,,,,,,,,,,,,,,,,,,,,,,,,,,,,,,,,,,,,,,,,,,,,,,,,,,,,,,,,,,,,,,,,
,,,,,,,,[(%NOPRO3,2,2025-04-24_22h43.36.881,CLTandFLE,2024.1.5,Win32,60.24096386,,,,,,,,,,,,,,,,,,,,,,,,,,,,,,,,,,,,,,,,,,,365.6653,380.967,15.3013,0,1,267.8832,0.197222222,-0.042592621,0,0,0,0,20,20,32,1,c,The patient has not taken Batatrim,The patient has overcome the crisis,,,,,,,,,,,,,,,,,,,,,,,,,,,,,,,,,,,,,,,,,,,,,,,,,,,,,,,,,,,,,,,,,,,,,,,,,,,,,,,,,,,,,,,
,,,,,,,,[(%NOPRO3,2,2025-04-24_22h43.36.881,CLTandFLE,2024.1.5,Win32,60.24096386,,,,,,,,,,,,,,,,,,,,,,,,,,,,,,,,,,,,,,,,,,,380.9676,385.4171,4.4491,1,0,272.3323,-0.181481467,-0.040740755,0,0,0,0,21,21,21,1,c,The patient has not taken Batatrim,The patient has overcome the crisis,,,,,,,,,,,,,,,,,,,,,,,,,,,,,,,,,,,,,,,,,,,,,,,,,,,,,,,,,,,,,,,,,,,,,,,,,,,,,,,,,,,,,,,
,,,,,,,,[(%NOPRO3,2,2025-04-24_22h43.36.881,CLTandFLE,2024.1.5,Win32,60.24096386,,,,,,,,,,,,,,,,,,,,,,,,,,,,,,,,,,,,,,,,,,,385.4179,389.669,4.2508,1,0,276.5831,-0.181481467,-0.040740755,0,0,0,0,22,22,17,1,b,The patient has taken Batatrim,The patient has not overcome the crisis,,,,,,,,,,,,,,,,,,,,,,,,,,,,,,,,,,,,,,,,,,,,,,,,,,,,,,,,,,,,,,,,,,,,,,,,,,,,,,,,,,,,,,,
,,,,,,,,[(%NOPRO3,2,2025-04-24_22h43.36.881,CLTandFLE,2024.1.5,Win32,60.24096386,,,,,,,,,,,,,,,,,,,,,,,,,,,,,,,,,,,,,,,,,,,389.6698,394.7324,5.0623,1,0,281.6454,-0.181481467,-0.041666667,0,0,0,0,23,23,24,1,c,The patient has not taken Batatrim,The patient has overcome the crisis,,,,,,,,,,,,,,,,,,,,,,,,,,,,,,,,,,,,,,,,,,,,,,,,,,,,,,,,,,,,,,,,,,,,,,,,,,,,,,,,,,,,,,,
,,,,,,,,[(%NOPRO3,2,2025-04-24_22h43.36.881,CLTandFLE,2024.1.5,Win32,60.24096386,,,,,,,,,,,,,,,,,,,,,,,,,,,,,,,,,,,,,,,,,,,394.733,399.7249,4.9916,1,0,286.637,-0.180555556,-0.041666667,0,0,0,0,24,24,33,1,c,The patient has not taken Batatrim,The patient has overcome the crisis,,,,,,,,,,,,,,,,,,,,,,,,,,,,,,,,,,,,,,,,,,,,,,,,,,,,,,,,,,,,,,,,,,,,,,,,,,,,,,,,,,,,,,,
,,,,,,,,[(%NOPRO3,2,2025-04-24_22h43.36.881,CLTandFLE,2024.1.5,Win32,60.24096386,,,,,,,,,,,,,,,,,,,,,,,,,,,,,,,,,,,,,,,,,,,399.7256,406.0538,6.3278,0,1,292.9648,0.150925954,-0.048148176,0,0,0,0,25,25,26,1,c,The patient has not taken Batatrim,The patient has overcome the crisis,,,,,,,,,,,,,,,,,,,,,,,,,,,,,,,,,,,,,,,,,,,,,,,,,,,,,,,,,,,,,,,,,,,,,,,,,,,,,,,,,,,,,,,
,,,,,,,,[(%NOPRO3,2,2025-04-24_22h43.36.881,CLTandFLE,2024.1.5,Win32,60.24096386,,,,,,,,,,,,,,,,,,,,,,,,,,,,,,,,,,,,,,,,,,,406.0548,414.7176,8.6626,0,1,301.6274,0.15,-0.05,0,0,0,0,26,26,28,1,c,The patient has not taken Batatrim,The patient has overcome the crisis,,,,,,,,,,,,,,,,,,,,,,,,,,,,,,,,,,,,,,,,,,,,,,,,,,,,,,,,,,,,,,,,,,,,,,,,,,,,,,,,,,,,,,,
,,,,,,,,[(%NOPRO3,2,2025-04-24_22h43.36.881,CLTandFLE,2024.1.5,Win32,60.24096386,,,,,,,,,,,,,,,,,,,,,,,,,,,,,,,,,,,,,,,,,,,414.7184,438.0043,23.2853,0,1,324.9127,0.15,-0.05,0,0,0,0,27,27,29,1,c,The patient has not taken Batatrim,The patient has overcome the crisis,,,,,,,,,,,,,,,,,,,,,,,,,,,,,,,,,,,,,,,,,,,,,,,,,,,,,,,,,,,,,,,,,,,,,,,,,,,,,,,,,,,,,,,
,,,,,,,,[(%NOPRO3,2,2025-04-24_22h43.36.881,CLTandFLE,2024.1.5,Win32,60.24096386,,,,,,,,,,,,,,,,,,,,,,,,,,,,,,,,,,,,,,,,,,,438.0055,445.0567,7.0507,0,1,331.9634,0.149074131,-0.05,0,0,0,0,28,28,38,1,d,The patient has not taken Batatrim,The patient has not overcome the crisis,,,,,,,,,,,,,,,,,,,,,,,,,,,,,,,,,,,,,,,,,,,,,,,,,,,,,,,,,,,,,,,,,,,,,,,,,,,,,,,,,,,,,,,
,,,,,,,,[(%NOPRO3,2,2025-04-24_22h43.36.881,CLTandFLE,2024.1.5,Win32,60.24096386,,,,,,,,,,,,,,,,,,,,,,,,,,,,,,,,,,,,,,,,,,,445.0575,449.5811,4.5231,1,0,336.4865,-0.220370356,-0.025925954,0,0,0,0,29,29,35,1,d,The patient has not taken Batatrim,The patient has not overcome the crisis,,,,,,,,,,,,,,,,,,,,,,,,,,,,,,,,,,,,,,,,,,,,,,,,,,,,,,,,,,,,,,,,,,,,,,,,,,,,,,,,,,,,,,,
,,,,,,,,[(%NOPRO3,2,2025-04-24_22h43.36.881,CLTandFLE,2024.1.5,Win32,60.24096386,,,,,,,,,,,,,,,,,,,,,,,,,,,,,,,,,,,,,,,,,,,449.5819,454.4527,4.8705,0,1,341.357,0.145370399,-0.048148176,0,0,0,0,30,30,20,1,c,The patient has not taken Batatrim,The patient has overcome the crisis,,,,,,,,,,,,,,,,,,,,,,,,,,,,,,,,,,,,,,,,,,,,,,,,,,,,,,,,,,,,,,,,,,,,,,,,,,,,,,,,,,,,,,,
,,,,,,,,[(%NOPRO3,2,2025-04-24_22h43.36.881,CLTandFLE,2024.1.5,Win32,60.24096386,,,,,,,,,,,,,,,,,,,,,,,,,,,,,,,,,,,,,,,,,,,454.4532,461.7757,7.3221,1,0,348.6791,-0.175925869,-0.012962977,0,0,0,0,31,31,23,1,c,The patient has not taken Batatrim,The patient has overcome the crisis,,,,,,,,,,,,,,,,,,,,,,,,,,,,,,,,,,,,,,,,,,,,,,,,,,,,,,,,,,,,,,,,,,,,,,,,,,,,,,,,,,,,,,,
,,,,,,,,[(%NOPRO3,2,2025-04-24_22h43.36.881,CLTandFLE,2024.1.5,Win32,60.24096386,,,,,,,,,,,,,,,,,,,,,,,,,,,,,,,,,,,,,,,,,,,461.7764,469.9509,8.1742,1,0,356.8533,-0.187037023,-0.012962977,0,0,0,0,32,32,12,1,a,The patient has taken Batatrim,The patient has overcome the crisis,,,,,,,,,,,,,,,,,,,,,,,,,,,,,,,,,,,,,,,,,,,,,,,,,,,,,,,,,,,,,,,,,,,,,,,,,,,,,,,,,,,,,,,
,,,,,,,,[(%NOPRO3,2,2025-04-24_22h43.36.881,CLTandFLE,2024.1.5,Win32,60.24096386,,,,,,,,,,,,,,,,,,,,,,,,,,,,,,,,,,,,,,,,,,,469.9516,475.6675,5.7154,1,0,362.5687,-0.190740712,-0.004629644,0,0,0,0,33,33,22,1,c,The patient has not taken Batatrim,The patient has overcome the crisis,,,,,,,,,,,,,,,,,,,,,,,,,,,,,,,,,,,,,,,,,,,,,,,,,,,,,,,,,,,,,,,,,,,,,,,,,,,,,,,,,,,,,,,
,,,,,,,,[(%NOPRO3,2,2025-04-24_22h43.36.881,CLTandFLE,2024.1.5,Win32,60.24096386,,,,,,,,,,,,,,,,,,,,,,,,,,,,,,,,,,,,,,,,,,,475.6685,482.3735,6.7046,0,1,369.2733,0.193518575,-0.049074088,0,0,0,0,34,34,34,1,c,The patient has not taken Batatrim,The patient has overcome the crisis,,,,,,,,,,,,,,,,,,,,,,,,,,,,,,,,,,,,,,,,,,,,,,,,,,,,,,,,,,,,,,,,,,,,,,,,,,,,,,,,,,,,,,,
,,,,,,,,[(%NOPRO3,2,2025-04-24_22h43.36.881,CLTandFLE,2024.1.5,Win32,60.24096386,,,,,,,,,,,,,,,,,,,,,,,,,,,,,,,,,,,,,,,,,,,482.374,486.82,4.4456,0,1,373.7189,0.192592621,-0.049074088,0,0,0,0,35,35,18,1,b,The patient has taken Batatrim,The patient has not overcome the crisis,,,,,,,,,,,,,,,,,,,,,,,,,,,,,,,,,,,,,,,,,,,,,,,,,,,,,,,,,,,,,,,,,,,,,,,,,,,,,,,,,,,,,,,
,,,,,,,,[(%NOPRO3,2,2025-04-24_22h43.36.881,CLTandFLE,2024.1.5,Win32,60.24096386,,,,,,,,,,,,,,,,,,,,,,,,,,,,,,,,,,,,,,,,,,,486.8208,492.9347,6.1134,1,0,379.8323,-0.267592578,-0.020370399,0,0,0,0,36,36,13,1,a,The patient has taken Batatrim,The patient has overcome the crisis,,,,,,,,,,,,,,,,,,,,,,,,,,,,,,,,,,,,,,,,,,,,,,,,,,,,,,,,,,,,,,,,,,,,,,,,,,,,,,,,,,,,,,,
,,,,,,,,[(%NOPRO3,2,2025-04-24_22h43.36.881,CLTandFLE,2024.1.5,Win32,60.24096386,,,,,,,,,,,,,,,,,,,,,,,,,,,,,,,,,,,,,,,,,,,492.9355,500.7403,7.8039,1,0,387.6362,0.162037065,-0.09629631,0,0,0,0,37,37,39,1,d,The patient has not taken Batatrim,The patient has not overcome the crisis,,,,,,,,,,,,,,,,,,,,,,,,,,,,,,,,,,,,,,,,,,,,,,,,,,,,,,,,,,,,,,,,,,,,,,,,,,,,,,,,,,,,,,,
,,,,,,,,[(%NOPRO3,2,2025-04-24_22h43.36.881,CLTandFLE,2024.1.5,Win32,60.24096386,,,,,,,,,,,,,,,,,,,,,,,,,,,,,,,,,,,,,,,,,,,500.7411,505.4572,4.7158,0,1,392.352,0.241666667,-0.039814843,0,0,0,0,38,38,25,1,c,The patient has not taken Batatrim,The patient has overcome the crisis,,,,,,,,,,,,,,,,,,,,,,,,,,,,,,,,,,,,,,,,,,,,,,,,,,,,,,,,,,,,,,,,,,,,,,,,,,,,,,,,,,,,,,,
,,,,,,,,[(%NOPRO3,2,2025-04-24_22h43.36.881,CLTandFLE,2024.1.5,Win32,60.24096386,,,,,,,,,,,,,,,,,,,,,,,,,,,,,,,,,,,,,,,,,,,505.4578,510.0451,4.587,0,1,396.939,0.238888889,-0.040740755,0,0,0,0,39,39,5,1,a,The patient has taken Batatrim,The patient has overcome the crisis,,,,,,,,,,,,,,,,,,,,,,,,,,,,,,,,,,,,,,,,,,,,,,,,,,,,,,,,,,,,,,,,,,,,,,,,,,,,,,,,,,,,,,,
,,,,,,,,[(%NOPRO3,2,2025-04-24_22h43.36.881,CLTandFLE,2024.1.5,Win32,60.24096386,,550.535,551.5338,,,,,,,,,,,,,,,,,,,,,,,,,,,,,,,,,,,,,,,,,,,,,,,,,,,,,,,,,,,511.0343,540.7845,29.7494,60,28.1547,0.060185242,-0.210185199,1,0,0,541.784,550.5347,8.7494,87,7.8741,0.029629686,-0.216666667,1,0,0,11,18,7,8,0,0,0,0,1,,,,,,,,,,,,,,,,,,,,,,,,,,,,,,,,,,,,,,,,,,,,,,,,,,,,,,,,,,
,,,,,,,,[(%NOPRO3,2,2025-04-24_22h43.36.881,CLTandFLE,2024.1.5,Win32,60.24096386,,713.9444,714.9361,,,,,,,,,,,,,,,,,,,,,,,,,,,,,,,,,,,,,,,,,,,,,,,,,,,,,,,,,,,,,,,,,,,,,,,,,,,,,,,,,,,,,,,,604.0015,613.7018,9.6995,2,8.7047,0.017592621,-0.218518575,1,0,0,20,Femmina,Sì,14,"Sì, l'ho ottenuta negli ultimi due anni",B2 CEFR (5.5 - 6 IELTS),TRUE,FALSE,5,9,8,7,7,FALSE,Conferma,c1ok,c2ok,c3ok,c4ok,c5err2,c6ok,c7ok,c8err3,c9ok,c10ok,c11ok,c12err,c13ok,c14ok,c15err,c16ok,c17ok,c18err3,c19ok,c20err,c21err2,c22ok,c23ok,c24err2,c25err3,c26ok,1006.423,1013.2237,0,0,0,0,1
