﻿Alfa.started,Alfa.stopped,alfa_mouse.x,alfa_mouse.y,alfa_mouse.leftButton,alfa_mouse.midButton,alfa_mouse.rightButton,alfa_mouse.clicked_name,participant,group,date,expName,psychopyVersion,OS,frameRate,)],ITI.started,ITI.stopped,B_consensoinformato.started,B_consensoinformato.stopped,tempo_consenso,cons_mouse.x,cons_mouse.y,cons_mouse.leftButton,cons_mouse.midButton,cons_mouse.rightButton,A_benvenuto.started,A_benvenuto.stopped,ben_mouse.x,ben_mouse.y,ben_mouse.leftButton,ben_mouse.midButton,ben_mouse.rightButton,B2_istruzioni.started,B2_istruzioni.stopped,tempo_istru,cons_mouse_2.x,cons_mouse_2.y,cons_mouse_2.leftButton,cons_mouse_2.midButton,cons_mouse_2.rightButton,SAMevaluation.started,SAMevaluation.stopped,temposam,sliderintensity.response,sliderintensity.rt,slidervalence.response,slidervalence.rt,mouse_sam.x,mouse_sam.y,mouse_sam.leftButton,mouse_sam.midButton,mouse_sam.rightButton,mouse_sam.time,mouse_sam.clicked_name,Loading.started,Loading.stopped,C_associative_task.started,C_associative_task.stopped,tempo_trial,hapremutosi,hapremutono,tempo_tasktot,mouse.x,mouse.y,mouse.leftButton,mouse.midButton,mouse.rightButton,trials.thisRepN,trials.thisTrialN,trials.thisN,trials.thisIndex,trials.ran,cond,causa,effetto,D_VD.started,D_VD.stopped,tempo_vd,vd.response,vd.rt,mouse_vd.x,mouse_vd.y,mouse_vd.leftButton,mouse_vd.midButton,mouse_vd.rightButton,Previous.started,Previous.stopped,tempo_vd1,previous.response,previous.rt,mouse_vd_2.x,mouse_vd_2.y,mouse_vd_2.leftButton,mouse_vd_2.midButton,mouse_vd_2.rightButton,EstITA.TrialD,EstITA.TrialSN,EstITA.TrialSS,EstITA.TrialNS,itaest.thisRepN,itaest.thisTrialN,itaest.thisN,itaest.thisIndex,itaest.ran,PF.started,PF.stopped,tempo_pf,processfluency.response,processfluency.rt,mouse_ch.x,mouse_ch.y,mouse_ch.leftButton,mouse_ch.midButton,mouse_ch.rightButton,Questionario_Lingua.Age,Questionario_Lingua.Sesso,Questionario_Lingua.StaiStudiando?,Questionario_Lingua.Anniscolarita,Questionario_Lingua.Diploma,Questionario_Lingua.Punteggiodiploma,Questionario_Lingua.ItaMADRE?,Questionario_Lingua.INGmadre?,Questionario_Lingua.Q5(AOAIng),Questionario_Lingua.INGLETTURA,Questionario_Lingua.INGCOMPRESO,Questionario_Lingua.INGSCRITTO,Questionario_Lingua.INGPARLATO,Questionario_Lingua.haivissutoestero,ProvaInglese.ProcediamoENg,ProvaInglese.C1,ProvaInglese.C2,ProvaInglese.C3,ProvaInglese.C4,ProvaInglese.C5,ProvaInglese.C6,ProvaInglese.C7,ProvaInglese.C8,ProvaInglese.C9,ProvaInglese.C10,ProvaInglese.C11,ProvaInglese.C12,ProvaInglese.C13,ProvaInglese.C14,ProvaInglese.C15,ProvaInglese.C16,ProvaInglese.C17,ProvaInglese.C18,ProvaInglese.C19,ProvaInglese.C20,ProvaInglese.C21,ProvaInglese.C22,ProvaInglese.C23,ProvaInglese.C24,ProvaInglese.C25,ProvaInglese.controlquestion,Ant_lastquestion.started,Ant_lastquestion.stopped,exp_loop.thisRepN,exp_loop.thisTrialN,exp_loop.thisN,exp_loop.thisIndex,exp_loop.ran
0.001,2.613,0.090330789,0.013994911,1,0,0,alfa_mask,[(%NOPROG1,1,2025-05-09_21h19.28.294,CLTandFLE,2024.1.5,iPhone,45.45454545,,,,,,,,,,,,,,,,,,,,,,,,,,,,,,,,,,,,,,,,,,,,,,,,,,,,,,,,,,,,,,,,,,,,,,,,,,,,,,,,,,,,,,,,,,,,,,,,,,,,,,,,,,,,,,,,,,,,,,,,,,,,,,,,,,,,,,,,,,,,,,,,,,,,
,,,,,,,,[(%NOPROG1,1,2025-05-09_21h19.28.294,CLTandFLE,2024.1.5,iPhone,45.45454545,,2.613,3.6,,,,,,,,,,,,,,,,,,,,,,,,,,,,,,,,,,,,,,,,,,,,,,,,,,,,,,,,,,,,,,,,,,,,,,,,,,,,,,,,,,,,,,,,,,,,,,,,,,,,,,,,,,,,,,,,,,,,,,,,,,,,,,,,,,,,,,,,,,,,,,,,,
,,,,,,,,[(%NOPROG1,1,2025-05-09_21h19.28.294,CLTandFLE,2024.1.5,iPhone,45.45454545,,,,3.6,16.008,12.407,0.192111959,-0.403307888,1,0,0,,,,,,,,,,,,,,,,,,,,,,,,,,,,,,,,,,,,,,,,,,,,,,,,,,,,,,,,,,,,,,,,,,,,,,,,,,,,,,,,,,,,,,,,,,,,,,,,,,,,,,,,,,,,,,,,,,,,,,,,,,,,,,,,,,,,,,,,,
,,,,,,,,[(%NOPROG1,1,2025-05-09_21h19.28.294,CLTandFLE,2024.1.5,iPhone,45.45454545,,99.975,100.974,,,,,,,,,16.995,20.13,0.077608142,-0.08778626,1,0,0,21.123,65.121,43.997,0.024173028,-0.382951654,1,0,0,66.108,91.999,25.89,0.72105598,18.284,0.402989822,24.726,"[0.031806615776081425,0.19974554707379136,0.011450381679389313,0.013994910941475827]","[0.22519083969465647,0.22264631043256997,-0.019083969465648856,-0.20737913486005088]","[1,1,1,1]","[0,0,0,0]","[0,0,0,0]","[16.189000000000007,17.253,23.409999999999997,25.875]","[""sliderintensity"",""sliderintensity"",""slidervalence"",""rettoksam""]",92.986,99.975,101.002,123.276,22.273,0,1,22.273,0.237913486,-0.021628499,0,0,0,0,0,0,33,1,c,Il paziente non ha preso il Batatrim,Il paziente ha superato la crisi,,,,,,,,,,,,,,,,,,,,,,,,,,,,,,,,,,,,,,,,,,,,,,,,,,,,,,,,,,,,,,,,,,,,,,,,,,,,,,,,,,,,,,,
,,,,,,,,[(%NOPROG1,1,2025-05-09_21h19.28.294,CLTandFLE,2024.1.5,iPhone,45.45454545,,,,,,,,,,,,,,,,,,,,,,,,,,,,,,,,,,,,,,,,,,,123.28,135.891,12.61,0,1,34.883,0.22264631,-0.039440204,0,0,0,0,1,1,31,1,c,Il paziente non ha preso il Batatrim,Il paziente ha superato la crisi,,,,,,,,,,,,,,,,,,,,,,,,,,,,,,,,,,,,,,,,,,,,,,,,,,,,,,,,,,,,,,,,,,,,,,,,,,,,,,,,,,,,,,,
,,,,,,,,[(%NOPROG1,1,2025-05-09_21h19.28.294,CLTandFLE,2024.1.5,iPhone,45.45454545,,,,,,,,,,,,,,,,,,,,,,,,,,,,,,,,,,,,,,,,,,,135.892,141.832,5.94,1,0,40.823,-0.169211196,-0.01653944,0,0,0,0,2,2,6,1,a,Il paziente ha preso il Batatrim,Il paziente ha superato la crisi,,,,,,,,,,,,,,,,,,,,,,,,,,,,,,,,,,,,,,,,,,,,,,,,,,,,,,,,,,,,,,,,,,,,,,,,,,,,,,,,,,,,,,,
,,,,,,,,[(%NOPROG1,1,2025-05-09_21h19.28.294,CLTandFLE,2024.1.5,iPhone,45.45454545,,,,,,,,,,,,,,,,,,,,,,,,,,,,,,,,,,,,,,,,,,,141.833,146.991,5.158,1,0,45.981,-0.159033079,-0.024173028,0,0,0,0,3,3,18,1,b,Il paziente ha preso il Batatrim,Il paziente non ha superato la crisi,,,,,,,,,,,,,,,,,,,,,,,,,,,,,,,,,,,,,,,,,,,,,,,,,,,,,,,,,,,,,,,,,,,,,,,,,,,,,,,,,,,,,,,
,,,,,,,,[(%NOPROG1,1,2025-05-09_21h19.28.294,CLTandFLE,2024.1.5,iPhone,45.45454545,,,,,,,,,,,,,,,,,,,,,,,,,,,,,,,,,,,,,,,,,,,146.992,152.401,5.408,0,1,51.389,0.227735369,-0.034351145,0,0,0,0,4,4,10,1,a,Il paziente ha preso il Batatrim,Il paziente ha superato la crisi,,,,,,,,,,,,,,,,,,,,,,,,,,,,,,,,,,,,,,,,,,,,,,,,,,,,,,,,,,,,,,,,,,,,,,,,,,,,,,,,,,,,,,,
,,,,,,,,[(%NOPROG1,1,2025-05-09_21h19.28.294,CLTandFLE,2024.1.5,iPhone,45.45454545,,,,,,,,,,,,,,,,,,,,,,,,,,,,,,,,,,,,,,,,,,,152.401,157.044,4.643,0,1,56.032,0.22264631,-0.041984733,0,0,0,0,5,5,12,1,a,Il paziente ha preso il Batatrim,Il paziente ha superato la crisi,,,,,,,,,,,,,,,,,,,,,,,,,,,,,,,,,,,,,,,,,,,,,,,,,,,,,,,,,,,,,,,,,,,,,,,,,,,,,,,,,,,,,,,
,,,,,,,,[(%NOPROG1,1,2025-05-09_21h19.28.294,CLTandFLE,2024.1.5,iPhone,45.45454545,,,,,,,,,,,,,,,,,,,,,,,,,,,,,,,,,,,,,,,,,,,157.045,165.232,8.187,1,0,64.219,-0.194656489,-0.021628499,0,0,0,0,6,6,13,1,a,Il paziente ha preso il Batatrim,Il paziente ha superato la crisi,,,,,,,,,,,,,,,,,,,,,,,,,,,,,,,,,,,,,,,,,,,,,,,,,,,,,,,,,,,,,,,,,,,,,,,,,,,,,,,,,,,,,,,
,,,,,,,,[(%NOPROG1,1,2025-05-09_21h19.28.294,CLTandFLE,2024.1.5,iPhone,45.45454545,,,,,,,,,,,,,,,,,,,,,,,,,,,,,,,,,,,,,,,,,,,165.233,172.556,7.323,1,0,71.542,-0.169211196,-0.034351145,0,0,0,0,7,7,23,1,c,Il paziente non ha preso il Batatrim,Il paziente ha superato la crisi,,,,,,,,,,,,,,,,,,,,,,,,,,,,,,,,,,,,,,,,,,,,,,,,,,,,,,,,,,,,,,,,,,,,,,,,,,,,,,,,,,,,,,,
,,,,,,,,[(%NOPROG1,1,2025-05-09_21h19.28.294,CLTandFLE,2024.1.5,iPhone,45.45454545,,,,,,,,,,,,,,,,,,,,,,,,,,,,,,,,,,,,,,,,,,,172.557,177.133,4.576,1,0,76.118,-0.179389313,-0.034351145,0,0,0,0,8,8,9,1,a,Il paziente ha preso il Batatrim,Il paziente ha superato la crisi,,,,,,,,,,,,,,,,,,,,,,,,,,,,,,,,,,,,,,,,,,,,,,,,,,,,,,,,,,,,,,,,,,,,,,,,,,,,,,,,,,,,,,,
,,,,,,,,[(%NOPROG1,1,2025-05-09_21h19.28.294,CLTandFLE,2024.1.5,iPhone,45.45454545,,,,,,,,,,,,,,,,,,,,,,,,,,,,,,,,,,,,,,,,,,,177.134,182.077,4.943,1,0,81.061,-0.181933842,-0.041984733,0,0,0,0,9,9,7,1,a,Il paziente ha preso il Batatrim,Il paziente ha superato la crisi,,,,,,,,,,,,,,,,,,,,,,,,,,,,,,,,,,,,,,,,,,,,,,,,,,,,,,,,,,,,,,,,,,,,,,,,,,,,,,,,,,,,,,,
,,,,,,,,[(%NOPROG1,1,2025-05-09_21h19.28.294,CLTandFLE,2024.1.5,iPhone,45.45454545,,,,,,,,,,,,,,,,,,,,,,,,,,,,,,,,,,,,,,,,,,,182.077,188.419,6.341,1,0,87.402,-0.18956743,-0.021628499,0,0,0,0,10,10,28,1,c,Il paziente non ha preso il Batatrim,Il paziente ha superato la crisi,,,,,,,,,,,,,,,,,,,,,,,,,,,,,,,,,,,,,,,,,,,,,,,,,,,,,,,,,,,,,,,,,,,,,,,,,,,,,,,,,,,,,,,
,,,,,,,,[(%NOPROG1,1,2025-05-09_21h19.28.294,CLTandFLE,2024.1.5,iPhone,45.45454545,,,,,,,,,,,,,,,,,,,,,,,,,,,,,,,,,,,,,,,,,,,188.419,193.278,4.859,1,0,92.261,-0.159033079,-0.039440204,0,0,0,0,11,11,26,1,c,Il paziente non ha preso il Batatrim,Il paziente ha superato la crisi,,,,,,,,,,,,,,,,,,,,,,,,,,,,,,,,,,,,,,,,,,,,,,,,,,,,,,,,,,,,,,,,,,,,,,,,,,,,,,,,,,,,,,,
,,,,,,,,[(%NOPROG1,1,2025-05-09_21h19.28.294,CLTandFLE,2024.1.5,iPhone,45.45454545,,,,,,,,,,,,,,,,,,,,,,,,,,,,,,,,,,,,,,,,,,,193.279,197.423,4.144,1,0,96.405,-0.174300254,-0.05216285,0,0,0,0,12,12,2,1,a,Il paziente ha preso il Batatrim,Il paziente ha superato la crisi,,,,,,,,,,,,,,,,,,,,,,,,,,,,,,,,,,,,,,,,,,,,,,,,,,,,,,,,,,,,,,,,,,,,,,,,,,,,,,,,,,,,,,,
,,,,,,,,[(%NOPROG1,1,2025-05-09_21h19.28.294,CLTandFLE,2024.1.5,iPhone,45.45454545,,,,,,,,,,,,,,,,,,,,,,,,,,,,,,,,,,,,,,,,,,,197.424,201.834,4.41,1,0,100.815,-0.197201018,-0.039440204,0,0,0,0,13,13,4,1,a,Il paziente ha preso il Batatrim,Il paziente ha superato la crisi,,,,,,,,,,,,,,,,,,,,,,,,,,,,,,,,,,,,,,,,,,,,,,,,,,,,,,,,,,,,,,,,,,,,,,,,,,,,,,,,,,,,,,,
,,,,,,,,[(%NOPROG1,1,2025-05-09_21h19.28.294,CLTandFLE,2024.1.5,iPhone,45.45454545,,,,,,,,,,,,,,,,,,,,,,,,,,,,,,,,,,,,,,,,,,,201.835,208.057,6.222,1,0,107.037,-0.176844784,-0.026717557,0,0,0,0,14,14,5,1,a,Il paziente ha preso il Batatrim,Il paziente ha superato la crisi,,,,,,,,,,,,,,,,,,,,,,,,,,,,,,,,,,,,,,,,,,,,,,,,,,,,,,,,,,,,,,,,,,,,,,,,,,,,,,,,,,,,,,,
,,,,,,,,[(%NOPROG1,1,2025-05-09_21h19.28.294,CLTandFLE,2024.1.5,iPhone,45.45454545,,,,,,,,,,,,,,,,,,,,,,,,,,,,,,,,,,,,,,,,,,,208.058,212.5,4.442,1,0,111.479,-0.176844784,-0.054707379,0,0,0,0,15,15,8,1,a,Il paziente ha preso il Batatrim,Il paziente ha superato la crisi,,,,,,,,,,,,,,,,,,,,,,,,,,,,,,,,,,,,,,,,,,,,,,,,,,,,,,,,,,,,,,,,,,,,,,,,,,,,,,,,,,,,,,,
,,,,,,,,[(%NOPROG1,1,2025-05-09_21h19.28.294,CLTandFLE,2024.1.5,iPhone,45.45454545,,,,,,,,,,,,,,,,,,,,,,,,,,,,,,,,,,,,,,,,,,,212.501,216.893,4.392,1,0,115.871,-0.169211196,-0.024173028,0,0,0,0,16,16,17,1,b,Il paziente ha preso il Batatrim,Il paziente non ha superato la crisi,,,,,,,,,,,,,,,,,,,,,,,,,,,,,,,,,,,,,,,,,,,,,,,,,,,,,,,,,,,,,,,,,,,,,,,,,,,,,,,,,,,,,,,
,,,,,,,,[(%NOPROG1,1,2025-05-09_21h19.28.294,CLTandFLE,2024.1.5,iPhone,45.45454545,,,,,,,,,,,,,,,,,,,,,,,,,,,,,,,,,,,,,,,,,,,216.894,221.835,4.941,1,0,120.812,-0.169211196,-0.044529262,0,0,0,0,17,17,1,1,a,Il paziente ha preso il Batatrim,Il paziente ha superato la crisi,,,,,,,,,,,,,,,,,,,,,,,,,,,,,,,,,,,,,,,,,,,,,,,,,,,,,,,,,,,,,,,,,,,,,,,,,,,,,,,,,,,,,,,
,,,,,,,,[(%NOPROG1,1,2025-05-09_21h19.28.294,CLTandFLE,2024.1.5,iPhone,45.45454545,,,,,,,,,,,,,,,,,,,,,,,,,,,,,,,,,,,,,,,,,,,221.836,226.511,4.675,1,0,125.487,-0.187022901,-0.034351145,0,0,0,0,18,18,15,1,b,Il paziente ha preso il Batatrim,Il paziente non ha superato la crisi,,,,,,,,,,,,,,,,,,,,,,,,,,,,,,,,,,,,,,,,,,,,,,,,,,,,,,,,,,,,,,,,,,,,,,,,,,,,,,,,,,,,,,,
,,,,,,,,[(%NOPROG1,1,2025-05-09_21h19.28.294,CLTandFLE,2024.1.5,iPhone,45.45454545,,,,,,,,,,,,,,,,,,,,,,,,,,,,,,,,,,,,,,,,,,,226.512,232.036,5.523,1,0,131.01,-0.176844784,-0.047073791,0,0,0,0,19,19,39,1,d,Il paziente non ha preso il Batatrim,Il paziente non ha superato la crisi,,,,,,,,,,,,,,,,,,,,,,,,,,,,,,,,,,,,,,,,,,,,,,,,,,,,,,,,,,,,,,,,,,,,,,,,,,,,,,,,,,,,,,,
,,,,,,,,[(%NOPROG1,1,2025-05-09_21h19.28.294,CLTandFLE,2024.1.5,iPhone,45.45454545,,,,,,,,,,,,,,,,,,,,,,,,,,,,,,,,,,,,,,,,,,,232.038,238.059,6.021,1,0,137.031,-0.176844784,-0.034351145,0,0,0,0,20,20,27,1,c,Il paziente non ha preso il Batatrim,Il paziente ha superato la crisi,,,,,,,,,,,,,,,,,,,,,,,,,,,,,,,,,,,,,,,,,,,,,,,,,,,,,,,,,,,,,,,,,,,,,,,,,,,,,,,,,,,,,,,
,,,,,,,,[(%NOPROG1,1,2025-05-09_21h19.28.294,CLTandFLE,2024.1.5,iPhone,45.45454545,,,,,,,,,,,,,,,,,,,,,,,,,,,,,,,,,,,,,,,,,,,238.06,242.834,4.774,1,0,141.805,-0.169211196,-0.034351145,0,0,0,0,21,21,14,1,b,Il paziente ha preso il Batatrim,Il paziente ha superato la crisi,,,,,,,,,,,,,,,,,,,,,,,,,,,,,,,,,,,,,,,,,,,,,,,,,,,,,,,,,,,,,,,,,,,,,,,,,,,,,,,,,,,,,,,
,,,,,,,,[(%NOPROG1,1,2025-05-09_21h19.28.294,CLTandFLE,2024.1.5,iPhone,45.45454545,,,,,,,,,,,,,,,,,,,,,,,,,,,,,,,,,,,,,,,,,,,242.835,249.973,7.138,1,0,148.943,-0.169211196,-0.047073791,0,0,0,0,22,22,19,1,b,Il paziente ha preso il Batatrim,Il paziente non ha superato la crisi,,,,,,,,,,,,,,,,,,,,,,,,,,,,,,,,,,,,,,,,,,,,,,,,,,,,,,,,,,,,,,,,,,,,,,,,,,,,,,,,,,,,,,,
,,,,,,,,[(%NOPROG1,1,2025-05-09_21h19.28.294,CLTandFLE,2024.1.5,iPhone,45.45454545,,,,,,,,,,,,,,,,,,,,,,,,,,,,,,,,,,,,,,,,,,,249.974,255.298,5.324,1,0,154.267,-0.166666667,-0.029262087,0,0,0,0,23,23,22,1,c,Il paziente non ha preso il Batatrim,Il paziente ha superato la crisi,,,,,,,,,,,,,,,,,,,,,,,,,,,,,,,,,,,,,,,,,,,,,,,,,,,,,,,,,,,,,,,,,,,,,,,,,,,,,,,,,,,,,,,
,,,,,,,,[(%NOPROG1,1,2025-05-09_21h19.28.294,CLTandFLE,2024.1.5,iPhone,45.45454545,,,,,,,,,,,,,,,,,,,,,,,,,,,,,,,,,,,,,,,,,,,255.298,259.841,4.543,1,0,158.81,-0.15394402,-0.041984733,0,0,0,0,24,24,38,1,d,Il paziente non ha preso il Batatrim,Il paziente non ha superato la crisi,,,,,,,,,,,,,,,,,,,,,,,,,,,,,,,,,,,,,,,,,,,,,,,,,,,,,,,,,,,,,,,,,,,,,,,,,,,,,,,,,,,,,,,
,,,,,,,,[(%NOPROG1,1,2025-05-09_21h19.28.294,CLTandFLE,2024.1.5,iPhone,45.45454545,,,,,,,,,,,,,,,,,,,,,,,,,,,,,,,,,,,,,,,,,,,259.841,264.932,5.091,1,0,163.901,-0.166666667,-0.019083969,0,0,0,0,25,25,37,1,d,Il paziente non ha preso il Batatrim,Il paziente non ha superato la crisi,,,,,,,,,,,,,,,,,,,,,,,,,,,,,,,,,,,,,,,,,,,,,,,,,,,,,,,,,,,,,,,,,,,,,,,,,,,,,,,,,,,,,,,
,,,,,,,,[(%NOPROG1,1,2025-05-09_21h19.28.294,CLTandFLE,2024.1.5,iPhone,45.45454545,,,,,,,,,,,,,,,,,,,,,,,,,,,,,,,,,,,,,,,,,,,264.933,269.824,4.891,0,1,168.792,0.22519084,-0.013994911,0,0,0,0,26,26,29,1,c,Il paziente non ha preso il Batatrim,Il paziente ha superato la crisi,,,,,,,,,,,,,,,,,,,,,,,,,,,,,,,,,,,,,,,,,,,,,,,,,,,,,,,,,,,,,,,,,,,,,,,,,,,,,,,,,,,,,,,
,,,,,,,,[(%NOPROG1,1,2025-05-09_21h19.28.294,CLTandFLE,2024.1.5,iPhone,45.45454545,,,,,,,,,,,,,,,,,,,,,,,,,,,,,,,,,,,,,,,,,,,269.825,274.816,4.991,1,0,173.783,-0.166666667,-0.034351145,0,0,0,0,27,27,11,1,a,Il paziente ha preso il Batatrim,Il paziente ha superato la crisi,,,,,,,,,,,,,,,,,,,,,,,,,,,,,,,,,,,,,,,,,,,,,,,,,,,,,,,,,,,,,,,,,,,,,,,,,,,,,,,,,,,,,,,
,,,,,,,,[(%NOPROG1,1,2025-05-09_21h19.28.294,CLTandFLE,2024.1.5,iPhone,45.45454545,,,,,,,,,,,,,,,,,,,,,,,,,,,,,,,,,,,,,,,,,,,274.817,279.425,4.608,0,1,178.391,0.237913486,-0.013994911,0,0,0,0,28,28,24,1,c,Il paziente non ha preso il Batatrim,Il paziente ha superato la crisi,,,,,,,,,,,,,,,,,,,,,,,,,,,,,,,,,,,,,,,,,,,,,,,,,,,,,,,,,,,,,,,,,,,,,,,,,,,,,,,,,,,,,,,
,,,,,,,,[(%NOPROG1,1,2025-05-09_21h19.28.294,CLTandFLE,2024.1.5,iPhone,45.45454545,,,,,,,,,,,,,,,,,,,,,,,,,,,,,,,,,,,,,,,,,,,279.426,284.534,5.108,1,0,183.499,-0.194656489,-0.026717557,0,0,0,0,29,29,3,1,a,Il paziente ha preso il Batatrim,Il paziente ha superato la crisi,,,,,,,,,,,,,,,,,,,,,,,,,,,,,,,,,,,,,,,,,,,,,,,,,,,,,,,,,,,,,,,,,,,,,,,,,,,,,,,,,,,,,,,
,,,,,,,,[(%NOPROG1,1,2025-05-09_21h19.28.294,CLTandFLE,2024.1.5,iPhone,45.45454545,,,,,,,,,,,,,,,,,,,,,,,,,,,,,,,,,,,,,,,,,,,284.535,290.225,5.689,1,0,189.188,-0.184478372,-0.047073791,0,0,0,0,30,30,30,1,c,Il paziente non ha preso il Batatrim,Il paziente ha superato la crisi,,,,,,,,,,,,,,,,,,,,,,,,,,,,,,,,,,,,,,,,,,,,,,,,,,,,,,,,,,,,,,,,,,,,,,,,,,,,,,,,,,,,,,,
,,,,,,,,[(%NOPROG1,1,2025-05-09_21h19.28.294,CLTandFLE,2024.1.5,iPhone,45.45454545,,,,,,,,,,,,,,,,,,,,,,,,,,,,,,,,,,,,,,,,,,,290.225,298.245,8.02,1,0,197.208,-0.166666667,-0.019083969,0,0,0,0,31,31,25,1,c,Il paziente non ha preso il Batatrim,Il paziente ha superato la crisi,,,,,,,,,,,,,,,,,,,,,,,,,,,,,,,,,,,,,,,,,,,,,,,,,,,,,,,,,,,,,,,,,,,,,,,,,,,,,,,,,,,,,,,
,,,,,,,,[(%NOPROG1,1,2025-05-09_21h19.28.294,CLTandFLE,2024.1.5,iPhone,45.45454545,,,,,,,,,,,,,,,,,,,,,,,,,,,,,,,,,,,,,,,,,,,298.247,305.267,7.02,1,0,204.228,-0.148854962,-0.044529262,0,0,0,0,32,32,34,1,c,Il paziente non ha preso il Batatrim,Il paziente ha superato la crisi,,,,,,,,,,,,,,,,,,,,,,,,,,,,,,,,,,,,,,,,,,,,,,,,,,,,,,,,,,,,,,,,,,,,,,,,,,,,,,,,,,,,,,,
,,,,,,,,[(%NOPROG1,1,2025-05-09_21h19.28.294,CLTandFLE,2024.1.5,iPhone,45.45454545,,,,,,,,,,,,,,,,,,,,,,,,,,,,,,,,,,,,,,,,,,,305.267,309.826,4.559,1,0,208.787,-0.184478372,-0.054707379,0,0,0,0,33,33,36,1,d,Il paziente non ha preso il Batatrim,Il paziente non ha superato la crisi,,,,,,,,,,,,,,,,,,,,,,,,,,,,,,,,,,,,,,,,,,,,,,,,,,,,,,,,,,,,,,,,,,,,,,,,,,,,,,,,,,,,,,,
,,,,,,,,[(%NOPROG1,1,2025-05-09_21h19.28.294,CLTandFLE,2024.1.5,iPhone,45.45454545,,,,,,,,,,,,,,,,,,,,,,,,,,,,,,,,,,,,,,,,,,,309.827,314.618,4.791,1,0,213.578,-0.141221374,-0.031806616,0,0,0,0,34,34,35,1,d,Il paziente non ha preso il Batatrim,Il paziente non ha superato la crisi,,,,,,,,,,,,,,,,,,,,,,,,,,,,,,,,,,,,,,,,,,,,,,,,,,,,,,,,,,,,,,,,,,,,,,,,,,,,,,,,,,,,,,,
,,,,,,,,[(%NOPROG1,1,2025-05-09_21h19.28.294,CLTandFLE,2024.1.5,iPhone,45.45454545,,,,,,,,,,,,,,,,,,,,,,,,,,,,,,,,,,,,,,,,,,,314.62,320.459,5.839,0,1,219.417,0.217557252,-0.034351145,0,0,0,0,35,35,32,1,c,Il paziente non ha preso il Batatrim,Il paziente ha superato la crisi,,,,,,,,,,,,,,,,,,,,,,,,,,,,,,,,,,,,,,,,,,,,,,,,,,,,,,,,,,,,,,,,,,,,,,,,,,,,,,,,,,,,,,,
,,,,,,,,[(%NOPROG1,1,2025-05-09_21h19.28.294,CLTandFLE,2024.1.5,iPhone,45.45454545,,,,,,,,,,,,,,,,,,,,,,,,,,,,,,,,,,,,,,,,,,,320.46,339.827,19.367,1,0,238.784,-0.187022901,-0.047073791,0,0,0,0,36,36,20,1,c,Il paziente non ha preso il Batatrim,Il paziente ha superato la crisi,,,,,,,,,,,,,,,,,,,,,,,,,,,,,,,,,,,,,,,,,,,,,,,,,,,,,,,,,,,,,,,,,,,,,,,,,,,,,,,,,,,,,,,
,,,,,,,,[(%NOPROG1,1,2025-05-09_21h19.28.294,CLTandFLE,2024.1.5,iPhone,45.45454545,,,,,,,,,,,,,,,,,,,,,,,,,,,,,,,,,,,,,,,,,,,339.828,345.252,5.423,1,0,244.207,-0.161577608,-0.049618321,0,0,0,0,37,37,0,1,a,Il paziente ha preso il Batatrim,Il paziente ha superato la crisi,,,,,,,,,,,,,,,,,,,,,,,,,,,,,,,,,,,,,,,,,,,,,,,,,,,,,,,,,,,,,,,,,,,,,,,,,,,,,,,,,,,,,,,
,,,,,,,,[(%NOPROG1,1,2025-05-09_21h19.28.294,CLTandFLE,2024.1.5,iPhone,45.45454545,,,,,,,,,,,,,,,,,,,,,,,,,,,,,,,,,,,,,,,,,,,345.252,349.794,4.542,0,1,248.749,0.22264631,-0.031806616,0,0,0,0,38,38,21,1,c,Il paziente non ha preso il Batatrim,Il paziente ha superato la crisi,,,,,,,,,,,,,,,,,,,,,,,,,,,,,,,,,,,,,,,,,,,,,,,,,,,,,,,,,,,,,,,,,,,,,,,,,,,,,,,,,,,,,,,
,,,,,,,,[(%NOPROG1,1,2025-05-09_21h19.28.294,CLTandFLE,2024.1.5,iPhone,45.45454545,,,,,,,,,,,,,,,,,,,,,,,,,,,,,,,,,,,,,,,,,,,349.795,354.354,4.558,1,0,253.307,-0.15648855,-0.019083969,0,0,0,0,39,39,16,1,b,Il paziente ha preso il Batatrim,Il paziente non ha superato la crisi,,,,,,,,,,,,,,,,,,,,,,,,,,,,,,,,,,,,,,,,,,,,,,,,,,,,,,,,,,,,,,,,,,,,,,,,,,,,,,,,,,,,,,,
,,,,,,,,[(%NOPROG1,1,2025-05-09_21h19.28.294,CLTandFLE,2024.1.5,iPhone,45.45454545,,425.502,426.487,,,,,,,,,,,,,,,,,,,,,,,,,,,,,,,,,,,,,,,,,,,,,,,,,,,,,,,,,,,355.353,412.173,56.818,85,55.543,0.021628499,-0.204834606,1,0,0,413.159,425.501,12.341,96,11.499,0.011450382,-0.217557252,1,0,0,8,6,17,15,0,0,0,0,1,,,,,,,,,,,,,,,,,,,,,,,,,,,,,,,,,,,,,,,,,,,,,,,,,,,,,,,,,,
,,,,,,,,[(%NOPROG1,1,2025-05-09_21h19.28.294,CLTandFLE,2024.1.5,iPhone,45.45454545,,587.551,588.543,,,,,,,,,,,,,,,,,,,,,,,,,,,,,,,,,,,,,,,,,,,,,,,,,,,,,,,,,,,,,,,,,,,,,,,,,,,,,,,,,,,,,,,,486.386,493.753,7.366,6,6.707,0.021628499,-0.22519084,1,0,0,27,Maschio,Sì,19,"Sì, l'ho ottenuta più di due anni fa",B2 CEFR (5.5 - 6 IELTS),TRUE,FALSE,7,8,8,7,7,FALSE,Conferma,c1ok,c2ok,c3ok,c4ok,c5ok,c6ok,c7err2,c8ok,c9err,c10ok,c11ok,c12err,c13ok,c14err2,c15err,c16ok,c17ok,c18ok,c19ok,c20err,c21err3,c22ok,c23ok,c24err2,c25err3,c26err,953.591,960.104,0,0,0,0,1
