﻿Alfa.started,Alfa.stopped,alfa_mouse.x,alfa_mouse.y,alfa_mouse.leftButton,alfa_mouse.midButton,alfa_mouse.rightButton,alfa_mouse.clicked_name,participant,group,date,expName,psychopyVersion,OS,frameRate,)],ITI.started,ITI.stopped,B_consensoinformato.started,B_consensoinformato.stopped,tempo_consenso,cons_mouse.x,cons_mouse.y,cons_mouse.leftButton,cons_mouse.midButton,cons_mouse.rightButton,A_benvenuto.started,A_benvenuto.stopped,ben_mouse.x,ben_mouse.y,ben_mouse.leftButton,ben_mouse.midButton,ben_mouse.rightButton,B2_istruzioni.started,B2_istruzioni.stopped,tempo_istru,cons_mouse_2.x,cons_mouse_2.y,cons_mouse_2.leftButton,cons_mouse_2.midButton,cons_mouse_2.rightButton,SAMevaluation.started,SAMevaluation.stopped,temposam,sliderintensity.response,sliderintensity.rt,slidervalence.response,slidervalence.rt,mouse_sam.x,mouse_sam.y,mouse_sam.leftButton,mouse_sam.midButton,mouse_sam.rightButton,mouse_sam.time,mouse_sam.clicked_name,Loading.started,Loading.stopped,C_associative_task.started,C_associative_task.stopped,tempo_trial,hapremutosi,hapremutono,tempo_tasktot,mouse.x,mouse.y,mouse.leftButton,mouse.midButton,mouse.rightButton,trials.thisRepN,trials.thisTrialN,trials.thisN,trials.thisIndex,trials.ran,cond,causa,effetto,D_VD.started,D_VD.stopped,tempo_vd,vd.response,vd.rt,mouse_vd.x,mouse_vd.y,mouse_vd.leftButton,mouse_vd.midButton,mouse_vd.rightButton,Previous.started,Previous.stopped,tempo_vd1,previous.response,previous.rt,mouse_vd_2.x,mouse_vd_2.y,mouse_vd_2.leftButton,mouse_vd_2.midButton,mouse_vd_2.rightButton,EstITA.TrialSS,EstITA.TrialNS,EstITA.TrialD,EstITA.TrialSN,itaest.thisRepN,itaest.thisTrialN,itaest.thisN,itaest.thisIndex,itaest.ran,PF.started,PF.stopped,tempo_pf,processfluency.response,processfluency.rt,mouse_ch.x,mouse_ch.y,mouse_ch.leftButton,mouse_ch.midButton,mouse_ch.rightButton,Questionario_Lingua.Age,Questionario_Lingua.Sesso,Questionario_Lingua.StaiStudiando?,Questionario_Lingua.Anniscolarita,Questionario_Lingua.Diploma,Questionario_Lingua.Punteggiodiploma,Questionario_Lingua.ItaMADRE?,Questionario_Lingua.INGmadre?,Questionario_Lingua.Q5(AOAIng),Questionario_Lingua.INGLETTURA,Questionario_Lingua.INGCOMPRESO,Questionario_Lingua.INGSCRITTO,Questionario_Lingua.INGPARLATO,Questionario_Lingua.haivissutoestero,ProvaInglese.ProcediamoENg,ProvaInglese.C1,ProvaInglese.C2,ProvaInglese.C3,ProvaInglese.C4,ProvaInglese.C5,ProvaInglese.C6,ProvaInglese.C7,ProvaInglese.C8,ProvaInglese.C9,ProvaInglese.C10,ProvaInglese.C11,ProvaInglese.C12,ProvaInglese.C13,ProvaInglese.C14,ProvaInglese.C15,ProvaInglese.C16,ProvaInglese.C17,ProvaInglese.C18,ProvaInglese.C19,ProvaInglese.C20,ProvaInglese.C21,ProvaInglese.C22,ProvaInglese.C23,ProvaInglese.C24,ProvaInglese.C25,ProvaInglese.controlquestion,Ant_lastquestion.started,Ant_lastquestion.stopped,exp_loop.thisRepN,exp_loop.thisTrialN,exp_loop.thisN,exp_loop.thisIndex,exp_loop.ran
0.0002,8.8405,-0.011111111,-0.010555556,1,0,0,alfa_mask,[(%NOPROG1,1,2025-05-09_18h08.17.290,CLTandFLE,2024.1.5,Win32,120.4819277,,,,,,,,,,,,,,,,,,,,,,,,,,,,,,,,,,,,,,,,,,,,,,,,,,,,,,,,,,,,,,,,,,,,,,,,,,,,,,,,,,,,,,,,,,,,,,,,,,,,,,,,,,,,,,,,,,,,,,,,,,,,,,,,,,,,,,,,,,,,,,,,,,,,
,,,,,,,,[(%NOPROG1,1,2025-05-09_18h08.17.290,CLTandFLE,2024.1.5,Win32,120.4819277,,8.8408,9.3408,,,,,,,,,,,,,,,,,,,,,,,,,,,,,,,,,,,,,,,,,,,,,,,,,,,,,,,,,,,,,,,,,,,,,,,,,,,,,,,,,,,,,,,,,,,,,,,,,,,,,,,,,,,,,,,,,,,,,,,,,,,,,,,,,,,,,,,,,,,,,,,,,
,,,,,,,,[(%NOPROG1,1,2025-05-09_18h08.17.290,CLTandFLE,2024.1.5,Win32,120.4819277,,,,9.341,14.0304,4.6886,0.162222222,-0.388888889,1,0,0,,,,,,,,,,,,,,,,,,,,,,,,,,,,,,,,,,,,,,,,,,,,,,,,,,,,,,,,,,,,,,,,,,,,,,,,,,,,,,,,,,,,,,,,,,,,,,,,,,,,,,,,,,,,,,,,,,,,,,,,,,,,,,,,,,,,,,,,,
,,,,,,,,[(%NOPROG1,1,2025-05-09_18h08.17.290,CLTandFLE,2024.1.5,Win32,120.4819277,,99.9813,100.481,,,,,,,,,14.5248,16.5403,-0.020555556,-0.02,1,0,0,17.0324,61.4042,44.3705,0.03,-0.425555556,1,0,0,61.9043,92.4869,30.5816,0.590972222,29.2134,0.354166667,16.7628,"[-0.008333333333333333,0.011666666666666667,-0.0016666666666666668]","[0.18222222222222223,0.008888888888888889,-0.2038888888888889]","[1,1,1]","[0,0,0]","[0,0,0]","[6.168500000000009,28.39089999999851,30.573000000000008]","[""sliderintensity"",""rettoksam""]",92.9812,99.9812,100.5113,107.5878,7.0757,1,0,7.0757,-0.043888889,-0.049444444,0,0,0,0,0,0,17,1,b,Il paziente ha preso il Batatrim,Il paziente non ha superato la crisi,,,,,,,,,,,,,,,,,,,,,,,,,,,,,,,,,,,,,,,,,,,,,,,,,,,,,,,,,,,,,,,,,,,,,,,,,,,,,,,,,,,,,,,
,,,,,,,,[(%NOPROG1,1,2025-05-09_18h08.17.290,CLTandFLE,2024.1.5,Win32,120.4819277,,,,,,,,,,,,,,,,,,,,,,,,,,,,,,,,,,,,,,,,,,,107.5887,113.3445,5.7554,0,1,12.8311,0.165,-0.016111111,0,0,0,0,1,1,4,1,a,Il paziente ha preso il Batatrim,Il paziente ha superato la crisi,,,,,,,,,,,,,,,,,,,,,,,,,,,,,,,,,,,,,,,,,,,,,,,,,,,,,,,,,,,,,,,,,,,,,,,,,,,,,,,,,,,,,,,
,,,,,,,,[(%NOPROG1,1,2025-05-09_18h08.17.290,CLTandFLE,2024.1.5,Win32,120.4819277,,,,,,,,,,,,,,,,,,,,,,,,,,,,,,,,,,,,,,,,,,,113.3456,119.4539,6.108,1,0,18.9391,-0.186666667,-0.048888889,0,0,0,0,2,2,19,1,b,Il paziente ha preso il Batatrim,Il paziente non ha superato la crisi,,,,,,,,,,,,,,,,,,,,,,,,,,,,,,,,,,,,,,,,,,,,,,,,,,,,,,,,,,,,,,,,,,,,,,,,,,,,,,,,,,,,,,,
,,,,,,,,[(%NOPROG1,1,2025-05-09_18h08.17.290,CLTandFLE,2024.1.5,Win32,120.4819277,,,,,,,,,,,,,,,,,,,,,,,,,,,,,,,,,,,,,,,,,,,119.4549,128.4682,9.0132,0,1,27.9523,0.138333333,-0.008888889,0,0,0,0,3,3,35,1,d,Il paziente non ha preso il Batatrim,Il paziente non ha superato la crisi,,,,,,,,,,,,,,,,,,,,,,,,,,,,,,,,,,,,,,,,,,,,,,,,,,,,,,,,,,,,,,,,,,,,,,,,,,,,,,,,,,,,,,,
,,,,,,,,[(%NOPROG1,1,2025-05-09_18h08.17.290,CLTandFLE,2024.1.5,Win32,120.4819277,,,,,,,,,,,,,,,,,,,,,,,,,,,,,,,,,,,,,,,,,,,128.4692,134.6879,6.2181,0,1,34.1704,0.187222222,-0.033333333,0,0,0,0,4,4,22,1,c,Il paziente non ha preso il Batatrim,Il paziente ha superato la crisi,,,,,,,,,,,,,,,,,,,,,,,,,,,,,,,,,,,,,,,,,,,,,,,,,,,,,,,,,,,,,,,,,,,,,,,,,,,,,,,,,,,,,,,
,,,,,,,,[(%NOPROG1,1,2025-05-09_18h08.17.290,CLTandFLE,2024.1.5,Win32,120.4819277,,,,,,,,,,,,,,,,,,,,,,,,,,,,,,,,,,,,,,,,,,,134.6888,140.2095,5.5202,1,0,39.6906,-0.191111111,-0.045555556,0,0,0,0,5,5,3,1,a,Il paziente ha preso il Batatrim,Il paziente ha superato la crisi,,,,,,,,,,,,,,,,,,,,,,,,,,,,,,,,,,,,,,,,,,,,,,,,,,,,,,,,,,,,,,,,,,,,,,,,,,,,,,,,,,,,,,,
,,,,,,,,[(%NOPROG1,1,2025-05-09_18h08.17.290,CLTandFLE,2024.1.5,Win32,120.4819277,,,,,,,,,,,,,,,,,,,,,,,,,,,,,,,,,,,,,,,,,,,140.2102,145.134,4.9236,0,1,44.6142,0.040555556,-0.008333333,0,0,0,0,6,6,9,1,a,Il paziente ha preso il Batatrim,Il paziente ha superato la crisi,,,,,,,,,,,,,,,,,,,,,,,,,,,,,,,,,,,,,,,,,,,,,,,,,,,,,,,,,,,,,,,,,,,,,,,,,,,,,,,,,,,,,,,
,,,,,,,,[(%NOPROG1,1,2025-05-09_18h08.17.290,CLTandFLE,2024.1.5,Win32,120.4819277,,,,,,,,,,,,,,,,,,,,,,,,,,,,,,,,,,,,,,,,,,,145.1348,152.0543,6.9189,0,1,51.5331,0.073888889,0.061666667,0,0,0,0,7,7,26,1,c,Il paziente non ha preso il Batatrim,Il paziente ha superato la crisi,,,,,,,,,,,,,,,,,,,,,,,,,,,,,,,,,,,,,,,,,,,,,,,,,,,,,,,,,,,,,,,,,,,,,,,,,,,,,,,,,,,,,,,
,,,,,,,,[(%NOPROG1,1,2025-05-09_18h08.17.290,CLTandFLE,2024.1.5,Win32,120.4819277,,,,,,,,,,,,,,,,,,,,,,,,,,,,,,,,,,,,,,,,,,,152.0549,157.8254,5.7702,0,1,57.3033,0.040555556,0.000555556,0,0,0,0,8,8,20,1,c,Il paziente non ha preso il Batatrim,Il paziente ha superato la crisi,,,,,,,,,,,,,,,,,,,,,,,,,,,,,,,,,,,,,,,,,,,,,,,,,,,,,,,,,,,,,,,,,,,,,,,,,,,,,,,,,,,,,,,
,,,,,,,,[(%NOPROG1,1,2025-05-09_18h08.17.290,CLTandFLE,2024.1.5,Win32,120.4819277,,,,,,,,,,,,,,,,,,,,,,,,,,,,,,,,,,,,,,,,,,,157.8263,164.7637,6.9371,1,0,64.2404,-0.252777778,-0.055555556,0,0,0,0,9,9,18,1,b,Il paziente ha preso il Batatrim,Il paziente non ha superato la crisi,,,,,,,,,,,,,,,,,,,,,,,,,,,,,,,,,,,,,,,,,,,,,,,,,,,,,,,,,,,,,,,,,,,,,,,,,,,,,,,,,,,,,,,
,,,,,,,,[(%NOPROG1,1,2025-05-09_18h08.17.290,CLTandFLE,2024.1.5,Win32,120.4819277,,,,,,,,,,,,,,,,,,,,,,,,,,,,,,,,,,,,,,,,,,,164.7646,170.9657,6.2007,1,0,70.4411,-0.201666667,-0.013888889,0,0,0,0,10,10,11,1,a,Il paziente ha preso il Batatrim,Il paziente ha superato la crisi,,,,,,,,,,,,,,,,,,,,,,,,,,,,,,,,,,,,,,,,,,,,,,,,,,,,,,,,,,,,,,,,,,,,,,,,,,,,,,,,,,,,,,,
,,,,,,,,[(%NOPROG1,1,2025-05-09_18h08.17.290,CLTandFLE,2024.1.5,Win32,120.4819277,,,,,,,,,,,,,,,,,,,,,,,,,,,,,,,,,,,,,,,,,,,170.9666,176.5154,5.5487,0,1,75.9898,0.097777778,-0.067777778,0,0,0,0,11,11,25,1,c,Il paziente non ha preso il Batatrim,Il paziente ha superato la crisi,,,,,,,,,,,,,,,,,,,,,,,,,,,,,,,,,,,,,,,,,,,,,,,,,,,,,,,,,,,,,,,,,,,,,,,,,,,,,,,,,,,,,,,
,,,,,,,,[(%NOPROG1,1,2025-05-09_18h08.17.290,CLTandFLE,2024.1.5,Win32,120.4819277,,,,,,,,,,,,,,,,,,,,,,,,,,,,,,,,,,,,,,,,,,,176.5158,186.2494,9.7333,1,0,85.7231,-0.255555556,-0.031666667,0,0,0,0,12,12,21,1,c,Il paziente non ha preso il Batatrim,Il paziente ha superato la crisi,,,,,,,,,,,,,,,,,,,,,,,,,,,,,,,,,,,,,,,,,,,,,,,,,,,,,,,,,,,,,,,,,,,,,,,,,,,,,,,,,,,,,,,
,,,,,,,,[(%NOPROG1,1,2025-05-09_18h08.17.290,CLTandFLE,2024.1.5,Win32,120.4819277,,,,,,,,,,,,,,,,,,,,,,,,,,,,,,,,,,,,,,,,,,,186.25,193.174,6.9236,0,1,92.6467,0.041666667,-0.077777778,0,0,0,0,13,13,13,1,a,Il paziente ha preso il Batatrim,Il paziente ha superato la crisi,,,,,,,,,,,,,,,,,,,,,,,,,,,,,,,,,,,,,,,,,,,,,,,,,,,,,,,,,,,,,,,,,,,,,,,,,,,,,,,,,,,,,,,
,,,,,,,,[(%NOPROG1,1,2025-05-09_18h08.17.290,CLTandFLE,2024.1.5,Win32,120.4819277,,,,,,,,,,,,,,,,,,,,,,,,,,,,,,,,,,,,,,,,,,,193.1748,198.2088,5.0338,1,0,97.6805,-0.237222222,-0.028333333,0,0,0,0,14,14,7,1,a,Il paziente ha preso il Batatrim,Il paziente ha superato la crisi,,,,,,,,,,,,,,,,,,,,,,,,,,,,,,,,,,,,,,,,,,,,,,,,,,,,,,,,,,,,,,,,,,,,,,,,,,,,,,,,,,,,,,,
,,,,,,,,[(%NOPROG1,1,2025-05-09_18h08.17.290,CLTandFLE,2024.1.5,Win32,120.4819277,,,,,,,,,,,,,,,,,,,,,,,,,,,,,,,,,,,,,,,,,,,198.2095,203.5002,5.2905,1,0,102.971,-0.190555556,-0.037222222,0,0,0,0,15,15,0,1,a,Il paziente ha preso il Batatrim,Il paziente ha superato la crisi,,,,,,,,,,,,,,,,,,,,,,,,,,,,,,,,,,,,,,,,,,,,,,,,,,,,,,,,,,,,,,,,,,,,,,,,,,,,,,,,,,,,,,,
,,,,,,,,[(%NOPROG1,1,2025-05-09_18h08.17.290,CLTandFLE,2024.1.5,Win32,120.4819277,,,,,,,,,,,,,,,,,,,,,,,,,,,,,,,,,,,,,,,,,,,203.501,208.4614,4.9602,1,0,107.9312,-0.191111111,-0.036666667,0,0,0,0,16,16,5,1,a,Il paziente ha preso il Batatrim,Il paziente ha superato la crisi,,,,,,,,,,,,,,,,,,,,,,,,,,,,,,,,,,,,,,,,,,,,,,,,,,,,,,,,,,,,,,,,,,,,,,,,,,,,,,,,,,,,,,,
,,,,,,,,[(%NOPROG1,1,2025-05-09_18h08.17.290,CLTandFLE,2024.1.5,Win32,120.4819277,,,,,,,,,,,,,,,,,,,,,,,,,,,,,,,,,,,,,,,,,,,208.4622,212.8495,4.387,0,1,112.3182,0.166666667,-0.032777778,0,0,0,0,17,17,32,1,c,Il paziente non ha preso il Batatrim,Il paziente ha superato la crisi,,,,,,,,,,,,,,,,,,,,,,,,,,,,,,,,,,,,,,,,,,,,,,,,,,,,,,,,,,,,,,,,,,,,,,,,,,,,,,,,,,,,,,,
,,,,,,,,[(%NOPROG1,1,2025-05-09_18h08.17.290,CLTandFLE,2024.1.5,Win32,120.4819277,,,,,,,,,,,,,,,,,,,,,,,,,,,,,,,,,,,,,,,,,,,212.85,218.5653,5.7149,0,1,118.0331,0.015555556,-0.064444444,0,0,0,0,18,18,38,1,d,Il paziente non ha preso il Batatrim,Il paziente non ha superato la crisi,,,,,,,,,,,,,,,,,,,,,,,,,,,,,,,,,,,,,,,,,,,,,,,,,,,,,,,,,,,,,,,,,,,,,,,,,,,,,,,,,,,,,,,
,,,,,,,,[(%NOPROG1,1,2025-05-09_18h08.17.290,CLTandFLE,2024.1.5,Win32,120.4819277,,,,,,,,,,,,,,,,,,,,,,,,,,,,,,,,,,,,,,,,,,,218.5659,223.001,4.4349,1,0,122.468,-0.043888889,-0.062777778,0,0,0,0,19,19,14,1,b,Il paziente ha preso il Batatrim,Il paziente ha superato la crisi,,,,,,,,,,,,,,,,,,,,,,,,,,,,,,,,,,,,,,,,,,,,,,,,,,,,,,,,,,,,,,,,,,,,,,,,,,,,,,,,,,,,,,,
,,,,,,,,[(%NOPROG1,1,2025-05-09_18h08.17.290,CLTandFLE,2024.1.5,Win32,120.4819277,,,,,,,,,,,,,,,,,,,,,,,,,,,,,,,,,,,,,,,,,,,223.0014,229.6941,6.6922,0,1,129.1602,-0.026666667,-0.061666667,0,0,0,0,20,20,39,1,d,Il paziente non ha preso il Batatrim,Il paziente non ha superato la crisi,,,,,,,,,,,,,,,,,,,,,,,,,,,,,,,,,,,,,,,,,,,,,,,,,,,,,,,,,,,,,,,,,,,,,,,,,,,,,,,,,,,,,,,
,,,,,,,,[(%NOPROG1,1,2025-05-09_18h08.17.290,CLTandFLE,2024.1.5,Win32,120.4819277,,,,,,,,,,,,,,,,,,,,,,,,,,,,,,,,,,,,,,,,,,,229.6947,235.4204,5.7254,1,0,134.8856,-0.221111111,-0.034444444,0,0,0,0,21,21,16,1,b,Il paziente ha preso il Batatrim,Il paziente non ha superato la crisi,,,,,,,,,,,,,,,,,,,,,,,,,,,,,,,,,,,,,,,,,,,,,,,,,,,,,,,,,,,,,,,,,,,,,,,,,,,,,,,,,,,,,,,
,,,,,,,,[(%NOPROG1,1,2025-05-09_18h08.17.290,CLTandFLE,2024.1.5,Win32,120.4819277,,,,,,,,,,,,,,,,,,,,,,,,,,,,,,,,,,,,,,,,,,,235.4214,242.7598,7.3383,1,0,142.2239,-0.226111111,-0.063888889,0,0,0,0,22,22,15,1,b,Il paziente ha preso il Batatrim,Il paziente non ha superato la crisi,,,,,,,,,,,,,,,,,,,,,,,,,,,,,,,,,,,,,,,,,,,,,,,,,,,,,,,,,,,,,,,,,,,,,,,,,,,,,,,,,,,,,,,
,,,,,,,,[(%NOPROG1,1,2025-05-09_18h08.17.290,CLTandFLE,2024.1.5,Win32,120.4819277,,,,,,,,,,,,,,,,,,,,,,,,,,,,,,,,,,,,,,,,,,,242.7606,248.5565,5.7957,1,0,148.0196,-0.182222222,-0.026666667,0,0,0,0,23,23,1,1,a,Il paziente ha preso il Batatrim,Il paziente ha superato la crisi,,,,,,,,,,,,,,,,,,,,,,,,,,,,,,,,,,,,,,,,,,,,,,,,,,,,,,,,,,,,,,,,,,,,,,,,,,,,,,,,,,,,,,,
,,,,,,,,[(%NOPROG1,1,2025-05-09_18h08.17.290,CLTandFLE,2024.1.5,Win32,120.4819277,,,,,,,,,,,,,,,,,,,,,,,,,,,,,,,,,,,,,,,,,,,248.5572,253.4342,4.8767,1,0,152.8963,-0.195,-0.051111111,0,0,0,0,24,24,12,1,a,Il paziente ha preso il Batatrim,Il paziente ha superato la crisi,,,,,,,,,,,,,,,,,,,,,,,,,,,,,,,,,,,,,,,,,,,,,,,,,,,,,,,,,,,,,,,,,,,,,,,,,,,,,,,,,,,,,,,
,,,,,,,,[(%NOPROG1,1,2025-05-09_18h08.17.290,CLTandFLE,2024.1.5,Win32,120.4819277,,,,,,,,,,,,,,,,,,,,,,,,,,,,,,,,,,,,,,,,,,,253.4351,258.1967,4.7613,0,1,157.6576,-0.027222222,-0.048888889,0,0,0,0,25,25,33,1,c,Il paziente non ha preso il Batatrim,Il paziente ha superato la crisi,,,,,,,,,,,,,,,,,,,,,,,,,,,,,,,,,,,,,,,,,,,,,,,,,,,,,,,,,,,,,,,,,,,,,,,,,,,,,,,,,,,,,,,
,,,,,,,,[(%NOPROG1,1,2025-05-09_18h08.17.290,CLTandFLE,2024.1.5,Win32,120.4819277,,,,,,,,,,,,,,,,,,,,,,,,,,,,,,,,,,,,,,,,,,,258.1973,263.1752,4.9777,0,1,162.6353,0.057222222,-0.020555556,0,0,0,0,26,26,34,1,c,Il paziente non ha preso il Batatrim,Il paziente ha superato la crisi,,,,,,,,,,,,,,,,,,,,,,,,,,,,,,,,,,,,,,,,,,,,,,,,,,,,,,,,,,,,,,,,,,,,,,,,,,,,,,,,,,,,,,,
,,,,,,,,[(%NOPROG1,1,2025-05-09_18h08.17.290,CLTandFLE,2024.1.5,Win32,120.4819277,,,,,,,,,,,,,,,,,,,,,,,,,,,,,,,,,,,,,,,,,,,263.1758,267.9958,4.8198,0,1,167.4551,0.021666667,-0.052222222,0,0,0,0,27,27,6,1,a,Il paziente ha preso il Batatrim,Il paziente ha superato la crisi,,,,,,,,,,,,,,,,,,,,,,,,,,,,,,,,,,,,,,,,,,,,,,,,,,,,,,,,,,,,,,,,,,,,,,,,,,,,,,,,,,,,,,,
,,,,,,,,[(%NOPROG1,1,2025-05-09_18h08.17.290,CLTandFLE,2024.1.5,Win32,120.4819277,,,,,,,,,,,,,,,,,,,,,,,,,,,,,,,,,,,,,,,,,,,267.9963,275.2199,7.2232,0,1,174.6783,0.028333333,-0.05,0,0,0,0,28,28,30,1,c,Il paziente non ha preso il Batatrim,Il paziente ha superato la crisi,,,,,,,,,,,,,,,,,,,,,,,,,,,,,,,,,,,,,,,,,,,,,,,,,,,,,,,,,,,,,,,,,,,,,,,,,,,,,,,,,,,,,,,
,,,,,,,,[(%NOPROG1,1,2025-05-09_18h08.17.290,CLTandFLE,2024.1.5,Win32,120.4819277,,,,,,,,,,,,,,,,,,,,,,,,,,,,,,,,,,,,,,,,,,,275.2206,281.8092,6.5883,0,1,181.2666,-0.061111111,-0.031666667,0,0,0,0,29,29,27,1,c,Il paziente non ha preso il Batatrim,Il paziente ha superato la crisi,,,,,,,,,,,,,,,,,,,,,,,,,,,,,,,,,,,,,,,,,,,,,,,,,,,,,,,,,,,,,,,,,,,,,,,,,,,,,,,,,,,,,,,
,,,,,,,,[(%NOPROG1,1,2025-05-09_18h08.17.290,CLTandFLE,2024.1.5,Win32,120.4819277,,,,,,,,,,,,,,,,,,,,,,,,,,,,,,,,,,,,,,,,,,,281.8101,286.6662,4.8559,1,0,186.1225,-0.223888889,-0.052777778,0,0,0,0,30,30,2,1,a,Il paziente ha preso il Batatrim,Il paziente ha superato la crisi,,,,,,,,,,,,,,,,,,,,,,,,,,,,,,,,,,,,,,,,,,,,,,,,,,,,,,,,,,,,,,,,,,,,,,,,,,,,,,,,,,,,,,,
,,,,,,,,[(%NOPROG1,1,2025-05-09_18h08.17.290,CLTandFLE,2024.1.5,Win32,120.4819277,,,,,,,,,,,,,,,,,,,,,,,,,,,,,,,,,,,,,,,,,,,286.6671,291.4534,4.7861,0,1,190.9086,0.088333333,0.012777778,0,0,0,0,31,31,24,1,c,Il paziente non ha preso il Batatrim,Il paziente ha superato la crisi,,,,,,,,,,,,,,,,,,,,,,,,,,,,,,,,,,,,,,,,,,,,,,,,,,,,,,,,,,,,,,,,,,,,,,,,,,,,,,,,,,,,,,,
,,,,,,,,[(%NOPROG1,1,2025-05-09_18h08.17.290,CLTandFLE,2024.1.5,Win32,120.4819277,,,,,,,,,,,,,,,,,,,,,,,,,,,,,,,,,,,,,,,,,,,291.454,296.7733,5.3192,1,0,196.2278,-0.179444444,-0.058888889,0,0,0,0,32,32,10,1,a,Il paziente ha preso il Batatrim,Il paziente ha superato la crisi,,,,,,,,,,,,,,,,,,,,,,,,,,,,,,,,,,,,,,,,,,,,,,,,,,,,,,,,,,,,,,,,,,,,,,,,,,,,,,,,,,,,,,,
,,,,,,,,[(%NOPROG1,1,2025-05-09_18h08.17.290,CLTandFLE,2024.1.5,Win32,120.4819277,,,,,,,,,,,,,,,,,,,,,,,,,,,,,,,,,,,,,,,,,,,296.7738,301.7926,5.0186,0,1,201.2464,-0.187222222,-0.187222222,0,0,0,0,33,33,36,1,d,Il paziente non ha preso il Batatrim,Il paziente non ha superato la crisi,,,,,,,,,,,,,,,,,,,,,,,,,,,,,,,,,,,,,,,,,,,,,,,,,,,,,,,,,,,,,,,,,,,,,,,,,,,,,,,,,,,,,,,
,,,,,,,,[(%NOPROG1,1,2025-05-09_18h08.17.290,CLTandFLE,2024.1.5,Win32,120.4819277,,,,,,,,,,,,,,,,,,,,,,,,,,,,,,,,,,,,,,,,,,,301.7933,317.6076,15.8139,0,1,217.0603,0.120555556,-0.038888889,0,0,0,0,34,34,28,1,c,Il paziente non ha preso il Batatrim,Il paziente ha superato la crisi,,,,,,,,,,,,,,,,,,,,,,,,,,,,,,,,,,,,,,,,,,,,,,,,,,,,,,,,,,,,,,,,,,,,,,,,,,,,,,,,,,,,,,,
,,,,,,,,[(%NOPROG1,1,2025-05-09_18h08.17.290,CLTandFLE,2024.1.5,Win32,120.4819277,,,,,,,,,,,,,,,,,,,,,,,,,,,,,,,,,,,,,,,,,,,317.6083,322.5972,4.9886,0,1,222.0489,0.192777778,-0.026111111,0,0,0,0,35,35,31,1,c,Il paziente non ha preso il Batatrim,Il paziente ha superato la crisi,,,,,,,,,,,,,,,,,,,,,,,,,,,,,,,,,,,,,,,,,,,,,,,,,,,,,,,,,,,,,,,,,,,,,,,,,,,,,,,,,,,,,,,
,,,,,,,,[(%NOPROG1,1,2025-05-09_18h08.17.290,CLTandFLE,2024.1.5,Win32,120.4819277,,,,,,,,,,,,,,,,,,,,,,,,,,,,,,,,,,,,,,,,,,,322.5982,327.3972,4.7987,0,1,226.8476,0.225,-0.04,0,0,0,0,36,36,23,1,c,Il paziente non ha preso il Batatrim,Il paziente ha superato la crisi,,,,,,,,,,,,,,,,,,,,,,,,,,,,,,,,,,,,,,,,,,,,,,,,,,,,,,,,,,,,,,,,,,,,,,,,,,,,,,,,,,,,,,,
,,,,,,,,[(%NOPROG1,1,2025-05-09_18h08.17.290,CLTandFLE,2024.1.5,Win32,120.4819277,,,,,,,,,,,,,,,,,,,,,,,,,,,,,,,,,,,,,,,,,,,327.3977,331.7078,4.3099,0,1,231.1575,0.225,-0.04,0,0,0,0,37,37,29,1,c,Il paziente non ha preso il Batatrim,Il paziente ha superato la crisi,,,,,,,,,,,,,,,,,,,,,,,,,,,,,,,,,,,,,,,,,,,,,,,,,,,,,,,,,,,,,,,,,,,,,,,,,,,,,,,,,,,,,,,
,,,,,,,,[(%NOPROG1,1,2025-05-09_18h08.17.290,CLTandFLE,2024.1.5,Win32,120.4819277,,,,,,,,,,,,,,,,,,,,,,,,,,,,,,,,,,,,,,,,,,,331.7084,336.2769,4.568,1,0,235.7255,-0.020555556,-0.07,0,0,0,0,38,38,37,1,d,Il paziente non ha preso il Batatrim,Il paziente non ha superato la crisi,,,,,,,,,,,,,,,,,,,,,,,,,,,,,,,,,,,,,,,,,,,,,,,,,,,,,,,,,,,,,,,,,,,,,,,,,,,,,,,,,,,,,,,
,,,,,,,,[(%NOPROG1,1,2025-05-09_18h08.17.290,CLTandFLE,2024.1.5,Win32,120.4819277,,,,,,,,,,,,,,,,,,,,,,,,,,,,,,,,,,,,,,,,,,,336.2776,342.8379,6.56,1,0,242.2855,-0.266111111,-0.045555556,0,0,0,0,39,39,8,1,a,Il paziente ha preso il Batatrim,Il paziente ha superato la crisi,,,,,,,,,,,,,,,,,,,,,,,,,,,,,,,,,,,,,,,,,,,,,,,,,,,,,,,,,,,,,,,,,,,,,,,,,,,,,,,,,,,,,,,
,,,,,,,,[(%NOPROG1,1,2025-05-09_18h08.17.290,CLTandFLE,2024.1.5,Win32,120.4819277,,375.6503,376.1492,,,,,,,,,,,,,,,,,,,,,,,,,,,,,,,,,,,,,,,,,,,,,,,,,,,,,,,,,,,343.3393,363.6037,20.2639,50,17.0424,0.022222222,-0.185,1,0,0,364.1026,375.6503,11.5471,71,10.3962,0.030555556,-0.202777778,1,0,0,20,20,15,25,0,0,0,0,1,,,,,,,,,,,,,,,,,,,,,,,,,,,,,,,,,,,,,,,,,,,,,,,,,,,,,,,,,,
,,,,,,,,[(%NOPROG1,1,2025-05-09_18h08.17.290,CLTandFLE,2024.1.5,Win32,120.4819277,,487.7692,488.2586,,,,,,,,,,,,,,,,,,,,,,,,,,,,,,,,,,,,,,,,,,,,,,,,,,,,,,,,,,,,,,,,,,,,,,,,,,,,,,,,,,,,,,,,417.9031,427.3577,9.4537,3,8.1465,0.023888889,-0.222222222,1,0,0,23,Maschio,Sì,18,"Sì, l'ho ottenuta più di due anni fa",B2 CEFR (5.5 - 6 IELTS),TRUE,FALSE,6,8,9,6,8,FALSE,Conferma,c1ok,c2ok,c3ok,c4ok,c5ok,c6ok,c7ok,c8ok,c9ok,c10ok,c11ok,c12err,c13ok,c14ok,c15ok,c16ok,c17ok,c18ok,c19ok,c20err,c21err2,c22err2,c23ok,c24err3,c25err3,c26err3,739.9765,746.7887,0,0,0,0,1
