﻿Alfa.started,Alfa.stopped,alfa_mouse.x,alfa_mouse.y,alfa_mouse.leftButton,alfa_mouse.midButton,alfa_mouse.rightButton,alfa_mouse.clicked_name,participant,group,date,expName,psychopyVersion,OS,frameRate,)],ITI.started,ITI.stopped,B_consensoinformato.started,B_consensoinformato.stopped,tempo_consenso,cons_mouse.x,cons_mouse.y,cons_mouse.leftButton,cons_mouse.midButton,cons_mouse.rightButton,A_benvenuto.started,A_benvenuto.stopped,ben_mouse.x,ben_mouse.y,ben_mouse.leftButton,ben_mouse.midButton,ben_mouse.rightButton,B2_istruzioni.started,B2_istruzioni.stopped,tempo_istru,cons_mouse_2.x,cons_mouse_2.y,cons_mouse_2.leftButton,cons_mouse_2.midButton,cons_mouse_2.rightButton,SAMevaluation.started,SAMevaluation.stopped,temposam,sliderintensity.response,sliderintensity.rt,slidervalence.response,slidervalence.rt,mouse_sam.x,mouse_sam.y,mouse_sam.leftButton,mouse_sam.midButton,mouse_sam.rightButton,mouse_sam.time,mouse_sam.clicked_name,Loading.started,Loading.stopped,C_associative_task.started,C_associative_task.stopped,tempo_trial,hapremutosi,hapremutono,tempo_tasktot,mouse.x,mouse.y,mouse.leftButton,mouse.midButton,mouse.rightButton,trials.thisRepN,trials.thisTrialN,trials.thisN,trials.thisIndex,trials.ran,cond,causa,effetto,D_VD.started,D_VD.stopped,tempo_vd,vd.response,vd.rt,mouse_vd.x,mouse_vd.y,mouse_vd.leftButton,mouse_vd.midButton,mouse_vd.rightButton,Previous.started,Previous.stopped,tempo_vd1,previous.response,previous.rt,mouse_vd_2.x,mouse_vd_2.y,mouse_vd_2.leftButton,mouse_vd_2.midButton,mouse_vd_2.rightButton,EstENG.TrialSS,EstENG.TrialNS,EstENG.TrialSN,EstENG.TrialNN,ingesta.thisRepN,ingesta.thisTrialN,ingesta.thisN,ingesta.thisIndex,ingesta.ran,PF.started,PF.stopped,tempo_pf,processfluency.response,processfluency.rt,mouse_ch.x,mouse_ch.y,mouse_ch.leftButton,mouse_ch.midButton,mouse_ch.rightButton,Questionario_Lingua.Age,Questionario_Lingua.Sesso,Questionario_Lingua.StaiStudiando?,Questionario_Lingua.Anniscolarita,Questionario_Lingua.Diploma,Questionario_Lingua.ItaMADRE?,Questionario_Lingua.INGmadre?,Questionario_Lingua.Q5(AOAIng),Questionario_Lingua.INGLETTURA,Questionario_Lingua.INGCOMPRESO,Questionario_Lingua.INGSCRITTO,Questionario_Lingua.INGPARLATO,Questionario_Lingua.haivissutoestero,ProvaInglese.ProcediamoENg,ProvaInglese.C1,ProvaInglese.C2,ProvaInglese.C3,ProvaInglese.C4,ProvaInglese.C5,ProvaInglese.C6,ProvaInglese.C7,ProvaInglese.C8,ProvaInglese.C9,ProvaInglese.C10,ProvaInglese.C11,ProvaInglese.C12,ProvaInglese.C13,ProvaInglese.C14,ProvaInglese.C15,ProvaInglese.C16,ProvaInglese.C17,ProvaInglese.C18,ProvaInglese.C19,ProvaInglese.C20,ProvaInglese.C21,ProvaInglese.C22,ProvaInglese.C23,ProvaInglese.C24,ProvaInglese.C25,ProvaInglese.controlquestion,Ant_lastquestion.started,Ant_lastquestion.stopped,exp_loop.thisRepN,exp_loop.thisTrialN,exp_loop.thisN,exp_loop.thisIndex,exp_loop.ran
0.0005,18.3912,0.040364583,-0.02734375,1,0,0,alfa_mask,[(%NOPRO3,2,2025-04-28_14h49.10.690,CLTandFLE,2024.1.5,Win32,60.24096386,,,,,,,,,,,,,,,,,,,,,,,,,,,,,,,,,,,,,,,,,,,,,,,,,,,,,,,,,,,,,,,,,,,,,,,,,,,,,,,,,,,,,,,,,,,,,,,,,,,,,,,,,,,,,,,,,,,,,,,,,,,,,,,,,,,,,,,,,,,,,,,,,,,
,,,,,,,,[(%NOPRO3,2,2025-04-28_14h49.10.690,CLTandFLE,2024.1.5,Win32,60.24096386,,18.3917,19.3843,,,,,,,,,,,,,,,,,,,,,,,,,,,,,,,,,,,,,,,,,,,,,,,,,,,,,,,,,,,,,,,,,,,,,,,,,,,,,,,,,,,,,,,,,,,,,,,,,,,,,,,,,,,,,,,,,,,,,,,,,,,,,,,,,,,,,,,,,,,,,,,,
,,,,,,,,[(%NOPRO3,2,2025-04-28_14h49.10.690,CLTandFLE,2024.1.5,Win32,60.24096386,,,,19.3847,152.8845,133.4985,0.203125,-0.377604167,1,0,0,,,,,,,,,,,,,,,,,,,,,,,,,,,,,,,,,,,,,,,,,,,,,,,,,,,,,,,,,,,,,,,,,,,,,,,,,,,,,,,,,,,,,,,,,,,,,,,,,,,,,,,,,,,,,,,,,,,,,,,,,,,,,,,,,,,,,,,,
,,,,,,,,[(%NOPRO3,2,2025-04-28_14h49.10.690,CLTandFLE,2024.1.5,Win32,60.24096386,,456.3182,457.3179,,,,,,,,,153.8837,158.4374,0.024739583,-0.075520833,1,0,0,159.4338,397.3197,237.885,-0.001302083,-0.373697917,1,0,0,398.3182,448.3186,49.9995,0.454427083,31.8909,0.491861979,22.4396,"[-0.006510416666666667,-0.036458333333333336,0.010416666666666666]","[0.18489583333333334,0,-0.23177083333333334]","[1,1,1]","[0,0,0]","[0,0,0]","[22.30479999999983,31.75439999999992,49.98789999999991]","[""rettoksam""]",449.3182,456.3181,457.3685,474.3879,17.0186,1,0,17.0186,-0.178385417,-0.03125,0,0,0,0,0,0,33,1,c,The patient has not taken Batatrim,The patient has overcome the crisis,,,,,,,,,,,,,,,,,,,,,,,,,,,,,,,,,,,,,,,,,,,,,,,,,,,,,,,,,,,,,,,,,,,,,,,,,,,,,,,,,,,,,,
,,,,,,,,[(%NOPRO3,2,2025-04-28_14h49.10.690,CLTandFLE,2024.1.5,Win32,60.24096386,,,,,,,,,,,,,,,,,,,,,,,,,,,,,,,,,,,,,,,,,,,474.3889,499.6104,25.2206,1,0,42.2392,-0.178385417,-0.03125,0,0,0,0,1,1,38,1,d,The patient has not taken Batatrim,The patient has not overcome the crisis,,,,,,,,,,,,,,,,,,,,,,,,,,,,,,,,,,,,,,,,,,,,,,,,,,,,,,,,,,,,,,,,,,,,,,,,,,,,,,,,,,,,,,
,,,,,,,,[(%NOPRO3,2,2025-04-28_14h49.10.690,CLTandFLE,2024.1.5,Win32,60.24096386,,,,,,,,,,,,,,,,,,,,,,,,,,,,,,,,,,,,,,,,,,,499.6114,512.0332,12.4214,1,0,54.6606,-0.196614583,-0.052083333,0,0,0,0,2,2,32,1,c,The patient has not taken Batatrim,The patient has overcome the crisis,,,,,,,,,,,,,,,,,,,,,,,,,,,,,,,,,,,,,,,,,,,,,,,,,,,,,,,,,,,,,,,,,,,,,,,,,,,,,,,,,,,,,,
,,,,,,,,[(%NOPRO3,2,2025-04-28_14h49.10.690,CLTandFLE,2024.1.5,Win32,60.24096386,,,,,,,,,,,,,,,,,,,,,,,,,,,,,,,,,,,,,,,,,,,512.0339,520.849,8.8144,1,0,63.475,-0.196614583,-0.052083333,0,0,0,0,3,3,1,1,a,The patient has taken Batatrim,The patient has overcome the crisis,,,,,,,,,,,,,,,,,,,,,,,,,,,,,,,,,,,,,,,,,,,,,,,,,,,,,,,,,,,,,,,,,,,,,,,,,,,,,,,,,,,,,,
,,,,,,,,[(%NOPRO3,2,2025-04-28_14h49.10.690,CLTandFLE,2024.1.5,Win32,60.24096386,,,,,,,,,,,,,,,,,,,,,,,,,,,,,,,,,,,,,,,,,,,520.8507,532.9543,12.1032,1,0,75.5782,-0.196614583,-0.052083333,0,0,0,0,4,4,9,1,a,The patient has taken Batatrim,The patient has overcome the crisis,,,,,,,,,,,,,,,,,,,,,,,,,,,,,,,,,,,,,,,,,,,,,,,,,,,,,,,,,,,,,,,,,,,,,,,,,,,,,,,,,,,,,,
,,,,,,,,[(%NOPRO3,2,2025-04-28_14h49.10.690,CLTandFLE,2024.1.5,Win32,60.24096386,,,,,,,,,,,,,,,,,,,,,,,,,,,,,,,,,,,,,,,,,,,532.9549,541.834,8.8788,1,0,84.457,-0.196614583,-0.052083333,0,0,0,0,5,5,21,1,c,The patient has not taken Batatrim,The patient has overcome the crisis,,,,,,,,,,,,,,,,,,,,,,,,,,,,,,,,,,,,,,,,,,,,,,,,,,,,,,,,,,,,,,,,,,,,,,,,,,,,,,,,,,,,,,
,,,,,,,,[(%NOPRO3,2,2025-04-28_14h49.10.690,CLTandFLE,2024.1.5,Win32,60.24096386,,,,,,,,,,,,,,,,,,,,,,,,,,,,,,,,,,,,,,,,,,,541.8351,554.2872,12.4518,1,0,96.9088,-0.196614583,-0.052083333,0,0,0,0,6,6,29,1,c,The patient has not taken Batatrim,The patient has overcome the crisis,,,,,,,,,,,,,,,,,,,,,,,,,,,,,,,,,,,,,,,,,,,,,,,,,,,,,,,,,,,,,,,,,,,,,,,,,,,,,,,,,,,,,,
,,,,,,,,[(%NOPRO3,2,2025-04-28_14h49.10.690,CLTandFLE,2024.1.5,Win32,60.24096386,,,,,,,,,,,,,,,,,,,,,,,,,,,,,,,,,,,,,,,,,,,554.2878,564.4086,10.1199,1,0,107.0287,-0.196614583,-0.052083333,0,0,0,0,7,7,34,1,c,The patient has not taken Batatrim,The patient has overcome the crisis,,,,,,,,,,,,,,,,,,,,,,,,,,,,,,,,,,,,,,,,,,,,,,,,,,,,,,,,,,,,,,,,,,,,,,,,,,,,,,,,,,,,,,
,,,,,,,,[(%NOPRO3,2,2025-04-28_14h49.10.690,CLTandFLE,2024.1.5,Win32,60.24096386,,,,,,,,,,,,,,,,,,,,,,,,,,,,,,,,,,,,,,,,,,,564.4093,572.8172,8.4074,1,0,115.4361,-0.196614583,-0.052083333,0,0,0,0,8,8,24,1,c,The patient has not taken Batatrim,The patient has overcome the crisis,,,,,,,,,,,,,,,,,,,,,,,,,,,,,,,,,,,,,,,,,,,,,,,,,,,,,,,,,,,,,,,,,,,,,,,,,,,,,,,,,,,,,,
,,,,,,,,[(%NOPRO3,2,2025-04-28_14h49.10.690,CLTandFLE,2024.1.5,Win32,60.24096386,,,,,,,,,,,,,,,,,,,,,,,,,,,,,,,,,,,,,,,,,,,572.8182,581.7519,8.9326,1,0,124.3687,-0.196614583,-0.052083333,0,0,0,0,9,9,7,1,a,The patient has taken Batatrim,The patient has overcome the crisis,,,,,,,,,,,,,,,,,,,,,,,,,,,,,,,,,,,,,,,,,,,,,,,,,,,,,,,,,,,,,,,,,,,,,,,,,,,,,,,,,,,,,,
,,,,,,,,[(%NOPRO3,2,2025-04-28_14h49.10.690,CLTandFLE,2024.1.5,Win32,60.24096386,,,,,,,,,,,,,,,,,,,,,,,,,,,,,,,,,,,,,,,,,,,581.7524,591.9497,10.1968,1,0,134.5655,-0.196614583,-0.052083333,0,0,0,0,10,10,39,1,d,The patient has not taken Batatrim,The patient has not overcome the crisis,,,,,,,,,,,,,,,,,,,,,,,,,,,,,,,,,,,,,,,,,,,,,,,,,,,,,,,,,,,,,,,,,,,,,,,,,,,,,,,,,,,,,,
,,,,,,,,[(%NOPRO3,2,2025-04-28_14h49.10.690,CLTandFLE,2024.1.5,Win32,60.24096386,,,,,,,,,,,,,,,,,,,,,,,,,,,,,,,,,,,,,,,,,,,591.9504,598.7414,6.7903,1,0,141.3558,-0.196614583,-0.052083333,0,0,0,0,11,11,31,1,c,The patient has not taken Batatrim,The patient has overcome the crisis,,,,,,,,,,,,,,,,,,,,,,,,,,,,,,,,,,,,,,,,,,,,,,,,,,,,,,,,,,,,,,,,,,,,,,,,,,,,,,,,,,,,,,
,,,,,,,,[(%NOPRO3,2,2025-04-28_14h49.10.690,CLTandFLE,2024.1.5,Win32,60.24096386,,,,,,,,,,,,,,,,,,,,,,,,,,,,,,,,,,,,,,,,,,,598.742,613.5923,14.8497,1,0,156.2055,-0.196614583,-0.052083333,0,0,0,0,12,12,17,1,b,The patient has taken Batatrim,The patient has not overcome the crisis,,,,,,,,,,,,,,,,,,,,,,,,,,,,,,,,,,,,,,,,,,,,,,,,,,,,,,,,,,,,,,,,,,,,,,,,,,,,,,,,,,,,,,
,,,,,,,,[(%NOPRO3,2,2025-04-28_14h49.10.690,CLTandFLE,2024.1.5,Win32,60.24096386,,,,,,,,,,,,,,,,,,,,,,,,,,,,,,,,,,,,,,,,,,,613.5928,619.5457,5.9523,1,0,162.1578,-0.196614583,-0.052083333,0,0,0,0,13,13,20,1,c,The patient has not taken Batatrim,The patient has overcome the crisis,,,,,,,,,,,,,,,,,,,,,,,,,,,,,,,,,,,,,,,,,,,,,,,,,,,,,,,,,,,,,,,,,,,,,,,,,,,,,,,,,,,,,,
,,,,,,,,[(%NOPRO3,2,2025-04-28_14h49.10.690,CLTandFLE,2024.1.5,Win32,60.24096386,,,,,,,,,,,,,,,,,,,,,,,,,,,,,,,,,,,,,,,,,,,619.5463,627.7263,8.1795,1,0,170.3373,-0.196614583,-0.052083333,0,0,0,0,14,14,2,1,a,The patient has taken Batatrim,The patient has overcome the crisis,,,,,,,,,,,,,,,,,,,,,,,,,,,,,,,,,,,,,,,,,,,,,,,,,,,,,,,,,,,,,,,,,,,,,,,,,,,,,,,,,,,,,,
,,,,,,,,[(%NOPRO3,2,2025-04-28_14h49.10.690,CLTandFLE,2024.1.5,Win32,60.24096386,,,,,,,,,,,,,,,,,,,,,,,,,,,,,,,,,,,,,,,,,,,627.7268,635.7336,8.0064,1,0,178.3437,-0.196614583,-0.052083333,0,0,0,0,15,15,8,1,a,The patient has taken Batatrim,The patient has overcome the crisis,,,,,,,,,,,,,,,,,,,,,,,,,,,,,,,,,,,,,,,,,,,,,,,,,,,,,,,,,,,,,,,,,,,,,,,,,,,,,,,,,,,,,,
,,,,,,,,[(%NOPRO3,2,2025-04-28_14h49.10.690,CLTandFLE,2024.1.5,Win32,60.24096386,,,,,,,,,,,,,,,,,,,,,,,,,,,,,,,,,,,,,,,,,,,635.7342,643.5319,7.7974,1,0,186.1411,-0.196614583,-0.052083333,0,0,0,0,16,16,13,1,a,The patient has taken Batatrim,The patient has overcome the crisis,,,,,,,,,,,,,,,,,,,,,,,,,,,,,,,,,,,,,,,,,,,,,,,,,,,,,,,,,,,,,,,,,,,,,,,,,,,,,,,,,,,,,,
,,,,,,,,[(%NOPRO3,2,2025-04-28_14h49.10.690,CLTandFLE,2024.1.5,Win32,60.24096386,,,,,,,,,,,,,,,,,,,,,,,,,,,,,,,,,,,,,,,,,,,643.5325,651.1164,7.5833,1,0,193.7244,-0.196614583,-0.052083333,0,0,0,0,17,17,19,1,b,The patient has taken Batatrim,The patient has not overcome the crisis,,,,,,,,,,,,,,,,,,,,,,,,,,,,,,,,,,,,,,,,,,,,,,,,,,,,,,,,,,,,,,,,,,,,,,,,,,,,,,,,,,,,,,
,,,,,,,,[(%NOPRO3,2,2025-04-28_14h49.10.690,CLTandFLE,2024.1.5,Win32,60.24096386,,,,,,,,,,,,,,,,,,,,,,,,,,,,,,,,,,,,,,,,,,,651.117,659.9373,8.8184,1,0,202.5428,-0.196614583,-0.052083333,0,0,0,0,18,18,6,1,a,The patient has taken Batatrim,The patient has overcome the crisis,,,,,,,,,,,,,,,,,,,,,,,,,,,,,,,,,,,,,,,,,,,,,,,,,,,,,,,,,,,,,,,,,,,,,,,,,,,,,,,,,,,,,,
,,,,,,,,[(%NOPRO3,2,2025-04-28_14h49.10.690,CLTandFLE,2024.1.5,Win32,60.24096386,,,,,,,,,,,,,,,,,,,,,,,,,,,,,,,,,,,,,,,,,,,659.9398,669.2117,9.2713,0,1,211.8141,0.161458333,-0.037760417,0,0,0,0,19,19,4,1,a,The patient has taken Batatrim,The patient has overcome the crisis,,,,,,,,,,,,,,,,,,,,,,,,,,,,,,,,,,,,,,,,,,,,,,,,,,,,,,,,,,,,,,,,,,,,,,,,,,,,,,,,,,,,,,
,,,,,,,,[(%NOPRO3,2,2025-04-28_14h49.10.690,CLTandFLE,2024.1.5,Win32,60.24096386,,,,,,,,,,,,,,,,,,,,,,,,,,,,,,,,,,,,,,,,,,,669.2124,675.835,6.6221,1,0,218.4362,-0.213541667,-0.0234375,0,0,0,0,20,20,15,1,b,The patient has taken Batatrim,The patient has not overcome the crisis,,,,,,,,,,,,,,,,,,,,,,,,,,,,,,,,,,,,,,,,,,,,,,,,,,,,,,,,,,,,,,,,,,,,,,,,,,,,,,,,,,,,,,
,,,,,,,,[(%NOPRO3,2,2025-04-28_14h49.10.690,CLTandFLE,2024.1.5,Win32,60.24096386,,,,,,,,,,,,,,,,,,,,,,,,,,,,,,,,,,,,,,,,,,,675.8357,685.262,9.4258,1,0,227.862,-0.204427083,-0.03515625,0,0,0,0,21,21,26,1,c,The patient has not taken Batatrim,The patient has overcome the crisis,,,,,,,,,,,,,,,,,,,,,,,,,,,,,,,,,,,,,,,,,,,,,,,,,,,,,,,,,,,,,,,,,,,,,,,,,,,,,,,,,,,,,,
,,,,,,,,[(%NOPRO3,2,2025-04-28_14h49.10.690,CLTandFLE,2024.1.5,Win32,60.24096386,,,,,,,,,,,,,,,,,,,,,,,,,,,,,,,,,,,,,,,,,,,685.2626,692.3889,7.1257,1,0,234.9877,-0.204427083,-0.03515625,0,0,0,0,22,22,37,1,d,The patient has not taken Batatrim,The patient has not overcome the crisis,,,,,,,,,,,,,,,,,,,,,,,,,,,,,,,,,,,,,,,,,,,,,,,,,,,,,,,,,,,,,,,,,,,,,,,,,,,,,,,,,,,,,,
,,,,,,,,[(%NOPRO3,2,2025-04-28_14h49.10.690,CLTandFLE,2024.1.5,Win32,60.24096386,,,,,,,,,,,,,,,,,,,,,,,,,,,,,,,,,,,,,,,,,,,692.3893,701.564,9.1742,1,0,244.1619,-0.204427083,-0.03515625,0,0,0,0,23,23,22,1,c,The patient has not taken Batatrim,The patient has overcome the crisis,,,,,,,,,,,,,,,,,,,,,,,,,,,,,,,,,,,,,,,,,,,,,,,,,,,,,,,,,,,,,,,,,,,,,,,,,,,,,,,,,,,,,,
,,,,,,,,[(%NOPRO3,2,2025-04-28_14h49.10.690,CLTandFLE,2024.1.5,Win32,60.24096386,,,,,,,,,,,,,,,,,,,,,,,,,,,,,,,,,,,,,,,,,,,701.5647,727.4478,25.8824,1,0,270.0443,-0.204427083,-0.03515625,0,0,0,0,24,24,14,1,b,The patient has taken Batatrim,The patient has overcome the crisis,,,,,,,,,,,,,,,,,,,,,,,,,,,,,,,,,,,,,,,,,,,,,,,,,,,,,,,,,,,,,,,,,,,,,,,,,,,,,,,,,,,,,,
,,,,,,,,[(%NOPRO3,2,2025-04-28_14h49.10.690,CLTandFLE,2024.1.5,Win32,60.24096386,,,,,,,,,,,,,,,,,,,,,,,,,,,,,,,,,,,,,,,,,,,727.4484,733.1896,5.7408,1,0,275.7851,-0.204427083,-0.03515625,0,0,0,0,25,25,10,1,a,The patient has taken Batatrim,The patient has overcome the crisis,,,,,,,,,,,,,,,,,,,,,,,,,,,,,,,,,,,,,,,,,,,,,,,,,,,,,,,,,,,,,,,,,,,,,,,,,,,,,,,,,,,,,,
,,,,,,,,[(%NOPRO3,2,2025-04-28_14h49.10.690,CLTandFLE,2024.1.5,Win32,60.24096386,,,,,,,,,,,,,,,,,,,,,,,,,,,,,,,,,,,,,,,,,,,733.1901,739.6537,6.463,1,0,282.2481,-0.204427083,-0.03515625,0,0,0,0,26,26,27,1,c,The patient has not taken Batatrim,The patient has overcome the crisis,,,,,,,,,,,,,,,,,,,,,,,,,,,,,,,,,,,,,,,,,,,,,,,,,,,,,,,,,,,,,,,,,,,,,,,,,,,,,,,,,,,,,,
,,,,,,,,[(%NOPRO3,2,2025-04-28_14h49.10.690,CLTandFLE,2024.1.5,Win32,60.24096386,,,,,,,,,,,,,,,,,,,,,,,,,,,,,,,,,,,,,,,,,,,739.6542,746.7282,7.0734,1,0,289.3215,-0.204427083,-0.03515625,0,0,0,0,27,27,12,1,a,The patient has taken Batatrim,The patient has overcome the crisis,,,,,,,,,,,,,,,,,,,,,,,,,,,,,,,,,,,,,,,,,,,,,,,,,,,,,,,,,,,,,,,,,,,,,,,,,,,,,,,,,,,,,,
,,,,,,,,[(%NOPRO3,2,2025-04-28_14h49.10.690,CLTandFLE,2024.1.5,Win32,60.24096386,,,,,,,,,,,,,,,,,,,,,,,,,,,,,,,,,,,,,,,,,,,746.7288,752.2387,5.5092,1,0,294.8307,-0.204427083,-0.03515625,0,0,0,0,28,28,23,1,c,The patient has not taken Batatrim,The patient has overcome the crisis,,,,,,,,,,,,,,,,,,,,,,,,,,,,,,,,,,,,,,,,,,,,,,,,,,,,,,,,,,,,,,,,,,,,,,,,,,,,,,,,,,,,,,
,,,,,,,,[(%NOPRO3,2,2025-04-28_14h49.10.690,CLTandFLE,2024.1.5,Win32,60.24096386,,,,,,,,,,,,,,,,,,,,,,,,,,,,,,,,,,,,,,,,,,,752.2392,757.9522,5.7124,1,0,300.5431,-0.204427083,-0.03515625,0,0,0,0,29,29,28,1,c,The patient has not taken Batatrim,The patient has overcome the crisis,,,,,,,,,,,,,,,,,,,,,,,,,,,,,,,,,,,,,,,,,,,,,,,,,,,,,,,,,,,,,,,,,,,,,,,,,,,,,,,,,,,,,,
,,,,,,,,[(%NOPRO3,2,2025-04-28_14h49.10.690,CLTandFLE,2024.1.5,Win32,60.24096386,,,,,,,,,,,,,,,,,,,,,,,,,,,,,,,,,,,,,,,,,,,757.9528,765.8161,7.8631,1,0,308.4062,-0.204427083,-0.03515625,0,0,0,0,30,30,5,1,a,The patient has taken Batatrim,The patient has overcome the crisis,,,,,,,,,,,,,,,,,,,,,,,,,,,,,,,,,,,,,,,,,,,,,,,,,,,,,,,,,,,,,,,,,,,,,,,,,,,,,,,,,,,,,,
,,,,,,,,[(%NOPRO3,2,2025-04-28_14h49.10.690,CLTandFLE,2024.1.5,Win32,60.24096386,,,,,,,,,,,,,,,,,,,,,,,,,,,,,,,,,,,,,,,,,,,765.8168,772.4949,6.6777,1,0,315.0839,-0.204427083,-0.03515625,0,0,0,0,31,31,25,1,c,The patient has not taken Batatrim,The patient has overcome the crisis,,,,,,,,,,,,,,,,,,,,,,,,,,,,,,,,,,,,,,,,,,,,,,,,,,,,,,,,,,,,,,,,,,,,,,,,,,,,,,,,,,,,,,
,,,,,,,,[(%NOPRO3,2,2025-04-28_14h49.10.690,CLTandFLE,2024.1.5,Win32,60.24096386,,,,,,,,,,,,,,,,,,,,,,,,,,,,,,,,,,,,,,,,,,,772.4955,777.6497,5.1538,1,0,320.2377,-0.204427083,-0.03515625,0,0,0,0,32,32,18,1,b,The patient has taken Batatrim,The patient has not overcome the crisis,,,,,,,,,,,,,,,,,,,,,,,,,,,,,,,,,,,,,,,,,,,,,,,,,,,,,,,,,,,,,,,,,,,,,,,,,,,,,,,,,,,,,,
,,,,,,,,[(%NOPRO3,2,2025-04-28_14h49.10.690,CLTandFLE,2024.1.5,Win32,60.24096386,,,,,,,,,,,,,,,,,,,,,,,,,,,,,,,,,,,,,,,,,,,777.6502,785.4526,7.802,1,0,328.0397,-0.204427083,-0.03515625,0,0,0,0,33,33,30,1,c,The patient has not taken Batatrim,The patient has overcome the crisis,,,,,,,,,,,,,,,,,,,,,,,,,,,,,,,,,,,,,,,,,,,,,,,,,,,,,,,,,,,,,,,,,,,,,,,,,,,,,,,,,,,,,,
,,,,,,,,[(%NOPRO3,2,2025-04-28_14h49.10.690,CLTandFLE,2024.1.5,Win32,60.24096386,,,,,,,,,,,,,,,,,,,,,,,,,,,,,,,,,,,,,,,,,,,785.4532,796.3168,10.8634,1,0,338.9031,-0.204427083,-0.03515625,0,0,0,0,34,34,16,1,b,The patient has taken Batatrim,The patient has not overcome the crisis,,,,,,,,,,,,,,,,,,,,,,,,,,,,,,,,,,,,,,,,,,,,,,,,,,,,,,,,,,,,,,,,,,,,,,,,,,,,,,,,,,,,,,
,,,,,,,,[(%NOPRO3,2,2025-04-28_14h49.10.690,CLTandFLE,2024.1.5,Win32,60.24096386,,,,,,,,,,,,,,,,,,,,,,,,,,,,,,,,,,,,,,,,,,,796.3174,803.8495,7.5317,1,0,346.4348,-0.204427083,-0.03515625,0,0,0,0,35,35,36,1,d,The patient has not taken Batatrim,The patient has not overcome the crisis,,,,,,,,,,,,,,,,,,,,,,,,,,,,,,,,,,,,,,,,,,,,,,,,,,,,,,,,,,,,,,,,,,,,,,,,,,,,,,,,,,,,,,
,,,,,,,,[(%NOPRO3,2,2025-04-28_14h49.10.690,CLTandFLE,2024.1.5,Win32,60.24096386,,,,,,,,,,,,,,,,,,,,,,,,,,,,,,,,,,,,,,,,,,,803.8506,809.0644,5.2135,1,0,351.6483,-0.204427083,-0.03515625,0,0,0,0,36,36,0,1,a,The patient has taken Batatrim,The patient has overcome the crisis,,,,,,,,,,,,,,,,,,,,,,,,,,,,,,,,,,,,,,,,,,,,,,,,,,,,,,,,,,,,,,,,,,,,,,,,,,,,,,,,,,,,,,
,,,,,,,,[(%NOPRO3,2,2025-04-28_14h49.10.690,CLTandFLE,2024.1.5,Win32,60.24096386,,,,,,,,,,,,,,,,,,,,,,,,,,,,,,,,,,,,,,,,,,,809.0651,819.3847,10.3191,0,1,361.9674,-0.040364583,-0.00390625,0,0,0,0,37,37,3,1,a,The patient has taken Batatrim,The patient has overcome the crisis,,,,,,,,,,,,,,,,,,,,,,,,,,,,,,,,,,,,,,,,,,,,,,,,,,,,,,,,,,,,,,,,,,,,,,,,,,,,,,,,,,,,,,
,,,,,,,,[(%NOPRO3,2,2025-04-28_14h49.10.690,CLTandFLE,2024.1.5,Win32,60.24096386,,,,,,,,,,,,,,,,,,,,,,,,,,,,,,,,,,,,,,,,,,,819.385,824.9001,5.5146,1,0,367.482,-0.169270833,-0.0234375,0,0,0,0,38,38,11,1,a,The patient has taken Batatrim,The patient has overcome the crisis,,,,,,,,,,,,,,,,,,,,,,,,,,,,,,,,,,,,,,,,,,,,,,,,,,,,,,,,,,,,,,,,,,,,,,,,,,,,,,,,,,,,,,
,,,,,,,,[(%NOPRO3,2,2025-04-28_14h49.10.690,CLTandFLE,2024.1.5,Win32,60.24096386,,,,,,,,,,,,,,,,,,,,,,,,,,,,,,,,,,,,,,,,,,,824.9007,830.5252,5.6239,1,0,373.1059,-0.169270833,-0.0234375,0,0,0,0,39,39,35,1,d,The patient has not taken Batatrim,The patient has not overcome the crisis,,,,,,,,,,,,,,,,,,,,,,,,,,,,,,,,,,,,,,,,,,,,,,,,,,,,,,,,,,,,,,,,,,,,,,,,,,,,,,,,,,,,,,
,,,,,,,,[(%NOPRO3,2,2025-04-28_14h49.10.690,CLTandFLE,2024.1.5,Win32,60.24096386,,894.3035,895.3028,,,,,,,,,,,,,,,,,,,,,,,,,,,,,,,,,,,,,,,,,,,,,,,,,,,,,,,,,,,831.5196,870.0365,38.5163,3,36.6231,-0.010416667,-0.217447917,1,0,0,871.0364,894.3034,23.2663,72,20.0393,0.020833333,-0.2109375,1,0,0,10,20,5,5,0,0,0,0,1,,,,,,,,,,,,,,,,,,,,,,,,,,,,,,,,,,,,,,,,,,,,,,,,,,,,,,,,,
,,,,,,,,[(%NOPRO3,2,2025-04-28_14h49.10.690,CLTandFLE,2024.1.5,Win32,60.24096386,,1156.1099,1157.1037,,,,,,,,,,,,,,,,,,,,,,,,,,,,,,,,,,,,,,,,,,,,,,,,,,,,,,,,,,,,,,,,,,,,,,,,,,,,,,,,,,,,,,,,994.7034,1020.3927,25.6886,2,24.2726,0.040364583,-0.2265625,1,0,0,20,Femmina,Sì,15,No,TRUE,FALSE,6,5,5,3,3,FALSE,Conferma,c1ok,c2ok,c3ok,c4ok,c5ok,c6ok,c7err2,c8ok,c9err,c10ok,c11err,c12err,c13ok,c14err2,c15ok,c16ok,c17ok,c18ok,c19err2,c20ok,c21err2,c22ok,c23err2,c24err,c25err2,c26ok,1657.6517,1664.1072,0,0,0,0,1
