﻿Alfa.started,Alfa.stopped,alfa_mouse.x,alfa_mouse.y,alfa_mouse.leftButton,alfa_mouse.midButton,alfa_mouse.rightButton,alfa_mouse.clicked_name,participant,group,date,expName,psychopyVersion,OS,frameRate,ITI.started,ITI.stopped,B_consensoinformato.started,B_consensoinformato.stopped,tempo_consenso,cons_mouse.x,cons_mouse.y,cons_mouse.leftButton,cons_mouse.midButton,cons_mouse.rightButton,A_benvenuto.started,A_benvenuto.stopped,ben_mouse.x,ben_mouse.y,ben_mouse.leftButton,ben_mouse.midButton,ben_mouse.rightButton,B2_istruzioni.started,B2_istruzioni.stopped,tempo_istru,cons_mouse_2.x,cons_mouse_2.y,cons_mouse_2.leftButton,cons_mouse_2.midButton,cons_mouse_2.rightButton,SAMevaluation.started,SAMevaluation.stopped,temposam,sliderintensity.response,sliderintensity.rt,slidervalence.response,slidervalence.rt,mouse_sam.x,mouse_sam.y,mouse_sam.leftButton,mouse_sam.midButton,mouse_sam.rightButton,mouse_sam.time,mouse_sam.clicked_name,Loading.started,Loading.stopped,C_associative_task.started,C_associative_task.stopped,tempo_trial,hapremutosi,hapremutono,tempo_tasktot,mouse.x,mouse.y,mouse.leftButton,mouse.midButton,mouse.rightButton,trials.thisRepN,trials.thisTrialN,trials.thisN,trials.thisIndex,trials.ran,cond,causa,effetto,D_VD.started,D_VD.stopped,tempo_vd,vd.response,vd.rt,mouse_vd.x,mouse_vd.y,mouse_vd.leftButton,mouse_vd.midButton,mouse_vd.rightButton,Previous.started,Previous.stopped,tempo_vd1,previous.response,previous.rt,mouse_vd_2.x,mouse_vd_2.y,mouse_vd_2.leftButton,mouse_vd_2.midButton,mouse_vd_2.rightButton,EstENG.TrialNN,EstENG.TrialNS,EstENG.TrialSN,EstENG.TrialSS,ingesta.thisRepN,ingesta.thisTrialN,ingesta.thisN,ingesta.thisIndex,ingesta.ran,PF.started,PF.stopped,tempo_pf,processfluency.response,processfluency.rt,mouse_ch.x,mouse_ch.y,mouse_ch.leftButton,mouse_ch.midButton,mouse_ch.rightButton,Questionario_Lingua.Age,Questionario_Lingua.Sesso,Questionario_Lingua.StaiStudiando?,Questionario_Lingua.Anniscolarita,Questionario_Lingua.Diploma,Questionario_Lingua.ItaMADRE?,Questionario_Lingua.INGmadre?,Questionario_Lingua.Q5(AOAIng),Questionario_Lingua.INGLETTURA,Questionario_Lingua.INGCOMPRESO,Questionario_Lingua.INGSCRITTO,Questionario_Lingua.INGPARLATO,Questionario_Lingua.haivissutoestero,ProvaInglese.ProcediamoENg,ProvaInglese.C1,ProvaInglese.C2,ProvaInglese.C3,ProvaInglese.C4,ProvaInglese.C5,ProvaInglese.C6,ProvaInglese.C7,ProvaInglese.C8,ProvaInglese.C9,ProvaInglese.C10,ProvaInglese.C11,ProvaInglese.C12,ProvaInglese.C13,ProvaInglese.C14,ProvaInglese.C15,ProvaInglese.C16,ProvaInglese.C17,ProvaInglese.C18,ProvaInglese.C19,ProvaInglese.C20,ProvaInglese.C21,ProvaInglese.C22,ProvaInglese.C23,ProvaInglese.C24,ProvaInglese.C25,ProvaInglese.controlquestion,Ant_lastquestion.started,Ant_lastquestion.stopped,exp_loop.thisRepN,exp_loop.thisTrialN,exp_loop.thisN,exp_loop.thisIndex,exp_loop.ran
0.0001,5.3436,-0.046653646,0.002239583,1,0,0,alfa_mask,Noprodue,2,2025-04-29_11h21.09.174,CLTandFLE,2024.1.5,MacIntel,57.80346821,,,,,,,,,,,,,,,,,,,,,,,,,,,,,,,,,,,,,,,,,,,,,,,,,,,,,,,,,,,,,,,,,,,,,,,,,,,,,,,,,,,,,,,,,,,,,,,,,,,,,,,,,,,,,,,,,,,,,,,,,,,,,,,,,,,,,,,,,,,,,,,,,,
,,,,,,,,Noprodue,2,2025-04-29_11h21.09.174,CLTandFLE,2024.1.5,MacIntel,57.80346821,5.3438,6.3441,,,,,,,,,,,,,,,,,,,,,,,,,,,,,,,,,,,,,,,,,,,,,,,,,,,,,,,,,,,,,,,,,,,,,,,,,,,,,,,,,,,,,,,,,,,,,,,,,,,,,,,,,,,,,,,,,,,,,,,,,,,,,,,,,,,,,,,,,,,,,,,,
,,,,,,,,Noprodue,2,2025-04-29_11h21.09.174,CLTandFLE,2024.1.5,MacIntel,57.80346821,,,6.3444,13.561,7.2159,0.22296875,-0.422074653,1,0,0,,,,,,,,,,,,,,,,,,,,,,,,,,,,,,,,,,,,,,,,,,,,,,,,,,,,,,,,,,,,,,,,,,,,,,,,,,,,,,,,,,,,,,,,,,,,,,,,,,,,,,,,,,,,,,,,,,,,,,,,,,,,,,,,,,,,,,,,
,,,,,,,,Noprodue,2,2025-04-29_11h21.09.174,CLTandFLE,2024.1.5,MacIntel,57.80346821,218.3833,219.3821,,,,,,,,,14.5612,18.844,0.02937934,-0.107400174,1,0,0,19.8448,65.0456,45.2003,-0.013493924,-0.395303819,1,0,0,66.045,210.382,144.3364,0.425021701,141.2843,0.394395616,142.6017,"[-0.005477430555555556,0.002434895833333333,-0.011002604166666667]","[-0.0008550347222222222,0.19005208333333334,-0.2072265625]","[1,1,1]","[0,0,0]","[0,0,0]","[140.596,141.92859999999962,144.32840000000039]","[""slidervalence"",""rettoksam""]",211.3832,218.3832,219.4101,229.4498,10.0395,1,0,10.0395,0.215355903,-0.222994792,0,0,0,0,0,0,9,1,a,The patient has taken Batatrim,The patient has overcome the crisis,,,,,,,,,,,,,,,,,,,,,,,,,,,,,,,,,,,,,,,,,,,,,,,,,,,,,,,,,,,,,,,,,,,,,,,,,,,,,,,,,,,,,,
,,,,,,,,Noprodue,2,2025-04-29_11h21.09.174,CLTandFLE,2024.1.5,MacIntel,57.80346821,,,,,,,,,,,,,,,,,,,,,,,,,,,,,,,,,,,,,,,,,,229.4501,240.6498,11.1996,0,1,21.2391,0.098784722,-0.307717014,0,0,0,0,1,1,34,1,c,The patient has not taken Batatrim,The patient has overcome the crisis,,,,,,,,,,,,,,,,,,,,,,,,,,,,,,,,,,,,,,,,,,,,,,,,,,,,,,,,,,,,,,,,,,,,,,,,,,,,,,,,,,,,,,
,,,,,,,,Noprodue,2,2025-04-29_11h21.09.174,CLTandFLE,2024.1.5,MacIntel,57.80346821,,,,,,,,,,,,,,,,,,,,,,,,,,,,,,,,,,,,,,,,,,240.6501,246.999,6.3488,1,0,27.5879,0.141788194,-0.268107639,0,0,0,0,2,2,10,1,a,The patient has taken Batatrim,The patient has overcome the crisis,,,,,,,,,,,,,,,,,,,,,,,,,,,,,,,,,,,,,,,,,,,,,,,,,,,,,,,,,,,,,,,,,,,,,,,,,,,,,,,,,,,,,,
,,,,,,,,Noprodue,2,2025-04-29_11h21.09.174,CLTandFLE,2024.1.5,MacIntel,57.80346821,,,,,,,,,,,,,,,,,,,,,,,,,,,,,,,,,,,,,,,,,,246.9992,255.217,8.2176,1,0,35.8055,0.052478299,-0.227907986,0,0,0,0,3,3,0,1,a,The patient has taken Batatrim,The patient has overcome the crisis,,,,,,,,,,,,,,,,,,,,,,,,,,,,,,,,,,,,,,,,,,,,,,,,,,,,,,,,,,,,,,,,,,,,,,,,,,,,,,,,,,,,,,
,,,,,,,,Noprodue,2,2025-04-29_11h21.09.174,CLTandFLE,2024.1.5,MacIntel,57.80346821,,,,,,,,,,,,,,,,,,,,,,,,,,,,,,,,,,,,,,,,,,255.2173,261.5827,6.3653,0,1,42.1708,0.04625,-0.2884375,0,0,0,0,4,4,31,1,c,The patient has not taken Batatrim,The patient has overcome the crisis,,,,,,,,,,,,,,,,,,,,,,,,,,,,,,,,,,,,,,,,,,,,,,,,,,,,,,,,,,,,,,,,,,,,,,,,,,,,,,,,,,,,,,
,,,,,,,,Noprodue,2,2025-04-29_11h21.09.174,CLTandFLE,2024.1.5,MacIntel,57.80346821,,,,,,,,,,,,,,,,,,,,,,,,,,,,,,,,,,,,,,,,,,261.583,268.484,6.9009,1,0,49.0717,0.067408854,-0.348346354,0,0,0,0,5,5,1,1,a,The patient has taken Batatrim,The patient has overcome the crisis,,,,,,,,,,,,,,,,,,,,,,,,,,,,,,,,,,,,,,,,,,,,,,,,,,,,,,,,,,,,,,,,,,,,,,,,,,,,,,,,,,,,,,
,,,,,,,,Noprodue,2,2025-04-29_11h21.09.174,CLTandFLE,2024.1.5,MacIntel,57.80346821,,,,,,,,,,,,,,,,,,,,,,,,,,,,,,,,,,,,,,,,,,268.4842,275.3331,6.8488,1,0,55.9205,0.046184896,-0.33296875,0,0,0,0,6,6,21,1,c,The patient has not taken Batatrim,The patient has overcome the crisis,,,,,,,,,,,,,,,,,,,,,,,,,,,,,,,,,,,,,,,,,,,,,,,,,,,,,,,,,,,,,,,,,,,,,,,,,,,,,,,,,,,,,,
,,,,,,,,Noprodue,2,2025-04-29_11h21.09.174,CLTandFLE,2024.1.5,MacIntel,57.80346821,,,,,,,,,,,,,,,,,,,,,,,,,,,,,,,,,,,,,,,,,,275.3333,282.3666,7.0333,1,0,62.9538,-0.085763889,-0.215256076,0,0,0,0,7,7,14,1,b,The patient has taken Batatrim,The patient has overcome the crisis,,,,,,,,,,,,,,,,,,,,,,,,,,,,,,,,,,,,,,,,,,,,,,,,,,,,,,,,,,,,,,,,,,,,,,,,,,,,,,,,,,,,,,
,,,,,,,,Noprodue,2,2025-04-29_11h21.09.174,CLTandFLE,2024.1.5,MacIntel,57.80346821,,,,,,,,,,,,,,,,,,,,,,,,,,,,,,,,,,,,,,,,,,282.3669,290.8679,8.5009,1,0,71.4547,-0.040060764,-0.372999132,0,0,0,0,8,8,15,1,b,The patient has taken Batatrim,The patient has not overcome the crisis,,,,,,,,,,,,,,,,,,,,,,,,,,,,,,,,,,,,,,,,,,,,,,,,,,,,,,,,,,,,,,,,,,,,,,,,,,,,,,,,,,,,,,
,,,,,,,,Noprodue,2,2025-04-29_11h21.09.174,CLTandFLE,2024.1.5,MacIntel,57.80346821,,,,,,,,,,,,,,,,,,,,,,,,,,,,,,,,,,,,,,,,,,290.8682,297.9682,7.0998,1,0,78.5545,0.051306424,-0.242052951,0,0,0,0,9,9,16,1,b,The patient has taken Batatrim,The patient has not overcome the crisis,,,,,,,,,,,,,,,,,,,,,,,,,,,,,,,,,,,,,,,,,,,,,,,,,,,,,,,,,,,,,,,,,,,,,,,,,,,,,,,,,,,,,,
,,,,,,,,Noprodue,2,2025-04-29_11h21.09.174,CLTandFLE,2024.1.5,MacIntel,57.80346821,,,,,,,,,,,,,,,,,,,,,,,,,,,,,,,,,,,,,,,,,,297.9684,305.5674,7.5989,1,0,86.1534,-0.039587674,-0.260108507,0,0,0,0,10,10,12,1,a,The patient has taken Batatrim,The patient has overcome the crisis,,,,,,,,,,,,,,,,,,,,,,,,,,,,,,,,,,,,,,,,,,,,,,,,,,,,,,,,,,,,,,,,,,,,,,,,,,,,,,,,,,,,,,
,,,,,,,,Noprodue,2,2025-04-29_11h21.09.174,CLTandFLE,2024.1.5,MacIntel,57.80346821,,,,,,,,,,,,,,,,,,,,,,,,,,,,,,,,,,,,,,,,,,305.5676,340.935,35.3672,1,0,121.5206,-0.158311632,-0.104388021,0,0,0,0,11,11,6,1,a,The patient has taken Batatrim,The patient has overcome the crisis,,,,,,,,,,,,,,,,,,,,,,,,,,,,,,,,,,,,,,,,,,,,,,,,,,,,,,,,,,,,,,,,,,,,,,,,,,,,,,,,,,,,,,
,,,,,,,,Noprodue,2,2025-04-29_11h21.09.174,CLTandFLE,2024.1.5,MacIntel,57.80346821,,,,,,,,,,,,,,,,,,,,,,,,,,,,,,,,,,,,,,,,,,340.9351,350.602,9.6667,1,0,131.1873,-0.176432292,-0.043190104,0,0,0,0,12,12,18,1,b,The patient has taken Batatrim,The patient has not overcome the crisis,,,,,,,,,,,,,,,,,,,,,,,,,,,,,,,,,,,,,,,,,,,,,,,,,,,,,,,,,,,,,,,,,,,,,,,,,,,,,,,,,,,,,,
,,,,,,,,Noprodue,2,2025-04-29_11h21.09.174,CLTandFLE,2024.1.5,MacIntel,57.80346821,,,,,,,,,,,,,,,,,,,,,,,,,,,,,,,,,,,,,,,,,,350.6023,396.1374,45.535,1,0,176.7223,-0.154917535,-0.044986979,0,0,0,0,13,13,23,1,c,The patient has not taken Batatrim,The patient has overcome the crisis,,,,,,,,,,,,,,,,,,,,,,,,,,,,,,,,,,,,,,,,,,,,,,,,,,,,,,,,,,,,,,,,,,,,,,,,,,,,,,,,,,,,,,
,,,,,,,,Noprodue,2,2025-04-29_11h21.09.174,CLTandFLE,2024.1.5,MacIntel,57.80346821,,,,,,,,,,,,,,,,,,,,,,,,,,,,,,,,,,,,,,,,,,396.1378,406.2043,10.0663,0,1,186.7886,0.101996528,-0.057708333,0,0,0,0,14,14,28,1,c,The patient has not taken Batatrim,The patient has overcome the crisis,,,,,,,,,,,,,,,,,,,,,,,,,,,,,,,,,,,,,,,,,,,,,,,,,,,,,,,,,,,,,,,,,,,,,,,,,,,,,,,,,,,,,,
,,,,,,,,Noprodue,2,2025-04-29_11h21.09.174,CLTandFLE,2024.1.5,MacIntel,57.80346821,,,,,,,,,,,,,,,,,,,,,,,,,,,,,,,,,,,,,,,,,,406.2045,413.2545,7.0499,0,1,193.8385,0.135659722,-0.291046007,0,0,0,0,15,15,29,1,c,The patient has not taken Batatrim,The patient has overcome the crisis,,,,,,,,,,,,,,,,,,,,,,,,,,,,,,,,,,,,,,,,,,,,,,,,,,,,,,,,,,,,,,,,,,,,,,,,,,,,,,,,,,,,,,
,,,,,,,,Noprodue,2,2025-04-29_11h21.09.174,CLTandFLE,2024.1.5,MacIntel,57.80346821,,,,,,,,,,,,,,,,,,,,,,,,,,,,,,,,,,,,,,,,,,413.2547,420.4715,7.2167,1,0,201.0552,0.075594618,-0.222986111,0,0,0,0,16,16,5,1,a,The patient has taken Batatrim,The patient has overcome the crisis,,,,,,,,,,,,,,,,,,,,,,,,,,,,,,,,,,,,,,,,,,,,,,,,,,,,,,,,,,,,,,,,,,,,,,,,,,,,,,,,,,,,,,
,,,,,,,,Noprodue,2,2025-04-29_11h21.09.174,CLTandFLE,2024.1.5,MacIntel,57.80346821,,,,,,,,,,,,,,,,,,,,,,,,,,,,,,,,,,,,,,,,,,420.4717,427.2549,6.783,0,1,207.8382,0.077044271,-0.348155382,0,0,0,0,17,17,26,1,c,The patient has not taken Batatrim,The patient has overcome the crisis,,,,,,,,,,,,,,,,,,,,,,,,,,,,,,,,,,,,,,,,,,,,,,,,,,,,,,,,,,,,,,,,,,,,,,,,,,,,,,,,,,,,,,
,,,,,,,,Noprodue,2,2025-04-29_11h21.09.174,CLTandFLE,2024.1.5,MacIntel,57.80346821,,,,,,,,,,,,,,,,,,,,,,,,,,,,,,,,,,,,,,,,,,427.2552,435.1718,7.9165,1,0,215.7547,-0.164956597,-0.036875,0,0,0,0,18,18,4,1,a,The patient has taken Batatrim,The patient has overcome the crisis,,,,,,,,,,,,,,,,,,,,,,,,,,,,,,,,,,,,,,,,,,,,,,,,,,,,,,,,,,,,,,,,,,,,,,,,,,,,,,,,,,,,,,
,,,,,,,,Noprodue,2,2025-04-29_11h21.09.174,CLTandFLE,2024.1.5,MacIntel,57.80346821,,,,,,,,,,,,,,,,,,,,,,,,,,,,,,,,,,,,,,,,,,435.172,463.9059,28.7338,0,1,244.4885,0.057252604,-0.130208333,0,0,0,0,19,19,35,1,d,The patient has not taken Batatrim,The patient has not overcome the crisis,,,,,,,,,,,,,,,,,,,,,,,,,,,,,,,,,,,,,,,,,,,,,,,,,,,,,,,,,,,,,,,,,,,,,,,,,,,,,,,,,,,,,,
,,,,,,,,Noprodue,2,2025-04-29_11h21.09.174,CLTandFLE,2024.1.5,MacIntel,57.80346821,,,,,,,,,,,,,,,,,,,,,,,,,,,,,,,,,,,,,,,,,,463.9062,473.7228,9.8165,1,0,254.305,-0.155546875,-0.033463542,0,0,0,0,20,20,2,1,a,The patient has taken Batatrim,The patient has overcome the crisis,,,,,,,,,,,,,,,,,,,,,,,,,,,,,,,,,,,,,,,,,,,,,,,,,,,,,,,,,,,,,,,,,,,,,,,,,,,,,,,,,,,,,,
,,,,,,,,Noprodue,2,2025-04-29_11h21.09.174,CLTandFLE,2024.1.5,MacIntel,57.80346821,,,,,,,,,,,,,,,,,,,,,,,,,,,,,,,,,,,,,,,,,,473.7231,488.5899,14.8667,1,0,269.1717,0.163654514,-0.269887153,0,0,0,0,21,21,8,1,a,The patient has taken Batatrim,The patient has overcome the crisis,,,,,,,,,,,,,,,,,,,,,,,,,,,,,,,,,,,,,,,,,,,,,,,,,,,,,,,,,,,,,,,,,,,,,,,,,,,,,,,,,,,,,,
,,,,,,,,Noprodue,2,2025-04-29_11h21.09.174,CLTandFLE,2024.1.5,MacIntel,57.80346821,,,,,,,,,,,,,,,,,,,,,,,,,,,,,,,,,,,,,,,,,,488.5902,493.7566,5.1664,0,1,274.3381,0.003289931,-0.250815972,0,0,0,0,22,22,27,1,c,The patient has not taken Batatrim,The patient has overcome the crisis,,,,,,,,,,,,,,,,,,,,,,,,,,,,,,,,,,,,,,,,,,,,,,,,,,,,,,,,,,,,,,,,,,,,,,,,,,,,,,,,,,,,,,
,,,,,,,,Noprodue,2,2025-04-29_11h21.09.174,CLTandFLE,2024.1.5,MacIntel,57.80346821,,,,,,,,,,,,,,,,,,,,,,,,,,,,,,,,,,,,,,,,,,493.7569,500.2902,6.5332,1,0,280.8713,0.018936632,-0.301966146,0,0,0,0,23,23,3,1,a,The patient has taken Batatrim,The patient has overcome the crisis,,,,,,,,,,,,,,,,,,,,,,,,,,,,,,,,,,,,,,,,,,,,,,,,,,,,,,,,,,,,,,,,,,,,,,,,,,,,,,,,,,,,,,
,,,,,,,,Noprodue,2,2025-04-29_11h21.09.174,CLTandFLE,2024.1.5,MacIntel,57.80346821,,,,,,,,,,,,,,,,,,,,,,,,,,,,,,,,,,,,,,,,,,500.2903,511.1406,10.8501,1,0,291.7214,-0.184748264,-0.03687934,0,0,0,0,24,24,19,1,b,The patient has taken Batatrim,The patient has not overcome the crisis,,,,,,,,,,,,,,,,,,,,,,,,,,,,,,,,,,,,,,,,,,,,,,,,,,,,,,,,,,,,,,,,,,,,,,,,,,,,,,,,,,,,,,
,,,,,,,,Noprodue,2,2025-04-29_11h21.09.174,CLTandFLE,2024.1.5,MacIntel,57.80346821,,,,,,,,,,,,,,,,,,,,,,,,,,,,,,,,,,,,,,,,,,511.1408,518.6241,7.4831,0,1,299.2045,-0.026957465,-0.05655816,0,0,0,0,25,25,37,1,d,The patient has not taken Batatrim,The patient has not overcome the crisis,,,,,,,,,,,,,,,,,,,,,,,,,,,,,,,,,,,,,,,,,,,,,,,,,,,,,,,,,,,,,,,,,,,,,,,,,,,,,,,,,,,,,,
,,,,,,,,Noprodue,2,2025-04-29_11h21.09.174,CLTandFLE,2024.1.5,MacIntel,57.80346821,,,,,,,,,,,,,,,,,,,,,,,,,,,,,,,,,,,,,,,,,,518.6243,533.691,15.0667,0,1,314.2712,0.227591146,-0.034921875,0,0,0,0,26,26,20,1,c,The patient has not taken Batatrim,The patient has overcome the crisis,,,,,,,,,,,,,,,,,,,,,,,,,,,,,,,,,,,,,,,,,,,,,,,,,,,,,,,,,,,,,,,,,,,,,,,,,,,,,,,,,,,,,,
,,,,,,,,Noprodue,2,2025-04-29_11h21.09.174,CLTandFLE,2024.1.5,MacIntel,57.80346821,,,,,,,,,,,,,,,,,,,,,,,,,,,,,,,,,,,,,,,,,,533.6913,541.2236,7.5322,1,0,321.8034,0.08624566,-0.395282118,0,0,0,0,27,27,11,1,a,The patient has taken Batatrim,The patient has overcome the crisis,,,,,,,,,,,,,,,,,,,,,,,,,,,,,,,,,,,,,,,,,,,,,,,,,,,,,,,,,,,,,,,,,,,,,,,,,,,,,,,,,,,,,,
,,,,,,,,Noprodue,2,2025-04-29_11h21.09.174,CLTandFLE,2024.1.5,MacIntel,57.80346821,,,,,,,,,,,,,,,,,,,,,,,,,,,,,,,,,,,,,,,,,,541.2238,546.8915,5.6675,0,1,327.4709,-0.026623264,-0.210325521,0,0,0,0,28,28,36,1,d,The patient has not taken Batatrim,The patient has not overcome the crisis,,,,,,,,,,,,,,,,,,,,,,,,,,,,,,,,,,,,,,,,,,,,,,,,,,,,,,,,,,,,,,,,,,,,,,,,,,,,,,,,,,,,,,
,,,,,,,,Noprodue,2,2025-04-29_11h21.09.174,CLTandFLE,2024.1.5,MacIntel,57.80346821,,,,,,,,,,,,,,,,,,,,,,,,,,,,,,,,,,,,,,,,,,546.8917,552.3906,5.4988,0,1,332.9697,0.06437066,-0.274331597,0,0,0,0,29,29,39,1,d,The patient has not taken Batatrim,The patient has not overcome the crisis,,,,,,,,,,,,,,,,,,,,,,,,,,,,,,,,,,,,,,,,,,,,,,,,,,,,,,,,,,,,,,,,,,,,,,,,,,,,,,,,,,,,,,
,,,,,,,,Noprodue,2,2025-04-29_11h21.09.174,CLTandFLE,2024.1.5,MacIntel,57.80346821,,,,,,,,,,,,,,,,,,,,,,,,,,,,,,,,,,,,,,,,,,552.391,561.0752,8.6841,0,1,341.6538,0.149053819,-0.265221354,0,0,0,0,30,30,38,1,d,The patient has not taken Batatrim,The patient has not overcome the crisis,,,,,,,,,,,,,,,,,,,,,,,,,,,,,,,,,,,,,,,,,,,,,,,,,,,,,,,,,,,,,,,,,,,,,,,,,,,,,,,,,,,,,,
,,,,,,,,Noprodue,2,2025-04-29_11h21.09.174,CLTandFLE,2024.1.5,MacIntel,57.80346821,,,,,,,,,,,,,,,,,,,,,,,,,,,,,,,,,,,,,,,,,,561.0754,566.7919,5.7165,1,0,347.3703,-0.175021701,-0.05984809,0,0,0,0,31,31,13,1,a,The patient has taken Batatrim,The patient has overcome the crisis,,,,,,,,,,,,,,,,,,,,,,,,,,,,,,,,,,,,,,,,,,,,,,,,,,,,,,,,,,,,,,,,,,,,,,,,,,,,,,,,,,,,,,
,,,,,,,,Noprodue,2,2025-04-29_11h21.09.174,CLTandFLE,2024.1.5,MacIntel,57.80346821,,,,,,,,,,,,,,,,,,,,,,,,,,,,,,,,,,,,,,,,,,566.7921,578.5757,11.7834,1,0,359.1537,-0.129348958,-0.215173611,0,0,0,0,32,32,7,1,a,The patient has taken Batatrim,The patient has overcome the crisis,,,,,,,,,,,,,,,,,,,,,,,,,,,,,,,,,,,,,,,,,,,,,,,,,,,,,,,,,,,,,,,,,,,,,,,,,,,,,,,,,,,,,,
,,,,,,,,Noprodue,2,2025-04-29_11h21.09.174,CLTandFLE,2024.1.5,MacIntel,57.80346821,,,,,,,,,,,,,,,,,,,,,,,,,,,,,,,,,,,,,,,,,,578.5759,584.1914,5.6155,0,1,364.7692,-0.200828993,-0.443302951,0,0,0,0,33,33,25,1,c,The patient has not taken Batatrim,The patient has overcome the crisis,,,,,,,,,,,,,,,,,,,,,,,,,,,,,,,,,,,,,,,,,,,,,,,,,,,,,,,,,,,,,,,,,,,,,,,,,,,,,,,,,,,,,,
,,,,,,,,Noprodue,2,2025-04-29_11h21.09.174,CLTandFLE,2024.1.5,MacIntel,57.80346821,,,,,,,,,,,,,,,,,,,,,,,,,,,,,,,,,,,,,,,,,,584.1917,592.7094,8.5176,0,1,373.2868,0.054969618,-0.279600694,0,0,0,0,34,34,30,1,c,The patient has not taken Batatrim,The patient has overcome the crisis,,,,,,,,,,,,,,,,,,,,,,,,,,,,,,,,,,,,,,,,,,,,,,,,,,,,,,,,,,,,,,,,,,,,,,,,,,,,,,,,,,,,,,
,,,,,,,,Noprodue,2,2025-04-29_11h21.09.174,CLTandFLE,2024.1.5,MacIntel,57.80346821,,,,,,,,,,,,,,,,,,,,,,,,,,,,,,,,,,,,,,,,,,592.7096,604.1263,11.4166,0,1,384.7034,0.218394097,-0.033385417,0,0,0,0,35,35,24,1,c,The patient has not taken Batatrim,The patient has overcome the crisis,,,,,,,,,,,,,,,,,,,,,,,,,,,,,,,,,,,,,,,,,,,,,,,,,,,,,,,,,,,,,,,,,,,,,,,,,,,,,,,,,,,,,,
,,,,,,,,Noprodue,2,2025-04-29_11h21.09.174,CLTandFLE,2024.1.5,MacIntel,57.80346821,,,,,,,,,,,,,,,,,,,,,,,,,,,,,,,,,,,,,,,,,,604.1266,614.1932,10.0665,0,1,394.7699,0.106649306,-0.093797743,0,0,0,0,36,36,32,1,c,The patient has not taken Batatrim,The patient has overcome the crisis,,,,,,,,,,,,,,,,,,,,,,,,,,,,,,,,,,,,,,,,,,,,,,,,,,,,,,,,,,,,,,,,,,,,,,,,,,,,,,,,,,,,,,
,,,,,,,,Noprodue,2,2025-04-29_11h21.09.174,CLTandFLE,2024.1.5,MacIntel,57.80346821,,,,,,,,,,,,,,,,,,,,,,,,,,,,,,,,,,,,,,,,,,614.1934,628.4927,14.2992,1,0,409.0691,0.302048611,-0.197291667,0,0,0,0,37,37,17,1,b,The patient has taken Batatrim,The patient has not overcome the crisis,,,,,,,,,,,,,,,,,,,,,,,,,,,,,,,,,,,,,,,,,,,,,,,,,,,,,,,,,,,,,,,,,,,,,,,,,,,,,,,,,,,,,,
,,,,,,,,Noprodue,2,2025-04-29_11h21.09.174,CLTandFLE,2024.1.5,MacIntel,57.80346821,,,,,,,,,,,,,,,,,,,,,,,,,,,,,,,,,,,,,,,,,,628.493,636.8274,8.3343,0,1,417.4034,0.206341146,-0.03172309,0,0,0,0,38,38,33,1,c,The patient has not taken Batatrim,The patient has overcome the crisis,,,,,,,,,,,,,,,,,,,,,,,,,,,,,,,,,,,,,,,,,,,,,,,,,,,,,,,,,,,,,,,,,,,,,,,,,,,,,,,,,,,,,,
,,,,,,,,Noprodue,2,2025-04-29_11h21.09.174,CLTandFLE,2024.1.5,MacIntel,57.80346821,,,,,,,,,,,,,,,,,,,,,,,,,,,,,,,,,,,,,,,,,,636.8275,641.4773,4.6497,0,1,422.0531,-0.046514757,-0.02827691,0,0,0,0,39,39,22,1,c,The patient has not taken Batatrim,The patient has overcome the crisis,,,,,,,,,,,,,,,,,,,,,,,,,,,,,,,,,,,,,,,,,,,,,,,,,,,,,,,,,,,,,,,,,,,,,,,,,,,,,,,,,,,,,,
,,,,,,,,Noprodue,2,2025-04-29_11h21.09.174,CLTandFLE,2024.1.5,MacIntel,57.80346821,676.9283,677.9286,,,,,,,,,,,,,,,,,,,,,,,,,,,,,,,,,,,,,,,,,,,,,,,,,,,,,,,,,,,642.4781,661.7283,19.2497,80,16.2302,0.018975694,-0.210490451,1,0,0,662.7277,676.9282,14.2001,70,11.8975,-0.001736111,-0.182747396,1,0,0,8,5,6,15,0,0,0,0,1,,,,,,,,,,,,,,,,,,,,,,,,,,,,,,,,,,,,,,,,,,,,,,,,,,,,,,,,,
,,,,,,,,Noprodue,2,2025-04-29_11h21.09.174,CLTandFLE,2024.1.5,MacIntel,57.80346821,813.3065,814.299,,,,,,,,,,,,,,,,,,,,,,,,,,,,,,,,,,,,,,,,,,,,,,,,,,,,,,,,,,,,,,,,,,,,,,,,,,,,,,,,,,,,,,,,721.1802,732.8295,11.6489,2,10.0973,0.00937934,-0.224105903,1,0,0,26,Femmina,No,18,No,TRUE,FALSE,6,7,7,7,6,FALSE,Conferma,c1ok,c2ok,c3ok,c4ok,c5ok,c6ok,c7ok,c8err3,c9err2,c10ok,c11err,c12err,c13ok,c14err3,c15ok,c16err,c17ok,c18err2,c19err2,c20err,c21err,c22err,c23ok,c24err3,c25err,c26ok,1197.8894,1204.7428,0,0,0,0,1
