﻿Alfa.started,Alfa.stopped,alfa_mouse.x,alfa_mouse.y,alfa_mouse.leftButton,alfa_mouse.midButton,alfa_mouse.rightButton,alfa_mouse.clicked_name,participant,group,date,expName,psychopyVersion,OS,frameRate,ITI.started,ITI.stopped,B_consensoinformato.started,B_consensoinformato.stopped,tempo_consenso,cons_mouse.x,cons_mouse.y,cons_mouse.leftButton,cons_mouse.midButton,cons_mouse.rightButton,A_benvenuto.started,A_benvenuto.stopped,ben_mouse.x,ben_mouse.y,ben_mouse.leftButton,ben_mouse.midButton,ben_mouse.rightButton,B2_istruzioni.started,B2_istruzioni.stopped,tempo_istru,cons_mouse_2.x,cons_mouse_2.y,cons_mouse_2.leftButton,cons_mouse_2.midButton,cons_mouse_2.rightButton,SAMevaluation.started,SAMevaluation.stopped,temposam,sliderintensity.response,sliderintensity.rt,slidervalence.response,slidervalence.rt,mouse_sam.x,mouse_sam.y,mouse_sam.leftButton,mouse_sam.midButton,mouse_sam.rightButton,mouse_sam.time,mouse_sam.clicked_name,Loading.started,Loading.stopped,C_associative_task.started,C_associative_task.stopped,tempo_trial,hapremutosi,hapremutono,tempo_tasktot,mouse.x,mouse.y,mouse.leftButton,mouse.midButton,mouse.rightButton,trials.thisRepN,trials.thisTrialN,trials.thisN,trials.thisIndex,trials.ran,cond,causa,effetto,D_VD.started,D_VD.stopped,tempo_vd,vd.response,vd.rt,mouse_vd.x,mouse_vd.y,mouse_vd.leftButton,mouse_vd.midButton,mouse_vd.rightButton,Previous.started,Previous.stopped,tempo_vd1,previous.response,previous.rt,mouse_vd_2.x,mouse_vd_2.y,mouse_vd_2.leftButton,mouse_vd_2.midButton,mouse_vd_2.rightButton,EstITA.TrialNS,EstITA.TrialSS,EstITA.TrialSN,EstITA.TrialD,itaest.thisRepN,itaest.thisTrialN,itaest.thisN,itaest.thisIndex,itaest.ran,PF.started,PF.stopped,tempo_pf,processfluency.response,processfluency.rt,mouse_ch.x,mouse_ch.y,mouse_ch.leftButton,mouse_ch.midButton,mouse_ch.rightButton,Questionario_Lingua.Age,Questionario_Lingua.Sesso,Questionario_Lingua.StaiStudiando?,Questionario_Lingua.Anniscolarita,Questionario_Lingua.Diploma,Questionario_Lingua.ItaMADRE?,Questionario_Lingua.INGmadre?,Questionario_Lingua.Q5(AOAIng),Questionario_Lingua.INGLETTURA,Questionario_Lingua.INGCOMPRESO,Questionario_Lingua.INGSCRITTO,Questionario_Lingua.INGPARLATO,Questionario_Lingua.haivissutoestero,ProvaInglese.ProcediamoENg,ProvaInglese.C1,ProvaInglese.C2,ProvaInglese.C3,ProvaInglese.C4,ProvaInglese.C5,ProvaInglese.C6,ProvaInglese.C7,ProvaInglese.C8,ProvaInglese.C9,ProvaInglese.C10,ProvaInglese.C11,ProvaInglese.C12,ProvaInglese.C13,ProvaInglese.C14,ProvaInglese.C15,ProvaInglese.C16,ProvaInglese.C17,ProvaInglese.C18,ProvaInglese.C19,ProvaInglese.C20,ProvaInglese.C21,ProvaInglese.C22,ProvaInglese.C23,ProvaInglese.C24,ProvaInglese.C25,ProvaInglese.controlquestion,Ant_lastquestion.started,Ant_lastquestion.stopped,exp_loop.thisRepN,exp_loop.thisTrialN,exp_loop.thisN,exp_loop.thisIndex,exp_loop.ran
0.0002,1.9977,0.074064829,-0.031696171,1,0,0,alfa_mask,pilot_participant,1,2025-04-17_17h08.47.289,CLTandFLE,2024.1.5,Linux armv81,119.047619,,,,,,,,,,,,,,,,,,,,,,,,,,,,,,,,,,,,,,,,,,,,,,,,,,,,,,,,,,,,,,,,,,,,,,,,,,,,,,,,,,,,,,,,,,,,,,,,,,,,,,,,,,,,,,,,,,,,,,,,,,,,,,,,,,,,,,,,,,,,,,,,,,
,,,,,,,,pilot_participant,1,2025-04-17_17h08.47.289,CLTandFLE,2024.1.5,Linux armv81,119.047619,1.998,2.4992,,,,,,,,,,,,,,,,,,,,,,,,,,,,,,,,,,,,,,,,,,,,,,,,,,,,,,,,,,,,,,,,,,,,,,,,,,,,,,,,,,,,,,,,,,,,,,,,,,,,,,,,,,,,,,,,,,,,,,,,,,,,,,,,,,,,,,,,,,,,,,,,
,,,,,,,,pilot_participant,1,2025-04-17_17h08.47.289,CLTandFLE,2024.1.5,Linux armv81,119.047619,,,2.4994,7.3402,4.8403,0.25453312,-0.422330097,1,0,0,,,,,,,,,,,,,,,,,,,,,,,,,,,,,,,,,,,,,,,,,,,,,,,,,,,,,,,,,,,,,,,,,,,,,,,,,,,,,,,,,,,,,,,,,,,,,,,,,,,,,,,,,,,,,,,,,,,,,,,,,,,,,,,,,,,,,,,,
,,,,,,,,pilot_participant,1,2025-04-17_17h08.47.289,CLTandFLE,2024.1.5,Linux armv81,119.047619,28.3777,28.8789,,,,,,,,,7.8399,9.9473,0.119181883,-0.148201063,1,0,0,10.4482,14.9007,4.4519,0.045509709,-0.394346071,1,0,0,15.4045,20.8796,5.4746,0.690116678,3.7414,0.458871941,4.9455,"[0.0072458507945236655,0.011814672970077366,0.034658783847845875]","[0.18989148186248483,-0.011707602195369387,-0.22587096575394416]","[1,1,1]","[0,0,0]","[0,0,0]","[1.118000000000002,4.036799999982119,5.4665]","[""sliderintensity"",""slidervalence"",""rettoksam""]",21.3807,28.3773,28.9095,33.5943,4.6842,1,0,4.6842,-0.188071094,-0.039691592,0,0,0,0,0,0,19,1,b,Il paziente ha preso il Batatrim,Il paziente non ha superato la crisi,,,,,,,,,,,,,,,,,,,,,,,,,,,,,,,,,,,,,,,,,,,,,,,,,,,,,,,,,,,,,,,,,,,,,,,,,,,,,,,,,,,,,,
,,,,,,,,pilot_participant,1,2025-04-17_17h08.47.289,CLTandFLE,2024.1.5,Linux armv81,119.047619,,,,,,,,,,,,,,,,,,,,,,,,,,,,,,,,,,,,,,,,,,33.5949,37.4241,3.8281,0,1,8.5123,0.209416065,-0.051113647,0,0,0,0,1,1,24,1,c,Il paziente non ha preso il Batatrim,Il paziente ha superato la crisi,,,,,,,,,,,,,,,,,,,,,,,,,,,,,,,,,,,,,,,,,,,,,,,,,,,,,,,,,,,,,,,,,,,,,,,,,,,,,,,,,,,,,,
,,,,,,,,pilot_participant,1,2025-04-17_17h08.47.289,CLTandFLE,2024.1.5,Linux armv81,119.047619,,,,,,,,,,,,,,,,,,,,,,,,,,,,,,,,,,,,,,,,,,37.4247,72.1478,34.7228,1,0,43.2351,-0.17493572,-0.065962301,0,0,0,0,2,2,33,1,c,Il paziente non ha preso il Batatrim,Il paziente ha superato la crisi,,,,,,,,,,,,,,,,,,,,,,,,,,,,,,,,,,,,,,,,,,,,,,,,,,,,,,,,,,,,,,,,,,,,,,,,,,,,,,,,,,,,,,
,,,,,,,,pilot_participant,1,2025-04-17_17h08.47.289,CLTandFLE,2024.1.5,Linux armv81,119.047619,,,,,,,,,,,,,,,,,,,,,,,,,,,,,,,,,,,,,,,,,,72.1482,79.2508,7.1022,0,1,50.3373,0.179147665,-0.052826965,0,0,0,0,3,3,14,1,b,Il paziente ha preso il Batatrim,Il paziente ha superato la crisi,,,,,,,,,,,,,,,,,,,,,,,,,,,,,,,,,,,,,,,,,,,,,,,,,,,,,,,,,,,,,,,,,,,,,,,,,,,,,,,,,,,,,,
,,,,,,,,pilot_participant,1,2025-04-17_17h08.47.289,CLTandFLE,2024.1.5,Linux armv81,119.047619,,,,,,,,,,,,,,,,,,,,,,,,,,,,,,,,,,,,,,,,,,79.2511,84.2308,4.9794,1,0,55.3167,-0.198350925,-0.057395787,0,0,0,0,4,4,18,1,b,Il paziente ha preso il Batatrim,Il paziente non ha superato la crisi,,,,,,,,,,,,,,,,,,,,,,,,,,,,,,,,,,,,,,,,,,,,,,,,,,,,,,,,,,,,,,,,,,,,,,,,,,,,,,,,,,,,,,
,,,,,,,,pilot_participant,1,2025-04-17_17h08.47.289,CLTandFLE,2024.1.5,Linux armv81,119.047619,,,,,,,,,,,,,,,,,,,,,,,,,,,,,,,,,,,,,,,,,,84.2312,90.0888,5.8572,0,1,61.1739,0.227120187,-0.059680198,0,0,0,0,5,5,30,1,c,Il paziente non ha preso il Batatrim,Il paziente ha superato la crisi,,,,,,,,,,,,,,,,,,,,,,,,,,,,,,,,,,,,,,,,,,,,,,,,,,,,,,,,,,,,,,,,,,,,,,,,,,,,,,,,,,,,,,
,,,,,,,,pilot_participant,1,2025-04-17_17h08.47.289,CLTandFLE,2024.1.5,Linux armv81,119.047619,,,,,,,,,,,,,,,,,,,,,,,,,,,,,,,,,,,,,,,,,,90.0892,95.0717,4.9823,1,0,66.1562,-0.186928906,-0.055682469,0,0,0,0,6,6,25,1,c,Il paziente non ha preso il Batatrim,Il paziente ha superato la crisi,,,,,,,,,,,,,,,,,,,,,,,,,,,,,,,,,,,,,,,,,,,,,,,,,,,,,,,,,,,,,,,,,,,,,,,,,,,,,,,,,,,,,,
,,,,,,,,pilot_participant,1,2025-04-17_17h08.47.289,CLTandFLE,2024.1.5,Linux armv81,119.047619,,,,,,,,,,,,,,,,,,,,,,,,,,,,,,,,,,,,,,,,,,95.0723,102.2057,7.1332,0,1,73.2894,0.23454455,-0.044831544,0,0,0,0,7,7,38,1,d,Il paziente non ha preso il Batatrim,Il paziente non ha superato la crisi,,,,,,,,,,,,,,,,,,,,,,,,,,,,,,,,,,,,,,,,,,,,,,,,,,,,,,,,,,,,,,,,,,,,,,,,,,,,,,,,,,,,,,
,,,,,,,,pilot_participant,1,2025-04-17_17h08.47.289,CLTandFLE,2024.1.5,Linux armv81,119.047619,,,,,,,,,,,,,,,,,,,,,,,,,,,,,,,,,,,,,,,,,,102.206,107.0609,4.8547,1,0,78.1441,-0.232045961,-0.060822385,0,0,0,0,8,8,1,1,a,Il paziente ha preso il Batatrim,Il paziente ha superato la crisi,,,,,,,,,,,,,,,,,,,,,,,,,,,,,,,,,,,,,,,,,,,,,,,,,,,,,,,,,,,,,,,,,,,,,,,,,,,,,,,,,,,,,,
,,,,,,,,pilot_participant,1,2025-04-17_17h08.47.289,CLTandFLE,2024.1.5,Linux armv81,119.047619,,,,,,,,,,,,,,,,,,,,,,,,,,,,,,,,,,,,,,,,,,107.0613,114.4279,7.3664,1,0,85.5105,-0.17493572,-0.046544825,0,0,0,0,9,9,12,1,a,Il paziente ha preso il Batatrim,Il paziente ha superato la crisi,,,,,,,,,,,,,,,,,,,,,,,,,,,,,,,,,,,,,,,,,,,,,,,,,,,,,,,,,,,,,,,,,,,,,,,,,,,,,,,,,,,,,,
,,,,,,,,pilot_participant,1,2025-04-17_17h08.47.289,CLTandFLE,2024.1.5,Linux armv81,119.047619,,,,,,,,,,,,,,,,,,,,,,,,,,,,,,,,,,,,,,,,,,114.4283,119.0125,4.584,0,1,90.0945,0.215698168,-0.040262722,0,0,0,0,10,10,13,1,a,Il paziente ha preso il Batatrim,Il paziente ha superato la crisi,,,,,,,,,,,,,,,,,,,,,,,,,,,,,,,,,,,,,,,,,,,,,,,,,,,,,,,,,,,,,,,,,,,,,,,,,,,,,,,,,,,,,,
,,,,,,,,pilot_participant,1,2025-04-17_17h08.47.289,CLTandFLE,2024.1.5,Linux armv81,119.047619,,,,,,,,,,,,,,,,,,,,,,,,,,,,,,,,,,,,,,,,,,119.0148,123.2119,4.1968,1,0,94.2913,-0.166940337,-0.043118227,0,0,0,0,11,11,8,1,a,Il paziente ha preso il Batatrim,Il paziente ha superato la crisi,,,,,,,,,,,,,,,,,,,,,,,,,,,,,,,,,,,,,,,,,,,,,,,,,,,,,,,,,,,,,,,,,,,,,,,,,,,,,,,,,,,,,,
,,,,,,,,pilot_participant,1,2025-04-17_17h08.47.289,CLTandFLE,2024.1.5,Linux armv81,119.047619,,,,,,,,,,,,,,,,,,,,,,,,,,,,,,,,,,,,,,,,,,123.2122,127.5053,4.2929,0,1,98.5842,0.243682195,-0.054540282,0,0,0,0,12,12,4,1,a,Il paziente ha preso il Batatrim,Il paziente ha superato la crisi,,,,,,,,,,,,,,,,,,,,,,,,,,,,,,,,,,,,,,,,,,,,,,,,,,,,,,,,,,,,,,,,,,,,,,,,,,,,,,,,,,,,,,
,,,,,,,,pilot_participant,1,2025-04-17_17h08.47.289,CLTandFLE,2024.1.5,Linux armv81,119.047619,,,,,,,,,,,,,,,,,,,,,,,,,,,,,,,,,,,,,,,,,,127.5061,131.7036,4.1973,1,0,102.7815,-0.170938066,-0.038549405,0,0,0,0,13,13,39,1,d,Il paziente non ha preso il Batatrim,Il paziente non ha superato la crisi,,,,,,,,,,,,,,,,,,,,,,,,,,,,,,,,,,,,,,,,,,,,,,,,,,,,,,,,,,,,,,,,,,,,,,,,,,,,,,,,,,,,,,
,,,,,,,,pilot_participant,1,2025-04-17_17h08.47.289,CLTandFLE,2024.1.5,Linux armv81,119.047619,,,,,,,,,,,,,,,,,,,,,,,,,,,,,,,,,,,,,,,,,,131.7039,136.4874,4.7833,0,1,107.5648,0.238542279,-0.048829236,0,0,0,0,14,14,20,1,c,Il paziente non ha preso il Batatrim,Il paziente ha superato la crisi,,,,,,,,,,,,,,,,,,,,,,,,,,,,,,,,,,,,,,,,,,,,,,,,,,,,,,,,,,,,,,,,,,,,,,,,,,,,,,,,,,,,,,
,,,,,,,,pilot_participant,1,2025-04-17_17h08.47.289,CLTandFLE,2024.1.5,Linux armv81,119.047619,,,,,,,,,,,,,,,,,,,,,,,,,,,,,,,,,,,,,,,,,,136.4879,141.1188,4.6307,1,0,112.1955,-0.159515973,-0.026556256,0,0,0,0,15,15,29,1,c,Il paziente non ha preso il Batatrim,Il paziente ha superato la crisi,,,,,,,,,,,,,,,,,,,,,,,,,,,,,,,,,,,,,,,,,,,,,,,,,,,,,,,,,,,,,,,,,,,,,,,,,,,,,,,,,,,,,,
,,,,,,,,pilot_participant,1,2025-04-17_17h08.47.289,CLTandFLE,2024.1.5,Linux armv81,119.047619,,,,,,,,,,,,,,,,,,,,,,,,,,,,,,,,,,,,,,,,,,141.1191,150.3674,9.2481,1,0,121.4436,-0.167511431,-0.056253563,0,0,0,0,16,16,35,1,d,Il paziente non ha preso il Batatrim,Il paziente non ha superato la crisi,,,,,,,,,,,,,,,,,,,,,,,,,,,,,,,,,,,,,,,,,,,,,,,,,,,,,,,,,,,,,,,,,,,,,,,,,,,,,,,,,,,,,,
,,,,,,,,pilot_participant,1,2025-04-17_17h08.47.289,CLTandFLE,2024.1.5,Linux armv81,119.047619,,,,,,,,,,,,,,,,,,,,,,,,,,,,,,,,,,,,,,,,,,150.3687,155.5535,5.1846,0,1,126.6282,0.21855371,-0.052255871,0,0,0,0,17,17,9,1,a,Il paziente ha preso il Batatrim,Il paziente ha superato la crisi,,,,,,,,,,,,,,,,,,,,,,,,,,,,,,,,,,,,,,,,,,,,,,,,,,,,,,,,,,,,,,,,,,,,,,,,,,,,,,,,,,,,,,
,,,,,,,,pilot_participant,1,2025-04-17_17h08.47.289,CLTandFLE,2024.1.5,Linux armv81,119.047619,,,,,,,,,,,,,,,,,,,,,,,,,,,,,,,,,,,,,,,,,,155.5544,161.4643,5.9098,0,1,132.538,0.210558252,-0.0151342,0,0,0,0,18,18,15,1,b,Il paziente ha preso il Batatrim,Il paziente non ha superato la crisi,,,,,,,,,,,,,,,,,,,,,,,,,,,,,,,,,,,,,,,,,,,,,,,,,,,,,,,,,,,,,,,,,,,,,,,,,,,,,,,,,,,,,,
,,,,,,,,pilot_participant,1,2025-04-17_17h08.47.289,CLTandFLE,2024.1.5,Linux armv81,119.047619,,,,,,,,,,,,,,,,,,,,,,,,,,,,,,,,,,,,,,,,,,161.4647,172.0051,10.5402,0,1,143.0782,0.216840355,-0.051684741,0,0,0,0,19,19,37,1,d,Il paziente non ha preso il Batatrim,Il paziente non ha superato la crisi,,,,,,,,,,,,,,,,,,,,,,,,,,,,,,,,,,,,,,,,,,,,,,,,,,,,,,,,,,,,,,,,,,,,,,,,,,,,,,,,,,,,,,
,,,,,,,,pilot_participant,1,2025-04-17_17h08.47.289,CLTandFLE,2024.1.5,Linux armv81,119.047619,,,,,,,,,,,,,,,,,,,,,,,,,,,,,,,,,,,,,,,,,,172.0055,177.3835,5.3766,1,0,148.4548,-0.15894488,-0.039120498,0,0,0,0,20,20,28,1,c,Il paziente non ha preso il Batatrim,Il paziente ha superato la crisi,,,,,,,,,,,,,,,,,,,,,,,,,,,,,,,,,,,,,,,,,,,,,,,,,,,,,,,,,,,,,,,,,,,,,,,,,,,,,,,,,,,,,,
,,,,,,,,pilot_participant,1,2025-04-17_17h08.47.289,CLTandFLE,2024.1.5,Linux armv81,119.047619,,,,,,,,,,,,,,,,,,,,,,,,,,,,,,,,,,,,,,,,,,177.3845,188.3121,10.9274,0,1,159.3822,0.150592545,-0.039120498,0,0,0,0,21,21,7,1,a,Il paziente ha preso il Batatrim,Il paziente ha superato la crisi,,,,,,,,,,,,,,,,,,,,,,,,,,,,,,,,,,,,,,,,,,,,,,,,,,,,,,,,,,,,,,,,,,,,,,,,,,,,,,,,,,,,,,
,,,,,,,,pilot_participant,1,2025-04-17_17h08.47.289,CLTandFLE,2024.1.5,Linux armv81,119.047619,,,,,,,,,,,,,,,,,,,,,,,,,,,,,,,,,,,,,,,,,,188.3133,193.0342,4.7205,0,1,164.1027,0.192282964,-0.048829236,0,0,0,0,22,22,10,1,a,Il paziente ha preso il Batatrim,Il paziente ha superato la crisi,,,,,,,,,,,,,,,,,,,,,,,,,,,,,,,,,,,,,,,,,,,,,,,,,,,,,,,,,,,,,,,,,,,,,,,,,,,,,,,,,,,,,,
,,,,,,,,pilot_participant,1,2025-04-17_17h08.47.289,CLTandFLE,2024.1.5,Linux armv81,119.047619,,,,,,,,,,,,,,,,,,,,,,,,,,,,,,,,,,,,,,,,,,193.0345,196.8706,3.8359,1,0,167.9386,-0.156660506,-0.041976003,0,0,0,0,23,23,0,1,a,Il paziente ha preso il Batatrim,Il paziente ha superato la crisi,,,,,,,,,,,,,,,,,,,,,,,,,,,,,,,,,,,,,,,,,,,,,,,,,,,,,,,,,,,,,,,,,,,,,,,,,,,,,,,,,,,,,,
,,,,,,,,pilot_participant,1,2025-04-17_17h08.47.289,CLTandFLE,2024.1.5,Linux armv81,119.047619,,,,,,,,,,,,,,,,,,,,,,,,,,,,,,,,,,,,,,,,,,196.871,201.659,4.7878,0,1,172.7264,0.239684466,-0.045402638,0,0,0,0,24,24,31,1,c,Il paziente non ha preso il Batatrim,Il paziente ha superato la crisi,,,,,,,,,,,,,,,,,,,,,,,,,,,,,,,,,,,,,,,,,,,,,,,,,,,,,,,,,,,,,,,,,,,,,,,,,,,,,,,,,,,,,,
,,,,,,,,pilot_participant,1,2025-04-17_17h08.47.289,CLTandFLE,2024.1.5,Linux armv81,119.047619,,,,,,,,,,,,,,,,,,,,,,,,,,,,,,,,,,,,,,,,,,201.6594,206.2085,4.549,1,0,177.2754,-0.169795805,-0.028840667,0,0,0,0,25,25,21,1,c,Il paziente non ha preso il Batatrim,Il paziente ha superato la crisi,,,,,,,,,,,,,,,,,,,,,,,,,,,,,,,,,,,,,,,,,,,,,,,,,,,,,,,,,,,,,,,,,,,,,,,,,,,,,,,,,,,,,,
,,,,,,,,pilot_participant,1,2025-04-17_17h08.47.289,CLTandFLE,2024.1.5,Linux armv81,119.047619,,,,,,,,,,,,,,,,,,,,,,,,,,,,,,,,,,,,,,,,,,206.2088,210.6726,4.4627,0,1,181.7381,0.23454455,-0.053969152,0,0,0,0,26,26,16,1,b,Il paziente ha preso il Batatrim,Il paziente non ha superato la crisi,,,,,,,,,,,,,,,,,,,,,,,,,,,,,,,,,,,,,,,,,,,,,,,,,,,,,,,,,,,,,,,,,,,,,,,,,,,,,,,,,,,,,,
,,,,,,,,pilot_participant,1,2025-04-17_17h08.47.289,CLTandFLE,2024.1.5,Linux armv81,119.047619,,,,,,,,,,,,,,,,,,,,,,,,,,,,,,,,,,,,,,,,,,210.6733,215.4031,4.7296,1,0,186.4677,-0.150949423,-0.017989705,0,0,0,0,27,27,5,1,a,Il paziente ha preso il Batatrim,Il paziente ha superato la crisi,,,,,,,,,,,,,,,,,,,,,,,,,,,,,,,,,,,,,,,,,,,,,,,,,,,,,,,,,,,,,,,,,,,,,,,,,,,,,,,,,,,,,,
,,,,,,,,pilot_participant,1,2025-04-17_17h08.47.289,CLTandFLE,2024.1.5,Linux armv81,119.047619,,,,,,,,,,,,,,,,,,,,,,,,,,,,,,,,,,,,,,,,,,215.4034,220.3411,4.9374,0,1,191.4051,0.23454455,-0.04997146,0,0,0,0,28,28,34,1,c,Il paziente non ha preso il Batatrim,Il paziente ha superato la crisi,,,,,,,,,,,,,,,,,,,,,,,,,,,,,,,,,,,,,,,,,,,,,,,,,,,,,,,,,,,,,,,,,,,,,,,,,,,,,,,,,,,,,,
,,,,,,,,pilot_participant,1,2025-04-17_17h08.47.289,CLTandFLE,2024.1.5,Linux armv81,119.047619,,,,,,,,,,,,,,,,,,,,,,,,,,,,,,,,,,,,,,,,,,220.3414,225.7106,5.3691,1,0,196.7742,-0.162371515,-0.067675618,0,0,0,0,29,29,23,1,c,Il paziente non ha preso il Batatrim,Il paziente ha superato la crisi,,,,,,,,,,,,,,,,,,,,,,,,,,,,,,,,,,,,,,,,,,,,,,,,,,,,,,,,,,,,,,,,,,,,,,,,,,,,,,,,,,,,,,
,,,,,,,,pilot_participant,1,2025-04-17_17h08.47.289,CLTandFLE,2024.1.5,Linux armv81,119.047619,,,,,,,,,,,,,,,,,,,,,,,,,,,,,,,,,,,,,,,,,,225.7111,230.0544,4.3412,0,1,201.1154,0.215127075,-0.017989705,0,0,0,0,30,30,36,1,d,Il paziente non ha preso il Batatrim,Il paziente non ha superato la crisi,,,,,,,,,,,,,,,,,,,,,,,,,,,,,,,,,,,,,,,,,,,,,,,,,,,,,,,,,,,,,,,,,,,,,,,,,,,,,,,,,,,,,,
,,,,,,,,pilot_participant,1,2025-04-17_17h08.47.289,CLTandFLE,2024.1.5,Linux armv81,119.047619,,,,,,,,,,,,,,,,,,,,,,,,,,,,,,,,,,,,,,,,,,230.0551,234.5845,4.5291,0,1,205.6445,0.258530848,-0.058537974,0,0,0,0,31,31,2,1,a,Il paziente ha preso il Batatrim,Il paziente ha superato la crisi,,,,,,,,,,,,,,,,,,,,,,,,,,,,,,,,,,,,,,,,,,,,,,,,,,,,,,,,,,,,,,,,,,,,,,,,,,,,,,,,,,,,,,
,,,,,,,,pilot_participant,1,2025-04-17_17h08.47.289,CLTandFLE,2024.1.5,Linux armv81,119.047619,,,,,,,,,,,,,,,,,,,,,,,,,,,,,,,,,,,,,,,,,,234.586,239.5644,4.9782,0,1,210.6227,0.230546822,-0.065962301,0,0,0,0,32,32,6,1,a,Il paziente ha preso il Batatrim,Il paziente ha superato la crisi,,,,,,,,,,,,,,,,,,,,,,,,,,,,,,,,,,,,,,,,,,,,,,,,,,,,,,,,,,,,,,,,,,,,,,,,,,,,,,,,,,,,,,
,,,,,,,,pilot_participant,1,2025-04-17_17h08.47.289,CLTandFLE,2024.1.5,Linux armv81,119.047619,,,,,,,,,,,,,,,,,,,,,,,,,,,,,,,,,,,,,,,,,,239.5647,244.168,4.6031,1,0,215.2258,-0.162371515,-0.061964609,0,0,0,0,33,33,17,1,b,Il paziente ha preso il Batatrim,Il paziente non ha superato la crisi,,,,,,,,,,,,,,,,,,,,,,,,,,,,,,,,,,,,,,,,,,,,,,,,,,,,,,,,,,,,,,,,,,,,,,,,,,,,,,,,,,,,,,
,,,,,,,,pilot_participant,1,2025-04-17_17h08.47.289,CLTandFLE,2024.1.5,Linux armv81,119.047619,,,,,,,,,,,,,,,,,,,,,,,,,,,,,,,,,,,,,,,,,,244.1683,249.4559,5.2874,1,0,220.5132,-0.190355505,-0.025985162,0,0,0,0,34,34,32,1,c,Il paziente non ha preso il Batatrim,Il paziente ha superato la crisi,,,,,,,,,,,,,,,,,,,,,,,,,,,,,,,,,,,,,,,,,,,,,,,,,,,,,,,,,,,,,,,,,,,,,,,,,,,,,,,,,,,,,,
,,,,,,,,pilot_participant,1,2025-04-17_17h08.47.289,CLTandFLE,2024.1.5,Linux armv81,119.047619,,,,,,,,,,,,,,,,,,,,,,,,,,,,,,,,,,,,,,,,,,249.4563,254.2953,4.8388,1,0,225.352,-0.217197307,-0.045973731,0,0,0,0,35,35,22,1,c,Il paziente non ha preso il Batatrim,Il paziente ha superato la crisi,,,,,,,,,,,,,,,,,,,,,,,,,,,,,,,,,,,,,,,,,,,,,,,,,,,,,,,,,,,,,,,,,,,,,,,,,,,,,,,,,,,,,,
,,,,,,,,pilot_participant,1,2025-04-17_17h08.47.289,CLTandFLE,2024.1.5,Linux armv81,119.047619,,,,,,,,,,,,,,,,,,,,,,,,,,,,,,,,,,,,,,,,,,254.2958,260.2581,5.962,0,1,231.314,0.155161367,-0.034551676,0,0,0,0,36,36,11,1,a,Il paziente ha preso il Batatrim,Il paziente ha superato la crisi,,,,,,,,,,,,,,,,,,,,,,,,,,,,,,,,,,,,,,,,,,,,,,,,,,,,,,,,,,,,,,,,,,,,,,,,,,,,,,,,,,,,,,
,,,,,,,,pilot_participant,1,2025-04-17_17h08.47.289,CLTandFLE,2024.1.5,Linux armv81,119.047619,,,,,,,,,,,,,,,,,,,,,,,,,,,,,,,,,,,,,,,,,,260.2595,266.8965,6.6354,1,0,237.9494,-0.198350925,-0.06367789,0,0,0,0,37,37,27,1,c,Il paziente non ha preso il Batatrim,Il paziente ha superato la crisi,,,,,,,,,,,,,,,,,,,,,,,,,,,,,,,,,,,,,,,,,,,,,,,,,,,,,,,,,,,,,,,,,,,,,,,,,,,,,,,,,,,,,,
,,,,,,,,pilot_participant,1,2025-04-17_17h08.47.289,CLTandFLE,2024.1.5,Linux armv81,119.047619,,,,,,,,,,,,,,,,,,,,,,,,,,,,,,,,,,,,,,,,,,266.8978,271.7036,4.8055,0,1,242.7549,0.209987159,-0.031696171,0,0,0,0,38,38,26,1,c,Il paziente non ha preso il Batatrim,Il paziente ha superato la crisi,,,,,,,,,,,,,,,,,,,,,,,,,,,,,,,,,,,,,,,,,,,,,,,,,,,,,,,,,,,,,,,,,,,,,,,,,,,,,,,,,,,,,,
,,,,,,,,pilot_participant,1,2025-04-17_17h08.47.289,CLTandFLE,2024.1.5,Linux armv81,119.047619,,,,,,,,,,,,,,,,,,,,,,,,,,,,,,,,,,,,,,,,,,271.704,276.221,4.5167,1,0,247.2716,-0.166369244,-0.04940033,0,0,0,0,39,39,3,1,a,Il paziente ha preso il Batatrim,Il paziente ha superato la crisi,,,,,,,,,,,,,,,,,,,,,,,,,,,,,,,,,,,,,,,,,,,,,,,,,,,,,,,,,,,,,,,,,,,,,,,,,,,,,,,,,,,,,,
,,,,,,,,pilot_participant,1,2025-04-17_17h08.47.289,CLTandFLE,2024.1.5,Linux armv81,119.047619,294.9662,295.4667,,,,,,,,,,,,,,,,,,,,,,,,,,,,,,,,,,,,,,,,,,,,,,,,,,,,,,,,,,,276.7199,287.8695,11.1491,78,10.5358,0.06264281,-0.211593406,1,0,0,288.3708,294.9661,6.5947,69,6.2069,0.035800971,-0.221302144,1,0,0,15,15,6,5,0,0,0,0,1,,,,,,,,,,,,,,,,,,,,,,,,,,,,,,,,,,,,,,,,,,,,,,,,,,,,,,,,,
,,,,,,,,pilot_participant,1,2025-04-17_17h08.47.289,CLTandFLE,2024.1.5,Linux armv81,119.047619,383.1604,383.6554,,,,,,,,,,,,,,,,,,,,,,,,,,,,,,,,,,,,,,,,,,,,,,,,,,,,,,,,,,,,,,,,,,,,,,,,,,,,,,,,,,,,,,,,336.5898,339.6676,3.0771,1,2.305,0.024378952,-0.21559106,1,0,0,23,Femmina,Sì,15,No,TRUE,FALSE,6,7,7,7,6,FALSE,Conferma,c1err,c2ok,c3ok,c4ok,c5err2,c6err,c7ok,c8err3,c9err,c10err,c11ok,c12err,c13ok,c14ok,c15ok,c16ok,c17err3,c18err,c19ok,c20ok,c21ok,c22err3,c23ok,c24ok,c25ok,c26ok,956.7068,963.4911,0,0,0,0,1
