﻿Alfa.started,Alfa.stopped,alfa_mouse.x,alfa_mouse.y,alfa_mouse.leftButton,alfa_mouse.midButton,alfa_mouse.rightButton,alfa_mouse.clicked_name,participant,group,date,expName,psychopyVersion,OS,frameRate,ITI.started,ITI.stopped,B_consensoinformato.started,B_consensoinformato.stopped,tempo_consenso,cons_mouse.x,cons_mouse.y,cons_mouse.leftButton,cons_mouse.midButton,cons_mouse.rightButton,A_benvenuto.started,A_benvenuto.stopped,ben_mouse.x,ben_mouse.y,ben_mouse.leftButton,ben_mouse.midButton,ben_mouse.rightButton,B2_istruzioni.started,B2_istruzioni.stopped,tempo_istru,cons_mouse_2.x,cons_mouse_2.y,cons_mouse_2.leftButton,cons_mouse_2.midButton,cons_mouse_2.rightButton,SAMevaluation.started,SAMevaluation.stopped,temposam,sliderintensity.response,sliderintensity.rt,slidervalence.response,slidervalence.rt,mouse_sam.x,mouse_sam.y,mouse_sam.leftButton,mouse_sam.midButton,mouse_sam.rightButton,mouse_sam.time,mouse_sam.clicked_name,Loading.started,Loading.stopped,C_associative_task.started,C_associative_task.stopped,tempo_trial,hapremutosi,hapremutono,tempo_tasktot,mouse.x,mouse.y,mouse.leftButton,mouse.midButton,mouse.rightButton,trials.thisRepN,trials.thisTrialN,trials.thisN,trials.thisIndex,trials.ran,cond,causa,effetto,D_VD.started,D_VD.stopped,tempo_vd,vd.response,vd.rt,mouse_vd.x,mouse_vd.y,mouse_vd.leftButton,mouse_vd.midButton,mouse_vd.rightButton,Previous.started,Previous.stopped,tempo_vd1,previous.response,previous.rt,mouse_vd_2.x,mouse_vd_2.y,mouse_vd_2.leftButton,mouse_vd_2.midButton,mouse_vd_2.rightButton,EstENG.TrialNN,EstENG.TrialSN,EstENG.TrialNS,EstENG.TrialSS,ingesta.thisRepN,ingesta.thisTrialN,ingesta.thisN,ingesta.thisIndex,ingesta.ran,PF.started,PF.stopped,tempo_pf,processfluency.response,processfluency.rt,mouse_ch.x,mouse_ch.y,mouse_ch.leftButton,mouse_ch.midButton,mouse_ch.rightButton,Questionario_Lingua.Age,Questionario_Lingua.Sesso,Questionario_Lingua.StaiStudiando?,Questionario_Lingua.Anniscolarita,Questionario_Lingua.Diploma,Questionario_Lingua.Punteggiodiploma,Questionario_Lingua.ItaMADRE?,Questionario_Lingua.INGmadre?,Questionario_Lingua.Q5(AOAIng),Questionario_Lingua.INGLETTURA,Questionario_Lingua.INGCOMPRESO,Questionario_Lingua.INGSCRITTO,Questionario_Lingua.INGPARLATO,Questionario_Lingua.haivissutoestero,ProvaInglese.ProcediamoENg,ProvaInglese.C1,ProvaInglese.C2,ProvaInglese.C3,ProvaInglese.C4,ProvaInglese.C5,ProvaInglese.C6,ProvaInglese.C7,ProvaInglese.C8,ProvaInglese.C9,ProvaInglese.C10,ProvaInglese.C11,ProvaInglese.C12,ProvaInglese.C13,ProvaInglese.C14,ProvaInglese.C15,ProvaInglese.C16,ProvaInglese.C17,ProvaInglese.C18,ProvaInglese.C19,ProvaInglese.C20,ProvaInglese.C21,ProvaInglese.C22,ProvaInglese.C23,ProvaInglese.C24,ProvaInglese.C25,ProvaInglese.controlquestion,Ant_lastquestion.started,Ant_lastquestion.stopped,exp_loop.thisRepN,exp_loop.thisTrialN,exp_loop.thisN,exp_loop.thisIndex,exp_loop.ran
1E-04,1.1881,-0.025925926,0.022222222,1,0,0,alfa_mask,pilot_participant,2,2025-04-18_12h23.01.635,CLTandFLE,2024.1.5,Win32,23.86634845,,,,,,,,,,,,,,,,,,,,,,,,,,,,,,,,,,,,,,,,,,,,,,,,,,,,,,,,,,,,,,,,,,,,,,,,,,,,,,,,,,,,,,,,,,,,,,,,,,,,,,,,,,,,,,,,,,,,,,,,,,,,,,,,,,,,,,,,,,,,,,,,,,,
,,,,,,,,pilot_participant,2,2025-04-18_12h23.01.635,CLTandFLE,2024.1.5,Win32,23.86634845,1.1883,3.8325,,,,,,,,,,,,,,,,,,,,,,,,,,,,,,,,,,,,,,,,,,,,,,,,,,,,,,,,,,,,,,,,,,,,,,,,,,,,,,,,,,,,,,,,,,,,,,,,,,,,,,,,,,,,,,,,,,,,,,,,,,,,,,,,,,,,,,,,,,,,,,,,,
,,,,,,,,pilot_participant,2,2025-04-18_12h23.01.635,CLTandFLE,2024.1.5,Win32,23.86634845,,,3.8326,7.0442,3.2114,0.191666667,-0.387962963,1,0,0,,,,,,,,,,,,,,,,,,,,,,,,,,,,,,,,,,,,,,,,,,,,,,,,,,,,,,,,,,,,,,,,,,,,,,,,,,,,,,,,,,,,,,,,,,,,,,,,,,,,,,,,,,,,,,,,,,,,,,,,,,,,,,,,,,,,,,,,,
,,,,,,,,pilot_participant,2,2025-04-18_12h23.01.635,CLTandFLE,2024.1.5,Win32,23.86634845,102.4211,105.0765,,,,,,,,,9.6703,11.7688,-0.017592593,-0.113888889,1,0,0,14.3824,81.067,66.6843,0.017592593,-0.424074074,1,0,0,83.8849,92.734,8.8488,0.736111111,8.5471,0.730324074,6.7752,"[0.002777777777777778,-0.018518518518518517,0.002777777777777778,0.024074074074074074,0.15833333333333333,0.19722222222222222,0.04537037037037037]","[-0.24722222222222223,-0.15833333333333333,0.008333333333333333,0.2064814814814815,-0.001851851851851852,-0.021296296296296296,-0.19814814814814816]","[1,1,1,1,1,1,1]","[0,0,0,0,0,0,0]","[0,0,0,0,0,0,0]","[2.546300000011925,3.075399999976156,3.549099999964241,6.123399999976158,7.25189999997616,8.141599999964242,8.845300000011918]","[""rettoksam"",""sliderintensity"",""slidervalence"",""sliderintensity"",""sliderintensity"",""rettoksam""]",95.4286,102.4211,105.0875,118.4415,13.3538,0,1,13.3538,0.034259259,0.174074074,0,0,0,0,0,0,2,1,a,The patient has taken Batatrim,The patient has overcome the crisis,,,,,,,,,,,,,,,,,,,,,,,,,,,,,,,,,,,,,,,,,,,,,,,,,,,,,,,,,,,,,,,,,,,,,,,,,,,,,,,,,,,,,,,
,,,,,,,,pilot_participant,2,2025-04-18_12h23.01.635,CLTandFLE,2024.1.5,Win32,23.86634845,,,,,,,,,,,,,,,,,,,,,,,,,,,,,,,,,,,,,,,,,,118.4418,125.3519,6.91,0,1,20.2638,-0.064814815,0.030555556,0,0,0,0,1,1,33,1,c,The patient has not taken Batatrim,The patient has overcome the crisis,,,,,,,,,,,,,,,,,,,,,,,,,,,,,,,,,,,,,,,,,,,,,,,,,,,,,,,,,,,,,,,,,,,,,,,,,,,,,,,,,,,,,,,
,,,,,,,,pilot_participant,2,2025-04-18_12h23.01.635,CLTandFLE,2024.1.5,Win32,23.86634845,,,,,,,,,,,,,,,,,,,,,,,,,,,,,,,,,,,,,,,,,,125.3522,132.9598,7.6074,1,0,27.8712,0.006481481,-0.025,0,0,0,0,2,2,27,1,c,The patient has not taken Batatrim,The patient has overcome the crisis,,,,,,,,,,,,,,,,,,,,,,,,,,,,,,,,,,,,,,,,,,,,,,,,,,,,,,,,,,,,,,,,,,,,,,,,,,,,,,,,,,,,,,,
,,,,,,,,pilot_participant,2,2025-04-18_12h23.01.635,CLTandFLE,2024.1.5,Win32,23.86634845,,,,,,,,,,,,,,,,,,,,,,,,,,,,,,,,,,,,,,,,,,132.96,138.9197,5.9594,1,0,33.8306,-0.031481481,-0.055555556,0,0,0,0,3,3,18,1,b,The patient has taken Batatrim,The patient has not overcome the crisis,,,,,,,,,,,,,,,,,,,,,,,,,,,,,,,,,,,,,,,,,,,,,,,,,,,,,,,,,,,,,,,,,,,,,,,,,,,,,,,,,,,,,,,
,,,,,,,,pilot_participant,2,2025-04-18_12h23.01.635,CLTandFLE,2024.1.5,Win32,23.86634845,,,,,,,,,,,,,,,,,,,,,,,,,,,,,,,,,,,,,,,,,,138.9198,145.0461,6.1261,0,1,39.9567,0.121296296,0.037962963,0,0,0,0,4,4,15,1,b,The patient has taken Batatrim,The patient has not overcome the crisis,,,,,,,,,,,,,,,,,,,,,,,,,,,,,,,,,,,,,,,,,,,,,,,,,,,,,,,,,,,,,,,,,,,,,,,,,,,,,,,,,,,,,,,
,,,,,,,,pilot_participant,2,2025-04-18_12h23.01.635,CLTandFLE,2024.1.5,Win32,23.86634845,,,,,,,,,,,,,,,,,,,,,,,,,,,,,,,,,,,,,,,,,,145.0463,150.2247,5.1778,0,1,45.1345,-0.032407407,-0.061111111,0,0,0,0,5,5,4,1,a,The patient has taken Batatrim,The patient has overcome the crisis,,,,,,,,,,,,,,,,,,,,,,,,,,,,,,,,,,,,,,,,,,,,,,,,,,,,,,,,,,,,,,,,,,,,,,,,,,,,,,,,,,,,,,,
,,,,,,,,pilot_participant,2,2025-04-18_12h23.01.635,CLTandFLE,2024.1.5,Win32,23.86634845,,,,,,,,,,,,,,,,,,,,,,,,,,,,,,,,,,,,,,,,,,150.2249,155.491,5.2659,0,1,50.4004,-0.072222222,-0.035185185,0,0,0,0,6,6,32,1,c,The patient has not taken Batatrim,The patient has overcome the crisis,,,,,,,,,,,,,,,,,,,,,,,,,,,,,,,,,,,,,,,,,,,,,,,,,,,,,,,,,,,,,,,,,,,,,,,,,,,,,,,,,,,,,,,
,,,,,,,,pilot_participant,2,2025-04-18_12h23.01.635,CLTandFLE,2024.1.5,Win32,23.86634845,,,,,,,,,,,,,,,,,,,,,,,,,,,,,,,,,,,,,,,,,,155.4913,160.6629,5.1714,1,0,55.5718,0.055555556,-0.061111111,0,0,0,0,7,7,35,1,d,The patient has not taken Batatrim,The patient has not overcome the crisis,,,,,,,,,,,,,,,,,,,,,,,,,,,,,,,,,,,,,,,,,,,,,,,,,,,,,,,,,,,,,,,,,,,,,,,,,,,,,,,,,,,,,,,
,,,,,,,,pilot_participant,2,2025-04-18_12h23.01.635,CLTandFLE,2024.1.5,Win32,23.86634845,,,,,,,,,,,,,,,,,,,,,,,,,,,,,,,,,,,,,,,,,,160.663,165.9123,5.2492,1,0,60.821,0.005555556,-0.04537037,0,0,0,0,8,8,0,1,a,The patient has taken Batatrim,The patient has overcome the crisis,,,,,,,,,,,,,,,,,,,,,,,,,,,,,,,,,,,,,,,,,,,,,,,,,,,,,,,,,,,,,,,,,,,,,,,,,,,,,,,,,,,,,,,
,,,,,,,,pilot_participant,2,2025-04-18_12h23.01.635,CLTandFLE,2024.1.5,Win32,23.86634845,,,,,,,,,,,,,,,,,,,,,,,,,,,,,,,,,,,,,,,,,,165.9124,170.9935,5.0809,1,0,65.9019,0.064814815,-0.037037037,0,0,0,0,9,9,8,1,a,The patient has taken Batatrim,The patient has overcome the crisis,,,,,,,,,,,,,,,,,,,,,,,,,,,,,,,,,,,,,,,,,,,,,,,,,,,,,,,,,,,,,,,,,,,,,,,,,,,,,,,,,,,,,,,
,,,,,,,,pilot_participant,2,2025-04-18_12h23.01.635,CLTandFLE,2024.1.5,Win32,23.86634845,,,,,,,,,,,,,,,,,,,,,,,,,,,,,,,,,,,,,,,,,,170.9937,179.3747,8.3809,1,0,74.2828,0.035185185,-0.062037037,0,0,0,0,10,10,5,1,a,The patient has taken Batatrim,The patient has overcome the crisis,,,,,,,,,,,,,,,,,,,,,,,,,,,,,,,,,,,,,,,,,,,,,,,,,,,,,,,,,,,,,,,,,,,,,,,,,,,,,,,,,,,,,,,
,,,,,,,,pilot_participant,2,2025-04-18_12h23.01.635,CLTandFLE,2024.1.5,Win32,23.86634845,,,,,,,,,,,,,,,,,,,,,,,,,,,,,,,,,,,,,,,,,,179.3749,184.8607,5.4857,0,1,79.7685,-0.001851852,-0.060185185,0,0,0,0,11,11,38,1,d,The patient has not taken Batatrim,The patient has not overcome the crisis,,,,,,,,,,,,,,,,,,,,,,,,,,,,,,,,,,,,,,,,,,,,,,,,,,,,,,,,,,,,,,,,,,,,,,,,,,,,,,,,,,,,,,,
,,,,,,,,pilot_participant,2,2025-04-18_12h23.01.635,CLTandFLE,2024.1.5,Win32,23.86634845,,,,,,,,,,,,,,,,,,,,,,,,,,,,,,,,,,,,,,,,,,184.8609,191.7426,6.8816,0,1,86.6501,-0.050925926,-0.064814815,0,0,0,0,12,12,37,1,d,The patient has not taken Batatrim,The patient has not overcome the crisis,,,,,,,,,,,,,,,,,,,,,,,,,,,,,,,,,,,,,,,,,,,,,,,,,,,,,,,,,,,,,,,,,,,,,,,,,,,,,,,,,,,,,,,
,,,,,,,,pilot_participant,2,2025-04-18_12h23.01.635,CLTandFLE,2024.1.5,Win32,23.86634845,,,,,,,,,,,,,,,,,,,,,,,,,,,,,,,,,,,,,,,,,,191.7428,204.4839,12.7408,1,0,99.3909,0.106481481,-0.381481481,0,0,0,0,13,13,6,1,a,The patient has taken Batatrim,The patient has overcome the crisis,,,,,,,,,,,,,,,,,,,,,,,,,,,,,,,,,,,,,,,,,,,,,,,,,,,,,,,,,,,,,,,,,,,,,,,,,,,,,,,,,,,,,,,
,,,,,,,,pilot_participant,2,2025-04-18_12h23.01.635,CLTandFLE,2024.1.5,Win32,23.86634845,,,,,,,,,,,,,,,,,,,,,,,,,,,,,,,,,,,,,,,,,,204.4841,213.8621,9.3778,1,0,108.7687,0.00462963,-0.059259259,0,0,0,0,14,14,3,1,a,The patient has taken Batatrim,The patient has overcome the crisis,,,,,,,,,,,,,,,,,,,,,,,,,,,,,,,,,,,,,,,,,,,,,,,,,,,,,,,,,,,,,,,,,,,,,,,,,,,,,,,,,,,,,,,
,,,,,,,,pilot_participant,2,2025-04-18_12h23.01.635,CLTandFLE,2024.1.5,Win32,23.86634845,,,,,,,,,,,,,,,,,,,,,,,,,,,,,,,,,,,,,,,,,,213.8623,223.0966,9.234,1,0,118.0027,-0.169444444,-0.038888889,0,0,0,0,15,15,9,1,a,The patient has taken Batatrim,The patient has overcome the crisis,,,,,,,,,,,,,,,,,,,,,,,,,,,,,,,,,,,,,,,,,,,,,,,,,,,,,,,,,,,,,,,,,,,,,,,,,,,,,,,,,,,,,,,
,,,,,,,,pilot_participant,2,2025-04-18_12h23.01.635,CLTandFLE,2024.1.5,Win32,23.86634845,,,,,,,,,,,,,,,,,,,,,,,,,,,,,,,,,,,,,,,,,,223.0967,232.9695,9.8726,1,0,127.8753,0.018518519,-0.053703704,0,0,0,0,16,16,22,1,c,The patient has not taken Batatrim,The patient has overcome the crisis,,,,,,,,,,,,,,,,,,,,,,,,,,,,,,,,,,,,,,,,,,,,,,,,,,,,,,,,,,,,,,,,,,,,,,,,,,,,,,,,,,,,,,,
,,,,,,,,pilot_participant,2,2025-04-18_12h23.01.635,CLTandFLE,2024.1.5,Win32,23.86634845,,,,,,,,,,,,,,,,,,,,,,,,,,,,,,,,,,,,,,,,,,232.9698,242.5671,9.5971,1,0,137.4724,-0.248148148,-0.051851852,0,0,0,0,17,17,17,1,b,The patient has taken Batatrim,The patient has not overcome the crisis,,,,,,,,,,,,,,,,,,,,,,,,,,,,,,,,,,,,,,,,,,,,,,,,,,,,,,,,,,,,,,,,,,,,,,,,,,,,,,,,,,,,,,,
,,,,,,,,pilot_participant,2,2025-04-18_12h23.01.635,CLTandFLE,2024.1.5,Win32,23.86634845,,,,,,,,,,,,,,,,,,,,,,,,,,,,,,,,,,,,,,,,,,242.5673,260.4122,17.8448,1,0,155.3172,0.049074074,-0.225925926,0,0,0,0,18,18,26,1,c,The patient has not taken Batatrim,The patient has overcome the crisis,,,,,,,,,,,,,,,,,,,,,,,,,,,,,,,,,,,,,,,,,,,,,,,,,,,,,,,,,,,,,,,,,,,,,,,,,,,,,,,,,,,,,,,
,,,,,,,,pilot_participant,2,2025-04-18_12h23.01.635,CLTandFLE,2024.1.5,Win32,23.86634845,,,,,,,,,,,,,,,,,,,,,,,,,,,,,,,,,,,,,,,,,,260.4124,273.2144,12.8019,0,1,168.1191,0.206481481,-0.042592593,0,0,0,0,19,19,25,1,c,The patient has not taken Batatrim,The patient has overcome the crisis,,,,,,,,,,,,,,,,,,,,,,,,,,,,,,,,,,,,,,,,,,,,,,,,,,,,,,,,,,,,,,,,,,,,,,,,,,,,,,,,,,,,,,,
,,,,,,,,pilot_participant,2,2025-04-18_12h23.01.635,CLTandFLE,2024.1.5,Win32,23.86634845,,,,,,,,,,,,,,,,,,,,,,,,,,,,,,,,,,,,,,,,,,273.2146,279.7861,6.5714,0,1,174.6905,0.191666667,-0.043518519,0,0,0,0,20,20,23,1,c,The patient has not taken Batatrim,The patient has overcome the crisis,,,,,,,,,,,,,,,,,,,,,,,,,,,,,,,,,,,,,,,,,,,,,,,,,,,,,,,,,,,,,,,,,,,,,,,,,,,,,,,,,,,,,,,
,,,,,,,,pilot_participant,2,2025-04-18_12h23.01.635,CLTandFLE,2024.1.5,Win32,23.86634845,,,,,,,,,,,,,,,,,,,,,,,,,,,,,,,,,,,,,,,,,,279.7864,285.7117,5.9252,0,1,180.6157,0.184259259,-0.041666667,0,0,0,0,21,21,24,1,c,The patient has not taken Batatrim,The patient has overcome the crisis,,,,,,,,,,,,,,,,,,,,,,,,,,,,,,,,,,,,,,,,,,,,,,,,,,,,,,,,,,,,,,,,,,,,,,,,,,,,,,,,,,,,,,,
,,,,,,,,pilot_participant,2,2025-04-18_12h23.01.635,CLTandFLE,2024.1.5,Win32,23.86634845,,,,,,,,,,,,,,,,,,,,,,,,,,,,,,,,,,,,,,,,,,285.7119,293.2114,7.4994,1,0,188.1151,-0.023148148,-0.033333333,0,0,0,0,22,22,10,1,a,The patient has taken Batatrim,The patient has overcome the crisis,,,,,,,,,,,,,,,,,,,,,,,,,,,,,,,,,,,,,,,,,,,,,,,,,,,,,,,,,,,,,,,,,,,,,,,,,,,,,,,,,,,,,,,
,,,,,,,,pilot_participant,2,2025-04-18_12h23.01.635,CLTandFLE,2024.1.5,Win32,23.86634845,,,,,,,,,,,,,,,,,,,,,,,,,,,,,,,,,,,,,,,,,,293.2117,300.8638,7.652,1,0,195.7671,-0.018518519,-0.05,0,0,0,0,23,23,7,1,a,The patient has taken Batatrim,The patient has overcome the crisis,,,,,,,,,,,,,,,,,,,,,,,,,,,,,,,,,,,,,,,,,,,,,,,,,,,,,,,,,,,,,,,,,,,,,,,,,,,,,,,,,,,,,,,
,,,,,,,,pilot_participant,2,2025-04-18_12h23.01.635,CLTandFLE,2024.1.5,Win32,23.86634845,,,,,,,,,,,,,,,,,,,,,,,,,,,,,,,,,,,,,,,,,,300.864,306.6723,5.8081,0,1,201.5752,0.088888889,-0.049074074,0,0,0,0,24,24,34,1,c,The patient has not taken Batatrim,The patient has overcome the crisis,,,,,,,,,,,,,,,,,,,,,,,,,,,,,,,,,,,,,,,,,,,,,,,,,,,,,,,,,,,,,,,,,,,,,,,,,,,,,,,,,,,,,,,
,,,,,,,,pilot_participant,2,2025-04-18_12h23.01.635,CLTandFLE,2024.1.5,Win32,23.86634845,,,,,,,,,,,,,,,,,,,,,,,,,,,,,,,,,,,,,,,,,,306.6725,313.931,7.2584,0,1,208.8336,-0.000925926,-0.050925926,0,0,0,0,25,25,20,1,c,The patient has not taken Batatrim,The patient has overcome the crisis,,,,,,,,,,,,,,,,,,,,,,,,,,,,,,,,,,,,,,,,,,,,,,,,,,,,,,,,,,,,,,,,,,,,,,,,,,,,,,,,,,,,,,,
,,,,,,,,pilot_participant,2,2025-04-18_12h23.01.635,CLTandFLE,2024.1.5,Win32,23.86634845,,,,,,,,,,,,,,,,,,,,,,,,,,,,,,,,,,,,,,,,,,313.9312,319.8734,5.9421,1,0,214.7757,0.056481481,-0.087962963,0,0,0,0,26,26,16,1,b,The patient has taken Batatrim,The patient has not overcome the crisis,,,,,,,,,,,,,,,,,,,,,,,,,,,,,,,,,,,,,,,,,,,,,,,,,,,,,,,,,,,,,,,,,,,,,,,,,,,,,,,,,,,,,,,
,,,,,,,,pilot_participant,2,2025-04-18_12h23.01.635,CLTandFLE,2024.1.5,Win32,23.86634845,,,,,,,,,,,,,,,,,,,,,,,,,,,,,,,,,,,,,,,,,,319.8737,328.2417,8.3679,0,1,223.1436,0.050925926,-0.002777778,0,0,0,0,27,27,30,1,c,The patient has not taken Batatrim,The patient has overcome the crisis,,,,,,,,,,,,,,,,,,,,,,,,,,,,,,,,,,,,,,,,,,,,,,,,,,,,,,,,,,,,,,,,,,,,,,,,,,,,,,,,,,,,,,,
,,,,,,,,pilot_participant,2,2025-04-18_12h23.01.635,CLTandFLE,2024.1.5,Win32,23.86634845,,,,,,,,,,,,,,,,,,,,,,,,,,,,,,,,,,,,,,,,,,328.2419,335.2416,6.9995,0,1,230.1431,0.030555556,-0.047222222,0,0,0,0,28,28,29,1,c,The patient has not taken Batatrim,The patient has overcome the crisis,,,,,,,,,,,,,,,,,,,,,,,,,,,,,,,,,,,,,,,,,,,,,,,,,,,,,,,,,,,,,,,,,,,,,,,,,,,,,,,,,,,,,,,
,,,,,,,,pilot_participant,2,2025-04-18_12h23.01.635,CLTandFLE,2024.1.5,Win32,23.86634845,,,,,,,,,,,,,,,,,,,,,,,,,,,,,,,,,,,,,,,,,,335.2418,342.8074,7.5655,0,1,237.7086,0.018518519,-0.057407407,0,0,0,0,29,29,36,1,d,The patient has not taken Batatrim,The patient has not overcome the crisis,,,,,,,,,,,,,,,,,,,,,,,,,,,,,,,,,,,,,,,,,,,,,,,,,,,,,,,,,,,,,,,,,,,,,,,,,,,,,,,,,,,,,,,
,,,,,,,,pilot_participant,2,2025-04-18_12h23.01.635,CLTandFLE,2024.1.5,Win32,23.86634845,,,,,,,,,,,,,,,,,,,,,,,,,,,,,,,,,,,,,,,,,,342.8077,349.5309,6.7232,1,0,244.4318,0.002777778,-0.125925926,0,0,0,0,30,30,13,1,a,The patient has taken Batatrim,The patient has overcome the crisis,,,,,,,,,,,,,,,,,,,,,,,,,,,,,,,,,,,,,,,,,,,,,,,,,,,,,,,,,,,,,,,,,,,,,,,,,,,,,,,,,,,,,,,
,,,,,,,,pilot_participant,2,2025-04-18_12h23.01.635,CLTandFLE,2024.1.5,Win32,23.86634845,,,,,,,,,,,,,,,,,,,,,,,,,,,,,,,,,,,,,,,,,,349.5312,356.8466,7.3153,0,1,251.7471,0.030555556,-0.047222222,0,0,0,0,31,31,31,1,c,The patient has not taken Batatrim,The patient has overcome the crisis,,,,,,,,,,,,,,,,,,,,,,,,,,,,,,,,,,,,,,,,,,,,,,,,,,,,,,,,,,,,,,,,,,,,,,,,,,,,,,,,,,,,,,,
,,,,,,,,pilot_participant,2,2025-04-18_12h23.01.635,CLTandFLE,2024.1.5,Win32,23.86634845,,,,,,,,,,,,,,,,,,,,,,,,,,,,,,,,,,,,,,,,,,356.8468,363.8355,6.9885,0,1,258.7356,-0.036111111,-0.057407407,0,0,0,0,32,32,21,1,c,The patient has not taken Batatrim,The patient has overcome the crisis,,,,,,,,,,,,,,,,,,,,,,,,,,,,,,,,,,,,,,,,,,,,,,,,,,,,,,,,,,,,,,,,,,,,,,,,,,,,,,,,,,,,,,,
,,,,,,,,pilot_participant,2,2025-04-18_12h23.01.635,CLTandFLE,2024.1.5,Win32,23.86634845,,,,,,,,,,,,,,,,,,,,,,,,,,,,,,,,,,,,,,,,,,363.8356,370.5585,6.7228,1,0,265.4584,-0.008333333,-0.050925926,0,0,0,0,33,33,11,1,a,The patient has taken Batatrim,The patient has overcome the crisis,,,,,,,,,,,,,,,,,,,,,,,,,,,,,,,,,,,,,,,,,,,,,,,,,,,,,,,,,,,,,,,,,,,,,,,,,,,,,,,,,,,,,,,
,,,,,,,,pilot_participant,2,2025-04-18_12h23.01.635,CLTandFLE,2024.1.5,Win32,23.86634845,,,,,,,,,,,,,,,,,,,,,,,,,,,,,,,,,,,,,,,,,,370.5588,376.5815,6.0225,1,0,271.4809,0.006481481,-0.077777778,0,0,0,0,34,34,19,1,b,The patient has taken Batatrim,The patient has not overcome the crisis,,,,,,,,,,,,,,,,,,,,,,,,,,,,,,,,,,,,,,,,,,,,,,,,,,,,,,,,,,,,,,,,,,,,,,,,,,,,,,,,,,,,,,,
,,,,,,,,pilot_participant,2,2025-04-18_12h23.01.635,CLTandFLE,2024.1.5,Win32,23.86634845,,,,,,,,,,,,,,,,,,,,,,,,,,,,,,,,,,,,,,,,,,376.5816,386.3943,9.8125,1,0,281.2934,0.015740741,-0.057407407,0,0,0,0,35,35,12,1,a,The patient has taken Batatrim,The patient has overcome the crisis,,,,,,,,,,,,,,,,,,,,,,,,,,,,,,,,,,,,,,,,,,,,,,,,,,,,,,,,,,,,,,,,,,,,,,,,,,,,,,,,,,,,,,,
,,,,,,,,pilot_participant,2,2025-04-18_12h23.01.635,CLTandFLE,2024.1.5,Win32,23.86634845,,,,,,,,,,,,,,,,,,,,,,,,,,,,,,,,,,,,,,,,,,386.3944,394.2827,7.8881,0,1,289.1815,0.009259259,-0.07962963,0,0,0,0,36,36,39,1,d,The patient has not taken Batatrim,The patient has not overcome the crisis,,,,,,,,,,,,,,,,,,,,,,,,,,,,,,,,,,,,,,,,,,,,,,,,,,,,,,,,,,,,,,,,,,,,,,,,,,,,,,,,,,,,,,,
,,,,,,,,pilot_participant,2,2025-04-18_12h23.01.635,CLTandFLE,2024.1.5,Win32,23.86634845,,,,,,,,,,,,,,,,,,,,,,,,,,,,,,,,,,,,,,,,,,394.2829,401.4925,7.2094,1,0,296.3909,-0.007407407,-0.036111111,0,0,0,0,37,37,1,1,a,The patient has taken Batatrim,The patient has overcome the crisis,,,,,,,,,,,,,,,,,,,,,,,,,,,,,,,,,,,,,,,,,,,,,,,,,,,,,,,,,,,,,,,,,,,,,,,,,,,,,,,,,,,,,,,
,,,,,,,,pilot_participant,2,2025-04-18_12h23.01.635,CLTandFLE,2024.1.5,Win32,23.86634845,,,,,,,,,,,,,,,,,,,,,,,,,,,,,,,,,,,,,,,,,,401.4927,407.5137,6.0209,1,0,302.4118,0.00462963,-0.038888889,0,0,0,0,38,38,14,1,b,The patient has taken Batatrim,The patient has overcome the crisis,,,,,,,,,,,,,,,,,,,,,,,,,,,,,,,,,,,,,,,,,,,,,,,,,,,,,,,,,,,,,,,,,,,,,,,,,,,,,,,,,,,,,,,
,,,,,,,,pilot_participant,2,2025-04-18_12h23.01.635,CLTandFLE,2024.1.5,Win32,23.86634845,,,,,,,,,,,,,,,,,,,,,,,,,,,,,,,,,,,,,,,,,,407.5139,413.3333,5.8194,1,0,308.2312,0.013888889,-0.05,0,0,0,0,39,39,28,1,c,The patient has not taken Batatrim,The patient has overcome the crisis,,,,,,,,,,,,,,,,,,,,,,,,,,,,,,,,,,,,,,,,,,,,,,,,,,,,,,,,,,,,,,,,,,,,,,,,,,,,,,,,,,,,,,,
,,,,,,,,pilot_participant,2,2025-04-18_12h23.01.635,CLTandFLE,2024.1.5,Win32,23.86634845,469.8689,472.6154,,,,,,,,,,,,,,,,,,,,,,,,,,,,,,,,,,,,,,,,,,,,,,,,,,,,,,,,,,,416.3549,447.048,30.6929,85,23.4174,0.021296296,-0.196296296,1,0,0,449.8062,469.8689,20.0624,96,18.6717,0.019444444,-0.193518519,1,0,0,12,3,7,16,0,0,0,0,1,,,,,,,,,,,,,,,,,,,,,,,,,,,,,,,,,,,,,,,,,,,,,,,,,,,,,,,,,,
,,,,,,,,pilot_participant,2,2025-04-18_12h23.01.635,CLTandFLE,2024.1.5,Win32,23.86634845,713.5903,716.29,,,,,,,,,,,,,,,,,,,,,,,,,,,,,,,,,,,,,,,,,,,,,,,,,,,,,,,,,,,,,,,,,,,,,,,,,,,,,,,,,,,,,,,,583.4822,600.337,16.8545,5,16.0924,0.023148148,-0.223148148,1,0,0,29,Maschio,Sì,20,"Sì, l'ho ottenuta più di due anni fa",B1 CEFR (4 - 5 IELTS),TRUE,FALSE,6,9,9,8,7,FALSE,Conferma,c1ok,c2ok,c3err2,c4ok,c5ok,c6err2,c7ok,c8err3,c9ok,c10err,c11ok,c12err,c13ok,c14err2,c15err,c16ok,c17ok,c18err3,c19err2,c20err2,c21ok,c22ok,c23err2,c24ok,c25err,c26ok,1163.8038,1170.6351,0,0,0,0,1
