﻿Alfa.started,Alfa.stopped,alfa_mouse.x,alfa_mouse.y,alfa_mouse.leftButton,alfa_mouse.midButton,alfa_mouse.rightButton,alfa_mouse.clicked_name,participant,group,date,expName,psychopyVersion,OS,frameRate,ITI.started,ITI.stopped,B_consensoinformato.started,B_consensoinformato.stopped,tempo_consenso,cons_mouse.x,cons_mouse.y,cons_mouse.leftButton,cons_mouse.midButton,cons_mouse.rightButton,A_benvenuto.started,A_benvenuto.stopped,ben_mouse.x,ben_mouse.y,ben_mouse.leftButton,ben_mouse.midButton,ben_mouse.rightButton,B2_istruzioni.started,B2_istruzioni.stopped,tempo_istru,cons_mouse_2.x,cons_mouse_2.y,cons_mouse_2.leftButton,cons_mouse_2.midButton,cons_mouse_2.rightButton,SAMevaluation.started,SAMevaluation.stopped,temposam,sliderintensity.response,sliderintensity.rt,slidervalence.response,slidervalence.rt,mouse_sam.x,mouse_sam.y,mouse_sam.leftButton,mouse_sam.midButton,mouse_sam.rightButton,mouse_sam.time,mouse_sam.clicked_name,Loading.started,Loading.stopped,C_associative_task.started,C_associative_task.stopped,tempo_trial,hapremutosi,hapremutono,tempo_tasktot,mouse.x,mouse.y,mouse.leftButton,mouse.midButton,mouse.rightButton,trials.thisRepN,trials.thisTrialN,trials.thisN,trials.thisIndex,trials.ran,cond,causa,effetto,D_VD.started,D_VD.stopped,tempo_vd,vd.response,vd.rt,mouse_vd.x,mouse_vd.y,mouse_vd.leftButton,mouse_vd.midButton,mouse_vd.rightButton,Previous.started,Previous.stopped,tempo_vd1,previous.response,previous.rt,mouse_vd_2.x,mouse_vd_2.y,mouse_vd_2.leftButton,mouse_vd_2.midButton,mouse_vd_2.rightButton,EstITA.TrialSS,EstITA.TrialD,EstITA.TrialSN,EstITA.TrialNS,itaest.thisRepN,itaest.thisTrialN,itaest.thisN,itaest.thisIndex,itaest.ran,PF.started,PF.stopped,tempo_pf,processfluency.response,processfluency.rt,mouse_ch.x,mouse_ch.y,mouse_ch.leftButton,mouse_ch.midButton,mouse_ch.rightButton,Questionario_Lingua.Age,Questionario_Lingua.Sesso,Questionario_Lingua.StaiStudiando?,Questionario_Lingua.Anniscolarita,Questionario_Lingua.Diploma,Questionario_Lingua.Punteggiodiploma,Questionario_Lingua.ItaMADRE?,Questionario_Lingua.INGmadre?,Questionario_Lingua.Q5(AOAIng),Questionario_Lingua.INGLETTURA,Questionario_Lingua.INGCOMPRESO,Questionario_Lingua.INGSCRITTO,Questionario_Lingua.INGPARLATO,Questionario_Lingua.haivissutoestero,ProvaInglese.ProcediamoENg,ProvaInglese.C1,ProvaInglese.C2,ProvaInglese.C3,ProvaInglese.C4,ProvaInglese.C5,ProvaInglese.C6,ProvaInglese.C7,ProvaInglese.C8,ProvaInglese.C9,ProvaInglese.C10,ProvaInglese.C11,ProvaInglese.C12,ProvaInglese.C13,ProvaInglese.C14,ProvaInglese.C15,ProvaInglese.C16,ProvaInglese.C17,ProvaInglese.C18,ProvaInglese.C19,ProvaInglese.C20,ProvaInglese.C21,ProvaInglese.C22,ProvaInglese.C23,ProvaInglese.C24,ProvaInglese.C25,ProvaInglese.controlquestion,Ant_lastquestion.started,Ant_lastquestion.stopped,exp_loop.thisRepN,exp_loop.thisTrialN,exp_loop.thisN,exp_loop.thisIndex,exp_loop.ran
0.0006,13.848,-0.001302083,-0.0078125,1,0,0,alfa_mask,pilot_participant,1,2025-04-22_15h25.05.291,CLTandFLE,2024.1.5,Win32,59.17159763,,,,,,,,,,,,,,,,,,,,,,,,,,,,,,,,,,,,,,,,,,,,,,,,,,,,,,,,,,,,,,,,,,,,,,,,,,,,,,,,,,,,,,,,,,,,,,,,,,,,,,,,,,,,,,,,,,,,,,,,,,,,,,,,,,,,,,,,,,,,,,,,,,,
,,,,,,,,pilot_participant,1,2025-04-22_15h25.05.291,CLTandFLE,2024.1.5,Win32,59.17159763,13.8483,14.8419,,,,,,,,,,,,,,,,,,,,,,,,,,,,,,,,,,,,,,,,,,,,,,,,,,,,,,,,,,,,,,,,,,,,,,,,,,,,,,,,,,,,,,,,,,,,,,,,,,,,,,,,,,,,,,,,,,,,,,,,,,,,,,,,,,,,,,,,,,,,,,,,,
,,,,,,,,pilot_participant,1,2025-04-22_15h25.05.291,CLTandFLE,2024.1.5,Win32,59.17159763,,,14.8422,51.9409,37.0975,0.19921875,-0.41796875,1,0,0,,,,,,,,,,,,,,,,,,,,,,,,,,,,,,,,,,,,,,,,,,,,,,,,,,,,,,,,,,,,,,,,,,,,,,,,,,,,,,,,,,,,,,,,,,,,,,,,,,,,,,,,,,,,,,,,,,,,,,,,,,,,,,,,,,,,,,,,,
,,,,,,,,pilot_participant,1,2025-04-22_15h25.05.291,CLTandFLE,2024.1.5,Win32,59.17159763,200.414,201.4138,,,,,,,,,52.9365,56.7199,0.071614583,-0.118489583,1,0,0,57.7199,148.9809,91.2603,0.020833333,-0.40234375,1,0,0,149.9807,192.4112,42.429,0.71484375,35.9181,0.716471354,39.9708,"[0.005208333333333333,0.13802083333333334,-0.00390625,0.16927083333333334,-0.013020833333333334]","[0.0013020833333333333,0.0013020833333333333,0.19791666666666666,-0.005208333333333333,-0.22786458333333334]","[1,1,1,1,1]","[0,0,0,0,0]","[0,0,0,0,0]","[12.327600000023835,16.178100000023846,33.74989999997615,39.35149999999999,42.4192999999523]","[""slidervalence"",""slidervalence"",""slidervalence"",""rettoksam""]",193.4101,200.4137,201.4391,245.3706,43.9301,1,0,43.9301,-0.162760417,-0.049479167,0,0,0,0,0,0,25,1,c,Il paziente non ha preso il Batatrim,Il paziente ha superato la crisi,,,,,,,,,,,,,,,,,,,,,,,,,,,,,,,,,,,,,,,,,,,,,,,,,,,,,,,,,,,,,,,,,,,,,,,,,,,,,,,,,,,,,,,
,,,,,,,,pilot_participant,1,2025-04-22_15h25.05.291,CLTandFLE,2024.1.5,Win32,59.17159763,,,,,,,,,,,,,,,,,,,,,,,,,,,,,,,,,,,,,,,,,,245.3732,275.9848,30.6114,1,0,74.5415,0.0234375,-0.239583333,0,0,0,0,1,1,34,1,c,Il paziente non ha preso il Batatrim,Il paziente ha superato la crisi,,,,,,,,,,,,,,,,,,,,,,,,,,,,,,,,,,,,,,,,,,,,,,,,,,,,,,,,,,,,,,,,,,,,,,,,,,,,,,,,,,,,,,,
,,,,,,,,pilot_participant,1,2025-04-22_15h25.05.291,CLTandFLE,2024.1.5,Win32,59.17159763,,,,,,,,,,,,,,,,,,,,,,,,,,,,,,,,,,,,,,,,,,275.9854,284.1348,8.1489,0,1,82.6904,-0.005208333,-0.252604167,0,0,0,0,2,2,30,1,c,Il paziente non ha preso il Batatrim,Il paziente ha superato la crisi,,,,,,,,,,,,,,,,,,,,,,,,,,,,,,,,,,,,,,,,,,,,,,,,,,,,,,,,,,,,,,,,,,,,,,,,,,,,,,,,,,,,,,,
,,,,,,,,pilot_participant,1,2025-04-22_15h25.05.291,CLTandFLE,2024.1.5,Win32,59.17159763,,,,,,,,,,,,,,,,,,,,,,,,,,,,,,,,,,,,,,,,,,284.1353,293.075,8.9394,0,1,91.6298,-0.036458333,-0.227864583,0,0,0,0,3,3,17,1,b,Il paziente ha preso il Batatrim,Il paziente non ha superato la crisi,,,,,,,,,,,,,,,,,,,,,,,,,,,,,,,,,,,,,,,,,,,,,,,,,,,,,,,,,,,,,,,,,,,,,,,,,,,,,,,,,,,,,,,
,,,,,,,,pilot_participant,1,2025-04-22_15h25.05.291,CLTandFLE,2024.1.5,Win32,59.17159763,,,,,,,,,,,,,,,,,,,,,,,,,,,,,,,,,,,,,,,,,,293.0759,298.9302,5.8539,1,0,97.4837,-0.079427083,-0.190104167,0,0,0,0,4,4,6,1,a,Il paziente ha preso il Batatrim,Il paziente ha superato la crisi,,,,,,,,,,,,,,,,,,,,,,,,,,,,,,,,,,,,,,,,,,,,,,,,,,,,,,,,,,,,,,,,,,,,,,,,,,,,,,,,,,,,,,,
,,,,,,,,pilot_participant,1,2025-04-22_15h25.05.291,CLTandFLE,2024.1.5,Win32,59.17159763,,,,,,,,,,,,,,,,,,,,,,,,,,,,,,,,,,,,,,,,,,298.9307,308.1665,9.2354,1,0,106.7191,0.029947917,-0.173177083,0,0,0,0,5,5,15,1,b,Il paziente ha preso il Batatrim,Il paziente non ha superato la crisi,,,,,,,,,,,,,,,,,,,,,,,,,,,,,,,,,,,,,,,,,,,,,,,,,,,,,,,,,,,,,,,,,,,,,,,,,,,,,,,,,,,,,,,
,,,,,,,,pilot_participant,1,2025-04-22_15h25.05.291,CLTandFLE,2024.1.5,Win32,59.17159763,,,,,,,,,,,,,,,,,,,,,,,,,,,,,,,,,,,,,,,,,,308.1673,316.1659,7.9982,0,1,114.7173,-0.03515625,-0.158854167,0,0,0,0,6,6,1,1,a,Il paziente ha preso il Batatrim,Il paziente ha superato la crisi,,,,,,,,,,,,,,,,,,,,,,,,,,,,,,,,,,,,,,,,,,,,,,,,,,,,,,,,,,,,,,,,,,,,,,,,,,,,,,,,,,,,,,,
,,,,,,,,pilot_participant,1,2025-04-22_15h25.05.291,CLTandFLE,2024.1.5,Win32,59.17159763,,,,,,,,,,,,,,,,,,,,,,,,,,,,,,,,,,,,,,,,,,316.1665,322.3832,6.2165,1,0,120.9338,-0.1796875,-0.0390625,0,0,0,0,7,7,21,1,c,Il paziente non ha preso il Batatrim,Il paziente ha superato la crisi,,,,,,,,,,,,,,,,,,,,,,,,,,,,,,,,,,,,,,,,,,,,,,,,,,,,,,,,,,,,,,,,,,,,,,,,,,,,,,,,,,,,,,,
,,,,,,,,pilot_participant,1,2025-04-22_15h25.05.291,CLTandFLE,2024.1.5,Win32,59.17159763,,,,,,,,,,,,,,,,,,,,,,,,,,,,,,,,,,,,,,,,,,322.3835,329.3978,7.0139,1,0,127.9477,-0.1796875,-0.0390625,0,0,0,0,8,8,37,1,d,Il paziente non ha preso il Batatrim,Il paziente non ha superato la crisi,,,,,,,,,,,,,,,,,,,,,,,,,,,,,,,,,,,,,,,,,,,,,,,,,,,,,,,,,,,,,,,,,,,,,,,,,,,,,,,,,,,,,,,
,,,,,,,,pilot_participant,1,2025-04-22_15h25.05.291,CLTandFLE,2024.1.5,Win32,59.17159763,,,,,,,,,,,,,,,,,,,,,,,,,,,,,,,,,,,,,,,,,,329.3986,340.3482,10.949,1,0,138.8967,0.104166667,-0.208333333,0,0,0,0,9,9,18,1,b,Il paziente ha preso il Batatrim,Il paziente non ha superato la crisi,,,,,,,,,,,,,,,,,,,,,,,,,,,,,,,,,,,,,,,,,,,,,,,,,,,,,,,,,,,,,,,,,,,,,,,,,,,,,,,,,,,,,,,
,,,,,,,,pilot_participant,1,2025-04-22_15h25.05.291,CLTandFLE,2024.1.5,Win32,59.17159763,,,,,,,,,,,,,,,,,,,,,,,,,,,,,,,,,,,,,,,,,,340.3488,346.3156,5.9662,0,1,144.8629,-0.03515625,-0.21484375,0,0,0,0,10,10,11,1,a,Il paziente ha preso il Batatrim,Il paziente ha superato la crisi,,,,,,,,,,,,,,,,,,,,,,,,,,,,,,,,,,,,,,,,,,,,,,,,,,,,,,,,,,,,,,,,,,,,,,,,,,,,,,,,,,,,,,,
,,,,,,,,pilot_participant,1,2025-04-22_15h25.05.291,CLTandFLE,2024.1.5,Win32,59.17159763,,,,,,,,,,,,,,,,,,,,,,,,,,,,,,,,,,,,,,,,,,346.3168,353.6201,7.3028,0,1,152.1657,-0.0546875,-0.279947917,0,0,0,0,11,11,28,1,c,Il paziente non ha preso il Batatrim,Il paziente ha superato la crisi,,,,,,,,,,,,,,,,,,,,,,,,,,,,,,,,,,,,,,,,,,,,,,,,,,,,,,,,,,,,,,,,,,,,,,,,,,,,,,,,,,,,,,,
,,,,,,,,pilot_participant,1,2025-04-22_15h25.05.291,CLTandFLE,2024.1.5,Win32,59.17159763,,,,,,,,,,,,,,,,,,,,,,,,,,,,,,,,,,,,,,,,,,353.6206,359.4343,5.8132,1,0,157.9789,-0.16796875,-0.049479167,0,0,0,0,12,12,33,1,c,Il paziente non ha preso il Batatrim,Il paziente ha superato la crisi,,,,,,,,,,,,,,,,,,,,,,,,,,,,,,,,,,,,,,,,,,,,,,,,,,,,,,,,,,,,,,,,,,,,,,,,,,,,,,,,,,,,,,,
,,,,,,,,pilot_participant,1,2025-04-22_15h25.05.291,CLTandFLE,2024.1.5,Win32,59.17159763,,,,,,,,,,,,,,,,,,,,,,,,,,,,,,,,,,,,,,,,,,359.4346,364.5649,5.1299,1,0,163.1088,-0.16796875,-0.049479167,0,0,0,0,13,13,31,1,c,Il paziente non ha preso il Batatrim,Il paziente ha superato la crisi,,,,,,,,,,,,,,,,,,,,,,,,,,,,,,,,,,,,,,,,,,,,,,,,,,,,,,,,,,,,,,,,,,,,,,,,,,,,,,,,,,,,,,,
,,,,,,,,pilot_participant,1,2025-04-22_15h25.05.291,CLTandFLE,2024.1.5,Win32,59.17159763,,,,,,,,,,,,,,,,,,,,,,,,,,,,,,,,,,,,,,,,,,364.5655,369.7982,5.2322,1,0,168.341,-0.16796875,-0.049479167,0,0,0,0,14,14,20,1,c,Il paziente non ha preso il Batatrim,Il paziente ha superato la crisi,,,,,,,,,,,,,,,,,,,,,,,,,,,,,,,,,,,,,,,,,,,,,,,,,,,,,,,,,,,,,,,,,,,,,,,,,,,,,,,,,,,,,,,
,,,,,,,,pilot_participant,1,2025-04-22_15h25.05.291,CLTandFLE,2024.1.5,Win32,59.17159763,,,,,,,,,,,,,,,,,,,,,,,,,,,,,,,,,,,,,,,,,,369.7987,375.2623,5.4631,1,0,173.8041,-0.16796875,-0.049479167,0,0,0,0,15,15,12,1,a,Il paziente ha preso il Batatrim,Il paziente ha superato la crisi,,,,,,,,,,,,,,,,,,,,,,,,,,,,,,,,,,,,,,,,,,,,,,,,,,,,,,,,,,,,,,,,,,,,,,,,,,,,,,,,,,,,,,,
,,,,,,,,pilot_participant,1,2025-04-22_15h25.05.291,CLTandFLE,2024.1.5,Win32,59.17159763,,,,,,,,,,,,,,,,,,,,,,,,,,,,,,,,,,,,,,,,,,375.2628,381.1149,5.8515,0,1,179.6556,-0.102864583,-0.266927083,0,0,0,0,16,16,23,1,c,Il paziente non ha preso il Batatrim,Il paziente ha superato la crisi,,,,,,,,,,,,,,,,,,,,,,,,,,,,,,,,,,,,,,,,,,,,,,,,,,,,,,,,,,,,,,,,,,,,,,,,,,,,,,,,,,,,,,,
,,,,,,,,pilot_participant,1,2025-04-22_15h25.05.291,CLTandFLE,2024.1.5,Win32,59.17159763,,,,,,,,,,,,,,,,,,,,,,,,,,,,,,,,,,,,,,,,,,381.1159,386.7731,5.6569,1,0,185.3125,-0.1484375,-0.04296875,0,0,0,0,17,17,10,1,a,Il paziente ha preso il Batatrim,Il paziente ha superato la crisi,,,,,,,,,,,,,,,,,,,,,,,,,,,,,,,,,,,,,,,,,,,,,,,,,,,,,,,,,,,,,,,,,,,,,,,,,,,,,,,,,,,,,,,
,,,,,,,,pilot_participant,1,2025-04-22_15h25.05.291,CLTandFLE,2024.1.5,Win32,59.17159763,,,,,,,,,,,,,,,,,,,,,,,,,,,,,,,,,,,,,,,,,,386.7736,391.2835,4.5096,1,0,189.8221,-0.1484375,-0.04296875,0,0,0,0,18,18,8,1,a,Il paziente ha preso il Batatrim,Il paziente ha superato la crisi,,,,,,,,,,,,,,,,,,,,,,,,,,,,,,,,,,,,,,,,,,,,,,,,,,,,,,,,,,,,,,,,,,,,,,,,,,,,,,,,,,,,,,,
,,,,,,,,pilot_participant,1,2025-04-22_15h25.05.291,CLTandFLE,2024.1.5,Win32,59.17159763,,,,,,,,,,,,,,,,,,,,,,,,,,,,,,,,,,,,,,,,,,391.284,395.9125,4.6271,1,0,194.4492,-0.1484375,-0.04296875,0,0,0,0,19,19,5,1,a,Il paziente ha preso il Batatrim,Il paziente ha superato la crisi,,,,,,,,,,,,,,,,,,,,,,,,,,,,,,,,,,,,,,,,,,,,,,,,,,,,,,,,,,,,,,,,,,,,,,,,,,,,,,,,,,,,,,,
,,,,,,,,pilot_participant,1,2025-04-22_15h25.05.291,CLTandFLE,2024.1.5,Win32,59.17159763,,,,,,,,,,,,,,,,,,,,,,,,,,,,,,,,,,,,,,,,,,395.9145,400.3912,4.4762,1,0,198.9254,-0.1484375,-0.044270833,0,0,0,0,20,20,19,1,b,Il paziente ha preso il Batatrim,Il paziente non ha superato la crisi,,,,,,,,,,,,,,,,,,,,,,,,,,,,,,,,,,,,,,,,,,,,,,,,,,,,,,,,,,,,,,,,,,,,,,,,,,,,,,,,,,,,,,,
,,,,,,,,pilot_participant,1,2025-04-22_15h25.05.291,CLTandFLE,2024.1.5,Win32,59.17159763,,,,,,,,,,,,,,,,,,,,,,,,,,,,,,,,,,,,,,,,,,400.3918,406.2687,5.8766,1,0,204.802,-0.1484375,-0.044270833,0,0,0,0,21,21,9,1,a,Il paziente ha preso il Batatrim,Il paziente ha superato la crisi,,,,,,,,,,,,,,,,,,,,,,,,,,,,,,,,,,,,,,,,,,,,,,,,,,,,,,,,,,,,,,,,,,,,,,,,,,,,,,,,,,,,,,,
,,,,,,,,pilot_participant,1,2025-04-22_15h25.05.291,CLTandFLE,2024.1.5,Win32,59.17159763,,,,,,,,,,,,,,,,,,,,,,,,,,,,,,,,,,,,,,,,,,406.269,410.7557,4.4853,1,0,209.2873,-0.1484375,-0.044270833,0,0,0,0,22,22,4,1,a,Il paziente ha preso il Batatrim,Il paziente ha superato la crisi,,,,,,,,,,,,,,,,,,,,,,,,,,,,,,,,,,,,,,,,,,,,,,,,,,,,,,,,,,,,,,,,,,,,,,,,,,,,,,,,,,,,,,,
,,,,,,,,pilot_participant,1,2025-04-22_15h25.05.291,CLTandFLE,2024.1.5,Win32,59.17159763,,,,,,,,,,,,,,,,,,,,,,,,,,,,,,,,,,,,,,,,,,410.7562,415.9377,5.181,0,1,214.4683,-0.09765625,-0.122395833,0,0,0,0,23,23,32,1,c,Il paziente non ha preso il Batatrim,Il paziente ha superato la crisi,,,,,,,,,,,,,,,,,,,,,,,,,,,,,,,,,,,,,,,,,,,,,,,,,,,,,,,,,,,,,,,,,,,,,,,,,,,,,,,,,,,,,,,
,,,,,,,,pilot_participant,1,2025-04-22_15h25.05.291,CLTandFLE,2024.1.5,Win32,59.17159763,,,,,,,,,,,,,,,,,,,,,,,,,,,,,,,,,,,,,,,,,,415.9385,422.0483,6.1092,1,0,220.5775,-0.180989583,-0.04296875,0,0,0,0,24,24,0,1,a,Il paziente ha preso il Batatrim,Il paziente ha superato la crisi,,,,,,,,,,,,,,,,,,,,,,,,,,,,,,,,,,,,,,,,,,,,,,,,,,,,,,,,,,,,,,,,,,,,,,,,,,,,,,,,,,,,,,,
,,,,,,,,pilot_participant,1,2025-04-22_15h25.05.291,CLTandFLE,2024.1.5,Win32,59.17159763,,,,,,,,,,,,,,,,,,,,,,,,,,,,,,,,,,,,,,,,,,422.0491,430.1181,8.0686,1,0,228.6461,0.009114583,-0.07421875,0,0,0,0,25,25,39,1,d,Il paziente non ha preso il Batatrim,Il paziente non ha superato la crisi,,,,,,,,,,,,,,,,,,,,,,,,,,,,,,,,,,,,,,,,,,,,,,,,,,,,,,,,,,,,,,,,,,,,,,,,,,,,,,,,,,,,,,,
,,,,,,,,pilot_participant,1,2025-04-22_15h25.05.291,CLTandFLE,2024.1.5,Win32,59.17159763,,,,,,,,,,,,,,,,,,,,,,,,,,,,,,,,,,,,,,,,,,430.1185,437.0296,6.9108,1,0,235.5569,0.005208333,-0.115885417,0,0,0,0,26,26,13,1,a,Il paziente ha preso il Batatrim,Il paziente ha superato la crisi,,,,,,,,,,,,,,,,,,,,,,,,,,,,,,,,,,,,,,,,,,,,,,,,,,,,,,,,,,,,,,,,,,,,,,,,,,,,,,,,,,,,,,,
,,,,,,,,pilot_participant,1,2025-04-22_15h25.05.291,CLTandFLE,2024.1.5,Win32,59.17159763,,,,,,,,,,,,,,,,,,,,,,,,,,,,,,,,,,,,,,,,,,437.0304,442.745,5.7141,0,1,241.271,0.002604167,-0.111979167,0,0,0,0,27,27,36,1,d,Il paziente non ha preso il Batatrim,Il paziente non ha superato la crisi,,,,,,,,,,,,,,,,,,,,,,,,,,,,,,,,,,,,,,,,,,,,,,,,,,,,,,,,,,,,,,,,,,,,,,,,,,,,,,,,,,,,,,,
,,,,,,,,pilot_participant,1,2025-04-22_15h25.05.291,CLTandFLE,2024.1.5,Win32,59.17159763,,,,,,,,,,,,,,,,,,,,,,,,,,,,,,,,,,,,,,,,,,442.7455,448.4872,5.7411,1,0,247.0121,-0.1640625,-0.044270833,0,0,0,0,28,28,26,1,c,Il paziente non ha preso il Batatrim,Il paziente ha superato la crisi,,,,,,,,,,,,,,,,,,,,,,,,,,,,,,,,,,,,,,,,,,,,,,,,,,,,,,,,,,,,,,,,,,,,,,,,,,,,,,,,,,,,,,,
,,,,,,,,pilot_participant,1,2025-04-22_15h25.05.291,CLTandFLE,2024.1.5,Win32,59.17159763,,,,,,,,,,,,,,,,,,,,,,,,,,,,,,,,,,,,,,,,,,448.4878,454.097,5.6084,1,0,252.6205,0.005208333,-0.076822917,0,0,0,0,29,29,35,1,d,Il paziente non ha preso il Batatrim,Il paziente non ha superato la crisi,,,,,,,,,,,,,,,,,,,,,,,,,,,,,,,,,,,,,,,,,,,,,,,,,,,,,,,,,,,,,,,,,,,,,,,,,,,,,,,,,,,,,,,
,,,,,,,,pilot_participant,1,2025-04-22_15h25.05.291,CLTandFLE,2024.1.5,Win32,59.17159763,,,,,,,,,,,,,,,,,,,,,,,,,,,,,,,,,,,,,,,,,,454.0974,459.8284,5.7307,1,0,258.3512,-0.147135417,-0.055989583,0,0,0,0,30,30,14,1,b,Il paziente ha preso il Batatrim,Il paziente ha superato la crisi,,,,,,,,,,,,,,,,,,,,,,,,,,,,,,,,,,,,,,,,,,,,,,,,,,,,,,,,,,,,,,,,,,,,,,,,,,,,,,,,,,,,,,,
,,,,,,,,pilot_participant,1,2025-04-22_15h25.05.291,CLTandFLE,2024.1.5,Win32,59.17159763,,,,,,,,,,,,,,,,,,,,,,,,,,,,,,,,,,,,,,,,,,459.8289,464.7995,4.9701,1,0,263.3213,-0.147135417,-0.055989583,0,0,0,0,31,31,38,1,d,Il paziente non ha preso il Batatrim,Il paziente non ha superato la crisi,,,,,,,,,,,,,,,,,,,,,,,,,,,,,,,,,,,,,,,,,,,,,,,,,,,,,,,,,,,,,,,,,,,,,,,,,,,,,,,,,,,,,,,
,,,,,,,,pilot_participant,1,2025-04-22_15h25.05.291,CLTandFLE,2024.1.5,Win32,59.17159763,,,,,,,,,,,,,,,,,,,,,,,,,,,,,,,,,,,,,,,,,,464.8002,470.3392,5.5386,1,0,268.8599,-0.147135417,-0.055989583,0,0,0,0,32,32,2,1,a,Il paziente ha preso il Batatrim,Il paziente ha superato la crisi,,,,,,,,,,,,,,,,,,,,,,,,,,,,,,,,,,,,,,,,,,,,,,,,,,,,,,,,,,,,,,,,,,,,,,,,,,,,,,,,,,,,,,,
,,,,,,,,pilot_participant,1,2025-04-22_15h25.05.291,CLTandFLE,2024.1.5,Win32,59.17159763,,,,,,,,,,,,,,,,,,,,,,,,,,,,,,,,,,,,,,,,,,470.3396,475.4107,5.0707,1,0,273.9306,-0.147135417,-0.055989583,0,0,0,0,33,33,7,1,a,Il paziente ha preso il Batatrim,Il paziente ha superato la crisi,,,,,,,,,,,,,,,,,,,,,,,,,,,,,,,,,,,,,,,,,,,,,,,,,,,,,,,,,,,,,,,,,,,,,,,,,,,,,,,,,,,,,,,
,,,,,,,,pilot_participant,1,2025-04-22_15h25.05.291,CLTandFLE,2024.1.5,Win32,59.17159763,,,,,,,,,,,,,,,,,,,,,,,,,,,,,,,,,,,,,,,,,,475.4111,480.3616,4.9502,0,1,278.8808,0.015625,-0.10546875,0,0,0,0,34,34,22,1,c,Il paziente non ha preso il Batatrim,Il paziente ha superato la crisi,,,,,,,,,,,,,,,,,,,,,,,,,,,,,,,,,,,,,,,,,,,,,,,,,,,,,,,,,,,,,,,,,,,,,,,,,,,,,,,,,,,,,,,
,,,,,,,,pilot_participant,1,2025-04-22_15h25.05.291,CLTandFLE,2024.1.5,Win32,59.17159763,,,,,,,,,,,,,,,,,,,,,,,,,,,,,,,,,,,,,,,,,,480.3625,486.7347,6.371,1,0,285.2518,-0.07421875,-0.106770833,0,0,0,0,35,35,29,1,c,Il paziente non ha preso il Batatrim,Il paziente ha superato la crisi,,,,,,,,,,,,,,,,,,,,,,,,,,,,,,,,,,,,,,,,,,,,,,,,,,,,,,,,,,,,,,,,,,,,,,,,,,,,,,,,,,,,,,,
,,,,,,,,pilot_participant,1,2025-04-22_15h25.05.291,CLTandFLE,2024.1.5,Win32,59.17159763,,,,,,,,,,,,,,,,,,,,,,,,,,,,,,,,,,,,,,,,,,486.7366,491.956,5.2191,1,0,290.4709,0.020833333,-0.127604167,0,0,0,0,36,36,16,1,b,Il paziente ha preso il Batatrim,Il paziente non ha superato la crisi,,,,,,,,,,,,,,,,,,,,,,,,,,,,,,,,,,,,,,,,,,,,,,,,,,,,,,,,,,,,,,,,,,,,,,,,,,,,,,,,,,,,,,,
,,,,,,,,pilot_participant,1,2025-04-22_15h25.05.291,CLTandFLE,2024.1.5,Win32,59.17159763,,,,,,,,,,,,,,,,,,,,,,,,,,,,,,,,,,,,,,,,,,491.9565,498.7397,6.7827,0,1,297.2536,-0.022135417,-0.12890625,0,0,0,0,37,37,24,1,c,Il paziente non ha preso il Batatrim,Il paziente ha superato la crisi,,,,,,,,,,,,,,,,,,,,,,,,,,,,,,,,,,,,,,,,,,,,,,,,,,,,,,,,,,,,,,,,,,,,,,,,,,,,,,,,,,,,,,,
,,,,,,,,pilot_participant,1,2025-04-22_15h25.05.291,CLTandFLE,2024.1.5,Win32,59.17159763,,,,,,,,,,,,,,,,,,,,,,,,,,,,,,,,,,,,,,,,,,498.7403,504.2011,5.4606,1,0,302.7142,-0.138020833,-0.05078125,0,0,0,0,38,38,27,1,c,Il paziente non ha preso il Batatrim,Il paziente ha superato la crisi,,,,,,,,,,,,,,,,,,,,,,,,,,,,,,,,,,,,,,,,,,,,,,,,,,,,,,,,,,,,,,,,,,,,,,,,,,,,,,,,,,,,,,,
,,,,,,,,pilot_participant,1,2025-04-22_15h25.05.291,CLTandFLE,2024.1.5,Win32,59.17159763,,,,,,,,,,,,,,,,,,,,,,,,,,,,,,,,,,,,,,,,,,504.2014,509.0307,4.829,1,0,307.5432,-0.138020833,-0.05078125,0,0,0,0,39,39,3,1,a,Il paziente ha preso il Batatrim,Il paziente ha superato la crisi,,,,,,,,,,,,,,,,,,,,,,,,,,,,,,,,,,,,,,,,,,,,,,,,,,,,,,,,,,,,,,,,,,,,,,,,,,,,,,,,,,,,,,,
,,,,,,,,pilot_participant,1,2025-04-22_15h25.05.291,CLTandFLE,2024.1.5,Win32,59.17159763,573.4739,574.4735,,,,,,,,,,,,,,,,,,,,,,,,,,,,,,,,,,,,,,,,,,,,,,,,,,,,,,,,,,,510.0213,538.3464,28.3245,55,23.9886,-0.006510417,-0.178385417,1,0,0,539.3466,573.4738,34.1267,88,31.9676,0.013020833,-0.17578125,1,0,0,22,10,9,7,0,0,0,0,1,,,,,,,,,,,,,,,,,,,,,,,,,,,,,,,,,,,,,,,,,,,,,,,,,,,,,,,,,,
,,,,,,,,pilot_participant,1,2025-04-22_15h25.05.291,CLTandFLE,2024.1.5,Win32,59.17159763,892.2546,893.2516,,,,,,,,,,,,,,,,,,,,,,,,,,,,,,,,,,,,,,,,,,,,,,,,,,,,,,,,,,,,,,,,,,,,,,,,,,,,,,,,,,,,,,,,740.1397,767.4985,27.3578,3,22.7554,-0.020833333,-0.20703125,1,0,0,20,Femmina,Sì,15,"Sì, l'ho ottenuta più di due anni fa",B1 CEFR (4 - 5 IELTS),TRUE,FALSE,6,5,5,3,4,FALSE,Conferma,c1ok,c2ok,c3ok,c4ok,c5ok,c6err,c7ok,c8ok,c9ok,c10ok,c11ok,c12ok,c13ok,c14err2,c15ok,c16ok,c17ok,c18err2,c19ok,c20err,c21err2,c22err3,c23ok,c24ok,c25err3,c26err,1652.816,1659.614,0,0,0,0,1
