﻿Alfa.started,Alfa.stopped,alfa_mouse.x,alfa_mouse.y,alfa_mouse.leftButton,alfa_mouse.midButton,alfa_mouse.rightButton,alfa_mouse.clicked_name,participant,group,date,expName,psychopyVersion,OS,frameRate,ITI.started,ITI.stopped,B_consensoinformato.started,B_consensoinformato.stopped,tempo_consenso,cons_mouse.x,cons_mouse.y,cons_mouse.leftButton,cons_mouse.midButton,cons_mouse.rightButton,A_benvenuto.started,A_benvenuto.stopped,ben_mouse.x,ben_mouse.y,ben_mouse.leftButton,ben_mouse.midButton,ben_mouse.rightButton,B2_istruzioni.started,B2_istruzioni.stopped,tempo_istru,cons_mouse_2.x,cons_mouse_2.y,cons_mouse_2.leftButton,cons_mouse_2.midButton,cons_mouse_2.rightButton,SAMevaluation.started,SAMevaluation.stopped,temposam,sliderintensity.response,sliderintensity.rt,slidervalence.response,slidervalence.rt,mouse_sam.x,mouse_sam.y,mouse_sam.leftButton,mouse_sam.midButton,mouse_sam.rightButton,mouse_sam.time,mouse_sam.clicked_name,Loading.started,Loading.stopped,C_associative_task.started,C_associative_task.stopped,tempo_trial,hapremutosi,hapremutono,tempo_tasktot,mouse.x,mouse.y,mouse.leftButton,mouse.midButton,mouse.rightButton,trials.thisRepN,trials.thisTrialN,trials.thisN,trials.thisIndex,trials.ran,cond,causa,effetto,D_VD.started,D_VD.stopped,tempo_vd,vd.response,vd.rt,mouse_vd.x,mouse_vd.y,mouse_vd.leftButton,mouse_vd.midButton,mouse_vd.rightButton,Previous.started,Previous.stopped,tempo_vd1,previous.response,previous.rt,mouse_vd_2.x,mouse_vd_2.y,mouse_vd_2.leftButton,mouse_vd_2.midButton,mouse_vd_2.rightButton,EstITA.TrialSN,EstITA.TrialSS,EstITA.TrialNS,EstITA.TrialD,itaest.thisRepN,itaest.thisTrialN,itaest.thisN,itaest.thisIndex,itaest.ran,PF.started,PF.stopped,tempo_pf,processfluency.response,processfluency.rt,mouse_ch.x,mouse_ch.y,mouse_ch.leftButton,mouse_ch.midButton,mouse_ch.rightButton,Questionario_Lingua.Age,Questionario_Lingua.Sesso,Questionario_Lingua.StaiStudiando?,Questionario_Lingua.Anniscolarita,Questionario_Lingua.Diploma,Questionario_Lingua.Punteggiodiploma,Questionario_Lingua.ItaMADRE?,Questionario_Lingua.INGmadre?,Questionario_Lingua.Q5(AOAIng),Questionario_Lingua.INGLETTURA,Questionario_Lingua.INGCOMPRESO,Questionario_Lingua.INGSCRITTO,Questionario_Lingua.INGPARLATO,Questionario_Lingua.haivissutoestero,ProvaInglese.ProcediamoENg,ProvaInglese.C1,ProvaInglese.C2,ProvaInglese.C3,ProvaInglese.C4,ProvaInglese.C5,ProvaInglese.C6,ProvaInglese.C7,ProvaInglese.C8,ProvaInglese.C9,ProvaInglese.C10,ProvaInglese.C11,ProvaInglese.C12,ProvaInglese.C13,ProvaInglese.C14,ProvaInglese.C15,ProvaInglese.C16,ProvaInglese.C17,ProvaInglese.C18,ProvaInglese.C19,ProvaInglese.C20,ProvaInglese.C21,ProvaInglese.C22,ProvaInglese.C23,ProvaInglese.C24,ProvaInglese.C25,ProvaInglese.controlquestion,Ant_lastquestion.started,Ant_lastquestion.stopped,exp_loop.thisRepN,exp_loop.thisTrialN,exp_loop.thisN,exp_loop.thisIndex,exp_loop.ran
0.0008,36.0537,0.024367385,-0.002343018,1,0,0,alfa_mask,pilot_participant,1,2025-04-23_18h59.59.671,CLTandFLE,2024.1.5,Win32,117.6470588,,,,,,,,,,,,,,,,,,,,,,,,,,,,,,,,,,,,,,,,,,,,,,,,,,,,,,,,,,,,,,,,,,,,,,,,,,,,,,,,,,,,,,,,,,,,,,,,,,,,,,,,,,,,,,,,,,,,,,,,,,,,,,,,,,,,,,,,,,,,,,,,,,,
,,,,,,,,pilot_participant,1,2025-04-23_18h59.59.671,CLTandFLE,2024.1.5,Win32,117.6470588,36.054,36.5525,,,,,,,,,,,,,,,,,,,,,,,,,,,,,,,,,,,,,,,,,,,,,,,,,,,,,,,,,,,,,,,,,,,,,,,,,,,,,,,,,,,,,,,,,,,,,,,,,,,,,,,,,,,,,,,,,,,,,,,,,,,,,,,,,,,,,,,,,,,,,,,,,
,,,,,,,,pilot_participant,1,2025-04-23_18h59.59.671,CLTandFLE,2024.1.5,Win32,117.6470588,,,36.5526,101.6609,65.1077,0.195563905,-0.372227448,1,0,0,,,,,,,,,,,,,,,,,,,,,,,,,,,,,,,,,,,,,,,,,,,,,,,,,,,,,,,,,,,,,,,,,,,,,,,,,,,,,,,,,,,,,,,,,,,,,,,,,,,,,,,,,,,,,,,,,,,,,,,,,,,,,,,,,,,,,,,,,
,,,,,,,,pilot_participant,1,2025-04-23_18h59.59.671,CLTandFLE,2024.1.5,Win32,117.6470588,265.8975,266.3975,,,,,,,,,102.1596,113.849,0.049359594,-0.103561387,1,0,0,114.3483,218.9876,104.6383,0.029365861,-0.400968485,1,0,0,219.4821,258.3908,38.9081,1,32.5038,0.331302718,37.4578,"[0.0006248238160438144,-0.010621661657245783,0.233052247466612,-0.06747891283973759,-0.014370490148342316]","[0.19884410168148137,0.007029053420805998,0.19821930646672914,-0.0023430178069353325,-0.20353016589664363]","[1,1,1,1,1]","[0,0,0,0,0]","[0,0,0,0,0]","[16.86689999997614,20.23959999996424,29.840099999964224,36.89019999998803,38.89919999998804]","[""sliderintensity"",""sliderintensity"",""rettoksam""]",258.8976,265.8974,266.4224,285.9557,19.5326,0,1,19.5326,0.194939082,-0.043580131,0,0,0,0,0,0,24,1,c,Il paziente non ha preso il Batatrim,Il paziente ha superato la crisi,,,,,,,,,,,,,,,,,,,,,,,,,,,,,,,,,,,,,,,,,,,,,,,,,,,,,,,,,,,,,,,,,,,,,,,,,,,,,,,,,,,,,,,
,,,,,,,,pilot_participant,1,2025-04-23_18h59.59.671,CLTandFLE,2024.1.5,Win32,117.6470588,,,,,,,,,,,,,,,,,,,,,,,,,,,,,,,,,,,,,,,,,,285.9565,297.9523,11.9954,0,1,31.528,0.191815077,-0.044829779,0,0,0,0,1,1,6,1,a,Il paziente ha preso il Batatrim,Il paziente ha superato la crisi,,,,,,,,,,,,,,,,,,,,,,,,,,,,,,,,,,,,,,,,,,,,,,,,,,,,,,,,,,,,,,,,,,,,,,,,,,,,,,,,,,,,,,,
,,,,,,,,pilot_participant,1,2025-04-23_18h59.59.671,CLTandFLE,2024.1.5,Win32,117.6470588,,,,,,,,,,,,,,,,,,,,,,,,,,,,,,,,,,,,,,,,,,297.9529,305.0061,7.0528,1,0,38.5808,-0.187441425,-0.026710403,0,0,0,0,2,2,25,1,c,Il paziente non ha preso il Batatrim,Il paziente ha superato la crisi,,,,,,,,,,,,,,,,,,,,,,,,,,,,,,,,,,,,,,,,,,,,,,,,,,,,,,,,,,,,,,,,,,,,,,,,,,,,,,,,,,,,,,,
,,,,,,,,pilot_participant,1,2025-04-23_18h59.59.671,CLTandFLE,2024.1.5,Win32,117.6470588,,,,,,,,,,,,,,,,,,,,,,,,,,,,,,,,,,,,,,,,,,305.0067,310.031,5.024,1,0,43.6048,-0.187441425,-0.026710403,0,0,0,0,3,3,29,1,c,Il paziente non ha preso il Batatrim,Il paziente ha superato la crisi,,,,,,,,,,,,,,,,,,,,,,,,,,,,,,,,,,,,,,,,,,,,,,,,,,,,,,,,,,,,,,,,,,,,,,,,,,,,,,,,,,,,,,,
,,,,,,,,pilot_participant,1,2025-04-23_18h59.59.671,CLTandFLE,2024.1.5,Win32,117.6470588,,,,,,,,,,,,,,,,,,,,,,,,,,,,,,,,,,,,,,,,,,310.0315,316.5044,6.4723,1,0,50.0771,-0.187441425,-0.026710403,0,0,0,0,4,4,14,1,b,Il paziente ha preso il Batatrim,Il paziente ha superato la crisi,,,,,,,,,,,,,,,,,,,,,,,,,,,,,,,,,,,,,,,,,,,,,,,,,,,,,,,,,,,,,,,,,,,,,,,,,,,,,,,,,,,,,,,
,,,,,,,,pilot_participant,1,2025-04-23_18h59.59.671,CLTandFLE,2024.1.5,Win32,117.6470588,,,,,,,,,,,,,,,,,,,,,,,,,,,,,,,,,,,,,,,,,,316.5053,323.1412,6.6357,1,0,56.7128,-0.187441425,-0.026710403,0,0,0,0,5,5,34,1,c,Il paziente non ha preso il Batatrim,Il paziente ha superato la crisi,,,,,,,,,,,,,,,,,,,,,,,,,,,,,,,,,,,,,,,,,,,,,,,,,,,,,,,,,,,,,,,,,,,,,,,,,,,,,,,,,,,,,,,
,,,,,,,,pilot_participant,1,2025-04-23_18h59.59.671,CLTandFLE,2024.1.5,Win32,117.6470588,,,,,,,,,,,,,,,,,,,,,,,,,,,,,,,,,,,,,,,,,,323.1417,328.22,5.078,1,0,61.7908,-0.187441425,-0.026710403,0,0,0,0,6,6,35,1,d,Il paziente non ha preso il Batatrim,Il paziente non ha superato la crisi,,,,,,,,,,,,,,,,,,,,,,,,,,,,,,,,,,,,,,,,,,,,,,,,,,,,,,,,,,,,,,,,,,,,,,,,,,,,,,,,,,,,,,,
,,,,,,,,pilot_participant,1,2025-04-23_18h59.59.671,CLTandFLE,2024.1.5,Win32,117.6470588,,,,,,,,,,,,,,,,,,,,,,,,,,,,,,,,,,,,,,,,,,328.2204,336.1618,7.9411,1,0,69.7319,-0.187441425,-0.026710403,0,0,0,0,7,7,7,1,a,Il paziente ha preso il Batatrim,Il paziente ha superato la crisi,,,,,,,,,,,,,,,,,,,,,,,,,,,,,,,,,,,,,,,,,,,,,,,,,,,,,,,,,,,,,,,,,,,,,,,,,,,,,,,,,,,,,,,
,,,,,,,,pilot_participant,1,2025-04-23_18h59.59.671,CLTandFLE,2024.1.5,Win32,117.6470588,,,,,,,,,,,,,,,,,,,,,,,,,,,,,,,,,,,,,,,,,,336.162,341.8355,5.6732,1,0,75.4051,-0.187441425,-0.026710403,0,0,0,0,8,8,23,1,c,Il paziente non ha preso il Batatrim,Il paziente ha superato la crisi,,,,,,,,,,,,,,,,,,,,,,,,,,,,,,,,,,,,,,,,,,,,,,,,,,,,,,,,,,,,,,,,,,,,,,,,,,,,,,,,,,,,,,,
,,,,,,,,pilot_participant,1,2025-04-23_18h59.59.671,CLTandFLE,2024.1.5,Win32,117.6470588,,,,,,,,,,,,,,,,,,,,,,,,,,,,,,,,,,,,,,,,,,341.836,349.3529,7.5166,1,0,82.9217,-0.187441425,-0.026710403,0,0,0,0,9,9,33,1,c,Il paziente non ha preso il Batatrim,Il paziente ha superato la crisi,,,,,,,,,,,,,,,,,,,,,,,,,,,,,,,,,,,,,,,,,,,,,,,,,,,,,,,,,,,,,,,,,,,,,,,,,,,,,,,,,,,,,,,
,,,,,,,,pilot_participant,1,2025-04-23_18h59.59.671,CLTandFLE,2024.1.5,Win32,117.6470588,,,,,,,,,,,,,,,,,,,,,,,,,,,,,,,,,,,,,,,,,,349.3533,357.3645,8.0109,1,0,90.9326,-0.187441425,-0.026710403,0,0,0,0,10,10,11,1,a,Il paziente ha preso il Batatrim,Il paziente ha superato la crisi,,,,,,,,,,,,,,,,,,,,,,,,,,,,,,,,,,,,,,,,,,,,,,,,,,,,,,,,,,,,,,,,,,,,,,,,,,,,,,,,,,,,,,,
,,,,,,,,pilot_participant,1,2025-04-23_18h59.59.671,CLTandFLE,2024.1.5,Win32,117.6470588,,,,,,,,,,,,,,,,,,,,,,,,,,,,,,,,,,,,,,,,,,357.3651,365.0672,7.7019,1,0,98.6345,-0.187441425,-0.026710403,0,0,0,0,11,11,16,1,b,Il paziente ha preso il Batatrim,Il paziente non ha superato la crisi,,,,,,,,,,,,,,,,,,,,,,,,,,,,,,,,,,,,,,,,,,,,,,,,,,,,,,,,,,,,,,,,,,,,,,,,,,,,,,,,,,,,,,,
,,,,,,,,pilot_participant,1,2025-04-23_18h59.59.671,CLTandFLE,2024.1.5,Win32,117.6470588,,,,,,,,,,,,,,,,,,,,,,,,,,,,,,,,,,,,,,,,,,365.0676,384.5396,19.4716,1,0,118.1061,-0.181193358,-0.036082474,0,0,0,0,12,12,13,1,a,Il paziente ha preso il Batatrim,Il paziente ha superato la crisi,,,,,,,,,,,,,,,,,,,,,,,,,,,,,,,,,,,,,,,,,,,,,,,,,,,,,,,,,,,,,,,,,,,,,,,,,,,,,,,,,,,,,,,
,,,,,,,,pilot_participant,1,2025-04-23_18h59.59.671,CLTandFLE,2024.1.5,Win32,117.6470588,,,,,,,,,,,,,,,,,,,,,,,,,,,,,,,,,,,,,,,,,,384.5401,388.5916,4.0513,1,0,122.1574,-0.181193358,-0.036082474,0,0,0,0,13,13,38,1,d,Il paziente non ha preso il Batatrim,Il paziente non ha superato la crisi,,,,,,,,,,,,,,,,,,,,,,,,,,,,,,,,,,,,,,,,,,,,,,,,,,,,,,,,,,,,,,,,,,,,,,,,,,,,,,,,,,,,,,,
,,,,,,,,pilot_participant,1,2025-04-23_18h59.59.671,CLTandFLE,2024.1.5,Win32,117.6470588,,,,,,,,,,,,,,,,,,,,,,,,,,,,,,,,,,,,,,,,,,388.5918,393.6714,5.0793,1,0,127.2367,-0.181193358,-0.036082474,0,0,0,0,14,14,5,1,a,Il paziente ha preso il Batatrim,Il paziente ha superato la crisi,,,,,,,,,,,,,,,,,,,,,,,,,,,,,,,,,,,,,,,,,,,,,,,,,,,,,,,,,,,,,,,,,,,,,,,,,,,,,,,,,,,,,,,
,,,,,,,,pilot_participant,1,2025-04-23_18h59.59.671,CLTandFLE,2024.1.5,Win32,117.6470588,,,,,,,,,,,,,,,,,,,,,,,,,,,,,,,,,,,,,,,,,,393.6718,402.8752,9.2032,1,0,136.4399,-0.181193358,-0.036082474,0,0,0,0,15,15,32,1,c,Il paziente non ha preso il Batatrim,Il paziente ha superato la crisi,,,,,,,,,,,,,,,,,,,,,,,,,,,,,,,,,,,,,,,,,,,,,,,,,,,,,,,,,,,,,,,,,,,,,,,,,,,,,,,,,,,,,,,
,,,,,,,,pilot_participant,1,2025-04-23_18h59.59.671,CLTandFLE,2024.1.5,Win32,117.6470588,,,,,,,,,,,,,,,,,,,,,,,,,,,,,,,,,,,,,,,,,,402.8757,408.6416,5.7657,1,0,142.2056,-0.181193358,-0.036082474,0,0,0,0,16,16,12,1,a,Il paziente ha preso il Batatrim,Il paziente ha superato la crisi,,,,,,,,,,,,,,,,,,,,,,,,,,,,,,,,,,,,,,,,,,,,,,,,,,,,,,,,,,,,,,,,,,,,,,,,,,,,,,,,,,,,,,,
,,,,,,,,pilot_participant,1,2025-04-23_18h59.59.671,CLTandFLE,2024.1.5,Win32,117.6470588,,,,,,,,,,,,,,,,,,,,,,,,,,,,,,,,,,,,,,,,,,408.6419,413.1141,4.4715,0,1,146.6771,0.189940663,-0.050453022,0,0,0,0,17,17,8,1,a,Il paziente ha preso il Batatrim,Il paziente ha superato la crisi,,,,,,,,,,,,,,,,,,,,,,,,,,,,,,,,,,,,,,,,,,,,,,,,,,,,,,,,,,,,,,,,,,,,,,,,,,,,,,,,,,,,,,,
,,,,,,,,pilot_participant,1,2025-04-23_18h59.59.671,CLTandFLE,2024.1.5,Win32,117.6470588,,,,,,,,,,,,,,,,,,,,,,,,,,,,,,,,,,,,,,,,,,413.1147,418.2195,5.1045,0,1,151.7816,0.189940663,-0.050453022,0,0,0,0,18,18,19,1,b,Il paziente ha preso il Batatrim,Il paziente non ha superato la crisi,,,,,,,,,,,,,,,,,,,,,,,,,,,,,,,,,,,,,,,,,,,,,,,,,,,,,,,,,,,,,,,,,,,,,,,,,,,,,,,,,,,,,,,
,,,,,,,,pilot_participant,1,2025-04-23_18h59.59.671,CLTandFLE,2024.1.5,Win32,117.6470588,,,,,,,,,,,,,,,,,,,,,,,,,,,,,,,,,,,,,,,,,,418.2198,424.1544,5.9343,1,0,157.7159,-0.193064667,-0.054826617,0,0,0,0,19,19,30,1,c,Il paziente non ha preso il Batatrim,Il paziente ha superato la crisi,,,,,,,,,,,,,,,,,,,,,,,,,,,,,,,,,,,,,,,,,,,,,,,,,,,,,,,,,,,,,,,,,,,,,,,,,,,,,,,,,,,,,,,
,,,,,,,,pilot_participant,1,2025-04-23_18h59.59.671,CLTandFLE,2024.1.5,Win32,117.6470588,,,,,,,,,,,,,,,,,,,,,,,,,,,,,,,,,,,,,,,,,,424.1549,429.1995,5.0443,0,1,162.7602,0.178069353,-0.057325855,0,0,0,0,20,20,27,1,c,Il paziente non ha preso il Batatrim,Il paziente ha superato la crisi,,,,,,,,,,,,,,,,,,,,,,,,,,,,,,,,,,,,,,,,,,,,,,,,,,,,,,,,,,,,,,,,,,,,,,,,,,,,,,,,,,,,,,,
,,,,,,,,pilot_participant,1,2025-04-23_18h59.59.671,CLTandFLE,2024.1.5,Win32,117.6470588,,,,,,,,,,,,,,,,,,,,,,,,,,,,,,,,,,,,,,,,,,429.1997,434.1341,4.9342,1,0,167.6944,-0.126210521,-0.012339913,0,0,0,0,21,21,17,1,b,Il paziente ha preso il Batatrim,Il paziente non ha superato la crisi,,,,,,,,,,,,,,,,,,,,,,,,,,,,,,,,,,,,,,,,,,,,,,,,,,,,,,,,,,,,,,,,,,,,,,,,,,,,,,,,,,,,,,,
,,,,,,,,pilot_participant,1,2025-04-23_18h59.59.671,CLTandFLE,2024.1.5,Win32,117.6470588,,,,,,,,,,,,,,,,,,,,,,,,,,,,,,,,,,,,,,,,,,434.1346,440.0317,5.8969,1,0,173.5913,-0.196188672,-0.03295847,0,0,0,0,22,22,9,1,a,Il paziente ha preso il Batatrim,Il paziente ha superato la crisi,,,,,,,,,,,,,,,,,,,,,,,,,,,,,,,,,,,,,,,,,,,,,,,,,,,,,,,,,,,,,,,,,,,,,,,,,,,,,,,,,,,,,,,
,,,,,,,,pilot_participant,1,2025-04-23_18h59.59.671,CLTandFLE,2024.1.5,Win32,117.6470588,,,,,,,,,,,,,,,,,,,,,,,,,,,,,,,,,,,,,,,,,,440.0323,448.7345,8.7021,1,0,182.2934,-0.196188672,-0.03295847,0,0,0,0,23,23,2,1,a,Il paziente ha preso il Batatrim,Il paziente ha superato la crisi,,,,,,,,,,,,,,,,,,,,,,,,,,,,,,,,,,,,,,,,,,,,,,,,,,,,,,,,,,,,,,,,,,,,,,,,,,,,,,,,,,,,,,,
,,,,,,,,pilot_participant,1,2025-04-23_18h59.59.671,CLTandFLE,2024.1.5,Win32,117.6470588,,,,,,,,,,,,,,,,,,,,,,,,,,,,,,,,,,,,,,,,,,448.7349,455.9569,7.2217,1,0,189.5151,-0.18556701,-0.037956888,0,0,0,0,24,24,26,1,c,Il paziente non ha preso il Batatrim,Il paziente ha superato la crisi,,,,,,,,,,,,,,,,,,,,,,,,,,,,,,,,,,,,,,,,,,,,,,,,,,,,,,,,,,,,,,,,,,,,,,,,,,,,,,,,,,,,,,,
,,,,,,,,pilot_participant,1,2025-04-23_18h59.59.671,CLTandFLE,2024.1.5,Win32,117.6470588,,,,,,,,,,,,,,,,,,,,,,,,,,,,,,,,,,,,,,,,,,455.9574,461.1841,5.2264,1,0,194.7415,0.228053771,-0.04108095,0,0,0,0,25,25,20,1,c,Il paziente non ha preso il Batatrim,Il paziente ha superato la crisi,,,,,,,,,,,,,,,,,,,,,,,,,,,,,,,,,,,,,,,,,,,,,,,,,,,,,,,,,,,,,,,,,,,,,,,,,,,,,,,,,,,,,,,
,,,,,,,,pilot_participant,1,2025-04-23_18h59.59.671,CLTandFLE,2024.1.5,Win32,117.6470588,,,,,,,,,,,,,,,,,,,,,,,,,,,,,,,,,,,,,,,,,,461.1844,466.6229,5.4382,1,0,200.1797,-0.141830659,-0.036707298,0,0,0,0,26,26,1,1,a,Il paziente ha preso il Batatrim,Il paziente ha superato la crisi,,,,,,,,,,,,,,,,,,,,,,,,,,,,,,,,,,,,,,,,,,,,,,,,,,,,,,,,,,,,,,,,,,,,,,,,,,,,,,,,,,,,,,,
,,,,,,,,pilot_participant,1,2025-04-23_18h59.59.671,CLTandFLE,2024.1.5,Win32,117.6470588,,,,,,,,,,,,,,,,,,,,,,,,,,,,,,,,,,,,,,,,,,466.6235,473.1005,6.4768,1,0,206.6565,0.184942244,-0.049828198,0,0,0,0,27,27,31,1,c,Il paziente non ha preso il Batatrim,Il paziente ha superato la crisi,,,,,,,,,,,,,,,,,,,,,,,,,,,,,,,,,,,,,,,,,,,,,,,,,,,,,,,,,,,,,,,,,,,,,,,,,,,,,,,,,,,,,,,
,,,,,,,,pilot_participant,1,2025-04-23_18h59.59.671,CLTandFLE,2024.1.5,Win32,117.6470588,,,,,,,,,,,,,,,,,,,,,,,,,,,,,,,,,,,,,,,,,,473.1009,477.5599,4.4588,0,1,211.1153,0.184942244,-0.049828198,0,0,0,0,28,28,28,1,c,Il paziente non ha preso il Batatrim,Il paziente ha superato la crisi,,,,,,,,,,,,,,,,,,,,,,,,,,,,,,,,,,,,,,,,,,,,,,,,,,,,,,,,,,,,,,,,,,,,,,,,,,,,,,,,,,,,,,,
,,,,,,,,pilot_participant,1,2025-04-23_18h59.59.671,CLTandFLE,2024.1.5,Win32,117.6470588,,,,,,,,,,,,,,,,,,,,,,,,,,,,,,,,,,,,,,,,,,477.5602,483.1486,5.5882,1,0,216.7035,-0.153701968,-0.040456127,0,0,0,0,29,29,18,1,b,Il paziente ha preso il Batatrim,Il paziente non ha superato la crisi,,,,,,,,,,,,,,,,,,,,,,,,,,,,,,,,,,,,,,,,,,,,,,,,,,,,,,,,,,,,,,,,,,,,,,,,,,,,,,,,,,,,,,,
,,,,,,,,pilot_participant,1,2025-04-23_18h59.59.671,CLTandFLE,2024.1.5,Win32,117.6470588,,,,,,,,,,,,,,,,,,,,,,,,,,,,,,,,,,,,,,,,,,483.1488,488.0305,4.8814,1,0,221.5849,-0.153701968,-0.040456127,0,0,0,0,30,30,4,1,a,Il paziente ha preso il Batatrim,Il paziente ha superato la crisi,,,,,,,,,,,,,,,,,,,,,,,,,,,,,,,,,,,,,,,,,,,,,,,,,,,,,,,,,,,,,,,,,,,,,,,,,,,,,,,,,,,,,,,
,,,,,,,,pilot_participant,1,2025-04-23_18h59.59.671,CLTandFLE,2024.1.5,Win32,117.6470588,,,,,,,,,,,,,,,,,,,,,,,,,,,,,,,,,,,,,,,,,,488.0308,492.3689,4.338,1,0,225.9229,0.223680176,-0.019212746,0,0,0,0,31,31,3,1,a,Il paziente ha preso il Batatrim,Il paziente ha superato la crisi,,,,,,,,,,,,,,,,,,,,,,,,,,,,,,,,,,,,,,,,,,,,,,,,,,,,,,,,,,,,,,,,,,,,,,,,,,,,,,,,,,,,,,,
,,,,,,,,pilot_participant,1,2025-04-23_18h59.59.671,CLTandFLE,2024.1.5,Win32,117.6470588,,,,,,,,,,,,,,,,,,,,,,,,,,,,,,,,,,,,,,,,,,492.3692,496.4649,4.0954,0,1,230.0183,0.206185567,-0.037332122,0,0,0,0,32,32,0,1,a,Il paziente ha preso il Batatrim,Il paziente ha superato la crisi,,,,,,,,,,,,,,,,,,,,,,,,,,,,,,,,,,,,,,,,,,,,,,,,,,,,,,,,,,,,,,,,,,,,,,,,,,,,,,,,,,,,,,,
,,,,,,,,pilot_participant,1,2025-04-23_18h59.59.671,CLTandFLE,2024.1.5,Win32,117.6470588,,,,,,,,,,,,,,,,,,,,,,,,,,,,,,,,,,,,,,,,,,496.4652,500.5942,4.1287,0,1,234.147,0.206185567,-0.037332122,0,0,0,0,33,33,21,1,c,Il paziente non ha preso il Batatrim,Il paziente ha superato la crisi,,,,,,,,,,,,,,,,,,,,,,,,,,,,,,,,,,,,,,,,,,,,,,,,,,,,,,,,,,,,,,,,,,,,,,,,,,,,,,,,,,,,,,,
,,,,,,,,pilot_participant,1,2025-04-23_18h59.59.671,CLTandFLE,2024.1.5,Win32,117.6470588,,,,,,,,,,,,,,,,,,,,,,,,,,,,,,,,,,,,,,,,,,500.5944,506.3288,5.734,1,0,239.881,-0.158700387,-0.022961575,0,0,0,0,34,34,36,1,d,Il paziente non ha preso il Batatrim,Il paziente non ha superato la crisi,,,,,,,,,,,,,,,,,,,,,,,,,,,,,,,,,,,,,,,,,,,,,,,,,,,,,,,,,,,,,,,,,,,,,,,,,,,,,,,,,,,,,,,
,,,,,,,,pilot_participant,1,2025-04-23_18h59.59.671,CLTandFLE,2024.1.5,Win32,117.6470588,,,,,,,,,,,,,,,,,,,,,,,,,,,,,,,,,,,,,,,,,,506.3293,510.7669,4.4374,1,0,244.3184,-0.158700387,-0.022961575,0,0,0,0,35,35,10,1,a,Il paziente ha preso il Batatrim,Il paziente ha superato la crisi,,,,,,,,,,,,,,,,,,,,,,,,,,,,,,,,,,,,,,,,,,,,,,,,,,,,,,,,,,,,,,,,,,,,,,,,,,,,,,,,,,,,,,,
,,,,,,,,pilot_participant,1,2025-04-23_18h59.59.671,CLTandFLE,2024.1.5,Win32,117.6470588,,,,,,,,,,,,,,,,,,,,,,,,,,,,,,,,,,,,,,,,,,510.7673,514.9649,4.1973,1,0,248.5157,-0.158700387,-0.022961575,0,0,0,0,36,36,37,1,d,Il paziente non ha preso il Batatrim,Il paziente non ha superato la crisi,,,,,,,,,,,,,,,,,,,,,,,,,,,,,,,,,,,,,,,,,,,,,,,,,,,,,,,,,,,,,,,,,,,,,,,,,,,,,,,,,,,,,,,
,,,,,,,,pilot_participant,1,2025-04-23_18h59.59.671,CLTandFLE,2024.1.5,Win32,117.6470588,,,,,,,,,,,,,,,,,,,,,,,,,,,,,,,,,,,,,,,,,,514.9653,524.1365,9.171,1,0,257.6867,-0.158700387,-0.022961575,0,0,0,0,37,37,39,1,d,Il paziente non ha preso il Batatrim,Il paziente non ha superato la crisi,,,,,,,,,,,,,,,,,,,,,,,,,,,,,,,,,,,,,,,,,,,,,,,,,,,,,,,,,,,,,,,,,,,,,,,,,,,,,,,,,,,,,,,
,,,,,,,,pilot_participant,1,2025-04-23_18h59.59.671,CLTandFLE,2024.1.5,Win32,117.6470588,,,,,,,,,,,,,,,,,,,,,,,,,,,,,,,,,,,,,,,,,,524.1369,528.524,4.3868,1,0,262.0735,0.215557638,-0.041705717,0,0,0,0,38,38,15,1,b,Il paziente ha preso il Batatrim,Il paziente non ha superato la crisi,,,,,,,,,,,,,,,,,,,,,,,,,,,,,,,,,,,,,,,,,,,,,,,,,,,,,,,,,,,,,,,,,,,,,,,,,,,,,,,,,,,,,,,
,,,,,,,,pilot_participant,1,2025-04-23_18h59.59.671,CLTandFLE,2024.1.5,Win32,117.6470588,,,,,,,,,,,,,,,,,,,,,,,,,,,,,,,,,,,,,,,,,,528.5245,532.3688,3.8441,0,1,265.9176,0.215557638,-0.041705717,0,0,0,0,39,39,22,1,c,Il paziente non ha preso il Batatrim,Il paziente ha superato la crisi,,,,,,,,,,,,,,,,,,,,,,,,,,,,,,,,,,,,,,,,,,,,,,,,,,,,,,,,,,,,,,,,,,,,,,,,,,,,,,,,,,,,,,,
,,,,,,,,pilot_participant,1,2025-04-23_18h59.59.671,CLTandFLE,2024.1.5,Win32,117.6470588,584.849,585.3477,,,,,,,,,,,,,,,,,,,,,,,,,,,,,,,,,,,,,,,,,,,,,,,,,,,,,,,,,,,532.8688,563.4318,30.562,80,24.4471,0.00687289,-0.196657333,1,0,0,563.9314,584.8489,20.9169,35,19.3461,0.016869728,-0.189784442,1,0,0,10,40,35,10,0,0,0,0,1,,,,,,,,,,,,,,,,,,,,,,,,,,,,,,,,,,,,,,,,,,,,,,,,,,,,,,,,,,
,,,,,,,,pilot_participant,1,2025-04-23_18h59.59.671,CLTandFLE,2024.1.5,Win32,117.6470588,971.4499,971.9533,,,,,,,,,,,,,,,,,,,,,,,,,,,,,,,,,,,,,,,,,,,,,,,,,,,,,,,,,,,,,,,,,,,,,,,,,,,,,,,,,,,,,,,,704.199,712.7734,8.5738,1,6.1635,0.032489866,-0.228522375,1,0,0,20,Femmina,Sì,14,"Sì, l'ho ottenuta più di due anni fa",B2 CEFR (5.5 - 6 IELTS),TRUE,FALSE,5,9,9,7,6,FALSE,Conferma,c1ok,c2ok,c3ok,c4ok,c5ok,c6ok,c7ok,c8ok,c9ok,c10ok,c11ok,c12err,c13ok,c14err2,c15ok,c16ok,c17ok,c18err2,c19ok,c20ok,c21err3,c22ok,c23ok,c24ok,c25err3,c26ok,1320.2738,1326.8986,0,0,0,0,1
