﻿Alfa.started,Alfa.stopped,alfa_mouse.x,alfa_mouse.y,alfa_mouse.leftButton,alfa_mouse.midButton,alfa_mouse.rightButton,alfa_mouse.clicked_name,participant,group,date,expName,psychopyVersion,OS,frameRate,PROLIFIC_PID,STUDY_ID,SESSION_ID,)],ITI.started,ITI.stopped,B_consensoinformato.started,B_consensoinformato.stopped,tempo_consenso,cons_mouse.x,cons_mouse.y,cons_mouse.leftButton,cons_mouse.midButton,cons_mouse.rightButton,A_benvenuto.started,A_benvenuto.stopped,ben_mouse.x,ben_mouse.y,ben_mouse.leftButton,ben_mouse.midButton,ben_mouse.rightButton,B2_istruzioni.started,B2_istruzioni.stopped,tempo_istru,cons_mouse_2.x,cons_mouse_2.y,cons_mouse_2.leftButton,cons_mouse_2.midButton,cons_mouse_2.rightButton,SAMevaluation.started,SAMevaluation.stopped,temposam,sliderintensity.response,sliderintensity.rt,slidervalence.response,slidervalence.rt,mouse_sam.x,mouse_sam.y,mouse_sam.leftButton,mouse_sam.midButton,mouse_sam.rightButton,mouse_sam.time,mouse_sam.clicked_name,Loading.started,Loading.stopped,C_associative_task.started,C_associative_task.stopped,tempo_trial,hapremutosi,hapremutono,tempo_tasktot,mouse.x,mouse.y,mouse.leftButton,mouse.midButton,mouse.rightButton,trials.thisRepN,trials.thisTrialN,trials.thisN,trials.thisIndex,trials.ran,cond,causa,effetto,D_VD.started,D_VD.stopped,tempo_vd,vd.response,vd.rt,mouse_vd.x,mouse_vd.y,mouse_vd.leftButton,mouse_vd.midButton,mouse_vd.rightButton,Previous.started,Previous.stopped,tempo_vd1,previous.response,previous.rt,mouse_vd_2.x,mouse_vd_2.y,mouse_vd_2.leftButton,mouse_vd_2.midButton,mouse_vd_2.rightButton,EstENG.TrialSS,EstENG.TrialNS,EstENG.TrialSN,EstENG.TrialNN,ingesta.thisRepN,ingesta.thisTrialN,ingesta.thisN,ingesta.thisIndex,ingesta.ran,PF.started,PF.stopped,tempo_pf,processfluency.response,processfluency.rt,mouse_ch.x,mouse_ch.y,mouse_ch.leftButton,mouse_ch.midButton,mouse_ch.rightButton,Questionario_Lingua.Age,Questionario_Lingua.Sesso,Questionario_Lingua.StaiStudiando?,Questionario_Lingua.Anniscolarita,Questionario_Lingua.Diploma,Questionario_Lingua.ItaMADRE?,Questionario_Lingua.INGmadre?,Questionario_Lingua.Q5(AOAIng),Questionario_Lingua.INGLETTURA,Questionario_Lingua.INGCOMPRESO,Questionario_Lingua.INGSCRITTO,Questionario_Lingua.INGPARLATO,Questionario_Lingua.haivissutoestero,ProvaInglese.ProcediamoENg,ProvaInglese.C1,ProvaInglese.C2,ProvaInglese.C3,ProvaInglese.C4,ProvaInglese.C5,ProvaInglese.C6,ProvaInglese.C7,ProvaInglese.C8,ProvaInglese.C9,ProvaInglese.C10,ProvaInglese.C11,ProvaInglese.C12,ProvaInglese.C13,ProvaInglese.C14,ProvaInglese.C15,ProvaInglese.C16,ProvaInglese.C17,ProvaInglese.C18,ProvaInglese.C19,ProvaInglese.C20,ProvaInglese.C21,ProvaInglese.C22,ProvaInglese.C23,ProvaInglese.C24,ProvaInglese.C25,ProvaInglese.controlquestion,Ant_lastquestion.started,Ant_lastquestion.stopped,exp_loop.thisRepN,exp_loop.thisTrialN,exp_loop.thisN,exp_loop.thisIndex,exp_loop.ran
0.0003,7.9025,0.001098901,-0.026373626,1,0,0,alfa_mask,[(%PROLIFIC_PID,2,2025-04-16_21h47.50.859,CLTandFLE,2024.1.5,Win32,238.0952381,5ed3aa178f8d7e348fba4c5b,67ffc4c40efe1bd1090b10ee,6800088a71a29d912ac59a8d,,,,,,,,,,,,,,,,,,,,,,,,,,,,,,,,,,,,,,,,,,,,,,,,,,,,,,,,,,,,,,,,,,,,,,,,,,,,,,,,,,,,,,,,,,,,,,,,,,,,,,,,,,,,,,,,,,,,,,,,,,,,,,,,,,,,,,,,,,,,,,,,,,,
,,,,,,,,[(%PROLIFIC_PID,2,2025-04-16_21h47.50.859,CLTandFLE,2024.1.5,Win32,238.0952381,5ed3aa178f8d7e348fba4c5b,67ffc4c40efe1bd1090b10ee,6800088a71a29d912ac59a8d,,7.9026,8.1517,,,,,,,,,,,,,,,,,,,,,,,,,,,,,,,,,,,,,,,,,,,,,,,,,,,,,,,,,,,,,,,,,,,,,,,,,,,,,,,,,,,,,,,,,,,,,,,,,,,,,,,,,,,,,,,,,,,,,,,,,,,,,,,,,,,,,,,,,,,,,,,,
,,,,,,,,[(%PROLIFIC_PID,2,2025-04-16_21h47.50.859,CLTandFLE,2024.1.5,Win32,238.0952381,5ed3aa178f8d7e348fba4c5b,67ffc4c40efe1bd1090b10ee,6800088a71a29d912ac59a8d,,,,8.1519,16.0073,7.8551,0.153846154,-0.431868132,1,0,0,,,,,,,,,,,,,,,,,,,,,,,,,,,,,,,,,,,,,,,,,,,,,,,,,,,,,,,,,,,,,,,,,,,,,,,,,,,,,,,,,,,,,,,,,,,,,,,,,,,,,,,,,,,,,,,,,,,,,,,,,,,,,,,,,,,,,,,,
,,,,,,,,[(%PROLIFIC_PID,2,2025-04-16_21h47.50.859,CLTandFLE,2024.1.5,Win32,238.0952381,5ed3aa178f8d7e348fba4c5b,67ffc4c40efe1bd1090b10ee,6800088a71a29d912ac59a8d,,125.2519,125.5018,,,,,,,,,16.2569,28.4963,-0.03622393,-0.126783754,1,0,0,28.7504,106.1743,77.4236,0.023051592,-0.370472009,1,0,0,106.4284,118.0013,11.5724,0.838913282,5.5201,0.5,7.944,"[-0.003293084522502744,0.007683863885839737,-0.052689352360043906]","[0.17947310647639955,-0.015916575192096598,-0.20252469813391877]","[1,1,1]","[0,0,0]","[0,0,0]","[2.2478999999761555,6.735899999976155,11.570199999988077]","[""slidervalence"",""rettoksam""]",118.2509,125.2519,125.5124,144.2986,18.7861,0,1,18.7861,0.018660812,-0.070801317,0,0,0,0,0,0,35,1,d,The patient has not taken Batatrim,The patient has not overcome the crisis,,,,,,,,,,,,,,,,,,,,,,,,,,,,,,,,,,,,,,,,,,,,,,,,,,,,,,,,,,,,,,,,,,,,,,,,,,,,,,,,,,,,,,
,,,,,,,,[(%PROLIFIC_PID,2,2025-04-16_21h47.50.859,CLTandFLE,2024.1.5,Win32,238.0952381,5ed3aa178f8d7e348fba4c5b,67ffc4c40efe1bd1090b10ee,6800088a71a29d912ac59a8d,,,,,,,,,,,,,,,,,,,,,,,,,,,,,,,,,,,,,,,,,,,144.2989,153.2685,8.9695,0,1,27.7556,0.188803513,-0.015916575,0,0,0,0,1,1,36,1,d,The patient has not taken Batatrim,The patient has not overcome the crisis,,,,,,,,,,,,,,,,,,,,,,,,,,,,,,,,,,,,,,,,,,,,,,,,,,,,,,,,,,,,,,,,,,,,,,,,,,,,,,,,,,,,,,
,,,,,,,,[(%PROLIFIC_PID,2,2025-04-16_21h47.50.859,CLTandFLE,2024.1.5,Win32,238.0952381,5ed3aa178f8d7e348fba4c5b,67ffc4c40efe1bd1090b10ee,6800088a71a29d912ac59a8d,,,,,,,,,,,,,,,,,,,,,,,,,,,,,,,,,,,,,,,,,,,153.2687,175.1405,21.8717,0,1,49.6273,0.158068057,-0.034577387,0,0,0,0,2,2,20,1,c,The patient has not taken Batatrim,The patient has overcome the crisis,,,,,,,,,,,,,,,,,,,,,,,,,,,,,,,,,,,,,,,,,,,,,,,,,,,,,,,,,,,,,,,,,,,,,,,,,,,,,,,,,,,,,,
,,,,,,,,[(%PROLIFIC_PID,2,2025-04-16_21h47.50.859,CLTandFLE,2024.1.5,Win32,238.0952381,5ed3aa178f8d7e348fba4c5b,67ffc4c40efe1bd1090b10ee,6800088a71a29d912ac59a8d,,,,,,,,,,,,,,,,,,,,,,,,,,,,,,,,,,,,,,,,,,,175.1407,180.712,5.5711,1,0,55.1984,-0.165751921,-0.069703622,0,0,0,0,3,3,12,1,a,The patient has taken Batatrim,The patient has overcome the crisis,,,,,,,,,,,,,,,,,,,,,,,,,,,,,,,,,,,,,,,,,,,,,,,,,,,,,,,,,,,,,,,,,,,,,,,,,,,,,,,,,,,,,,
,,,,,,,,[(%PROLIFIC_PID,2,2025-04-16_21h47.50.859,CLTandFLE,2024.1.5,Win32,238.0952381,5ed3aa178f8d7e348fba4c5b,67ffc4c40efe1bd1090b10ee,6800088a71a29d912ac59a8d,,,,,,,,,,,,,,,,,,,,,,,,,,,,,,,,,,,,,,,,,,,180.7123,186.6047,5.8923,1,0,61.0907,-0.158068057,-0.060922064,0,0,0,0,4,4,1,1,a,The patient has taken Batatrim,The patient has overcome the crisis,,,,,,,,,,,,,,,,,,,,,,,,,,,,,,,,,,,,,,,,,,,,,,,,,,,,,,,,,,,,,,,,,,,,,,,,,,,,,,,,,,,,,,
,,,,,,,,[(%PROLIFIC_PID,2,2025-04-16_21h47.50.859,CLTandFLE,2024.1.5,Win32,238.0952381,5ed3aa178f8d7e348fba4c5b,67ffc4c40efe1bd1090b10ee,6800088a71a29d912ac59a8d,,,,,,,,,,,,,,,,,,,,,,,,,,,,,,,,,,,,,,,,,,,186.6049,195.7455,9.1405,0,1,70.2312,0.24039517,-0.029088913,0,0,0,0,5,5,23,1,c,The patient has not taken Batatrim,The patient has overcome the crisis,,,,,,,,,,,,,,,,,,,,,,,,,,,,,,,,,,,,,,,,,,,,,,,,,,,,,,,,,,,,,,,,,,,,,,,,,,,,,,,,,,,,,,
,,,,,,,,[(%PROLIFIC_PID,2,2025-04-16_21h47.50.859,CLTandFLE,2024.1.5,Win32,238.0952381,5ed3aa178f8d7e348fba4c5b,67ffc4c40efe1bd1090b10ee,6800088a71a29d912ac59a8d,,,,,,,,,,,,,,,,,,,,,,,,,,,,,,,,,,,,,,,,,,,195.7456,213.4667,17.721,0,1,87.9522,0.095499451,-0.055433589,0,0,0,0,6,6,22,1,c,The patient has not taken Batatrim,The patient has overcome the crisis,,,,,,,,,,,,,,,,,,,,,,,,,,,,,,,,,,,,,,,,,,,,,,,,,,,,,,,,,,,,,,,,,,,,,,,,,,,,,,,,,,,,,,
,,,,,,,,[(%PROLIFIC_PID,2,2025-04-16_21h47.50.859,CLTandFLE,2024.1.5,Win32,238.0952381,5ed3aa178f8d7e348fba4c5b,67ffc4c40efe1bd1090b10ee,6800088a71a29d912ac59a8d,,,,,,,,,,,,,,,,,,,,,,,,,,,,,,,,,,,,,,,,,,,213.467,220.6262,7.1591,0,1,95.1113,0.142700329,-0.033479693,0,0,0,0,7,7,34,1,c,The patient has not taken Batatrim,The patient has overcome the crisis,,,,,,,,,,,,,,,,,,,,,,,,,,,,,,,,,,,,,,,,,,,,,,,,,,,,,,,,,,,,,,,,,,,,,,,,,,,,,,,,,,,,,,
,,,,,,,,[(%PROLIFIC_PID,2,2025-04-16_21h47.50.859,CLTandFLE,2024.1.5,Win32,238.0952381,5ed3aa178f8d7e348fba4c5b,67ffc4c40efe1bd1090b10ee,6800088a71a29d912ac59a8d,,,,,,,,,,,,,,,,,,,,,,,,,,,,,,,,,,,,,,,,,,,220.6264,228.1815,7.555,1,0,102.6663,-0.216245884,-0.047749726,0,0,0,0,8,8,11,1,a,The patient has taken Batatrim,The patient has overcome the crisis,,,,,,,,,,,,,,,,,,,,,,,,,,,,,,,,,,,,,,,,,,,,,,,,,,,,,,,,,,,,,,,,,,,,,,,,,,,,,,,,,,,,,,
,,,,,,,,[(%PROLIFIC_PID,2,2025-04-16_21h47.50.859,CLTandFLE,2024.1.5,Win32,238.0952381,5ed3aa178f8d7e348fba4c5b,67ffc4c40efe1bd1090b10ee,6800088a71a29d912ac59a8d,,,,,,,,,,,,,,,,,,,,,,,,,,,,,,,,,,,,,,,,,,,228.1818,232.9157,4.7337,1,0,107.4,-0.23819978,-0.026893524,0,0,0,0,9,9,28,1,c,The patient has not taken Batatrim,The patient has overcome the crisis,,,,,,,,,,,,,,,,,,,,,,,,,,,,,,,,,,,,,,,,,,,,,,,,,,,,,,,,,,,,,,,,,,,,,,,,,,,,,,,,,,,,,,
,,,,,,,,[(%PROLIFIC_PID,2,2025-04-16_21h47.50.859,CLTandFLE,2024.1.5,Win32,238.0952381,5ed3aa178f8d7e348fba4c5b,67ffc4c40efe1bd1090b10ee,6800088a71a29d912ac59a8d,,,,,,,,,,,,,,,,,,,,,,,,,,,,,,,,,,,,,,,,,,,232.9159,240.6853,7.7693,0,1,115.1693,0.223929748,-0.025795829,0,0,0,0,10,10,30,1,c,The patient has not taken Batatrim,The patient has overcome the crisis,,,,,,,,,,,,,,,,,,,,,,,,,,,,,,,,,,,,,,,,,,,,,,,,,,,,,,,,,,,,,,,,,,,,,,,,,,,,,,,,,,,,,,
,,,,,,,,[(%PROLIFIC_PID,2,2025-04-16_21h47.50.859,CLTandFLE,2024.1.5,Win32,238.0952381,5ed3aa178f8d7e348fba4c5b,67ffc4c40efe1bd1090b10ee,6800088a71a29d912ac59a8d,,,,,,,,,,,,,,,,,,,,,,,,,,,,,,,,,,,,,,,,,,,240.6855,249.4148,8.7292,1,0,123.8985,-0.218441273,-0.032381998,0,0,0,0,11,11,25,1,c,The patient has not taken Batatrim,The patient has overcome the crisis,,,,,,,,,,,,,,,,,,,,,,,,,,,,,,,,,,,,,,,,,,,,,,,,,,,,,,,,,,,,,,,,,,,,,,,,,,,,,,,,,,,,,,
,,,,,,,,[(%PROLIFIC_PID,2,2025-04-16_21h47.50.859,CLTandFLE,2024.1.5,Win32,238.0952381,5ed3aa178f8d7e348fba4c5b,67ffc4c40efe1bd1090b10ee,6800088a71a29d912ac59a8d,,,,,,,,,,,,,,,,,,,,,,,,,,,,,,,,,,,,,,,,,,,249.4151,257.6108,8.1956,1,0,132.0941,-0.218441273,-0.032381998,0,0,0,0,12,12,27,1,c,The patient has not taken Batatrim,The patient has overcome the crisis,,,,,,,,,,,,,,,,,,,,,,,,,,,,,,,,,,,,,,,,,,,,,,,,,,,,,,,,,,,,,,,,,,,,,,,,,,,,,,,,,,,,,,
,,,,,,,,[(%PROLIFIC_PID,2,2025-04-16_21h47.50.859,CLTandFLE,2024.1.5,Win32,238.0952381,5ed3aa178f8d7e348fba4c5b,67ffc4c40efe1bd1090b10ee,6800088a71a29d912ac59a8d,,,,,,,,,,,,,,,,,,,,,,,,,,,,,,,,,,,,,,,,,,,257.611,268.825,11.2139,1,0,143.308,-0.271130626,0.074094402,0,0,0,0,13,13,2,1,a,The patient has taken Batatrim,The patient has overcome the crisis,,,,,,,,,,,,,,,,,,,,,,,,,,,,,,,,,,,,,,,,,,,,,,,,,,,,,,,,,,,,,,,,,,,,,,,,,,,,,,,,,,,,,,
,,,,,,,,[(%PROLIFIC_PID,2,2025-04-16_21h47.50.859,CLTandFLE,2024.1.5,Win32,238.0952381,5ed3aa178f8d7e348fba4c5b,67ffc4c40efe1bd1090b10ee,6800088a71a29d912ac59a8d,,,,,,,,,,,,,,,,,,,,,,,,,,,,,,,,,,,,,,,,,,,268.8252,282.3793,13.554,1,0,156.862,-0.183315038,-0.029088913,0,0,0,0,14,14,31,1,c,The patient has not taken Batatrim,The patient has overcome the crisis,,,,,,,,,,,,,,,,,,,,,,,,,,,,,,,,,,,,,,,,,,,,,,,,,,,,,,,,,,,,,,,,,,,,,,,,,,,,,,,,,,,,,,
,,,,,,,,[(%PROLIFIC_PID,2,2025-04-16_21h47.50.859,CLTandFLE,2024.1.5,Win32,238.0952381,5ed3aa178f8d7e348fba4c5b,67ffc4c40efe1bd1090b10ee,6800088a71a29d912ac59a8d,,,,,,,,,,,,,,,,,,,,,,,,,,,,,,,,,,,,,,,,,,,282.3795,288.5194,6.1398,1,0,163.0018,-0.183315038,-0.029088913,0,0,0,0,15,15,4,1,a,The patient has taken Batatrim,The patient has overcome the crisis,,,,,,,,,,,,,,,,,,,,,,,,,,,,,,,,,,,,,,,,,,,,,,,,,,,,,,,,,,,,,,,,,,,,,,,,,,,,,,,,,,,,,,
,,,,,,,,[(%PROLIFIC_PID,2,2025-04-16_21h47.50.859,CLTandFLE,2024.1.5,Win32,238.0952381,5ed3aa178f8d7e348fba4c5b,67ffc4c40efe1bd1090b10ee,6800088a71a29d912ac59a8d,,,,,,,,,,,,,,,,,,,,,,,,,,,,,,,,,,,,,,,,,,,288.5196,293.2453,4.7257,1,0,167.7275,-0.183315038,-0.029088913,0,0,0,0,16,16,32,1,c,The patient has not taken Batatrim,The patient has overcome the crisis,,,,,,,,,,,,,,,,,,,,,,,,,,,,,,,,,,,,,,,,,,,,,,,,,,,,,,,,,,,,,,,,,,,,,,,,,,,,,,,,,,,,,,
,,,,,,,,[(%PROLIFIC_PID,2,2025-04-16_21h47.50.859,CLTandFLE,2024.1.5,Win32,238.0952381,5ed3aa178f8d7e348fba4c5b,67ffc4c40efe1bd1090b10ee,6800088a71a29d912ac59a8d,,,,,,,,,,,,,,,,,,,,,,,,,,,,,,,,,,,,,,,,,,,293.2456,297.8441,4.5985,1,0,172.326,-0.183315038,-0.029088913,0,0,0,0,17,17,38,1,d,The patient has not taken Batatrim,The patient has not overcome the crisis,,,,,,,,,,,,,,,,,,,,,,,,,,,,,,,,,,,,,,,,,,,,,,,,,,,,,,,,,,,,,,,,,,,,,,,,,,,,,,,,,,,,,,
,,,,,,,,[(%PROLIFIC_PID,2,2025-04-16_21h47.50.859,CLTandFLE,2024.1.5,Win32,238.0952381,5ed3aa178f8d7e348fba4c5b,67ffc4c40efe1bd1090b10ee,6800088a71a29d912ac59a8d,,,,,,,,,,,,,,,,,,,,,,,,,,,,,,,,,,,,,,,,,,,297.8444,303.9924,6.1479,1,0,178.4739,-0.183315038,-0.029088913,0,0,0,0,18,18,5,1,a,The patient has taken Batatrim,The patient has overcome the crisis,,,,,,,,,,,,,,,,,,,,,,,,,,,,,,,,,,,,,,,,,,,,,,,,,,,,,,,,,,,,,,,,,,,,,,,,,,,,,,,,,,,,,,
,,,,,,,,[(%PROLIFIC_PID,2,2025-04-16_21h47.50.859,CLTandFLE,2024.1.5,Win32,238.0952381,5ed3aa178f8d7e348fba4c5b,67ffc4c40efe1bd1090b10ee,6800088a71a29d912ac59a8d,,,,,,,,,,,,,,,,,,,,,,,,,,,,,,,,,,,,,,,,,,,303.9925,315.2564,11.2638,1,0,189.7377,-0.215148189,-0.037870472,0,0,0,0,19,19,26,1,c,The patient has not taken Batatrim,The patient has overcome the crisis,,,,,,,,,,,,,,,,,,,,,,,,,,,,,,,,,,,,,,,,,,,,,,,,,,,,,,,,,,,,,,,,,,,,,,,,,,,,,,,,,,,,,,
,,,,,,,,[(%PROLIFIC_PID,2,2025-04-16_21h47.50.859,CLTandFLE,2024.1.5,Win32,238.0952381,5ed3aa178f8d7e348fba4c5b,67ffc4c40efe1bd1090b10ee,6800088a71a29d912ac59a8d,,,,,,,,,,,,,,,,,,,,,,,,,,,,,,,,,,,,,,,,,,,315.2566,326.7334,11.4766,1,0,201.2143,-0.225027442,-0.024698134,0,0,0,0,20,20,0,1,a,The patient has taken Batatrim,The patient has overcome the crisis,,,,,,,,,,,,,,,,,,,,,,,,,,,,,,,,,,,,,,,,,,,,,,,,,,,,,,,,,,,,,,,,,,,,,,,,,,,,,,,,,,,,,,
,,,,,,,,[(%PROLIFIC_PID,2,2025-04-16_21h47.50.859,CLTandFLE,2024.1.5,Win32,238.0952381,5ed3aa178f8d7e348fba4c5b,67ffc4c40efe1bd1090b10ee,6800088a71a29d912ac59a8d,,,,,,,,,,,,,,,,,,,,,,,,,,,,,,,,,,,,,,,,,,,326.7337,343.9566,17.2228,1,0,218.4371,-0.197585071,-0.040065862,0,0,0,0,21,21,19,1,b,The patient has taken Batatrim,The patient has not overcome the crisis,,,,,,,,,,,,,,,,,,,,,,,,,,,,,,,,,,,,,,,,,,,,,,,,,,,,,,,,,,,,,,,,,,,,,,,,,,,,,,,,,,,,,,
,,,,,,,,[(%PROLIFIC_PID,2,2025-04-16_21h47.50.859,CLTandFLE,2024.1.5,Win32,238.0952381,5ed3aa178f8d7e348fba4c5b,67ffc4c40efe1bd1090b10ee,6800088a71a29d912ac59a8d,,,,,,,,,,,,,,,,,,,,,,,,,,,,,,,,,,,,,,,,,,,343.9568,350.2596,6.3027,1,0,224.7398,-0.252469813,-0.010428101,0,0,0,0,22,22,13,1,a,The patient has taken Batatrim,The patient has overcome the crisis,,,,,,,,,,,,,,,,,,,,,,,,,,,,,,,,,,,,,,,,,,,,,,,,,,,,,,,,,,,,,,,,,,,,,,,,,,,,,,,,,,,,,,
,,,,,,,,[(%PROLIFIC_PID,2,2025-04-16_21h47.50.859,CLTandFLE,2024.1.5,Win32,238.0952381,5ed3aa178f8d7e348fba4c5b,67ffc4c40efe1bd1090b10ee,6800088a71a29d912ac59a8d,,,,,,,,,,,,,,,,,,,,,,,,,,,,,,,,,,,,,,,,,,,350.2598,354.8378,4.578,1,0,229.3178,-0.212952799,-0.052140505,0,0,0,0,23,23,15,1,b,The patient has taken Batatrim,The patient has not overcome the crisis,,,,,,,,,,,,,,,,,,,,,,,,,,,,,,,,,,,,,,,,,,,,,,,,,,,,,,,,,,,,,,,,,,,,,,,,,,,,,,,,,,,,,,
,,,,,,,,[(%PROLIFIC_PID,2,2025-04-16_21h47.50.859,CLTandFLE,2024.1.5,Win32,238.0952381,5ed3aa178f8d7e348fba4c5b,67ffc4c40efe1bd1090b10ee,6800088a71a29d912ac59a8d,,,,,,,,,,,,,,,,,,,,,,,,,,,,,,,,,,,,,,,,,,,354.838,359.4785,4.6404,1,0,233.9582,-0.209659715,-0.046652031,0,0,0,0,24,24,3,1,a,The patient has taken Batatrim,The patient has overcome the crisis,,,,,,,,,,,,,,,,,,,,,,,,,,,,,,,,,,,,,,,,,,,,,,,,,,,,,,,,,,,,,,,,,,,,,,,,,,,,,,,,,,,,,,
,,,,,,,,[(%PROLIFIC_PID,2,2025-04-16_21h47.50.859,CLTandFLE,2024.1.5,Win32,238.0952381,5ed3aa178f8d7e348fba4c5b,67ffc4c40efe1bd1090b10ee,6800088a71a29d912ac59a8d,,,,,,,,,,,,,,,,,,,,,,,,,,,,,,,,,,,,,,,,,,,359.4786,367.8288,8.3501,1,0,242.3083,-0.193194292,-0.025795829,0,0,0,0,25,25,16,1,b,The patient has taken Batatrim,The patient has not overcome the crisis,,,,,,,,,,,,,,,,,,,,,,,,,,,,,,,,,,,,,,,,,,,,,,,,,,,,,,,,,,,,,,,,,,,,,,,,,,,,,,,,,,,,,,
,,,,,,,,[(%PROLIFIC_PID,2,2025-04-16_21h47.50.859,CLTandFLE,2024.1.5,Win32,238.0952381,5ed3aa178f8d7e348fba4c5b,67ffc4c40efe1bd1090b10ee,6800088a71a29d912ac59a8d,,,,,,,,,,,,,,,,,,,,,,,,,,,,,,,,,,,,,,,,,,,367.8291,376.7741,8.9449,1,0,251.2532,-0.214050494,-0.034577387,0,0,0,0,26,26,17,1,b,The patient has taken Batatrim,The patient has not overcome the crisis,,,,,,,,,,,,,,,,,,,,,,,,,,,,,,,,,,,,,,,,,,,,,,,,,,,,,,,,,,,,,,,,,,,,,,,,,,,,,,,,,,,,,,
,,,,,,,,[(%PROLIFIC_PID,2,2025-04-16_21h47.50.859,CLTandFLE,2024.1.5,Win32,238.0952381,5ed3aa178f8d7e348fba4c5b,67ffc4c40efe1bd1090b10ee,6800088a71a29d912ac59a8d,,,,,,,,,,,,,,,,,,,,,,,,,,,,,,,,,,,,,,,,,,,376.7742,382.3134,5.5391,1,0,256.7923,-0.214050494,-0.034577387,0,0,0,0,27,27,14,1,b,The patient has taken Batatrim,The patient has overcome the crisis,,,,,,,,,,,,,,,,,,,,,,,,,,,,,,,,,,,,,,,,,,,,,,,,,,,,,,,,,,,,,,,,,,,,,,,,,,,,,,,,,,,,,,
,,,,,,,,[(%PROLIFIC_PID,2,2025-04-16_21h47.50.859,CLTandFLE,2024.1.5,Win32,238.0952381,5ed3aa178f8d7e348fba4c5b,67ffc4c40efe1bd1090b10ee,6800088a71a29d912ac59a8d,,,,,,,,,,,,,,,,,,,,,,,,,,,,,,,,,,,,,,,,,,,382.3136,393.5096,11.1959,1,0,267.9882,-0.225027442,-0.044456641,0,0,0,0,28,28,9,1,a,The patient has taken Batatrim,The patient has overcome the crisis,,,,,,,,,,,,,,,,,,,,,,,,,,,,,,,,,,,,,,,,,,,,,,,,,,,,,,,,,,,,,,,,,,,,,,,,,,,,,,,,,,,,,,
,,,,,,,,[(%PROLIFIC_PID,2,2025-04-16_21h47.50.859,CLTandFLE,2024.1.5,Win32,238.0952381,5ed3aa178f8d7e348fba4c5b,67ffc4c40efe1bd1090b10ee,6800088a71a29d912ac59a8d,,,,,,,,,,,,,,,,,,,,,,,,,,,,,,,,,,,,,,,,,,,393.5099,398.9573,5.4473,1,0,273.4355,-0.225027442,-0.044456641,0,0,0,0,29,29,7,1,a,The patient has taken Batatrim,The patient has overcome the crisis,,,,,,,,,,,,,,,,,,,,,,,,,,,,,,,,,,,,,,,,,,,,,,,,,,,,,,,,,,,,,,,,,,,,,,,,,,,,,,,,,,,,,,
,,,,,,,,[(%PROLIFIC_PID,2,2025-04-16_21h47.50.859,CLTandFLE,2024.1.5,Win32,238.0952381,5ed3aa178f8d7e348fba4c5b,67ffc4c40efe1bd1090b10ee,6800088a71a29d912ac59a8d,,,,,,,,,,,,,,,,,,,,,,,,,,,,,,,,,,,,,,,,,,,398.9575,408.9561,9.9986,1,0,283.4341,0.416026345,0.235455543,0,0,0,0,30,30,24,1,c,The patient has not taken Batatrim,The patient has overcome the crisis,,,,,,,,,,,,,,,,,,,,,,,,,,,,,,,,,,,,,,,,,,,,,,,,,,,,,,,,,,,,,,,,,,,,,,,,,,,,,,,,,,,,,,
,,,,,,,,[(%PROLIFIC_PID,2,2025-04-16_21h47.50.859,CLTandFLE,2024.1.5,Win32,238.0952381,5ed3aa178f8d7e348fba4c5b,67ffc4c40efe1bd1090b10ee,6800088a71a29d912ac59a8d,,,,,,,,,,,,,,,,,,,,,,,,,,,,,,,,,,,,,,,,,,,408.9564,429.7483,20.7918,1,0,304.2259,-0.205268935,-0.042261251,0,0,0,0,31,31,39,1,d,The patient has not taken Batatrim,The patient has not overcome the crisis,,,,,,,,,,,,,,,,,,,,,,,,,,,,,,,,,,,,,,,,,,,,,,,,,,,,,,,,,,,,,,,,,,,,,,,,,,,,,,,,,,,,,,
,,,,,,,,[(%PROLIFIC_PID,2,2025-04-16_21h47.50.859,CLTandFLE,2024.1.5,Win32,238.0952381,5ed3aa178f8d7e348fba4c5b,67ffc4c40efe1bd1090b10ee,6800088a71a29d912ac59a8d,,,,,,,,,,,,,,,,,,,,,,,,,,,,,,,,,,,,,,,,,,,429.7485,439.9145,10.1658,1,0,314.3917,-0.117453348,0.024698134,0,0,0,0,32,32,33,1,c,The patient has not taken Batatrim,The patient has overcome the crisis,,,,,,,,,,,,,,,,,,,,,,,,,,,,,,,,,,,,,,,,,,,,,,,,,,,,,,,,,,,,,,,,,,,,,,,,,,,,,,,,,,,,,,
,,,,,,,,[(%PROLIFIC_PID,2,2025-04-16_21h47.50.859,CLTandFLE,2024.1.5,Win32,238.0952381,5ed3aa178f8d7e348fba4c5b,67ffc4c40efe1bd1090b10ee,6800088a71a29d912ac59a8d,,,,,,,,,,,,,,,,,,,,,,,,,,,,,,,,,,,,,,,,,,,439.9146,444.8442,4.9294,1,0,319.3211,-0.176728869,-0.010428101,0,0,0,0,33,33,10,1,a,The patient has taken Batatrim,The patient has overcome the crisis,,,,,,,,,,,,,,,,,,,,,,,,,,,,,,,,,,,,,,,,,,,,,,,,,,,,,,,,,,,,,,,,,,,,,,,,,,,,,,,,,,,,,,
,,,,,,,,[(%PROLIFIC_PID,2,2025-04-16_21h47.50.859,CLTandFLE,2024.1.5,Win32,238.0952381,5ed3aa178f8d7e348fba4c5b,67ffc4c40efe1bd1090b10ee,6800088a71a29d912ac59a8d,,,,,,,,,,,,,,,,,,,,,,,,,,,,,,,,,,,,,,,,,,,444.8444,449.143,4.2985,1,0,323.6196,-0.081229418,0.301317234,0,0,0,0,34,34,6,1,a,The patient has taken Batatrim,The patient has overcome the crisis,,,,,,,,,,,,,,,,,,,,,,,,,,,,,,,,,,,,,,,,,,,,,,,,,,,,,,,,,,,,,,,,,,,,,,,,,,,,,,,,,,,,,,
,,,,,,,,[(%PROLIFIC_PID,2,2025-04-16_21h47.50.859,CLTandFLE,2024.1.5,Win32,238.0952381,5ed3aa178f8d7e348fba4c5b,67ffc4c40efe1bd1090b10ee,6800088a71a29d912ac59a8d,,,,,,,,,,,,,,,,,,,,,,,,,,,,,,,,,,,,,,,,,,,449.1432,453.1183,3.9751,0,1,327.5947,-0.612513721,0.514270033,0,0,0,0,35,35,37,1,d,The patient has not taken Batatrim,The patient has not overcome the crisis,,,,,,,,,,,,,,,,,,,,,,,,,,,,,,,,,,,,,,,,,,,,,,,,,,,,,,,,,,,,,,,,,,,,,,,,,,,,,,,,,,,,,,
,,,,,,,,[(%PROLIFIC_PID,2,2025-04-16_21h47.50.859,CLTandFLE,2024.1.5,Win32,238.0952381,5ed3aa178f8d7e348fba4c5b,67ffc4c40efe1bd1090b10ee,6800088a71a29d912ac59a8d,,,,,,,,,,,,,,,,,,,,,,,,,,,,,,,,,,,,,,,,,,,453.1185,458.7054,5.5868,0,1,333.1815,-0.298572997,0.154226125,0,0,0,0,36,36,21,1,c,The patient has not taken Batatrim,The patient has overcome the crisis,,,,,,,,,,,,,,,,,,,,,,,,,,,,,,,,,,,,,,,,,,,,,,,,,,,,,,,,,,,,,,,,,,,,,,,,,,,,,,,,,,,,,,
,,,,,,,,[(%PROLIFIC_PID,2,2025-04-16_21h47.50.859,CLTandFLE,2024.1.5,Win32,238.0952381,5ed3aa178f8d7e348fba4c5b,67ffc4c40efe1bd1090b10ee,6800088a71a29d912ac59a8d,,,,,,,,,,,,,,,,,,,,,,,,,,,,,,,,,,,,,,,,,,,458.7057,463.1573,4.4515,1,0,337.633,-0.211855104,-0.032381998,0,0,0,0,37,37,18,1,b,The patient has taken Batatrim,The patient has not overcome the crisis,,,,,,,,,,,,,,,,,,,,,,,,,,,,,,,,,,,,,,,,,,,,,,,,,,,,,,,,,,,,,,,,,,,,,,,,,,,,,,,,,,,,,,
,,,,,,,,[(%PROLIFIC_PID,2,2025-04-16_21h47.50.859,CLTandFLE,2024.1.5,Win32,238.0952381,5ed3aa178f8d7e348fba4c5b,67ffc4c40efe1bd1090b10ee,6800088a71a29d912ac59a8d,,,,,,,,,,,,,,,,,,,,,,,,,,,,,,,,,,,,,,,,,,,463.1574,468.2102,5.0527,1,0,342.6857,-0.211855104,-0.0532382,0,0,0,0,38,38,29,1,c,The patient has not taken Batatrim,The patient has overcome the crisis,,,,,,,,,,,,,,,,,,,,,,,,,,,,,,,,,,,,,,,,,,,,,,,,,,,,,,,,,,,,,,,,,,,,,,,,,,,,,,,,,,,,,,
,,,,,,,,[(%PROLIFIC_PID,2,2025-04-16_21h47.50.859,CLTandFLE,2024.1.5,Win32,238.0952381,5ed3aa178f8d7e348fba4c5b,67ffc4c40efe1bd1090b10ee,6800088a71a29d912ac59a8d,,,,,,,,,,,,,,,,,,,,,,,,,,,,,,,,,,,,,,,,,,,468.2105,473.8008,5.5902,1,0,348.2759,-0.215148189,-0.032381998,0,0,0,0,39,39,8,1,a,The patient has taken Batatrim,The patient has overcome the crisis,,,,,,,,,,,,,,,,,,,,,,,,,,,,,,,,,,,,,,,,,,,,,,,,,,,,,,,,,,,,,,,,,,,,,,,,,,,,,,,,,,,,,,
,,,,,,,,[(%PROLIFIC_PID,2,2025-04-16_21h47.50.859,CLTandFLE,2024.1.5,Win32,238.0952381,5ed3aa178f8d7e348fba4c5b,67ffc4c40efe1bd1090b10ee,6800088a71a29d912ac59a8d,,505.1032,505.353,,,,,,,,,,,,,,,,,,,,,,,,,,,,,,,,,,,,,,,,,,,,,,,,,,,,,,,,,,,474.0485,490.0635,16.0146,67,13.9652,0.020856202,-0.180570801,1,0,0,490.3135,505.1031,14.7894,70,13.7111,0.038419319,-0.200329308,1,0,0,33,16,7,17,0,0,0,0,1,,,,,,,,,,,,,,,,,,,,,,,,,,,,,,,,,,,,,,,,,,,,,,,,,,,,,,,,,
,,,,,,,,[(%PROLIFIC_PID,2,2025-04-16_21h47.50.859,CLTandFLE,2024.1.5,Win32,238.0952381,5ed3aa178f8d7e348fba4c5b,67ffc4c40efe1bd1090b10ee,6800088a71a29d912ac59a8d,,663.0821,663.3302,,,,,,,,,,,,,,,,,,,,,,,,,,,,,,,,,,,,,,,,,,,,,,,,,,,,,,,,,,,,,,,,,,,,,,,,,,,,,,,,,,,,,,,,564.6616,569.8222,5.1603,1,4.1599,-0.016465423,-0.214599341,1,0,0,45,Maschio,No,16,No,TRUE,FALSE,10,10,10,7,8,FALSE,Conferma,c1ok,c2ok,c3ok,c4ok,c5ok,c6ok,c7ok,c8ok,c9ok,c10ok,c11ok,c12err,c13ok,c14ok,c15ok,c16ok,c17ok,c18ok,c19err2,c20err2,c21ok,c22ok,c23ok,c24ok,c25ok,c26ok,905.5438,912.1428,0,0,0,0,1
