﻿Alfa.started,Alfa.stopped,alfa_mouse.x,alfa_mouse.y,alfa_mouse.leftButton,alfa_mouse.midButton,alfa_mouse.rightButton,alfa_mouse.clicked_name,participant,group,date,expName,psychopyVersion,OS,frameRate,PROLIFIC_PID,STUDY_ID,SESSION_ID,)],ITI.started,ITI.stopped,B_consensoinformato.started,B_consensoinformato.stopped,tempo_consenso,cons_mouse.x,cons_mouse.y,cons_mouse.leftButton,cons_mouse.midButton,cons_mouse.rightButton,A_benvenuto.started,A_benvenuto.stopped,ben_mouse.x,ben_mouse.y,ben_mouse.leftButton,ben_mouse.midButton,ben_mouse.rightButton,B2_istruzioni.started,B2_istruzioni.stopped,tempo_istru,cons_mouse_2.x,cons_mouse_2.y,cons_mouse_2.leftButton,cons_mouse_2.midButton,cons_mouse_2.rightButton,SAMevaluation.started,SAMevaluation.stopped,temposam,sliderintensity.response,sliderintensity.rt,slidervalence.response,slidervalence.rt,mouse_sam.x,mouse_sam.y,mouse_sam.leftButton,mouse_sam.midButton,mouse_sam.rightButton,mouse_sam.time,mouse_sam.clicked_name,Loading.started,Loading.stopped,C_associative_task.started,C_associative_task.stopped,tempo_trial,hapremutosi,hapremutono,tempo_tasktot,mouse.x,mouse.y,mouse.leftButton,mouse.midButton,mouse.rightButton,trials.thisRepN,trials.thisTrialN,trials.thisN,trials.thisIndex,trials.ran,cond,causa,effetto,D_VD.started,D_VD.stopped,tempo_vd,vd.response,vd.rt,mouse_vd.x,mouse_vd.y,mouse_vd.leftButton,mouse_vd.midButton,mouse_vd.rightButton,Previous.started,Previous.stopped,tempo_vd1,previous.response,previous.rt,mouse_vd_2.x,mouse_vd_2.y,mouse_vd_2.leftButton,mouse_vd_2.midButton,mouse_vd_2.rightButton,EstENG.TrialSN,EstENG.TrialNS,EstENG.TrialSS,EstENG.TrialNN,ingesta.thisRepN,ingesta.thisTrialN,ingesta.thisN,ingesta.thisIndex,ingesta.ran,PF.started,PF.stopped,tempo_pf,processfluency.response,processfluency.rt,mouse_ch.x,mouse_ch.y,mouse_ch.leftButton,mouse_ch.midButton,mouse_ch.rightButton,Questionario_Lingua.Age,Questionario_Lingua.Sesso,Questionario_Lingua.StaiStudiando?,Questionario_Lingua.Anniscolarita,Questionario_Lingua.Diploma,Questionario_Lingua.ItaMADRE?,Questionario_Lingua.INGmadre?,Questionario_Lingua.Q5(AOAIng),Questionario_Lingua.INGLETTURA,Questionario_Lingua.INGCOMPRESO,Questionario_Lingua.INGSCRITTO,Questionario_Lingua.INGPARLATO,Questionario_Lingua.haivissutoestero,ProvaInglese.ProcediamoENg,ProvaInglese.C1,ProvaInglese.C2,ProvaInglese.C3,ProvaInglese.C4,ProvaInglese.C5,ProvaInglese.C6,ProvaInglese.C7,ProvaInglese.C8,ProvaInglese.C9,ProvaInglese.C10,ProvaInglese.C11,ProvaInglese.C12,ProvaInglese.C13,ProvaInglese.C14,ProvaInglese.C15,ProvaInglese.C16,ProvaInglese.C17,ProvaInglese.C18,ProvaInglese.C19,ProvaInglese.C20,ProvaInglese.C21,ProvaInglese.C22,ProvaInglese.C23,ProvaInglese.C24,ProvaInglese.C25,ProvaInglese.controlquestion,Ant_lastquestion.started,Ant_lastquestion.stopped,exp_loop.thisRepN,exp_loop.thisTrialN,exp_loop.thisN,exp_loop.thisIndex,exp_loop.ran
0.003,7.18,0.042391304,-0.013586957,1,0,0,alfa_mask,[(%PROLIFIC_PID,2,2025-04-16_20h47.17.578,CLTandFLE,2024.1.5,MacIntel,60.0240096,5f9870b69714b013c6293f90,67ffc4c40efe1bd1090b10ee,67fffb0df9f38a28702a4a88,,,,,,,,,,,,,,,,,,,,,,,,,,,,,,,,,,,,,,,,,,,,,,,,,,,,,,,,,,,,,,,,,,,,,,,,,,,,,,,,,,,,,,,,,,,,,,,,,,,,,,,,,,,,,,,,,,,,,,,,,,,,,,,,,,,,,,,,,,,,,,,,,,,
,,,,,,,,[(%PROLIFIC_PID,2,2025-04-16_20h47.17.578,CLTandFLE,2024.1.5,MacIntel,60.0240096,5f9870b69714b013c6293f90,67ffc4c40efe1bd1090b10ee,67fffb0df9f38a28702a4a88,,7.18,8.179,,,,,,,,,,,,,,,,,,,,,,,,,,,,,,,,,,,,,,,,,,,,,,,,,,,,,,,,,,,,,,,,,,,,,,,,,,,,,,,,,,,,,,,,,,,,,,,,,,,,,,,,,,,,,,,,,,,,,,,,,,,,,,,,,,,,,,,,,,,,,,,,
,,,,,,,,[(%PROLIFIC_PID,2,2025-04-16_20h47.17.578,CLTandFLE,2024.1.5,MacIntel,60.0240096,5f9870b69714b013c6293f90,67ffc4c40efe1bd1090b10ee,67fffb0df9f38a28702a4a88,,,,8.179,17.029,8.849,0.182608696,-0.383152174,1,0,0,,,,,,,,,,,,,,,,,,,,,,,,,,,,,,,,,,,,,,,,,,,,,,,,,,,,,,,,,,,,,,,,,,,,,,,,,,,,,,,,,,,,,,,,,,,,,,,,,,,,,,,,,,,,,,,,,,,,,,,,,,,,,,,,,,,,,,,,
,,,,,,,,[(%PROLIFIC_PID,2,2025-04-16_20h47.17.578,CLTandFLE,2024.1.5,MacIntel,60.0240096,5f9870b69714b013c6293f90,67ffc4c40efe1bd1090b10ee,67fffb0df9f38a28702a4a88,,121.778,122.777,,,,,,,,,18.029,20.245,0.00326087,-0.044565217,1,0,0,21.245,94.812,73.566,0,-0.383152174,1,0,0,95.812,113.78,17.965,0.671195652,17.192,0.274456522,6.951,"[-0.003260869565217391,0.004347826086956522,-0.17608695652173914,-0.010869565217391304]","[0.20108695652173914,0.008152173913043478,0.01847826086956522,-0.2233695652173913]","[1,1,1,1]","[0,0,0,0]","[0,0,0,0]","[3.9369999999999976,8.155000000000001,15.820999999999998,17.953000000000003]","[""sliderintensity"",""rettoksam""]",114.778,121.778,122.799,131.394,8.595,1,0,8.595,0.002173913,-0.176630435,0,0,0,0,0,0,23,1,c,The patient has not taken Batatrim,The patient has overcome the crisis,,,,,,,,,,,,,,,,,,,,,,,,,,,,,,,,,,,,,,,,,,,,,,,,,,,,,,,,,,,,,,,,,,,,,,,,,,,,,,,,,,,,,,
,,,,,,,,[(%PROLIFIC_PID,2,2025-04-16_20h47.17.578,CLTandFLE,2024.1.5,MacIntel,60.0240096,5f9870b69714b013c6293f90,67ffc4c40efe1bd1090b10ee,67fffb0df9f38a28702a4a88,,,,,,,,,,,,,,,,,,,,,,,,,,,,,,,,,,,,,,,,,,,131.395,138.194,6.799,1,0,15.394,0.122282609,-0.291847826,0,0,0,0,1,1,27,1,c,The patient has not taken Batatrim,The patient has overcome the crisis,,,,,,,,,,,,,,,,,,,,,,,,,,,,,,,,,,,,,,,,,,,,,,,,,,,,,,,,,,,,,,,,,,,,,,,,,,,,,,,,,,,,,,
,,,,,,,,[(%PROLIFIC_PID,2,2025-04-16_20h47.17.578,CLTandFLE,2024.1.5,MacIntel,60.0240096,5f9870b69714b013c6293f90,67ffc4c40efe1bd1090b10ee,67fffb0df9f38a28702a4a88,,,,,,,,,,,,,,,,,,,,,,,,,,,,,,,,,,,,,,,,,,,138.196,144.16,5.964,1,0,21.358,0.139130435,-0.219565217,0,0,0,0,2,2,35,1,d,The patient has not taken Batatrim,The patient has not overcome the crisis,,,,,,,,,,,,,,,,,,,,,,,,,,,,,,,,,,,,,,,,,,,,,,,,,,,,,,,,,,,,,,,,,,,,,,,,,,,,,,,,,,,,,,
,,,,,,,,[(%PROLIFIC_PID,2,2025-04-16_20h47.17.578,CLTandFLE,2024.1.5,MacIntel,60.0240096,5f9870b69714b013c6293f90,67ffc4c40efe1bd1090b10ee,67fffb0df9f38a28702a4a88,,,,,,,,,,,,,,,,,,,,,,,,,,,,,,,,,,,,,,,,,,,144.161,149.511,5.35,1,0,26.708,0.057065217,-0.246195652,0,0,0,0,3,3,7,1,a,The patient has taken Batatrim,The patient has overcome the crisis,,,,,,,,,,,,,,,,,,,,,,,,,,,,,,,,,,,,,,,,,,,,,,,,,,,,,,,,,,,,,,,,,,,,,,,,,,,,,,,,,,,,,,
,,,,,,,,[(%PROLIFIC_PID,2,2025-04-16_20h47.17.578,CLTandFLE,2024.1.5,MacIntel,60.0240096,5f9870b69714b013c6293f90,67ffc4c40efe1bd1090b10ee,67fffb0df9f38a28702a4a88,,,,,,,,,,,,,,,,,,,,,,,,,,,,,,,,,,,,,,,,,,,149.511,155.46,5.949,0,1,32.657,-0.032065217,-0.225543478,0,0,0,0,4,4,37,1,d,The patient has not taken Batatrim,The patient has not overcome the crisis,,,,,,,,,,,,,,,,,,,,,,,,,,,,,,,,,,,,,,,,,,,,,,,,,,,,,,,,,,,,,,,,,,,,,,,,,,,,,,,,,,,,,,
,,,,,,,,[(%PROLIFIC_PID,2,2025-04-16_20h47.17.578,CLTandFLE,2024.1.5,MacIntel,60.0240096,5f9870b69714b013c6293f90,67ffc4c40efe1bd1090b10ee,67fffb0df9f38a28702a4a88,,,,,,,,,,,,,,,,,,,,,,,,,,,,,,,,,,,,,,,,,,,155.461,160.21,4.749,1,0,37.406,-0.024456522,-0.25923913,0,0,0,0,5,5,18,1,b,The patient has taken Batatrim,The patient has not overcome the crisis,,,,,,,,,,,,,,,,,,,,,,,,,,,,,,,,,,,,,,,,,,,,,,,,,,,,,,,,,,,,,,,,,,,,,,,,,,,,,,,,,,,,,,
,,,,,,,,[(%PROLIFIC_PID,2,2025-04-16_20h47.17.578,CLTandFLE,2024.1.5,MacIntel,60.0240096,5f9870b69714b013c6293f90,67ffc4c40efe1bd1090b10ee,67fffb0df9f38a28702a4a88,,,,,,,,,,,,,,,,,,,,,,,,,,,,,,,,,,,,,,,,,,,160.211,165.428,5.216,1,0,42.622,0.143478261,-0.275,0,0,0,0,6,6,39,1,d,The patient has not taken Batatrim,The patient has not overcome the crisis,,,,,,,,,,,,,,,,,,,,,,,,,,,,,,,,,,,,,,,,,,,,,,,,,,,,,,,,,,,,,,,,,,,,,,,,,,,,,,,,,,,,,,
,,,,,,,,[(%PROLIFIC_PID,2,2025-04-16_20h47.17.578,CLTandFLE,2024.1.5,MacIntel,60.0240096,5f9870b69714b013c6293f90,67ffc4c40efe1bd1090b10ee,67fffb0df9f38a28702a4a88,,,,,,,,,,,,,,,,,,,,,,,,,,,,,,,,,,,,,,,,,,,165.428,173.144,7.715,1,0,50.337,0.015217391,-0.3375,0,0,0,0,7,7,6,1,a,The patient has taken Batatrim,The patient has overcome the crisis,,,,,,,,,,,,,,,,,,,,,,,,,,,,,,,,,,,,,,,,,,,,,,,,,,,,,,,,,,,,,,,,,,,,,,,,,,,,,,,,,,,,,,
,,,,,,,,[(%PROLIFIC_PID,2,2025-04-16_20h47.17.578,CLTandFLE,2024.1.5,MacIntel,60.0240096,5f9870b69714b013c6293f90,67ffc4c40efe1bd1090b10ee,67fffb0df9f38a28702a4a88,,,,,,,,,,,,,,,,,,,,,,,,,,,,,,,,,,,,,,,,,,,173.147,178.761,5.613,1,0,55.95,0.091304348,-0.301086957,0,0,0,0,8,8,2,1,a,The patient has taken Batatrim,The patient has overcome the crisis,,,,,,,,,,,,,,,,,,,,,,,,,,,,,,,,,,,,,,,,,,,,,,,,,,,,,,,,,,,,,,,,,,,,,,,,,,,,,,,,,,,,,,
,,,,,,,,[(%PROLIFIC_PID,2,2025-04-16_20h47.17.578,CLTandFLE,2024.1.5,MacIntel,60.0240096,5f9870b69714b013c6293f90,67ffc4c40efe1bd1090b10ee,67fffb0df9f38a28702a4a88,,,,,,,,,,,,,,,,,,,,,,,,,,,,,,,,,,,,,,,,,,,178.762,188.743,9.981,1,0,65.931,0.155434783,-0.36576087,0,0,0,0,9,9,36,1,d,The patient has not taken Batatrim,The patient has not overcome the crisis,,,,,,,,,,,,,,,,,,,,,,,,,,,,,,,,,,,,,,,,,,,,,,,,,,,,,,,,,,,,,,,,,,,,,,,,,,,,,,,,,,,,,,
,,,,,,,,[(%PROLIFIC_PID,2,2025-04-16_20h47.17.578,CLTandFLE,2024.1.5,MacIntel,60.0240096,5f9870b69714b013c6293f90,67ffc4c40efe1bd1090b10ee,67fffb0df9f38a28702a4a88,,,,,,,,,,,,,,,,,,,,,,,,,,,,,,,,,,,,,,,,,,,188.744,194.51,5.766,0,1,71.697,0.173913043,-0.302173913,0,0,0,0,10,10,21,1,c,The patient has not taken Batatrim,The patient has overcome the crisis,,,,,,,,,,,,,,,,,,,,,,,,,,,,,,,,,,,,,,,,,,,,,,,,,,,,,,,,,,,,,,,,,,,,,,,,,,,,,,,,,,,,,,
,,,,,,,,[(%PROLIFIC_PID,2,2025-04-16_20h47.17.578,CLTandFLE,2024.1.5,MacIntel,60.0240096,5f9870b69714b013c6293f90,67ffc4c40efe1bd1090b10ee,67fffb0df9f38a28702a4a88,,,,,,,,,,,,,,,,,,,,,,,,,,,,,,,,,,,,,,,,,,,194.511,199.576,5.065,0,1,76.762,0.124456522,-0.283152174,0,0,0,0,11,11,1,1,a,The patient has taken Batatrim,The patient has overcome the crisis,,,,,,,,,,,,,,,,,,,,,,,,,,,,,,,,,,,,,,,,,,,,,,,,,,,,,,,,,,,,,,,,,,,,,,,,,,,,,,,,,,,,,,
,,,,,,,,[(%PROLIFIC_PID,2,2025-04-16_20h47.17.578,CLTandFLE,2024.1.5,MacIntel,60.0240096,5f9870b69714b013c6293f90,67ffc4c40efe1bd1090b10ee,67fffb0df9f38a28702a4a88,,,,,,,,,,,,,,,,,,,,,,,,,,,,,,,,,,,,,,,,,,,199.577,204.194,4.616,1,0,81.378,0.05923913,-0.252717391,0,0,0,0,12,12,10,1,a,The patient has taken Batatrim,The patient has overcome the crisis,,,,,,,,,,,,,,,,,,,,,,,,,,,,,,,,,,,,,,,,,,,,,,,,,,,,,,,,,,,,,,,,,,,,,,,,,,,,,,,,,,,,,,
,,,,,,,,[(%PROLIFIC_PID,2,2025-04-16_20h47.17.578,CLTandFLE,2024.1.5,MacIntel,60.0240096,5f9870b69714b013c6293f90,67ffc4c40efe1bd1090b10ee,67fffb0df9f38a28702a4a88,,,,,,,,,,,,,,,,,,,,,,,,,,,,,,,,,,,,,,,,,,,204.196,209.694,5.497,0,1,86.875,0.081521739,-0.152173913,0,0,0,0,13,13,30,1,c,The patient has not taken Batatrim,The patient has overcome the crisis,,,,,,,,,,,,,,,,,,,,,,,,,,,,,,,,,,,,,,,,,,,,,,,,,,,,,,,,,,,,,,,,,,,,,,,,,,,,,,,,,,,,,,
,,,,,,,,[(%PROLIFIC_PID,2,2025-04-16_20h47.17.578,CLTandFLE,2024.1.5,MacIntel,60.0240096,5f9870b69714b013c6293f90,67ffc4c40efe1bd1090b10ee,67fffb0df9f38a28702a4a88,,,,,,,,,,,,,,,,,,,,,,,,,,,,,,,,,,,,,,,,,,,209.695,214.977,5.281,1,0,92.156,-0.19076087,-0.034782609,0,0,0,0,14,14,20,1,c,The patient has not taken Batatrim,The patient has overcome the crisis,,,,,,,,,,,,,,,,,,,,,,,,,,,,,,,,,,,,,,,,,,,,,,,,,,,,,,,,,,,,,,,,,,,,,,,,,,,,,,,,,,,,,,
,,,,,,,,[(%PROLIFIC_PID,2,2025-04-16_20h47.17.578,CLTandFLE,2024.1.5,MacIntel,60.0240096,5f9870b69714b013c6293f90,67ffc4c40efe1bd1090b10ee,67fffb0df9f38a28702a4a88,,,,,,,,,,,,,,,,,,,,,,,,,,,,,,,,,,,,,,,,,,,214.979,219.61,4.63,1,0,96.786,0.048369565,-0.197826087,0,0,0,0,15,15,3,1,a,The patient has taken Batatrim,The patient has overcome the crisis,,,,,,,,,,,,,,,,,,,,,,,,,,,,,,,,,,,,,,,,,,,,,,,,,,,,,,,,,,,,,,,,,,,,,,,,,,,,,,,,,,,,,,
,,,,,,,,[(%PROLIFIC_PID,2,2025-04-16_20h47.17.578,CLTandFLE,2024.1.5,MacIntel,60.0240096,5f9870b69714b013c6293f90,67ffc4c40efe1bd1090b10ee,67fffb0df9f38a28702a4a88,,,,,,,,,,,,,,,,,,,,,,,,,,,,,,,,,,,,,,,,,,,219.611,224.344,4.733,1,0,101.519,0.005978261,-0.27173913,0,0,0,0,16,16,13,1,a,The patient has taken Batatrim,The patient has overcome the crisis,,,,,,,,,,,,,,,,,,,,,,,,,,,,,,,,,,,,,,,,,,,,,,,,,,,,,,,,,,,,,,,,,,,,,,,,,,,,,,,,,,,,,,
,,,,,,,,[(%PROLIFIC_PID,2,2025-04-16_20h47.17.578,CLTandFLE,2024.1.5,MacIntel,60.0240096,5f9870b69714b013c6293f90,67ffc4c40efe1bd1090b10ee,67fffb0df9f38a28702a4a88,,,,,,,,,,,,,,,,,,,,,,,,,,,,,,,,,,,,,,,,,,,224.345,228.659,4.314,1,0,105.833,0.01576087,-0.286413043,0,0,0,0,17,17,14,1,b,The patient has taken Batatrim,The patient has overcome the crisis,,,,,,,,,,,,,,,,,,,,,,,,,,,,,,,,,,,,,,,,,,,,,,,,,,,,,,,,,,,,,,,,,,,,,,,,,,,,,,,,,,,,,,
,,,,,,,,[(%PROLIFIC_PID,2,2025-04-16_20h47.17.578,CLTandFLE,2024.1.5,MacIntel,60.0240096,5f9870b69714b013c6293f90,67ffc4c40efe1bd1090b10ee,67fffb0df9f38a28702a4a88,,,,,,,,,,,,,,,,,,,,,,,,,,,,,,,,,,,,,,,,,,,228.66,233.56,4.9,1,0,110.733,0.0125,-0.393478261,0,0,0,0,18,18,29,1,c,The patient has not taken Batatrim,The patient has overcome the crisis,,,,,,,,,,,,,,,,,,,,,,,,,,,,,,,,,,,,,,,,,,,,,,,,,,,,,,,,,,,,,,,,,,,,,,,,,,,,,,,,,,,,,,
,,,,,,,,[(%PROLIFIC_PID,2,2025-04-16_20h47.17.578,CLTandFLE,2024.1.5,MacIntel,60.0240096,5f9870b69714b013c6293f90,67ffc4c40efe1bd1090b10ee,67fffb0df9f38a28702a4a88,,,,,,,,,,,,,,,,,,,,,,,,,,,,,,,,,,,,,,,,,,,233.561,238.594,5.032,1,0,115.765,-0.001630435,-0.201630435,0,0,0,0,19,19,22,1,c,The patient has not taken Batatrim,The patient has overcome the crisis,,,,,,,,,,,,,,,,,,,,,,,,,,,,,,,,,,,,,,,,,,,,,,,,,,,,,,,,,,,,,,,,,,,,,,,,,,,,,,,,,,,,,,
,,,,,,,,[(%PROLIFIC_PID,2,2025-04-16_20h47.17.578,CLTandFLE,2024.1.5,MacIntel,60.0240096,5f9870b69714b013c6293f90,67ffc4c40efe1bd1090b10ee,67fffb0df9f38a28702a4a88,,,,,,,,,,,,,,,,,,,,,,,,,,,,,,,,,,,,,,,,,,,238.595,243.026,4.431,1,0,120.196,0.004347826,-0.205434783,0,0,0,0,20,20,4,1,a,The patient has taken Batatrim,The patient has overcome the crisis,,,,,,,,,,,,,,,,,,,,,,,,,,,,,,,,,,,,,,,,,,,,,,,,,,,,,,,,,,,,,,,,,,,,,,,,,,,,,,,,,,,,,,
,,,,,,,,[(%PROLIFIC_PID,2,2025-04-16_20h47.17.578,CLTandFLE,2024.1.5,MacIntel,60.0240096,5f9870b69714b013c6293f90,67ffc4c40efe1bd1090b10ee,67fffb0df9f38a28702a4a88,,,,,,,,,,,,,,,,,,,,,,,,,,,,,,,,,,,,,,,,,,,243.027,247.293,4.265,1,0,124.461,0.021195652,-0.264130435,0,0,0,0,21,21,34,1,c,The patient has not taken Batatrim,The patient has overcome the crisis,,,,,,,,,,,,,,,,,,,,,,,,,,,,,,,,,,,,,,,,,,,,,,,,,,,,,,,,,,,,,,,,,,,,,,,,,,,,,,,,,,,,,,
,,,,,,,,[(%PROLIFIC_PID,2,2025-04-16_20h47.17.578,CLTandFLE,2024.1.5,MacIntel,60.0240096,5f9870b69714b013c6293f90,67ffc4c40efe1bd1090b10ee,67fffb0df9f38a28702a4a88,,,,,,,,,,,,,,,,,,,,,,,,,,,,,,,,,,,,,,,,,,,247.293,252.976,5.683,1,0,130.144,-0.005434783,-0.272826087,0,0,0,0,22,22,9,1,a,The patient has taken Batatrim,The patient has overcome the crisis,,,,,,,,,,,,,,,,,,,,,,,,,,,,,,,,,,,,,,,,,,,,,,,,,,,,,,,,,,,,,,,,,,,,,,,,,,,,,,,,,,,,,,
,,,,,,,,[(%PROLIFIC_PID,2,2025-04-16_20h47.17.578,CLTandFLE,2024.1.5,MacIntel,60.0240096,5f9870b69714b013c6293f90,67ffc4c40efe1bd1090b10ee,67fffb0df9f38a28702a4a88,,,,,,,,,,,,,,,,,,,,,,,,,,,,,,,,,,,,,,,,,,,252.976,257.976,5,1,0,135.144,0.158152174,-0.389673913,0,0,0,0,23,23,24,1,c,The patient has not taken Batatrim,The patient has overcome the crisis,,,,,,,,,,,,,,,,,,,,,,,,,,,,,,,,,,,,,,,,,,,,,,,,,,,,,,,,,,,,,,,,,,,,,,,,,,,,,,,,,,,,,,
,,,,,,,,[(%PROLIFIC_PID,2,2025-04-16_20h47.17.578,CLTandFLE,2024.1.5,MacIntel,60.0240096,5f9870b69714b013c6293f90,67ffc4c40efe1bd1090b10ee,67fffb0df9f38a28702a4a88,,,,,,,,,,,,,,,,,,,,,,,,,,,,,,,,,,,,,,,,,,,257.977,262.21,4.233,1,0,139.377,0.1,-0.211413043,0,0,0,0,24,24,5,1,a,The patient has taken Batatrim,The patient has overcome the crisis,,,,,,,,,,,,,,,,,,,,,,,,,,,,,,,,,,,,,,,,,,,,,,,,,,,,,,,,,,,,,,,,,,,,,,,,,,,,,,,,,,,,,,
,,,,,,,,[(%PROLIFIC_PID,2,2025-04-16_20h47.17.578,CLTandFLE,2024.1.5,MacIntel,60.0240096,5f9870b69714b013c6293f90,67ffc4c40efe1bd1090b10ee,67fffb0df9f38a28702a4a88,,,,,,,,,,,,,,,,,,,,,,,,,,,,,,,,,,,,,,,,,,,262.21,266.376,4.166,1,0,143.543,-0.003804348,-0.294565217,0,0,0,0,25,25,8,1,a,The patient has taken Batatrim,The patient has overcome the crisis,,,,,,,,,,,,,,,,,,,,,,,,,,,,,,,,,,,,,,,,,,,,,,,,,,,,,,,,,,,,,,,,,,,,,,,,,,,,,,,,,,,,,,
,,,,,,,,[(%PROLIFIC_PID,2,2025-04-16_20h47.17.578,CLTandFLE,2024.1.5,MacIntel,60.0240096,5f9870b69714b013c6293f90,67ffc4c40efe1bd1090b10ee,67fffb0df9f38a28702a4a88,,,,,,,,,,,,,,,,,,,,,,,,,,,,,,,,,,,,,,,,,,,266.377,270.859,4.482,1,0,148.025,-0.039673913,-0.2125,0,0,0,0,26,26,19,1,b,The patient has taken Batatrim,The patient has not overcome the crisis,,,,,,,,,,,,,,,,,,,,,,,,,,,,,,,,,,,,,,,,,,,,,,,,,,,,,,,,,,,,,,,,,,,,,,,,,,,,,,,,,,,,,,
,,,,,,,,[(%PROLIFIC_PID,2,2025-04-16_20h47.17.578,CLTandFLE,2024.1.5,MacIntel,60.0240096,5f9870b69714b013c6293f90,67ffc4c40efe1bd1090b10ee,67fffb0df9f38a28702a4a88,,,,,,,,,,,,,,,,,,,,,,,,,,,,,,,,,,,,,,,,,,,270.861,275.11,4.249,1,0,152.274,0.001086957,-0.268478261,0,0,0,0,27,27,26,1,c,The patient has not taken Batatrim,The patient has overcome the crisis,,,,,,,,,,,,,,,,,,,,,,,,,,,,,,,,,,,,,,,,,,,,,,,,,,,,,,,,,,,,,,,,,,,,,,,,,,,,,,,,,,,,,,
,,,,,,,,[(%PROLIFIC_PID,2,2025-04-16_20h47.17.578,CLTandFLE,2024.1.5,MacIntel,60.0240096,5f9870b69714b013c6293f90,67ffc4c40efe1bd1090b10ee,67fffb0df9f38a28702a4a88,,,,,,,,,,,,,,,,,,,,,,,,,,,,,,,,,,,,,,,,,,,275.11,281.076,5.966,1,0,158.24,-0.061956522,-0.097282609,0,0,0,0,28,28,12,1,a,The patient has taken Batatrim,The patient has overcome the crisis,,,,,,,,,,,,,,,,,,,,,,,,,,,,,,,,,,,,,,,,,,,,,,,,,,,,,,,,,,,,,,,,,,,,,,,,,,,,,,,,,,,,,,
,,,,,,,,[(%PROLIFIC_PID,2,2025-04-16_20h47.17.578,CLTandFLE,2024.1.5,MacIntel,60.0240096,5f9870b69714b013c6293f90,67ffc4c40efe1bd1090b10ee,67fffb0df9f38a28702a4a88,,,,,,,,,,,,,,,,,,,,,,,,,,,,,,,,,,,,,,,,,,,281.077,285.943,4.865,1,0,163.105,-0.171195652,-0.039673913,0,0,0,0,29,29,25,1,c,The patient has not taken Batatrim,The patient has overcome the crisis,,,,,,,,,,,,,,,,,,,,,,,,,,,,,,,,,,,,,,,,,,,,,,,,,,,,,,,,,,,,,,,,,,,,,,,,,,,,,,,,,,,,,,
,,,,,,,,[(%PROLIFIC_PID,2,2025-04-16_20h47.17.578,CLTandFLE,2024.1.5,MacIntel,60.0240096,5f9870b69714b013c6293f90,67ffc4c40efe1bd1090b10ee,67fffb0df9f38a28702a4a88,,,,,,,,,,,,,,,,,,,,,,,,,,,,,,,,,,,,,,,,,,,285.944,290.091,4.147,1,0,167.252,-0.197826087,-0.048369565,0,0,0,0,30,30,28,1,c,The patient has not taken Batatrim,The patient has overcome the crisis,,,,,,,,,,,,,,,,,,,,,,,,,,,,,,,,,,,,,,,,,,,,,,,,,,,,,,,,,,,,,,,,,,,,,,,,,,,,,,,,,,,,,,
,,,,,,,,[(%PROLIFIC_PID,2,2025-04-16_20h47.17.578,CLTandFLE,2024.1.5,MacIntel,60.0240096,5f9870b69714b013c6293f90,67ffc4c40efe1bd1090b10ee,67fffb0df9f38a28702a4a88,,,,,,,,,,,,,,,,,,,,,,,,,,,,,,,,,,,,,,,,,,,290.094,294.109,4.015,1,0,171.267,-0.197826087,-0.048369565,0,0,0,0,31,31,31,1,c,The patient has not taken Batatrim,The patient has overcome the crisis,,,,,,,,,,,,,,,,,,,,,,,,,,,,,,,,,,,,,,,,,,,,,,,,,,,,,,,,,,,,,,,,,,,,,,,,,,,,,,,,,,,,,,
,,,,,,,,[(%PROLIFIC_PID,2,2025-04-16_20h47.17.578,CLTandFLE,2024.1.5,MacIntel,60.0240096,5f9870b69714b013c6293f90,67ffc4c40efe1bd1090b10ee,67fffb0df9f38a28702a4a88,,,,,,,,,,,,,,,,,,,,,,,,,,,,,,,,,,,,,,,,,,,294.11,298.093,3.983,1,0,175.25,-0.197826087,-0.048369565,0,0,0,0,32,32,17,1,b,The patient has taken Batatrim,The patient has not overcome the crisis,,,,,,,,,,,,,,,,,,,,,,,,,,,,,,,,,,,,,,,,,,,,,,,,,,,,,,,,,,,,,,,,,,,,,,,,,,,,,,,,,,,,,,
,,,,,,,,[(%PROLIFIC_PID,2,2025-04-16_20h47.17.578,CLTandFLE,2024.1.5,MacIntel,60.0240096,5f9870b69714b013c6293f90,67ffc4c40efe1bd1090b10ee,67fffb0df9f38a28702a4a88,,,,,,,,,,,,,,,,,,,,,,,,,,,,,,,,,,,,,,,,,,,298.093,302.21,4.116,1,0,179.366,-0.197826087,-0.048369565,0,0,0,0,33,33,33,1,c,The patient has not taken Batatrim,The patient has overcome the crisis,,,,,,,,,,,,,,,,,,,,,,,,,,,,,,,,,,,,,,,,,,,,,,,,,,,,,,,,,,,,,,,,,,,,,,,,,,,,,,,,,,,,,,
,,,,,,,,[(%PROLIFIC_PID,2,2025-04-16_20h47.17.578,CLTandFLE,2024.1.5,MacIntel,60.0240096,5f9870b69714b013c6293f90,67ffc4c40efe1bd1090b10ee,67fffb0df9f38a28702a4a88,,,,,,,,,,,,,,,,,,,,,,,,,,,,,,,,,,,,,,,,,,,302.212,307.109,4.897,1,0,184.263,-0.197826087,-0.048369565,0,0,0,0,34,34,11,1,a,The patient has taken Batatrim,The patient has overcome the crisis,,,,,,,,,,,,,,,,,,,,,,,,,,,,,,,,,,,,,,,,,,,,,,,,,,,,,,,,,,,,,,,,,,,,,,,,,,,,,,,,,,,,,,
,,,,,,,,[(%PROLIFIC_PID,2,2025-04-16_20h47.17.578,CLTandFLE,2024.1.5,MacIntel,60.0240096,5f9870b69714b013c6293f90,67ffc4c40efe1bd1090b10ee,67fffb0df9f38a28702a4a88,,,,,,,,,,,,,,,,,,,,,,,,,,,,,,,,,,,,,,,,,,,307.11,311.392,4.282,1,0,188.545,-0.197826087,-0.048369565,0,0,0,0,35,35,32,1,c,The patient has not taken Batatrim,The patient has overcome the crisis,,,,,,,,,,,,,,,,,,,,,,,,,,,,,,,,,,,,,,,,,,,,,,,,,,,,,,,,,,,,,,,,,,,,,,,,,,,,,,,,,,,,,,
,,,,,,,,[(%PROLIFIC_PID,2,2025-04-16_20h47.17.578,CLTandFLE,2024.1.5,MacIntel,60.0240096,5f9870b69714b013c6293f90,67ffc4c40efe1bd1090b10ee,67fffb0df9f38a28702a4a88,,,,,,,,,,,,,,,,,,,,,,,,,,,,,,,,,,,,,,,,,,,311.393,315.592,4.199,1,0,192.744,-0.197826087,-0.048369565,0,0,0,0,36,36,16,1,b,The patient has taken Batatrim,The patient has not overcome the crisis,,,,,,,,,,,,,,,,,,,,,,,,,,,,,,,,,,,,,,,,,,,,,,,,,,,,,,,,,,,,,,,,,,,,,,,,,,,,,,,,,,,,,,
,,,,,,,,[(%PROLIFIC_PID,2,2025-04-16_20h47.17.578,CLTandFLE,2024.1.5,MacIntel,60.0240096,5f9870b69714b013c6293f90,67ffc4c40efe1bd1090b10ee,67fffb0df9f38a28702a4a88,,,,,,,,,,,,,,,,,,,,,,,,,,,,,,,,,,,,,,,,,,,315.593,319.576,3.983,1,0,196.727,-0.197826087,-0.048369565,0,0,0,0,37,37,0,1,a,The patient has taken Batatrim,The patient has overcome the crisis,,,,,,,,,,,,,,,,,,,,,,,,,,,,,,,,,,,,,,,,,,,,,,,,,,,,,,,,,,,,,,,,,,,,,,,,,,,,,,,,,,,,,,
,,,,,,,,[(%PROLIFIC_PID,2,2025-04-16_20h47.17.578,CLTandFLE,2024.1.5,MacIntel,60.0240096,5f9870b69714b013c6293f90,67ffc4c40efe1bd1090b10ee,67fffb0df9f38a28702a4a88,,,,,,,,,,,,,,,,,,,,,,,,,,,,,,,,,,,,,,,,,,,319.577,323.676,4.099,1,0,200.826,-0.197826087,-0.048369565,0,0,0,0,38,38,38,1,d,The patient has not taken Batatrim,The patient has not overcome the crisis,,,,,,,,,,,,,,,,,,,,,,,,,,,,,,,,,,,,,,,,,,,,,,,,,,,,,,,,,,,,,,,,,,,,,,,,,,,,,,,,,,,,,,
,,,,,,,,[(%PROLIFIC_PID,2,2025-04-16_20h47.17.578,CLTandFLE,2024.1.5,MacIntel,60.0240096,5f9870b69714b013c6293f90,67ffc4c40efe1bd1090b10ee,67fffb0df9f38a28702a4a88,,,,,,,,,,,,,,,,,,,,,,,,,,,,,,,,,,,,,,,,,,,323.676,328.492,4.816,1,0,205.642,-0.197826087,-0.048369565,0,0,0,0,39,39,15,1,b,The patient has taken Batatrim,The patient has not overcome the crisis,,,,,,,,,,,,,,,,,,,,,,,,,,,,,,,,,,,,,,,,,,,,,,,,,,,,,,,,,,,,,,,,,,,,,,,,,,,,,,,,,,,,,,
,,,,,,,,[(%PROLIFIC_PID,2,2025-04-16_20h47.17.578,CLTandFLE,2024.1.5,MacIntel,60.0240096,5f9870b69714b013c6293f90,67ffc4c40efe1bd1090b10ee,67fffb0df9f38a28702a4a88,,358.393,359.391,,,,,,,,,,,,,,,,,,,,,,,,,,,,,,,,,,,,,,,,,,,,,,,,,,,,,,,,,,,329.493,343.893,14.399,84,11.655,0.030434783,-0.202717391,1,0,0,344.893,358.393,13.499,70,11.243,0.010869565,-0.200543478,1,0,0,10,25,20,15,0,0,0,0,1,,,,,,,,,,,,,,,,,,,,,,,,,,,,,,,,,,,,,,,,,,,,,,,,,,,,,,,,,
,,,,,,,,[(%PROLIFIC_PID,2,2025-04-16_20h47.17.578,CLTandFLE,2024.1.5,MacIntel,60.0240096,5f9870b69714b013c6293f90,67ffc4c40efe1bd1090b10ee,67fffb0df9f38a28702a4a88,,527.623,528.608,,,,,,,,,,,,,,,,,,,,,,,,,,,,,,,,,,,,,,,,,,,,,,,,,,,,,,,,,,,,,,,,,,,,,,,,,,,,,,,,,,,,,,,,421.942,432.259,10.316,1,8.822,0.014673913,-0.213586957,1,0,0,27,Femmina,No,18,No,TRUE,FALSE,6,9,9,8,9,FALSE,Conferma,c1ok,c2ok,c3ok,c4ok,c5ok,c6ok,c7ok,c8ok,c9ok,c10ok,c11ok,c12err,c13ok,c14err2,c15ok,c16ok,c17ok,c18ok,c19ok,c20err2,c21err2,c22ok,c23ok,c24ok,c25ok,c26ok,733.864,740.489,0,0,0,0,1
