﻿Alfa.started,Alfa.stopped,alfa_mouse.x,alfa_mouse.y,alfa_mouse.leftButton,alfa_mouse.midButton,alfa_mouse.rightButton,alfa_mouse.clicked_name,participant,group,date,expName,psychopyVersion,OS,frameRate,PROLIFIC_PID,STUDY_ID,SESSION_ID,)],ITI.started,ITI.stopped,B_consensoinformato.started,B_consensoinformato.stopped,tempo_consenso,cons_mouse.x,cons_mouse.y,cons_mouse.leftButton,cons_mouse.midButton,cons_mouse.rightButton,A_benvenuto.started,A_benvenuto.stopped,ben_mouse.x,ben_mouse.y,ben_mouse.leftButton,ben_mouse.midButton,ben_mouse.rightButton,B2_istruzioni.started,B2_istruzioni.stopped,tempo_istru,cons_mouse_2.x,cons_mouse_2.y,cons_mouse_2.leftButton,cons_mouse_2.midButton,cons_mouse_2.rightButton,SAMevaluation.started,SAMevaluation.stopped,temposam,sliderintensity.response,sliderintensity.rt,slidervalence.response,slidervalence.rt,mouse_sam.x,mouse_sam.y,mouse_sam.leftButton,mouse_sam.midButton,mouse_sam.rightButton,mouse_sam.time,mouse_sam.clicked_name,Loading.started,Loading.stopped,C_associative_task.started,C_associative_task.stopped,tempo_trial,hapremutosi,hapremutono,tempo_tasktot,mouse.x,mouse.y,mouse.leftButton,mouse.midButton,mouse.rightButton,trials.thisRepN,trials.thisTrialN,trials.thisN,trials.thisIndex,trials.ran,cond,causa,effetto,D_VD.started,D_VD.stopped,tempo_vd,vd.response,vd.rt,mouse_vd.x,mouse_vd.y,mouse_vd.leftButton,mouse_vd.midButton,mouse_vd.rightButton,Previous.started,Previous.stopped,tempo_vd1,previous.response,previous.rt,mouse_vd_2.x,mouse_vd_2.y,mouse_vd_2.leftButton,mouse_vd_2.midButton,mouse_vd_2.rightButton,EstITA.TrialSN,EstITA.TrialNS,EstITA.TrialD,EstITA.TrialSS,itaest.thisRepN,itaest.thisTrialN,itaest.thisN,itaest.thisIndex,itaest.ran,PF.started,PF.stopped,tempo_pf,processfluency.response,processfluency.rt,mouse_ch.x,mouse_ch.y,mouse_ch.leftButton,mouse_ch.midButton,mouse_ch.rightButton,Questionario_Lingua.Age,Questionario_Lingua.Sesso,Questionario_Lingua.StaiStudiando?,Questionario_Lingua.Anniscolarita,Questionario_Lingua.Diploma,Questionario_Lingua.Punteggiodiploma,Questionario_Lingua.ItaMADRE?,Questionario_Lingua.INGmadre?,Questionario_Lingua.Q5(AOAIng),Questionario_Lingua.INGLETTURA,Questionario_Lingua.INGCOMPRESO,Questionario_Lingua.INGSCRITTO,Questionario_Lingua.INGPARLATO,Questionario_Lingua.haivissutoestero,ProvaInglese.ProcediamoENg,ProvaInglese.C1,ProvaInglese.C2,ProvaInglese.C3,ProvaInglese.C4,ProvaInglese.C5,ProvaInglese.C6,ProvaInglese.C7,ProvaInglese.C8,ProvaInglese.C9,ProvaInglese.C10,ProvaInglese.C11,ProvaInglese.C12,ProvaInglese.C13,ProvaInglese.C14,ProvaInglese.C15,ProvaInglese.C16,ProvaInglese.C17,ProvaInglese.C18,ProvaInglese.C19,ProvaInglese.C20,ProvaInglese.C21,ProvaInglese.C22,ProvaInglese.C23,ProvaInglese.C24,ProvaInglese.C25,ProvaInglese.controlquestion,Ant_lastquestion.started,Ant_lastquestion.stopped,exp_loop.thisRepN,exp_loop.thisTrialN,exp_loop.thisN,exp_loop.thisIndex,exp_loop.ran
0.0007,13.8968,0.096296353,-0.014814843,1,0,0,alfa_mask,[(%PROLIFIC_PID,1,2025-04-16_18h53.42.272,CLTandFLE,2024.1.5,Win32,61.34969325,5f0df27c055def06805f25ed,67ffc4c40efe1bd1090b10ee,67ffdfffc20f809ae19a3462,,,,,,,,,,,,,,,,,,,,,,,,,,,,,,,,,,,,,,,,,,,,,,,,,,,,,,,,,,,,,,,,,,,,,,,,,,,,,,,,,,,,,,,,,,,,,,,,,,,,,,,,,,,,,,,,,,,,,,,,,,,,,,,,,,,,,,,,,,,,,,,,,,,,
,,,,,,,,[(%PROLIFIC_PID,1,2025-04-16_18h53.42.272,CLTandFLE,2024.1.5,Win32,61.34969325,5f0df27c055def06805f25ed,67ffc4c40efe1bd1090b10ee,67ffdfffc20f809ae19a3462,,13.898,14.8884,,,,,,,,,,,,,,,,,,,,,,,,,,,,,,,,,,,,,,,,,,,,,,,,,,,,,,,,,,,,,,,,,,,,,,,,,,,,,,,,,,,,,,,,,,,,,,,,,,,,,,,,,,,,,,,,,,,,,,,,,,,,,,,,,,,,,,,,,,,,,,,,,
,,,,,,,,[(%PROLIFIC_PID,1,2025-04-16_18h53.42.272,CLTandFLE,2024.1.5,Win32,61.34969325,5f0df27c055def06805f25ed,67ffc4c40efe1bd1090b10ee,67ffdfffc20f809ae19a3462,,,,14.8888,28.6926,13.8027,0.188888889,-0.416666667,1,0,0,,,,,,,,,,,,,,,,,,,,,,,,,,,,,,,,,,,,,,,,,,,,,,,,,,,,,,,,,,,,,,,,,,,,,,,,,,,,,,,,,,,,,,,,,,,,,,,,,,,,,,,,,,,,,,,,,,,,,,,,,,,,,,,,,,,,,,,,,
,,,,,,,,[(%PROLIFIC_PID,1,2025-04-16_18h53.42.272,CLTandFLE,2024.1.5,Win32,61.34969325,5f0df27c055def06805f25ed,67ffc4c40efe1bd1090b10ee,67ffdfffc20f809ae19a3462,,115.6549,116.6534,,,,,,,,,29.6906,32.6596,0.073148176,-0.09629631,1,0,0,33.6539,97.5699,63.9144,0.028703732,-0.405555556,1,0,0,98.5669,107.6505,9.0819,0.219907443,8.1008,0.253472222,4.8584,"[0.011111111111111112,-0.018518490261501735,-0.08425920274522569]","[0.2037036895751953,0.002777777777777778,-0.22685190836588542]","[1,1,1]","[0,0,0]","[0,0,0]","[3.1070000000000135,6.538100000008953,9.073700000002987]","[""slidervalence"",""rettoksam""]",108.6507,115.6546,116.7113,123.0351,6.3233,1,0,6.3233,-0.22870369,-0.029629644,0,0,0,0,0,0,2,1,a,Il paziente ha preso il Batatrim,Il paziente ha superato la crisi,,,,,,,,,,,,,,,,,,,,,,,,,,,,,,,,,,,,,,,,,,,,,,,,,,,,,,,,,,,,,,,,,,,,,,,,,,,,,,,,,,,,,,,
,,,,,,,,[(%PROLIFIC_PID,1,2025-04-16_18h53.42.272,CLTandFLE,2024.1.5,Win32,61.34969325,5f0df27c055def06805f25ed,67ffc4c40efe1bd1090b10ee,67ffdfffc20f809ae19a3462,,,,,,,,,,,,,,,,,,,,,,,,,,,,,,,,,,,,,,,,,,,123.0358,129.6881,6.652,1,0,12.9753,-0.213888889,-0.045370399,0,0,0,0,1,1,6,1,a,Il paziente ha preso il Batatrim,Il paziente ha superato la crisi,,,,,,,,,,,,,,,,,,,,,,,,,,,,,,,,,,,,,,,,,,,,,,,,,,,,,,,,,,,,,,,,,,,,,,,,,,,,,,,,,,,,,,,
,,,,,,,,[(%PROLIFIC_PID,1,2025-04-16_18h53.42.272,CLTandFLE,2024.1.5,Win32,61.34969325,5f0df27c055def06805f25ed,67ffc4c40efe1bd1090b10ee,67ffdfffc20f809ae19a3462,,,,,,,,,,,,,,,,,,,,,,,,,,,,,,,,,,,,,,,,,,,129.6886,134.7948,5.1061,1,0,18.0814,-0.213888889,-0.045370399,0,0,0,0,2,2,7,1,a,Il paziente ha preso il Batatrim,Il paziente ha superato la crisi,,,,,,,,,,,,,,,,,,,,,,,,,,,,,,,,,,,,,,,,,,,,,,,,,,,,,,,,,,,,,,,,,,,,,,,,,,,,,,,,,,,,,,,
,,,,,,,,[(%PROLIFIC_PID,1,2025-04-16_18h53.42.272,CLTandFLE,2024.1.5,Win32,61.34969325,5f0df27c055def06805f25ed,67ffc4c40efe1bd1090b10ee,67ffdfffc20f809ae19a3462,,,,,,,,,,,,,,,,,,,,,,,,,,,,,,,,,,,,,,,,,,,134.7953,139.6711,4.8754,1,0,22.9568,-0.209259245,-0.049074088,0,0,0,0,3,3,4,1,a,Il paziente ha preso il Batatrim,Il paziente ha superato la crisi,,,,,,,,,,,,,,,,,,,,,,,,,,,,,,,,,,,,,,,,,,,,,,,,,,,,,,,,,,,,,,,,,,,,,,,,,,,,,,,,,,,,,,,
,,,,,,,,[(%PROLIFIC_PID,1,2025-04-16_18h53.42.272,CLTandFLE,2024.1.5,Win32,61.34969325,5f0df27c055def06805f25ed,67ffc4c40efe1bd1090b10ee,67ffdfffc20f809ae19a3462,,,,,,,,,,,,,,,,,,,,,,,,,,,,,,,,,,,,,,,,,,,139.6714,147.044,7.3723,1,0,30.3291,-0.200925912,-0.040740755,0,0,0,0,4,4,30,1,c,Il paziente non ha preso il Batatrim,Il paziente ha superato la crisi,,,,,,,,,,,,,,,,,,,,,,,,,,,,,,,,,,,,,,,,,,,,,,,,,,,,,,,,,,,,,,,,,,,,,,,,,,,,,,,,,,,,,,,
,,,,,,,,[(%PROLIFIC_PID,1,2025-04-16_18h53.42.272,CLTandFLE,2024.1.5,Win32,61.34969325,5f0df27c055def06805f25ed,67ffc4c40efe1bd1090b10ee,67ffdfffc20f809ae19a3462,,,,,,,,,,,,,,,,,,,,,,,,,,,,,,,,,,,,,,,,,,,147.0447,152.7059,5.6609,1,0,35.99,-0.199074046,-0.040740755,0,0,0,0,5,5,23,1,c,Il paziente non ha preso il Batatrim,Il paziente ha superato la crisi,,,,,,,,,,,,,,,,,,,,,,,,,,,,,,,,,,,,,,,,,,,,,,,,,,,,,,,,,,,,,,,,,,,,,,,,,,,,,,,,,,,,,,,
,,,,,,,,[(%PROLIFIC_PID,1,2025-04-16_18h53.42.272,CLTandFLE,2024.1.5,Win32,61.34969325,5f0df27c055def06805f25ed,67ffc4c40efe1bd1090b10ee,67ffdfffc20f809ae19a3462,,,,,,,,,,,,,,,,,,,,,,,,,,,,,,,,,,,,,,,,,,,152.7062,157.9519,5.2453,1,0,41.2353,-0.198148134,-0.052777778,0,0,0,0,6,6,33,1,c,Il paziente non ha preso il Batatrim,Il paziente ha superato la crisi,,,,,,,,,,,,,,,,,,,,,,,,,,,,,,,,,,,,,,,,,,,,,,,,,,,,,,,,,,,,,,,,,,,,,,,,,,,,,,,,,,,,,,,
,,,,,,,,[(%PROLIFIC_PID,1,2025-04-16_18h53.42.272,CLTandFLE,2024.1.5,Win32,61.34969325,5f0df27c055def06805f25ed,67ffc4c40efe1bd1090b10ee,67ffdfffc20f809ae19a3462,,,,,,,,,,,,,,,,,,,,,,,,,,,,,,,,,,,,,,,,,,,157.9523,163.7398,5.7873,1,0,47.0226,-0.198148134,-0.052777778,0,0,0,0,7,7,8,1,a,Il paziente ha preso il Batatrim,Il paziente ha superato la crisi,,,,,,,,,,,,,,,,,,,,,,,,,,,,,,,,,,,,,,,,,,,,,,,,,,,,,,,,,,,,,,,,,,,,,,,,,,,,,,,,,,,,,,,
,,,,,,,,[(%PROLIFIC_PID,1,2025-04-16_18h53.42.272,CLTandFLE,2024.1.5,Win32,61.34969325,5f0df27c055def06805f25ed,67ffc4c40efe1bd1090b10ee,67ffdfffc20f809ae19a3462,,,,,,,,,,,,,,,,,,,,,,,,,,,,,,,,,,,,,,,,,,,163.7405,170.0901,6.3495,1,0,53.3721,0.059259288,-0.127777778,0,0,0,0,8,8,38,1,d,Il paziente non ha preso il Batatrim,Il paziente non ha superato la crisi,,,,,,,,,,,,,,,,,,,,,,,,,,,,,,,,,,,,,,,,,,,,,,,,,,,,,,,,,,,,,,,,,,,,,,,,,,,,,,,,,,,,,,,
,,,,,,,,[(%PROLIFIC_PID,1,2025-04-16_18h53.42.272,CLTandFLE,2024.1.5,Win32,61.34969325,5f0df27c055def06805f25ed,67ffc4c40efe1bd1090b10ee,67ffdfffc20f809ae19a3462,,,,,,,,,,,,,,,,,,,,,,,,,,,,,,,,,,,,,,,,,,,170.0904,175.2708,5.18,0,1,58.5521,0.073148176,-0.062037065,0,0,0,0,9,9,20,1,c,Il paziente non ha preso il Batatrim,Il paziente ha superato la crisi,,,,,,,,,,,,,,,,,,,,,,,,,,,,,,,,,,,,,,,,,,,,,,,,,,,,,,,,,,,,,,,,,,,,,,,,,,,,,,,,,,,,,,,
,,,,,,,,[(%PROLIFIC_PID,1,2025-04-16_18h53.42.272,CLTandFLE,2024.1.5,Win32,61.34969325,5f0df27c055def06805f25ed,67ffc4c40efe1bd1090b10ee,67ffdfffc20f809ae19a3462,,,,,,,,,,,,,,,,,,,,,,,,,,,,,,,,,,,,,,,,,,,175.2712,180.8663,5.5949,1,0,64.147,0.192592621,-0.125,0,0,0,0,10,10,11,1,a,Il paziente ha preso il Batatrim,Il paziente ha superato la crisi,,,,,,,,,,,,,,,,,,,,,,,,,,,,,,,,,,,,,,,,,,,,,,,,,,,,,,,,,,,,,,,,,,,,,,,,,,,,,,,,,,,,,,,
,,,,,,,,[(%PROLIFIC_PID,1,2025-04-16_18h53.42.272,CLTandFLE,2024.1.5,Win32,61.34969325,5f0df27c055def06805f25ed,67ffc4c40efe1bd1090b10ee,67ffdfffc20f809ae19a3462,,,,,,,,,,,,,,,,,,,,,,,,,,,,,,,,,,,,,,,,,,,180.8668,185.6369,4.77,1,0,68.917,-0.039814758,-0.045370399,0,0,0,0,11,11,18,1,b,Il paziente ha preso il Batatrim,Il paziente non ha superato la crisi,,,,,,,,,,,,,,,,,,,,,,,,,,,,,,,,,,,,,,,,,,,,,,,,,,,,,,,,,,,,,,,,,,,,,,,,,,,,,,,,,,,,,,,
,,,,,,,,[(%PROLIFIC_PID,1,2025-04-16_18h53.42.272,CLTandFLE,2024.1.5,Win32,61.34969325,5f0df27c055def06805f25ed,67ffc4c40efe1bd1090b10ee,67ffdfffc20f809ae19a3462,,,,,,,,,,,,,,,,,,,,,,,,,,,,,,,,,,,,,,,,,,,185.6373,190.583,4.9455,1,0,73.8625,-0.102777778,-0.03148151,0,0,0,0,12,12,17,1,b,Il paziente ha preso il Batatrim,Il paziente non ha superato la crisi,,,,,,,,,,,,,,,,,,,,,,,,,,,,,,,,,,,,,,,,,,,,,,,,,,,,,,,,,,,,,,,,,,,,,,,,,,,,,,,,,,,,,,,
,,,,,,,,[(%PROLIFIC_PID,1,2025-04-16_18h53.42.272,CLTandFLE,2024.1.5,Win32,61.34969325,5f0df27c055def06805f25ed,67ffc4c40efe1bd1090b10ee,67ffdfffc20f809ae19a3462,,,,,,,,,,,,,,,,,,,,,,,,,,,,,,,,,,,,,,,,,,,190.5836,196.0039,5.42,1,0,79.2825,-0.142592536,-0.043518533,0,0,0,0,13,13,22,1,c,Il paziente non ha preso il Batatrim,Il paziente ha superato la crisi,,,,,,,,,,,,,,,,,,,,,,,,,,,,,,,,,,,,,,,,,,,,,,,,,,,,,,,,,,,,,,,,,,,,,,,,,,,,,,,,,,,,,,,
,,,,,,,,[(%PROLIFIC_PID,1,2025-04-16_18h53.42.272,CLTandFLE,2024.1.5,Win32,61.34969325,5f0df27c055def06805f25ed,67ffc4c40efe1bd1090b10ee,67ffdfffc20f809ae19a3462,,,,,,,,,,,,,,,,,,,,,,,,,,,,,,,,,,,,,,,,,,,196.0045,201.7338,5.729,0,1,85.0115,-0.067592536,-0.042592621,0,0,0,0,14,14,25,1,c,Il paziente non ha preso il Batatrim,Il paziente ha superato la crisi,,,,,,,,,,,,,,,,,,,,,,,,,,,,,,,,,,,,,,,,,,,,,,,,,,,,,,,,,,,,,,,,,,,,,,,,,,,,,,,,,,,,,,,
,,,,,,,,[(%PROLIFIC_PID,1,2025-04-16_18h53.42.272,CLTandFLE,2024.1.5,Win32,61.34969325,5f0df27c055def06805f25ed,67ffc4c40efe1bd1090b10ee,67ffdfffc20f809ae19a3462,,,,,,,,,,,,,,,,,,,,,,,,,,,,,,,,,,,,,,,,,,,201.7341,206.4629,4.7286,1,0,89.7401,-0.081481425,-0.037037065,0,0,0,0,15,15,28,1,c,Il paziente non ha preso il Batatrim,Il paziente ha superato la crisi,,,,,,,,,,,,,,,,,,,,,,,,,,,,,,,,,,,,,,,,,,,,,,,,,,,,,,,,,,,,,,,,,,,,,,,,,,,,,,,,,,,,,,,
,,,,,,,,[(%PROLIFIC_PID,1,2025-04-16_18h53.42.272,CLTandFLE,2024.1.5,Win32,61.34969325,5f0df27c055def06805f25ed,67ffc4c40efe1bd1090b10ee,67ffdfffc20f809ae19a3462,,,,,,,,,,,,,,,,,,,,,,,,,,,,,,,,,,,,,,,,,,,206.4632,211.866,5.4023,1,0,95.1424,-0.151851824,0.000925912,0,0,0,0,16,16,5,1,a,Il paziente ha preso il Batatrim,Il paziente ha superato la crisi,,,,,,,,,,,,,,,,,,,,,,,,,,,,,,,,,,,,,,,,,,,,,,,,,,,,,,,,,,,,,,,,,,,,,,,,,,,,,,,,,,,,,,,
,,,,,,,,[(%PROLIFIC_PID,1,2025-04-16_18h53.42.272,CLTandFLE,2024.1.5,Win32,61.34969325,5f0df27c055def06805f25ed,67ffc4c40efe1bd1090b10ee,67ffdfffc20f809ae19a3462,,,,,,,,,,,,,,,,,,,,,,,,,,,,,,,,,,,,,,,,,,,211.8665,229.9417,18.0751,1,0,113.2175,-0.047222222,0.511111111,0,0,0,0,17,17,29,1,c,Il paziente non ha preso il Batatrim,Il paziente ha superato la crisi,,,,,,,,,,,,,,,,,,,,,,,,,,,,,,,,,,,,,,,,,,,,,,,,,,,,,,,,,,,,,,,,,,,,,,,,,,,,,,,,,,,,,,,
,,,,,,,,[(%PROLIFIC_PID,1,2025-04-16_18h53.42.272,CLTandFLE,2024.1.5,Win32,61.34969325,5f0df27c055def06805f25ed,67ffc4c40efe1bd1090b10ee,67ffdfffc20f809ae19a3462,,,,,,,,,,,,,,,,,,,,,,,,,,,,,,,,,,,,,,,,,,,229.9425,244.7159,14.773,1,0,127.9905,-0.099074046,0.507407408,0,0,0,0,18,18,1,1,a,Il paziente ha preso il Batatrim,Il paziente ha superato la crisi,,,,,,,,,,,,,,,,,,,,,,,,,,,,,,,,,,,,,,,,,,,,,,,,,,,,,,,,,,,,,,,,,,,,,,,,,,,,,,,,,,,,,,,
,,,,,,,,[(%PROLIFIC_PID,1,2025-04-16_18h53.42.272,CLTandFLE,2024.1.5,Win32,61.34969325,5f0df27c055def06805f25ed,67ffc4c40efe1bd1090b10ee,67ffdfffc20f809ae19a3462,,,,,,,,,,,,,,,,,,,,,,,,,,,,,,,,,,,,,,,,,,,244.7165,250.4386,5.722,0,1,133.7125,0.190740797,0.021296268,0,0,0,0,19,19,10,1,a,Il paziente ha preso il Batatrim,Il paziente ha superato la crisi,,,,,,,,,,,,,,,,,,,,,,,,,,,,,,,,,,,,,,,,,,,,,,,,,,,,,,,,,,,,,,,,,,,,,,,,,,,,,,,,,,,,,,,
,,,,,,,,[(%PROLIFIC_PID,1,2025-04-16_18h53.42.272,CLTandFLE,2024.1.5,Win32,61.34969325,5f0df27c055def06805f25ed,67ffc4c40efe1bd1090b10ee,67ffdfffc20f809ae19a3462,,,,,,,,,,,,,,,,,,,,,,,,,,,,,,,,,,,,,,,,,,,250.439,255.3591,4.92,1,0,138.6325,0.005555556,0.026851824,0,0,0,0,20,20,13,1,a,Il paziente ha preso il Batatrim,Il paziente ha superato la crisi,,,,,,,,,,,,,,,,,,,,,,,,,,,,,,,,,,,,,,,,,,,,,,,,,,,,,,,,,,,,,,,,,,,,,,,,,,,,,,,,,,,,,,,
,,,,,,,,[(%PROLIFIC_PID,1,2025-04-16_18h53.42.272,CLTandFLE,2024.1.5,Win32,61.34969325,5f0df27c055def06805f25ed,67ffc4c40efe1bd1090b10ee,67ffdfffc20f809ae19a3462,,,,,,,,,,,,,,,,,,,,,,,,,,,,,,,,,,,,,,,,,,,255.3595,260.2175,4.8577,1,0,143.4902,0.114814843,0.126851824,0,0,0,0,21,21,37,1,d,Il paziente non ha preso il Batatrim,Il paziente non ha superato la crisi,,,,,,,,,,,,,,,,,,,,,,,,,,,,,,,,,,,,,,,,,,,,,,,,,,,,,,,,,,,,,,,,,,,,,,,,,,,,,,,,,,,,,,,
,,,,,,,,[(%PROLIFIC_PID,1,2025-04-16_18h53.42.272,CLTandFLE,2024.1.5,Win32,61.34969325,5f0df27c055def06805f25ed,67ffc4c40efe1bd1090b10ee,67ffdfffc20f809ae19a3462,,,,,,,,,,,,,,,,,,,,,,,,,,,,,,,,,,,,,,,,,,,260.2179,265.7865,5.5676,1,0,149.0578,-0.048148092,-0.028703732,0,0,0,0,22,22,3,1,a,Il paziente ha preso il Batatrim,Il paziente ha superato la crisi,,,,,,,,,,,,,,,,,,,,,,,,,,,,,,,,,,,,,,,,,,,,,,,,,,,,,,,,,,,,,,,,,,,,,,,,,,,,,,,,,,,,,,,
,,,,,,,,[(%PROLIFIC_PID,1,2025-04-16_18h53.42.272,CLTandFLE,2024.1.5,Win32,61.34969325,5f0df27c055def06805f25ed,67ffc4c40efe1bd1090b10ee,67ffdfffc20f809ae19a3462,,,,,,,,,,,,,,,,,,,,,,,,,,,,,,,,,,,,,,,,,,,265.7875,271.762,5.9733,1,0,155.0311,-0.148148092,-0.044444444,0,0,0,0,23,23,27,1,c,Il paziente non ha preso il Batatrim,Il paziente ha superato la crisi,,,,,,,,,,,,,,,,,,,,,,,,,,,,,,,,,,,,,,,,,,,,,,,,,,,,,,,,,,,,,,,,,,,,,,,,,,,,,,,,,,,,,,,
,,,,,,,,[(%PROLIFIC_PID,1,2025-04-16_18h53.42.272,CLTandFLE,2024.1.5,Win32,61.34969325,5f0df27c055def06805f25ed,67ffc4c40efe1bd1090b10ee,67ffdfffc20f809ae19a3462,,,,,,,,,,,,,,,,,,,,,,,,,,,,,,,,,,,,,,,,,,,271.763,277.0447,5.2814,1,0,160.3125,-0.148148092,-0.044444444,0,0,0,0,24,24,31,1,c,Il paziente non ha preso il Batatrim,Il paziente ha superato la crisi,,,,,,,,,,,,,,,,,,,,,,,,,,,,,,,,,,,,,,,,,,,,,,,,,,,,,,,,,,,,,,,,,,,,,,,,,,,,,,,,,,,,,,,
,,,,,,,,[(%PROLIFIC_PID,1,2025-04-16_18h53.42.272,CLTandFLE,2024.1.5,Win32,61.34969325,5f0df27c055def06805f25ed,67ffc4c40efe1bd1090b10ee,67ffdfffc20f809ae19a3462,,,,,,,,,,,,,,,,,,,,,,,,,,,,,,,,,,,,,,,,,,,277.0454,282.8121,5.7665,1,0,166.079,-0.148148092,-0.044444444,0,0,0,0,25,25,36,1,d,Il paziente non ha preso il Batatrim,Il paziente non ha superato la crisi,,,,,,,,,,,,,,,,,,,,,,,,,,,,,,,,,,,,,,,,,,,,,,,,,,,,,,,,,,,,,,,,,,,,,,,,,,,,,,,,,,,,,,,
,,,,,,,,[(%PROLIFIC_PID,1,2025-04-16_18h53.42.272,CLTandFLE,2024.1.5,Win32,61.34969325,5f0df27c055def06805f25ed,67ffc4c40efe1bd1090b10ee,67ffdfffc20f809ae19a3462,,,,,,,,,,,,,,,,,,,,,,,,,,,,,,,,,,,,,,,,,,,282.8126,288.1097,5.2963,1,0,171.3753,-0.148148092,-0.044444444,0,0,0,0,26,26,24,1,c,Il paziente non ha preso il Batatrim,Il paziente ha superato la crisi,,,,,,,,,,,,,,,,,,,,,,,,,,,,,,,,,,,,,,,,,,,,,,,,,,,,,,,,,,,,,,,,,,,,,,,,,,,,,,,,,,,,,,,
,,,,,,,,[(%PROLIFIC_PID,1,2025-04-16_18h53.42.272,CLTandFLE,2024.1.5,Win32,61.34969325,5f0df27c055def06805f25ed,67ffc4c40efe1bd1090b10ee,67ffdfffc20f809ae19a3462,,,,,,,,,,,,,,,,,,,,,,,,,,,,,,,,,,,,,,,,,,,288.1111,296.7105,8.5986,1,0,179.9739,-0.157407379,-0.036111111,0,0,0,0,27,27,34,1,c,Il paziente non ha preso il Batatrim,Il paziente ha superato la crisi,,,,,,,,,,,,,,,,,,,,,,,,,,,,,,,,,,,,,,,,,,,,,,,,,,,,,,,,,,,,,,,,,,,,,,,,,,,,,,,,,,,,,,,
,,,,,,,,[(%PROLIFIC_PID,1,2025-04-16_18h53.42.272,CLTandFLE,2024.1.5,Win32,61.34969325,5f0df27c055def06805f25ed,67ffc4c40efe1bd1090b10ee,67ffdfffc20f809ae19a3462,,,,,,,,,,,,,,,,,,,,,,,,,,,,,,,,,,,,,,,,,,,296.7113,301.147,4.4352,1,0,184.4091,0.012037065,0.649074078,0,0,0,0,28,28,16,1,b,Il paziente ha preso il Batatrim,Il paziente non ha superato la crisi,,,,,,,,,,,,,,,,,,,,,,,,,,,,,,,,,,,,,,,,,,,,,,,,,,,,,,,,,,,,,,,,,,,,,,,,,,,,,,,,,,,,,,,
,,,,,,,,[(%PROLIFIC_PID,1,2025-04-16_18h53.42.272,CLTandFLE,2024.1.5,Win32,61.34969325,5f0df27c055def06805f25ed,67ffc4c40efe1bd1090b10ee,67ffdfffc20f809ae19a3462,,,,,,,,,,,,,,,,,,,,,,,,,,,,,,,,,,,,,,,,,,,301.1475,310.6457,9.4977,0,1,193.9068,0.108333333,0.524074075,0,0,0,0,29,29,26,1,c,Il paziente non ha preso il Batatrim,Il paziente ha superato la crisi,,,,,,,,,,,,,,,,,,,,,,,,,,,,,,,,,,,,,,,,,,,,,,,,,,,,,,,,,,,,,,,,,,,,,,,,,,,,,,,,,,,,,,,
,,,,,,,,[(%PROLIFIC_PID,1,2025-04-16_18h53.42.272,CLTandFLE,2024.1.5,Win32,61.34969325,5f0df27c055def06805f25ed,67ffc4c40efe1bd1090b10ee,67ffdfffc20f809ae19a3462,,,,,,,,,,,,,,,,,,,,,,,,,,,,,,,,,,,,,,,,,,,310.6462,318.3173,7.6703,1,0,201.5771,-0.224074046,-0.047222222,0,0,0,0,30,30,19,1,b,Il paziente ha preso il Batatrim,Il paziente non ha superato la crisi,,,,,,,,,,,,,,,,,,,,,,,,,,,,,,,,,,,,,,,,,,,,,,,,,,,,,,,,,,,,,,,,,,,,,,,,,,,,,,,,,,,,,,,
,,,,,,,,[(%PROLIFIC_PID,1,2025-04-16_18h53.42.272,CLTandFLE,2024.1.5,Win32,61.34969325,5f0df27c055def06805f25ed,67ffc4c40efe1bd1090b10ee,67ffdfffc20f809ae19a3462,,,,,,,,,,,,,,,,,,,,,,,,,,,,,,,,,,,,,,,,,,,318.3186,407.4667,89.1476,1,0,290.7247,-0.120370314,-0.016666667,0,0,0,0,31,31,35,1,d,Il paziente non ha preso il Batatrim,Il paziente non ha superato la crisi,,,,,,,,,,,,,,,,,,,,,,,,,,,,,,,,,,,,,,,,,,,,,,,,,,,,,,,,,,,,,,,,,,,,,,,,,,,,,,,,,,,,,,,
,,,,,,,,[(%PROLIFIC_PID,1,2025-04-16_18h53.42.272,CLTandFLE,2024.1.5,Win32,61.34969325,5f0df27c055def06805f25ed,67ffc4c40efe1bd1090b10ee,67ffdfffc20f809ae19a3462,,,,,,,,,,,,,,,,,,,,,,,,,,,,,,,,,,,,,,,,,,,407.4672,413.4374,5.9699,1,0,296.6946,-0.277777778,-0.002777778,0,0,0,0,32,32,15,1,b,Il paziente ha preso il Batatrim,Il paziente non ha superato la crisi,,,,,,,,,,,,,,,,,,,,,,,,,,,,,,,,,,,,,,,,,,,,,,,,,,,,,,,,,,,,,,,,,,,,,,,,,,,,,,,,,,,,,,,
,,,,,,,,[(%PROLIFIC_PID,1,2025-04-16_18h53.42.272,CLTandFLE,2024.1.5,Win32,61.34969325,5f0df27c055def06805f25ed,67ffc4c40efe1bd1090b10ee,67ffdfffc20f809ae19a3462,,,,,,,,,,,,,,,,,,,,,,,,,,,,,,,,,,,,,,,,,,,413.4379,420.5348,7.0962,1,0,303.7908,0.259259288,0.502777778,0,0,0,0,33,33,9,1,a,Il paziente ha preso il Batatrim,Il paziente ha superato la crisi,,,,,,,,,,,,,,,,,,,,,,,,,,,,,,,,,,,,,,,,,,,,,,,,,,,,,,,,,,,,,,,,,,,,,,,,,,,,,,,,,,,,,,,
,,,,,,,,[(%PROLIFIC_PID,1,2025-04-16_18h53.42.272,CLTandFLE,2024.1.5,Win32,61.34969325,5f0df27c055def06805f25ed,67ffc4c40efe1bd1090b10ee,67ffdfffc20f809ae19a3462,,,,,,,,,,,,,,,,,,,,,,,,,,,,,,,,,,,,,,,,,,,420.5368,427.976,7.4384,0,1,311.2292,-0.199074046,-0.08148151,0,0,0,0,34,34,32,1,c,Il paziente non ha preso il Batatrim,Il paziente ha superato la crisi,,,,,,,,,,,,,,,,,,,,,,,,,,,,,,,,,,,,,,,,,,,,,,,,,,,,,,,,,,,,,,,,,,,,,,,,,,,,,,,,,,,,,,,
,,,,,,,,[(%PROLIFIC_PID,1,2025-04-16_18h53.42.272,CLTandFLE,2024.1.5,Win32,61.34969325,5f0df27c055def06805f25ed,67ffc4c40efe1bd1090b10ee,67ffdfffc20f809ae19a3462,,,,,,,,,,,,,,,,,,,,,,,,,,,,,,,,,,,,,,,,,,,427.9771,432.3875,4.4097,1,0,315.6389,-0.183333333,-0.037962977,0,0,0,0,35,35,14,1,b,Il paziente ha preso il Batatrim,Il paziente ha superato la crisi,,,,,,,,,,,,,,,,,,,,,,,,,,,,,,,,,,,,,,,,,,,,,,,,,,,,,,,,,,,,,,,,,,,,,,,,,,,,,,,,,,,,,,,
,,,,,,,,[(%PROLIFIC_PID,1,2025-04-16_18h53.42.272,CLTandFLE,2024.1.5,Win32,61.34969325,5f0df27c055def06805f25ed,67ffc4c40efe1bd1090b10ee,67ffdfffc20f809ae19a3462,,,,,,,,,,,,,,,,,,,,,,,,,,,,,,,,,,,,,,,,,,,432.3887,437.0481,4.6581,1,0,320.297,-0.186111111,-0.026851866,0,0,0,0,36,36,0,1,a,Il paziente ha preso il Batatrim,Il paziente ha superato la crisi,,,,,,,,,,,,,,,,,,,,,,,,,,,,,,,,,,,,,,,,,,,,,,,,,,,,,,,,,,,,,,,,,,,,,,,,,,,,,,,,,,,,,,,
,,,,,,,,[(%PROLIFIC_PID,1,2025-04-16_18h53.42.272,CLTandFLE,2024.1.5,Win32,61.34969325,5f0df27c055def06805f25ed,67ffc4c40efe1bd1090b10ee,67ffdfffc20f809ae19a3462,,,,,,,,,,,,,,,,,,,,,,,,,,,,,,,,,,,,,,,,,,,437.0489,448.695,11.6458,1,0,331.9428,0.291666667,0.551851855,0,0,0,0,37,37,39,1,d,Il paziente non ha preso il Batatrim,Il paziente non ha superato la crisi,,,,,,,,,,,,,,,,,,,,,,,,,,,,,,,,,,,,,,,,,,,,,,,,,,,,,,,,,,,,,,,,,,,,,,,,,,,,,,,,,,,,,,,
,,,,,,,,[(%PROLIFIC_PID,1,2025-04-16_18h53.42.272,CLTandFLE,2024.1.5,Win32,61.34969325,5f0df27c055def06805f25ed,67ffc4c40efe1bd1090b10ee,67ffdfffc20f809ae19a3462,,,,,,,,,,,,,,,,,,,,,,,,,,,,,,,,,,,,,,,,,,,448.6954,469.8199,21.1236,1,0,353.0664,-0.201851824,-0.016666667,0,0,0,0,38,38,12,1,a,Il paziente ha preso il Batatrim,Il paziente ha superato la crisi,,,,,,,,,,,,,,,,,,,,,,,,,,,,,,,,,,,,,,,,,,,,,,,,,,,,,,,,,,,,,,,,,,,,,,,,,,,,,,,,,,,,,,,
,,,,,,,,[(%PROLIFIC_PID,1,2025-04-16_18h53.42.272,CLTandFLE,2024.1.5,Win32,61.34969325,5f0df27c055def06805f25ed,67ffc4c40efe1bd1090b10ee,67ffdfffc20f809ae19a3462,,,,,,,,,,,,,,,,,,,,,,,,,,,,,,,,,,,,,,,,,,,469.8209,474.8602,5.0387,1,0,358.1051,-0.237962935,0.513888889,0,0,0,0,39,39,21,1,c,Il paziente non ha preso il Batatrim,Il paziente ha superato la crisi,,,,,,,,,,,,,,,,,,,,,,,,,,,,,,,,,,,,,,,,,,,,,,,,,,,,,,,,,,,,,,,,,,,,,,,,,,,,,,,,,,,,,,,
,,,,,,,,[(%PROLIFIC_PID,1,2025-04-16_18h53.42.272,CLTandFLE,2024.1.5,Win32,61.34969325,5f0df27c055def06805f25ed,67ffc4c40efe1bd1090b10ee,67ffdfffc20f809ae19a3462,,512.8959,513.8936,,,,,,,,,,,,,,,,,,,,,,,,,,,,,,,,,,,,,,,,,,,,,,,,,,,,,,,,,,,475.8588,488.1322,12.2718,60,10.7305,-0.015740712,-0.220370399,1,0,0,489.1317,512.8957,23.7626,85,22.9211,0.025,-0.193518533,1,0,0,6,5,5,10,0,0,0,0,1,,,,,,,,,,,,,,,,,,,,,,,,,,,,,,,,,,,,,,,,,,,,,,,,,,,,,,,,,,
,,,,,,,,[(%PROLIFIC_PID,1,2025-04-16_18h53.42.272,CLTandFLE,2024.1.5,Win32,61.34969325,5f0df27c055def06805f25ed,67ffc4c40efe1bd1090b10ee,67ffdfffc20f809ae19a3462,,761.5121,762.5058,,,,,,,,,,,,,,,,,,,,,,,,,,,,,,,,,,,,,,,,,,,,,,,,,,,,,,,,,,,,,,,,,,,,,,,,,,,,,,,,,,,,,,,,546.8006,579.3808,32.5793,6,31.5198,-0.000925869,-0.224074131,1,0,0,27,Maschio,Sì,21,"Sì, l'ho ottenuta negli ultimi due anni",C1 CEFR (7 - 8 IELTS),TRUE,FALSE,6,9,9,6,8,FALSE,Conferma,c1ok,c2ok,c3ok,c4ok,c5ok,c6err,c7ok,c8ok,c9ok,c10ok,c11ok,c12err,c13ok,c14err2,c15ok,c16ok,c17ok,c18ok,c19ok,c20ok,c21ok,c22ok,c23ok,c24err,c25err3,c26ok,1159.6497,1165.4753,0,0,0,0,1
