﻿Alfa.started,Alfa.stopped,alfa_mouse.x,alfa_mouse.y,alfa_mouse.leftButton,alfa_mouse.midButton,alfa_mouse.rightButton,alfa_mouse.clicked_name,participant,group,date,expName,psychopyVersion,OS,frameRate,PROLIFIC_PID,STUDY_ID,SESSION_ID,)],ITI.started,ITI.stopped,B_consensoinformato.started,B_consensoinformato.stopped,tempo_consenso,cons_mouse.x,cons_mouse.y,cons_mouse.leftButton,cons_mouse.midButton,cons_mouse.rightButton,A_benvenuto.started,A_benvenuto.stopped,ben_mouse.x,ben_mouse.y,ben_mouse.leftButton,ben_mouse.midButton,ben_mouse.rightButton,B2_istruzioni.started,B2_istruzioni.stopped,tempo_istru,cons_mouse_2.x,cons_mouse_2.y,cons_mouse_2.leftButton,cons_mouse_2.midButton,cons_mouse_2.rightButton,SAMevaluation.started,SAMevaluation.stopped,temposam,sliderintensity.response,sliderintensity.rt,slidervalence.response,slidervalence.rt,mouse_sam.x,mouse_sam.y,mouse_sam.leftButton,mouse_sam.midButton,mouse_sam.rightButton,mouse_sam.time,mouse_sam.clicked_name,Loading.started,Loading.stopped,C_associative_task.started,C_associative_task.stopped,tempo_trial,hapremutosi,hapremutono,tempo_tasktot,mouse.x,mouse.y,mouse.leftButton,mouse.midButton,mouse.rightButton,trials.thisRepN,trials.thisTrialN,trials.thisN,trials.thisIndex,trials.ran,cond,causa,effetto,D_VD.started,D_VD.stopped,tempo_vd,vd.response,vd.rt,mouse_vd.x,mouse_vd.y,mouse_vd.leftButton,mouse_vd.midButton,mouse_vd.rightButton,Previous.started,Previous.stopped,tempo_vd1,previous.response,previous.rt,mouse_vd_2.x,mouse_vd_2.y,mouse_vd_2.leftButton,mouse_vd_2.midButton,mouse_vd_2.rightButton,EstENG.TrialNN,EstENG.TrialSN,EstENG.TrialSS,EstENG.TrialNS,ingesta.thisRepN,ingesta.thisTrialN,ingesta.thisN,ingesta.thisIndex,ingesta.ran,PF.started,PF.stopped,tempo_pf,processfluency.response,processfluency.rt,mouse_ch.x,mouse_ch.y,mouse_ch.leftButton,mouse_ch.midButton,mouse_ch.rightButton,Questionario_Lingua.Age,Questionario_Lingua.Sesso,Questionario_Lingua.StaiStudiando?,Questionario_Lingua.Anniscolarita,Questionario_Lingua.Diploma,Questionario_Lingua.ItaMADRE?,Questionario_Lingua.INGmadre?,Questionario_Lingua.Q5(AOAIng),Questionario_Lingua.INGLETTURA,Questionario_Lingua.INGCOMPRESO,Questionario_Lingua.INGSCRITTO,Questionario_Lingua.INGPARLATO,Questionario_Lingua.haivissutoestero,ProvaInglese.ProcediamoENg,ProvaInglese.C1,ProvaInglese.C2,ProvaInglese.C3,ProvaInglese.C4,ProvaInglese.C5,ProvaInglese.C6,ProvaInglese.C7,ProvaInglese.C8,ProvaInglese.C9,ProvaInglese.C10,ProvaInglese.C11,ProvaInglese.C12,ProvaInglese.C13,ProvaInglese.C14,ProvaInglese.C15,ProvaInglese.C16,ProvaInglese.C17,ProvaInglese.C18,ProvaInglese.C19,ProvaInglese.C20,ProvaInglese.C21,ProvaInglese.C22,ProvaInglese.C23,ProvaInglese.C24,ProvaInglese.C25,ProvaInglese.controlquestion,Ant_lastquestion.started,Ant_lastquestion.stopped,exp_loop.thisRepN,exp_loop.thisTrialN,exp_loop.thisN,exp_loop.thisIndex,exp_loop.ran
0.0005,6.5199,-0.059259259,-0.005555556,1,0,0,alfa_mask,[(%PROLIFIC_PID,2,2025-04-16_19h03.38.113,CLTandFLE,2024.1.5,Win32,59.88023952,5cf477d9f7ab870015139beb,67ffc4c40efe1bd1090b10ee,67ffe2d04bee8b3b040d34c7,,,,,,,,,,,,,,,,,,,,,,,,,,,,,,,,,,,,,,,,,,,,,,,,,,,,,,,,,,,,,,,,,,,,,,,,,,,,,,,,,,,,,,,,,,,,,,,,,,,,,,,,,,,,,,,,,,,,,,,,,,,,,,,,,,,,,,,,,,,,,,,,,,,
,,,,,,,,[(%PROLIFIC_PID,2,2025-04-16_19h03.38.113,CLTandFLE,2024.1.5,Win32,59.88023952,5cf477d9f7ab870015139beb,67ffc4c40efe1bd1090b10ee,67ffe2d04bee8b3b040d34c7,,6.52,7.5192,,,,,,,,,,,,,,,,,,,,,,,,,,,,,,,,,,,,,,,,,,,,,,,,,,,,,,,,,,,,,,,,,,,,,,,,,,,,,,,,,,,,,,,,,,,,,,,,,,,,,,,,,,,,,,,,,,,,,,,,,,,,,,,,,,,,,,,,,,,,,,,,
,,,,,,,,[(%PROLIFIC_PID,2,2025-04-16_19h03.38.113,CLTandFLE,2024.1.5,Win32,59.88023952,5cf477d9f7ab870015139beb,67ffc4c40efe1bd1090b10ee,67ffe2d04bee8b3b040d34c7,,,,7.5193,11.0573,3.5376,0.188888889,-0.397222222,1,0,0,,,,,,,,,,,,,,,,,,,,,,,,,,,,,,,,,,,,,,,,,,,,,,,,,,,,,,,,,,,,,,,,,,,,,,,,,,,,,,,,,,,,,,,,,,,,,,,,,,,,,,,,,,,,,,,,,,,,,,,,,,,,,,,,,,,,,,,,
,,,,,,,,[(%PROLIFIC_PID,2,2025-04-16_19h03.38.113,CLTandFLE,2024.1.5,Win32,59.88023952,5cf477d9f7ab870015139beb,67ffc4c40efe1bd1090b10ee,67ffe2d04bee8b3b040d34c7,,78.39,79.3911,,,,,,,,,12.0573,16.3481,0.032407407,-0.112037037,1,0,0,17.3457,61.1397,43.7936,0.024074074,-0.39537037,1,0,0,62.1407,70.3995,8.258,0.674768519,7.476,0.361111111,4.0421,"[0.008333333333333333,0.008333333333333333,0.030555555555555555]","[0.19166666666666668,0,-0.21944444444444444]","[1,1,1]","[0,0,0]","[0,0,0]","[3.448600000008952,6.734799999997023,8.253299999997026]","[""slidervalence"",""sliderintensity"",""rettoksam""]",71.3999,78.3899,79.4051,90.3186,10.9132,1,0,10.9132,-0.037037037,-0.083333333,0,0,0,0,0,0,15,1,b,The patient has taken Batatrim,The patient has not overcome the crisis,,,,,,,,,,,,,,,,,,,,,,,,,,,,,,,,,,,,,,,,,,,,,,,,,,,,,,,,,,,,,,,,,,,,,,,,,,,,,,,,,,,,,,
,,,,,,,,[(%PROLIFIC_PID,2,2025-04-16_19h03.38.113,CLTandFLE,2024.1.5,Win32,59.88023952,5cf477d9f7ab870015139beb,67ffc4c40efe1bd1090b10ee,67ffe2d04bee8b3b040d34c7,,,,,,,,,,,,,,,,,,,,,,,,,,,,,,,,,,,,,,,,,,,90.3189,97.626,7.3068,0,1,18.22,0.083333333,-0.05,0,0,0,0,1,1,34,1,c,The patient has not taken Batatrim,The patient has overcome the crisis,,,,,,,,,,,,,,,,,,,,,,,,,,,,,,,,,,,,,,,,,,,,,,,,,,,,,,,,,,,,,,,,,,,,,,,,,,,,,,,,,,,,,,
,,,,,,,,[(%PROLIFIC_PID,2,2025-04-16_19h03.38.113,CLTandFLE,2024.1.5,Win32,59.88023952,5cf477d9f7ab870015139beb,67ffc4c40efe1bd1090b10ee,67ffe2d04bee8b3b040d34c7,,,,,,,,,,,,,,,,,,,,,,,,,,,,,,,,,,,,,,,,,,,97.6263,103.9823,6.3559,1,0,24.5759,-0.064814815,-0.067592593,0,0,0,0,2,2,16,1,b,The patient has taken Batatrim,The patient has not overcome the crisis,,,,,,,,,,,,,,,,,,,,,,,,,,,,,,,,,,,,,,,,,,,,,,,,,,,,,,,,,,,,,,,,,,,,,,,,,,,,,,,,,,,,,,
,,,,,,,,[(%PROLIFIC_PID,2,2025-04-16_19h03.38.113,CLTandFLE,2024.1.5,Win32,59.88023952,5cf477d9f7ab870015139beb,67ffc4c40efe1bd1090b10ee,67ffe2d04bee8b3b040d34c7,,,,,,,,,,,,,,,,,,,,,,,,,,,,,,,,,,,,,,,,,,,103.9825,109.2876,5.3049,0,1,29.8808,0.076851852,-0.041666667,0,0,0,0,3,3,14,1,b,The patient has taken Batatrim,The patient has overcome the crisis,,,,,,,,,,,,,,,,,,,,,,,,,,,,,,,,,,,,,,,,,,,,,,,,,,,,,,,,,,,,,,,,,,,,,,,,,,,,,,,,,,,,,,
,,,,,,,,[(%PROLIFIC_PID,2,2025-04-16_19h03.38.113,CLTandFLE,2024.1.5,Win32,59.88023952,5cf477d9f7ab870015139beb,67ffc4c40efe1bd1090b10ee,67ffe2d04bee8b3b040d34c7,,,,,,,,,,,,,,,,,,,,,,,,,,,,,,,,,,,,,,,,,,,109.2879,115.6942,6.406,1,0,36.2868,-0.016666667,-0.075925926,0,0,0,0,4,4,23,1,c,The patient has not taken Batatrim,The patient has overcome the crisis,,,,,,,,,,,,,,,,,,,,,,,,,,,,,,,,,,,,,,,,,,,,,,,,,,,,,,,,,,,,,,,,,,,,,,,,,,,,,,,,,,,,,,
,,,,,,,,[(%PROLIFIC_PID,2,2025-04-16_19h03.38.113,CLTandFLE,2024.1.5,Win32,59.88023952,5cf477d9f7ab870015139beb,67ffc4c40efe1bd1090b10ee,67ffe2d04bee8b3b040d34c7,,,,,,,,,,,,,,,,,,,,,,,,,,,,,,,,,,,,,,,,,,,115.6944,120.4323,4.7377,0,1,41.0245,0.061111111,-0.040740741,0,0,0,0,5,5,8,1,a,The patient has taken Batatrim,The patient has overcome the crisis,,,,,,,,,,,,,,,,,,,,,,,,,,,,,,,,,,,,,,,,,,,,,,,,,,,,,,,,,,,,,,,,,,,,,,,,,,,,,,,,,,,,,,
,,,,,,,,[(%PROLIFIC_PID,2,2025-04-16_19h03.38.113,CLTandFLE,2024.1.5,Win32,59.88023952,5cf477d9f7ab870015139beb,67ffc4c40efe1bd1090b10ee,67ffe2d04bee8b3b040d34c7,,,,,,,,,,,,,,,,,,,,,,,,,,,,,,,,,,,,,,,,,,,120.4325,128.8738,8.4411,0,1,49.4656,0.052777778,-0.053703704,0,0,0,0,6,6,27,1,c,The patient has not taken Batatrim,The patient has overcome the crisis,,,,,,,,,,,,,,,,,,,,,,,,,,,,,,,,,,,,,,,,,,,,,,,,,,,,,,,,,,,,,,,,,,,,,,,,,,,,,,,,,,,,,,
,,,,,,,,[(%PROLIFIC_PID,2,2025-04-16_19h03.38.113,CLTandFLE,2024.1.5,Win32,59.88023952,5cf477d9f7ab870015139beb,67ffc4c40efe1bd1090b10ee,67ffe2d04bee8b3b040d34c7,,,,,,,,,,,,,,,,,,,,,,,,,,,,,,,,,,,,,,,,,,,128.874,133.9293,5.055,1,0,54.5206,-0.003703704,-0.036111111,0,0,0,0,7,7,1,1,a,The patient has taken Batatrim,The patient has overcome the crisis,,,,,,,,,,,,,,,,,,,,,,,,,,,,,,,,,,,,,,,,,,,,,,,,,,,,,,,,,,,,,,,,,,,,,,,,,,,,,,,,,,,,,,
,,,,,,,,[(%PROLIFIC_PID,2,2025-04-16_19h03.38.113,CLTandFLE,2024.1.5,Win32,59.88023952,5cf477d9f7ab870015139beb,67ffc4c40efe1bd1090b10ee,67ffe2d04bee8b3b040d34c7,,,,,,,,,,,,,,,,,,,,,,,,,,,,,,,,,,,,,,,,,,,133.9297,139.1512,5.2212,0,1,59.7418,0.061111111,-0.05,0,0,0,0,8,8,25,1,c,The patient has not taken Batatrim,The patient has overcome the crisis,,,,,,,,,,,,,,,,,,,,,,,,,,,,,,,,,,,,,,,,,,,,,,,,,,,,,,,,,,,,,,,,,,,,,,,,,,,,,,,,,,,,,,
,,,,,,,,[(%PROLIFIC_PID,2,2025-04-16_19h03.38.113,CLTandFLE,2024.1.5,Win32,59.88023952,5cf477d9f7ab870015139beb,67ffc4c40efe1bd1090b10ee,67ffe2d04bee8b3b040d34c7,,,,,,,,,,,,,,,,,,,,,,,,,,,,,,,,,,,,,,,,,,,139.1516,144.4064,5.2546,1,0,64.9964,-0.051851852,-0.036111111,0,0,0,0,9,9,18,1,b,The patient has taken Batatrim,The patient has not overcome the crisis,,,,,,,,,,,,,,,,,,,,,,,,,,,,,,,,,,,,,,,,,,,,,,,,,,,,,,,,,,,,,,,,,,,,,,,,,,,,,,,,,,,,,,
,,,,,,,,[(%PROLIFIC_PID,2,2025-04-16_19h03.38.113,CLTandFLE,2024.1.5,Win32,59.88023952,5cf477d9f7ab870015139beb,67ffc4c40efe1bd1090b10ee,67ffe2d04bee8b3b040d34c7,,,,,,,,,,,,,,,,,,,,,,,,,,,,,,,,,,,,,,,,,,,144.4069,150.1787,5.7717,0,1,70.7681,0.1,-0.05462963,0,0,0,0,10,10,32,1,c,The patient has not taken Batatrim,The patient has overcome the crisis,,,,,,,,,,,,,,,,,,,,,,,,,,,,,,,,,,,,,,,,,,,,,,,,,,,,,,,,,,,,,,,,,,,,,,,,,,,,,,,,,,,,,,
,,,,,,,,[(%PROLIFIC_PID,2,2025-04-16_19h03.38.113,CLTandFLE,2024.1.5,Win32,59.88023952,5cf477d9f7ab870015139beb,67ffc4c40efe1bd1090b10ee,67ffe2d04bee8b3b040d34c7,,,,,,,,,,,,,,,,,,,,,,,,,,,,,,,,,,,,,,,,,,,150.1791,156.9355,6.7563,0,1,77.5244,0.075925926,-0.039814815,0,0,0,0,11,11,39,1,d,The patient has not taken Batatrim,The patient has not overcome the crisis,,,,,,,,,,,,,,,,,,,,,,,,,,,,,,,,,,,,,,,,,,,,,,,,,,,,,,,,,,,,,,,,,,,,,,,,,,,,,,,,,,,,,,
,,,,,,,,[(%PROLIFIC_PID,2,2025-04-16_19h03.38.113,CLTandFLE,2024.1.5,Win32,59.88023952,5cf477d9f7ab870015139beb,67ffc4c40efe1bd1090b10ee,67ffe2d04bee8b3b040d34c7,,,,,,,,,,,,,,,,,,,,,,,,,,,,,,,,,,,,,,,,,,,156.9357,162.5744,5.6385,1,0,83.1629,-0.058333333,-0.046296296,0,0,0,0,12,12,10,1,a,The patient has taken Batatrim,The patient has overcome the crisis,,,,,,,,,,,,,,,,,,,,,,,,,,,,,,,,,,,,,,,,,,,,,,,,,,,,,,,,,,,,,,,,,,,,,,,,,,,,,,,,,,,,,,
,,,,,,,,[(%PROLIFIC_PID,2,2025-04-16_19h03.38.113,CLTandFLE,2024.1.5,Win32,59.88023952,5cf477d9f7ab870015139beb,67ffc4c40efe1bd1090b10ee,67ffe2d04bee8b3b040d34c7,,,,,,,,,,,,,,,,,,,,,,,,,,,,,,,,,,,,,,,,,,,162.5748,168.1632,5.5882,1,0,88.7511,-0.04537037,-0.053703704,0,0,0,0,13,13,19,1,b,The patient has taken Batatrim,The patient has not overcome the crisis,,,,,,,,,,,,,,,,,,,,,,,,,,,,,,,,,,,,,,,,,,,,,,,,,,,,,,,,,,,,,,,,,,,,,,,,,,,,,,,,,,,,,,
,,,,,,,,[(%PROLIFIC_PID,2,2025-04-16_19h03.38.113,CLTandFLE,2024.1.5,Win32,59.88023952,5cf477d9f7ab870015139beb,67ffc4c40efe1bd1090b10ee,67ffe2d04bee8b3b040d34c7,,,,,,,,,,,,,,,,,,,,,,,,,,,,,,,,,,,,,,,,,,,168.1635,173.2685,5.1048,0,1,93.8559,0.077777778,-0.085185185,0,0,0,0,14,14,35,1,d,The patient has not taken Batatrim,The patient has not overcome the crisis,,,,,,,,,,,,,,,,,,,,,,,,,,,,,,,,,,,,,,,,,,,,,,,,,,,,,,,,,,,,,,,,,,,,,,,,,,,,,,,,,,,,,,
,,,,,,,,[(%PROLIFIC_PID,2,2025-04-16_19h03.38.113,CLTandFLE,2024.1.5,Win32,59.88023952,5cf477d9f7ab870015139beb,67ffc4c40efe1bd1090b10ee,67ffe2d04bee8b3b040d34c7,,,,,,,,,,,,,,,,,,,,,,,,,,,,,,,,,,,,,,,,,,,173.2688,179.3916,6.1225,0,1,99.9784,0.063888889,-0.05,0,0,0,0,15,15,33,1,c,The patient has not taken Batatrim,The patient has overcome the crisis,,,,,,,,,,,,,,,,,,,,,,,,,,,,,,,,,,,,,,,,,,,,,,,,,,,,,,,,,,,,,,,,,,,,,,,,,,,,,,,,,,,,,,
,,,,,,,,[(%PROLIFIC_PID,2,2025-04-16_19h03.38.113,CLTandFLE,2024.1.5,Win32,59.88023952,5cf477d9f7ab870015139beb,67ffc4c40efe1bd1090b10ee,67ffe2d04bee8b3b040d34c7,,,,,,,,,,,,,,,,,,,,,,,,,,,,,,,,,,,,,,,,,,,179.392,187.0657,7.6735,1,0,107.6519,-0.012962963,-0.033333333,0,0,0,0,16,16,0,1,a,The patient has taken Batatrim,The patient has overcome the crisis,,,,,,,,,,,,,,,,,,,,,,,,,,,,,,,,,,,,,,,,,,,,,,,,,,,,,,,,,,,,,,,,,,,,,,,,,,,,,,,,,,,,,,
,,,,,,,,[(%PROLIFIC_PID,2,2025-04-16_19h03.38.113,CLTandFLE,2024.1.5,Win32,59.88023952,5cf477d9f7ab870015139beb,67ffc4c40efe1bd1090b10ee,67ffe2d04bee8b3b040d34c7,,,,,,,,,,,,,,,,,,,,,,,,,,,,,,,,,,,,,,,,,,,187.0659,191.7372,4.671,0,1,112.3229,0.048148148,-0.048148148,0,0,0,0,17,17,26,1,c,The patient has not taken Batatrim,The patient has overcome the crisis,,,,,,,,,,,,,,,,,,,,,,,,,,,,,,,,,,,,,,,,,,,,,,,,,,,,,,,,,,,,,,,,,,,,,,,,,,,,,,,,,,,,,,
,,,,,,,,[(%PROLIFIC_PID,2,2025-04-16_19h03.38.113,CLTandFLE,2024.1.5,Win32,59.88023952,5cf477d9f7ab870015139beb,67ffc4c40efe1bd1090b10ee,67ffe2d04bee8b3b040d34c7,,,,,,,,,,,,,,,,,,,,,,,,,,,,,,,,,,,,,,,,,,,191.7375,196.4415,4.7039,0,1,117.0268,0.031481481,-0.060185185,0,0,0,0,18,18,36,1,d,The patient has not taken Batatrim,The patient has not overcome the crisis,,,,,,,,,,,,,,,,,,,,,,,,,,,,,,,,,,,,,,,,,,,,,,,,,,,,,,,,,,,,,,,,,,,,,,,,,,,,,,,,,,,,,,
,,,,,,,,[(%PROLIFIC_PID,2,2025-04-16_19h03.38.113,CLTandFLE,2024.1.5,Win32,59.88023952,5cf477d9f7ab870015139beb,67ffc4c40efe1bd1090b10ee,67ffe2d04bee8b3b040d34c7,,,,,,,,,,,,,,,,,,,,,,,,,,,,,,,,,,,,,,,,,,,196.4419,202.7145,6.2724,0,1,123.2992,0.027777778,-0.039814815,0,0,0,0,19,19,28,1,c,The patient has not taken Batatrim,The patient has overcome the crisis,,,,,,,,,,,,,,,,,,,,,,,,,,,,,,,,,,,,,,,,,,,,,,,,,,,,,,,,,,,,,,,,,,,,,,,,,,,,,,,,,,,,,,
,,,,,,,,[(%PROLIFIC_PID,2,2025-04-16_19h03.38.113,CLTandFLE,2024.1.5,Win32,59.88023952,5cf477d9f7ab870015139beb,67ffc4c40efe1bd1090b10ee,67ffe2d04bee8b3b040d34c7,,,,,,,,,,,,,,,,,,,,,,,,,,,,,,,,,,,,,,,,,,,202.7147,208.1869,5.4719,0,1,128.7711,0.028703704,-0.049074074,0,0,0,0,20,20,31,1,c,The patient has not taken Batatrim,The patient has overcome the crisis,,,,,,,,,,,,,,,,,,,,,,,,,,,,,,,,,,,,,,,,,,,,,,,,,,,,,,,,,,,,,,,,,,,,,,,,,,,,,,,,,,,,,,
,,,,,,,,[(%PROLIFIC_PID,2,2025-04-16_19h03.38.113,CLTandFLE,2024.1.5,Win32,59.88023952,5cf477d9f7ab870015139beb,67ffc4c40efe1bd1090b10ee,67ffe2d04bee8b3b040d34c7,,,,,,,,,,,,,,,,,,,,,,,,,,,,,,,,,,,,,,,,,,,208.1873,212.7247,4.5372,0,1,133.3083,0.074074074,-0.052777778,0,0,0,0,21,21,37,1,d,The patient has not taken Batatrim,The patient has not overcome the crisis,,,,,,,,,,,,,,,,,,,,,,,,,,,,,,,,,,,,,,,,,,,,,,,,,,,,,,,,,,,,,,,,,,,,,,,,,,,,,,,,,,,,,,
,,,,,,,,[(%PROLIFIC_PID,2,2025-04-16_19h03.38.113,CLTandFLE,2024.1.5,Win32,59.88023952,5cf477d9f7ab870015139beb,67ffc4c40efe1bd1090b10ee,67ffe2d04bee8b3b040d34c7,,,,,,,,,,,,,,,,,,,,,,,,,,,,,,,,,,,,,,,,,,,212.7249,219.1977,6.4726,0,1,139.7809,0.040740741,-0.037037037,0,0,0,0,22,22,22,1,c,The patient has not taken Batatrim,The patient has overcome the crisis,,,,,,,,,,,,,,,,,,,,,,,,,,,,,,,,,,,,,,,,,,,,,,,,,,,,,,,,,,,,,,,,,,,,,,,,,,,,,,,,,,,,,,
,,,,,,,,[(%PROLIFIC_PID,2,2025-04-16_19h03.38.113,CLTandFLE,2024.1.5,Win32,59.88023952,5cf477d9f7ab870015139beb,67ffc4c40efe1bd1090b10ee,67ffe2d04bee8b3b040d34c7,,,,,,,,,,,,,,,,,,,,,,,,,,,,,,,,,,,,,,,,,,,219.1979,223.6355,4.4374,1,0,144.2183,-0.023148148,-0.065740741,0,0,0,0,23,23,13,1,a,The patient has taken Batatrim,The patient has overcome the crisis,,,,,,,,,,,,,,,,,,,,,,,,,,,,,,,,,,,,,,,,,,,,,,,,,,,,,,,,,,,,,,,,,,,,,,,,,,,,,,,,,,,,,,
,,,,,,,,[(%PROLIFIC_PID,2,2025-04-16_19h03.38.113,CLTandFLE,2024.1.5,Win32,59.88023952,5cf477d9f7ab870015139beb,67ffc4c40efe1bd1090b10ee,67ffe2d04bee8b3b040d34c7,,,,,,,,,,,,,,,,,,,,,,,,,,,,,,,,,,,,,,,,,,,223.6358,228.4739,4.8378,0,1,149.0561,0.151851852,0.000925926,0,0,0,0,24,24,38,1,d,The patient has not taken Batatrim,The patient has not overcome the crisis,,,,,,,,,,,,,,,,,,,,,,,,,,,,,,,,,,,,,,,,,,,,,,,,,,,,,,,,,,,,,,,,,,,,,,,,,,,,,,,,,,,,,,
,,,,,,,,[(%PROLIFIC_PID,2,2025-04-16_19h03.38.113,CLTandFLE,2024.1.5,Win32,59.88023952,5cf477d9f7ab870015139beb,67ffc4c40efe1bd1090b10ee,67ffe2d04bee8b3b040d34c7,,,,,,,,,,,,,,,,,,,,,,,,,,,,,,,,,,,,,,,,,,,228.4743,233.1124,4.6378,1,0,153.6939,0.019444444,-0.056481481,0,0,0,0,25,25,17,1,b,The patient has taken Batatrim,The patient has not overcome the crisis,,,,,,,,,,,,,,,,,,,,,,,,,,,,,,,,,,,,,,,,,,,,,,,,,,,,,,,,,,,,,,,,,,,,,,,,,,,,,,,,,,,,,,
,,,,,,,,[(%PROLIFIC_PID,2,2025-04-16_19h03.38.113,CLTandFLE,2024.1.5,Win32,59.88023952,5cf477d9f7ab870015139beb,67ffc4c40efe1bd1090b10ee,67ffe2d04bee8b3b040d34c7,,,,,,,,,,,,,,,,,,,,,,,,,,,,,,,,,,,,,,,,,,,233.1127,237.9165,4.8036,1,0,158.4975,-0.041666667,-0.044444444,0,0,0,0,26,26,6,1,a,The patient has taken Batatrim,The patient has overcome the crisis,,,,,,,,,,,,,,,,,,,,,,,,,,,,,,,,,,,,,,,,,,,,,,,,,,,,,,,,,,,,,,,,,,,,,,,,,,,,,,,,,,,,,,
,,,,,,,,[(%PROLIFIC_PID,2,2025-04-16_19h03.38.113,CLTandFLE,2024.1.5,Win32,59.88023952,5cf477d9f7ab870015139beb,67ffc4c40efe1bd1090b10ee,67ffe2d04bee8b3b040d34c7,,,,,,,,,,,,,,,,,,,,,,,,,,,,,,,,,,,,,,,,,,,237.9168,243.9731,6.0559,1,0,164.5534,-0.04537037,-0.051851852,0,0,0,0,27,27,3,1,a,The patient has taken Batatrim,The patient has overcome the crisis,,,,,,,,,,,,,,,,,,,,,,,,,,,,,,,,,,,,,,,,,,,,,,,,,,,,,,,,,,,,,,,,,,,,,,,,,,,,,,,,,,,,,,
,,,,,,,,[(%PROLIFIC_PID,2,2025-04-16_19h03.38.113,CLTandFLE,2024.1.5,Win32,59.88023952,5cf477d9f7ab870015139beb,67ffc4c40efe1bd1090b10ee,67ffe2d04bee8b3b040d34c7,,,,,,,,,,,,,,,,,,,,,,,,,,,,,,,,,,,,,,,,,,,243.9736,248.577,4.6034,1,0,169.1568,-0.02962963,-0.056481481,0,0,0,0,28,28,12,1,a,The patient has taken Batatrim,The patient has overcome the crisis,,,,,,,,,,,,,,,,,,,,,,,,,,,,,,,,,,,,,,,,,,,,,,,,,,,,,,,,,,,,,,,,,,,,,,,,,,,,,,,,,,,,,,
,,,,,,,,[(%PROLIFIC_PID,2,2025-04-16_19h03.38.113,CLTandFLE,2024.1.5,Win32,59.88023952,5cf477d9f7ab870015139beb,67ffc4c40efe1bd1090b10ee,67ffe2d04bee8b3b040d34c7,,,,,,,,,,,,,,,,,,,,,,,,,,,,,,,,,,,,,,,,,,,248.5773,254.0328,5.4552,0,1,174.612,0.084259259,-0.052777778,0,0,0,0,29,29,20,1,c,The patient has not taken Batatrim,The patient has overcome the crisis,,,,,,,,,,,,,,,,,,,,,,,,,,,,,,,,,,,,,,,,,,,,,,,,,,,,,,,,,,,,,,,,,,,,,,,,,,,,,,,,,,,,,,
,,,,,,,,[(%PROLIFIC_PID,2,2025-04-16_19h03.38.113,CLTandFLE,2024.1.5,Win32,59.88023952,5cf477d9f7ab870015139beb,67ffc4c40efe1bd1090b10ee,67ffe2d04bee8b3b040d34c7,,,,,,,,,,,,,,,,,,,,,,,,,,,,,,,,,,,,,,,,,,,254.0333,258.7206,4.6871,1,0,179.2991,-0.000925926,-0.05,0,0,0,0,30,30,5,1,a,The patient has taken Batatrim,The patient has overcome the crisis,,,,,,,,,,,,,,,,,,,,,,,,,,,,,,,,,,,,,,,,,,,,,,,,,,,,,,,,,,,,,,,,,,,,,,,,,,,,,,,,,,,,,,
,,,,,,,,[(%PROLIFIC_PID,2,2025-04-16_19h03.38.113,CLTandFLE,2024.1.5,Win32,59.88023952,5cf477d9f7ab870015139beb,67ffc4c40efe1bd1090b10ee,67ffe2d04bee8b3b040d34c7,,,,,,,,,,,,,,,,,,,,,,,,,,,,,,,,,,,,,,,,,,,258.7208,264.5431,5.8222,0,1,185.1213,0.073148148,-0.067592593,0,0,0,0,31,31,29,1,c,The patient has not taken Batatrim,The patient has overcome the crisis,,,,,,,,,,,,,,,,,,,,,,,,,,,,,,,,,,,,,,,,,,,,,,,,,,,,,,,,,,,,,,,,,,,,,,,,,,,,,,,,,,,,,,
,,,,,,,,[(%PROLIFIC_PID,2,2025-04-16_19h03.38.113,CLTandFLE,2024.1.5,Win32,59.88023952,5cf477d9f7ab870015139beb,67ffc4c40efe1bd1090b10ee,67ffe2d04bee8b3b040d34c7,,,,,,,,,,,,,,,,,,,,,,,,,,,,,,,,,,,,,,,,,,,264.5433,270.6827,6.1393,1,0,191.2606,-0.021296296,-0.053703704,0,0,0,0,32,32,11,1,a,The patient has taken Batatrim,The patient has overcome the crisis,,,,,,,,,,,,,,,,,,,,,,,,,,,,,,,,,,,,,,,,,,,,,,,,,,,,,,,,,,,,,,,,,,,,,,,,,,,,,,,,,,,,,,
,,,,,,,,[(%PROLIFIC_PID,2,2025-04-16_19h03.38.113,CLTandFLE,2024.1.5,Win32,59.88023952,5cf477d9f7ab870015139beb,67ffc4c40efe1bd1090b10ee,67ffe2d04bee8b3b040d34c7,,,,,,,,,,,,,,,,,,,,,,,,,,,,,,,,,,,,,,,,,,,270.6832,275.0704,4.3871,1,0,195.6477,0.056481481,-0.059259259,0,0,0,0,33,33,9,1,a,The patient has taken Batatrim,The patient has overcome the crisis,,,,,,,,,,,,,,,,,,,,,,,,,,,,,,,,,,,,,,,,,,,,,,,,,,,,,,,,,,,,,,,,,,,,,,,,,,,,,,,,,,,,,,
,,,,,,,,[(%PROLIFIC_PID,2,2025-04-16_19h03.38.113,CLTandFLE,2024.1.5,Win32,59.88023952,5cf477d9f7ab870015139beb,67ffc4c40efe1bd1090b10ee,67ffe2d04bee8b3b040d34c7,,,,,,,,,,,,,,,,,,,,,,,,,,,,,,,,,,,,,,,,,,,275.0707,279.3746,4.3037,0,1,199.9514,-0.02037037,-0.042592593,0,0,0,0,34,34,24,1,c,The patient has not taken Batatrim,The patient has overcome the crisis,,,,,,,,,,,,,,,,,,,,,,,,,,,,,,,,,,,,,,,,,,,,,,,,,,,,,,,,,,,,,,,,,,,,,,,,,,,,,,,,,,,,,,
,,,,,,,,[(%PROLIFIC_PID,2,2025-04-16_19h03.38.113,CLTandFLE,2024.1.5,Win32,59.88023952,5cf477d9f7ab870015139beb,67ffc4c40efe1bd1090b10ee,67ffe2d04bee8b3b040d34c7,,,,,,,,,,,,,,,,,,,,,,,,,,,,,,,,,,,,,,,,,,,279.3748,283.5121,4.1371,1,0,204.0885,0.040740741,-0.043518519,0,0,0,0,35,35,4,1,a,The patient has taken Batatrim,The patient has overcome the crisis,,,,,,,,,,,,,,,,,,,,,,,,,,,,,,,,,,,,,,,,,,,,,,,,,,,,,,,,,,,,,,,,,,,,,,,,,,,,,,,,,,,,,,
,,,,,,,,[(%PROLIFIC_PID,2,2025-04-16_19h03.38.113,CLTandFLE,2024.1.5,Win32,59.88023952,5cf477d9f7ab870015139beb,67ffc4c40efe1bd1090b10ee,67ffe2d04bee8b3b040d34c7,,,,,,,,,,,,,,,,,,,,,,,,,,,,,,,,,,,,,,,,,,,283.5126,287.8165,4.3037,0,1,208.3922,0.05,-0.048148148,0,0,0,0,36,36,30,1,c,The patient has not taken Batatrim,The patient has overcome the crisis,,,,,,,,,,,,,,,,,,,,,,,,,,,,,,,,,,,,,,,,,,,,,,,,,,,,,,,,,,,,,,,,,,,,,,,,,,,,,,,,,,,,,,
,,,,,,,,[(%PROLIFIC_PID,2,2025-04-16_19h03.38.113,CLTandFLE,2024.1.5,Win32,59.88023952,5cf477d9f7ab870015139beb,67ffc4c40efe1bd1090b10ee,67ffe2d04bee8b3b040d34c7,,,,,,,,,,,,,,,,,,,,,,,,,,,,,,,,,,,,,,,,,,,287.8167,293.7893,5.9724,0,1,214.3646,0.02037037,-0.037962963,0,0,0,0,37,37,21,1,c,The patient has not taken Batatrim,The patient has overcome the crisis,,,,,,,,,,,,,,,,,,,,,,,,,,,,,,,,,,,,,,,,,,,,,,,,,,,,,,,,,,,,,,,,,,,,,,,,,,,,,,,,,,,,,,
,,,,,,,,[(%PROLIFIC_PID,2,2025-04-16_19h03.38.113,CLTandFLE,2024.1.5,Win32,59.88023952,5cf477d9f7ab870015139beb,67ffc4c40efe1bd1090b10ee,67ffe2d04bee8b3b040d34c7,,,,,,,,,,,,,,,,,,,,,,,,,,,,,,,,,,,,,,,,,,,293.7895,300.9966,7.2069,1,0,221.5715,0.107407407,-0.068518519,0,0,0,0,38,38,2,1,a,The patient has taken Batatrim,The patient has overcome the crisis,,,,,,,,,,,,,,,,,,,,,,,,,,,,,,,,,,,,,,,,,,,,,,,,,,,,,,,,,,,,,,,,,,,,,,,,,,,,,,,,,,,,,,
,,,,,,,,[(%PROLIFIC_PID,2,2025-04-16_19h03.38.113,CLTandFLE,2024.1.5,Win32,59.88023952,5cf477d9f7ab870015139beb,67ffc4c40efe1bd1090b10ee,67ffe2d04bee8b3b040d34c7,,,,,,,,,,,,,,,,,,,,,,,,,,,,,,,,,,,,,,,,,,,300.9968,306.9191,5.9221,1,0,227.4936,-0.093518519,-0.091666667,0,0,0,0,39,39,7,1,a,The patient has taken Batatrim,The patient has overcome the crisis,,,,,,,,,,,,,,,,,,,,,,,,,,,,,,,,,,,,,,,,,,,,,,,,,,,,,,,,,,,,,,,,,,,,,,,,,,,,,,,,,,,,,,
,,,,,,,,[(%PROLIFIC_PID,2,2025-04-16_19h03.38.113,CLTandFLE,2024.1.5,Win32,59.88023952,5cf477d9f7ab870015139beb,67ffc4c40efe1bd1090b10ee,67ffe2d04bee8b3b040d34c7,,334.0796,335.0804,,,,,,,,,,,,,,,,,,,,,,,,,,,,,,,,,,,,,,,,,,,,,,,,,,,,,,,,,,,307.9201,318.2305,10.3101,50,6.3191,0.019444444,-0.193518519,1,0,0,319.2313,334.0796,14.8479,65,11.0959,0.05,-0.175,1,0,0,6,5,5,5,0,0,0,0,1,,,,,,,,,,,,,,,,,,,,,,,,,,,,,,,,,,,,,,,,,,,,,,,,,,,,,,,,,
,,,,,,,,[(%PROLIFIC_PID,2,2025-04-16_19h03.38.113,CLTandFLE,2024.1.5,Win32,59.88023952,5cf477d9f7ab870015139beb,67ffc4c40efe1bd1090b10ee,67ffe2d04bee8b3b040d34c7,,460.8505,461.8406,,,,,,,,,,,,,,,,,,,,,,,,,,,,,,,,,,,,,,,,,,,,,,,,,,,,,,,,,,,,,,,,,,,,,,,,,,,,,,,,,,,,,,,,395.5909,401.7475,6.1562,3,2.7528,0.009259259,-0.205555556,1,0,0,44,Maschio,No,8,No,TRUE,FALSE,13,8,8,7,6,FALSE,Conferma,c1ok,c2ok,c3ok,c4ok,c5ok,c6err2,c7ok,c8ok,c9ok,c10ok,c11ok,c12err,c13ok,c14err2,c15ok,c16ok,c17ok,c18err2,c19ok,c20err,c21err2,c22err2,c23ok,c24err3,c25err3,c26ok,707.8534,714.5273,0,0,0,0,1
