﻿Alfa.started,Alfa.stopped,alfa_mouse.x,alfa_mouse.y,alfa_mouse.leftButton,alfa_mouse.midButton,alfa_mouse.rightButton,alfa_mouse.clicked_name,participant,group,date,expName,psychopyVersion,OS,frameRate,PROLIFIC_PID,STUDY_ID,SESSION_ID,)],ITI.started,ITI.stopped,B_consensoinformato.started,B_consensoinformato.stopped,tempo_consenso,cons_mouse.x,cons_mouse.y,cons_mouse.leftButton,cons_mouse.midButton,cons_mouse.rightButton,A_benvenuto.started,A_benvenuto.stopped,ben_mouse.x,ben_mouse.y,ben_mouse.leftButton,ben_mouse.midButton,ben_mouse.rightButton,B2_istruzioni.started,B2_istruzioni.stopped,tempo_istru,cons_mouse_2.x,cons_mouse_2.y,cons_mouse_2.leftButton,cons_mouse_2.midButton,cons_mouse_2.rightButton,SAMevaluation.started,SAMevaluation.stopped,temposam,sliderintensity.response,sliderintensity.rt,slidervalence.response,slidervalence.rt,mouse_sam.x,mouse_sam.y,mouse_sam.leftButton,mouse_sam.midButton,mouse_sam.rightButton,mouse_sam.time,mouse_sam.clicked_name,Loading.started,Loading.stopped,C_associative_task.started,C_associative_task.stopped,tempo_trial,hapremutosi,hapremutono,tempo_tasktot,mouse.x,mouse.y,mouse.leftButton,mouse.midButton,mouse.rightButton,trials.thisRepN,trials.thisTrialN,trials.thisN,trials.thisIndex,trials.ran,cond,causa,effetto,D_VD.started,D_VD.stopped,tempo_vd,vd.response,vd.rt,mouse_vd.x,mouse_vd.y,mouse_vd.leftButton,mouse_vd.midButton,mouse_vd.rightButton,Previous.started,Previous.stopped,tempo_vd1,previous.response,previous.rt,mouse_vd_2.x,mouse_vd_2.y,mouse_vd_2.leftButton,mouse_vd_2.midButton,mouse_vd_2.rightButton,EstENG.TrialNN,EstENG.TrialSN,EstENG.TrialNS,EstENG.TrialSS,ingesta.thisRepN,ingesta.thisTrialN,ingesta.thisN,ingesta.thisIndex,ingesta.ran,PF.started,PF.stopped,tempo_pf,processfluency.response,processfluency.rt,mouse_ch.x,mouse_ch.y,mouse_ch.leftButton,mouse_ch.midButton,mouse_ch.rightButton,Questionario_Lingua.Age,Questionario_Lingua.Sesso,Questionario_Lingua.StaiStudiando?,Questionario_Lingua.Anniscolarita,Questionario_Lingua.Diploma,Questionario_Lingua.Punteggiodiploma,Questionario_Lingua.Altridiplo,Questionario_Lingua.ItaMADRE?,Questionario_Lingua.INGmadre?,Questionario_Lingua.Q5(AOAIng),Questionario_Lingua.INGLETTURA,Questionario_Lingua.INGCOMPRESO,Questionario_Lingua.INGSCRITTO,Questionario_Lingua.INGPARLATO,Questionario_Lingua.haivissutoestero,ProvaInglese.ProcediamoENg,ProvaInglese.C1,ProvaInglese.C2,ProvaInglese.C3,ProvaInglese.C4,ProvaInglese.C5,ProvaInglese.C6,ProvaInglese.C7,ProvaInglese.C8,ProvaInglese.C9,ProvaInglese.C10,ProvaInglese.C11,ProvaInglese.C12,ProvaInglese.C13,ProvaInglese.C14,ProvaInglese.C15,ProvaInglese.C16,ProvaInglese.C17,ProvaInglese.C18,ProvaInglese.C19,ProvaInglese.C20,ProvaInglese.C21,ProvaInglese.C22,ProvaInglese.C23,ProvaInglese.C24,ProvaInglese.C25,ProvaInglese.controlquestion,Ant_lastquestion.started,Ant_lastquestion.stopped,exp_loop.thisRepN,exp_loop.thisTrialN,exp_loop.thisN,exp_loop.thisIndex,exp_loop.ran
0.0007,3.3492,0.068055556,0.003703704,1,0,0,alfa_mask,[(%PROLIFIC_PID,2,2025-04-16_20h40.02.201,CLTandFLE,2024.1.5,Win32,61.72839506,5b6f2884c727a90001529ef0,67ffc4c40efe1bd1090b10ee,67fff9257e65458185c908a0,,,,,,,,,,,,,,,,,,,,,,,,,,,,,,,,,,,,,,,,,,,,,,,,,,,,,,,,,,,,,,,,,,,,,,,,,,,,,,,,,,,,,,,,,,,,,,,,,,,,,,,,,,,,,,,,,,,,,,,,,,,,,,,,,,,,,,,,,,,,,,,,,,,,,
,,,,,,,,[(%PROLIFIC_PID,2,2025-04-16_20h40.02.201,CLTandFLE,2024.1.5,Win32,61.72839506,5b6f2884c727a90001529ef0,67ffc4c40efe1bd1090b10ee,67fff9257e65458185c908a0,,3.3497,5.304,,,,,,,,,,,,,,,,,,,,,,,,,,,,,,,,,,,,,,,,,,,,,,,,,,,,,,,,,,,,,,,,,,,,,,,,,,,,,,,,,,,,,,,,,,,,,,,,,,,,,,,,,,,,,,,,,,,,,,,,,,,,,,,,,,,,,,,,,,,,,,,,,,
,,,,,,,,[(%PROLIFIC_PID,2,2025-04-16_20h40.02.201,CLTandFLE,2024.1.5,Win32,61.72839506,5b6f2884c727a90001529ef0,67ffc4c40efe1bd1090b10ee,67fff9257e65458185c908a0,,,,5.3054,9.7914,4.4855,0.192592593,-0.426388889,1,0,0,,,,,,,,,,,,,,,,,,,,,,,,,,,,,,,,,,,,,,,,,,,,,,,,,,,,,,,,,,,,,,,,,,,,,,,,,,,,,,,,,,,,,,,,,,,,,,,,,,,,,,,,,,,,,,,,,,,,,,,,,,,,,,,,,,,,,,,,,,
,,,,,,,,[(%PROLIFIC_PID,2,2025-04-16_20h40.02.201,CLTandFLE,2024.1.5,Win32,61.72839506,5b6f2884c727a90001529ef0,67ffc4c40efe1bd1090b10ee,67fff9257e65458185c908a0,,85.0978,86.8545,,,,,,,,,11.6872,15.8337,0.005092593,-0.099537037,1,0,0,17.7108,61.1572,43.4454,-0.038425926,-0.419444444,1,0,0,63.0134,76.3287,13.3136,0.781828704,7.6019,0.075231481,10.5959,"[-0.003703703703703704,-0.0032407407407407406,0.007407407407407408]","[0.1925925925925926,0.0023148148148148147,-0.20879629629629629]","[1,1,1]","[0,0,0]","[0,0,0]","[3.7947000000476834,8.860899999976155,13.300600000023834]","[""rettoksam""]",78.1225,85.0978,86.8939,97.829,10.9345,0,1,10.9345,0.197222222,-0.032407407,0,0,0,0,0,0,37,1,d,The patient has not taken Batatrim,The patient has not overcome the crisis,,,,,,,,,,,,,,,,,,,,,,,,,,,,,,,,,,,,,,,,,,,,,,,,,,,,,,,,,,,,,,,,,,,,,,,,,,,,,,,,,,,,,,,,
,,,,,,,,[(%PROLIFIC_PID,2,2025-04-16_20h40.02.201,CLTandFLE,2024.1.5,Win32,61.72839506,5b6f2884c727a90001529ef0,67ffc4c40efe1bd1090b10ee,67fff9257e65458185c908a0,,,,,,,,,,,,,,,,,,,,,,,,,,,,,,,,,,,,,,,,,,,97.8299,105.4829,7.6527,0,1,18.5872,0.197222222,-0.032407407,0,0,0,0,1,1,39,1,d,The patient has not taken Batatrim,The patient has not overcome the crisis,,,,,,,,,,,,,,,,,,,,,,,,,,,,,,,,,,,,,,,,,,,,,,,,,,,,,,,,,,,,,,,,,,,,,,,,,,,,,,,,,,,,,,,,
,,,,,,,,[(%PROLIFIC_PID,2,2025-04-16_20h40.02.201,CLTandFLE,2024.1.5,Win32,61.72839506,5b6f2884c727a90001529ef0,67ffc4c40efe1bd1090b10ee,67fff9257e65458185c908a0,,,,,,,,,,,,,,,,,,,,,,,,,,,,,,,,,,,,,,,,,,,105.4838,113.3161,7.8318,1,0,26.419,-0.186574074,-0.042592593,0,0,0,0,2,2,2,1,a,The patient has taken Batatrim,The patient has overcome the crisis,,,,,,,,,,,,,,,,,,,,,,,,,,,,,,,,,,,,,,,,,,,,,,,,,,,,,,,,,,,,,,,,,,,,,,,,,,,,,,,,,,,,,,,,
,,,,,,,,[(%PROLIFIC_PID,2,2025-04-16_20h40.02.201,CLTandFLE,2024.1.5,Win32,61.72839506,5b6f2884c727a90001529ef0,67ffc4c40efe1bd1090b10ee,67fff9257e65458185c908a0,,,,,,,,,,,,,,,,,,,,,,,,,,,,,,,,,,,,,,,,,,,113.3175,121.0263,7.7085,0,1,34.1275,0.236574074,-0.028240741,0,0,0,0,3,3,9,1,a,The patient has taken Batatrim,The patient has overcome the crisis,,,,,,,,,,,,,,,,,,,,,,,,,,,,,,,,,,,,,,,,,,,,,,,,,,,,,,,,,,,,,,,,,,,,,,,,,,,,,,,,,,,,,,,,
,,,,,,,,[(%PROLIFIC_PID,2,2025-04-16_20h40.02.201,CLTandFLE,2024.1.5,Win32,61.72839506,5b6f2884c727a90001529ef0,67ffc4c40efe1bd1090b10ee,67fff9257e65458185c908a0,,,,,,,,,,,,,,,,,,,,,,,,,,,,,,,,,,,,,,,,,,,121.0276,128.0092,6.9809,0,1,41.1084,0.236574074,-0.028240741,0,0,0,0,4,4,25,1,c,The patient has not taken Batatrim,The patient has overcome the crisis,,,,,,,,,,,,,,,,,,,,,,,,,,,,,,,,,,,,,,,,,,,,,,,,,,,,,,,,,,,,,,,,,,,,,,,,,,,,,,,,,,,,,,,,
,,,,,,,,[(%PROLIFIC_PID,2,2025-04-16_20h40.02.201,CLTandFLE,2024.1.5,Win32,61.72839506,5b6f2884c727a90001529ef0,67ffc4c40efe1bd1090b10ee,67fff9257e65458185c908a0,,,,,,,,,,,,,,,,,,,,,,,,,,,,,,,,,,,,,,,,,,,128.0099,134.225,6.2148,0,1,47.3232,0.235648148,-0.028240741,0,0,0,0,5,5,11,1,a,The patient has taken Batatrim,The patient has overcome the crisis,,,,,,,,,,,,,,,,,,,,,,,,,,,,,,,,,,,,,,,,,,,,,,,,,,,,,,,,,,,,,,,,,,,,,,,,,,,,,,,,,,,,,,,,
,,,,,,,,[(%PROLIFIC_PID,2,2025-04-16_20h40.02.201,CLTandFLE,2024.1.5,Win32,61.72839506,5b6f2884c727a90001529ef0,67ffc4c40efe1bd1090b10ee,67fff9257e65458185c908a0,,,,,,,,,,,,,,,,,,,,,,,,,,,,,,,,,,,,,,,,,,,134.2256,141.2784,7.0524,0,1,54.3756,0.175,-0.027777778,0,0,0,0,6,6,1,1,a,The patient has taken Batatrim,The patient has overcome the crisis,,,,,,,,,,,,,,,,,,,,,,,,,,,,,,,,,,,,,,,,,,,,,,,,,,,,,,,,,,,,,,,,,,,,,,,,,,,,,,,,,,,,,,,,
,,,,,,,,[(%PROLIFIC_PID,2,2025-04-16_20h40.02.201,CLTandFLE,2024.1.5,Win32,61.72839506,5b6f2884c727a90001529ef0,67ffc4c40efe1bd1090b10ee,67fff9257e65458185c908a0,,,,,,,,,,,,,,,,,,,,,,,,,,,,,,,,,,,,,,,,,,,141.2792,147.9704,6.6909,0,1,61.0665,0.175,-0.027777778,0,0,0,0,7,7,16,1,b,The patient has taken Batatrim,The patient has not overcome the crisis,,,,,,,,,,,,,,,,,,,,,,,,,,,,,,,,,,,,,,,,,,,,,,,,,,,,,,,,,,,,,,,,,,,,,,,,,,,,,,,,,,,,,,,,
,,,,,,,,[(%PROLIFIC_PID,2,2025-04-16_20h40.02.201,CLTandFLE,2024.1.5,Win32,61.72839506,5b6f2884c727a90001529ef0,67ffc4c40efe1bd1090b10ee,67fff9257e65458185c908a0,,,,,,,,,,,,,,,,,,,,,,,,,,,,,,,,,,,,,,,,,,,147.9711,153.9775,6.006,0,1,67.0725,0.175,-0.027777778,0,0,0,0,8,8,30,1,c,The patient has not taken Batatrim,The patient has overcome the crisis,,,,,,,,,,,,,,,,,,,,,,,,,,,,,,,,,,,,,,,,,,,,,,,,,,,,,,,,,,,,,,,,,,,,,,,,,,,,,,,,,,,,,,,,
,,,,,,,,[(%PROLIFIC_PID,2,2025-04-16_20h40.02.201,CLTandFLE,2024.1.5,Win32,61.72839506,5b6f2884c727a90001529ef0,67ffc4c40efe1bd1090b10ee,67fff9257e65458185c908a0,,,,,,,,,,,,,,,,,,,,,,,,,,,,,,,,,,,,,,,,,,,153.9781,159.8941,5.9157,1,0,72.9882,-0.143981481,-0.030555556,0,0,0,0,9,9,33,1,c,The patient has not taken Batatrim,The patient has overcome the crisis,,,,,,,,,,,,,,,,,,,,,,,,,,,,,,,,,,,,,,,,,,,,,,,,,,,,,,,,,,,,,,,,,,,,,,,,,,,,,,,,,,,,,,,,
,,,,,,,,[(%PROLIFIC_PID,2,2025-04-16_20h40.02.201,CLTandFLE,2024.1.5,Win32,61.72839506,5b6f2884c727a90001529ef0,67ffc4c40efe1bd1090b10ee,67fff9257e65458185c908a0,,,,,,,,,,,,,,,,,,,,,,,,,,,,,,,,,,,,,,,,,,,159.8955,165.9834,6.0873,1,0,79.0755,-0.143981481,-0.030555556,0,0,0,0,10,10,12,1,a,The patient has taken Batatrim,The patient has overcome the crisis,,,,,,,,,,,,,,,,,,,,,,,,,,,,,,,,,,,,,,,,,,,,,,,,,,,,,,,,,,,,,,,,,,,,,,,,,,,,,,,,,,,,,,,,
,,,,,,,,[(%PROLIFIC_PID,2,2025-04-16_20h40.02.201,CLTandFLE,2024.1.5,Win32,61.72839506,5b6f2884c727a90001529ef0,67ffc4c40efe1bd1090b10ee,67fff9257e65458185c908a0,,,,,,,,,,,,,,,,,,,,,,,,,,,,,,,,,,,,,,,,,,,165.9843,174.484,8.4993,1,0,87.5748,-0.143981481,-0.030555556,0,0,0,0,11,11,32,1,c,The patient has not taken Batatrim,The patient has overcome the crisis,,,,,,,,,,,,,,,,,,,,,,,,,,,,,,,,,,,,,,,,,,,,,,,,,,,,,,,,,,,,,,,,,,,,,,,,,,,,,,,,,,,,,,,,
,,,,,,,,[(%PROLIFIC_PID,2,2025-04-16_20h40.02.201,CLTandFLE,2024.1.5,Win32,61.72839506,5b6f2884c727a90001529ef0,67ffc4c40efe1bd1090b10ee,67fff9257e65458185c908a0,,,,,,,,,,,,,,,,,,,,,,,,,,,,,,,,,,,,,,,,,,,174.485,181.9406,7.4538,0,1,95.0286,0.143981481,-0.022222222,0,0,0,0,12,12,8,1,a,The patient has taken Batatrim,The patient has overcome the crisis,,,,,,,,,,,,,,,,,,,,,,,,,,,,,,,,,,,,,,,,,,,,,,,,,,,,,,,,,,,,,,,,,,,,,,,,,,,,,,,,,,,,,,,,
,,,,,,,,[(%PROLIFIC_PID,2,2025-04-16_20h40.02.201,CLTandFLE,2024.1.5,Win32,61.72839506,5b6f2884c727a90001529ef0,67ffc4c40efe1bd1090b10ee,67fff9257e65458185c908a0,,,,,,,,,,,,,,,,,,,,,,,,,,,,,,,,,,,,,,,,,,,181.9411,188.3101,6.3686,1,0,101.3972,-0.174074074,-0.046296296,0,0,0,0,13,13,24,1,c,The patient has not taken Batatrim,The patient has overcome the crisis,,,,,,,,,,,,,,,,,,,,,,,,,,,,,,,,,,,,,,,,,,,,,,,,,,,,,,,,,,,,,,,,,,,,,,,,,,,,,,,,,,,,,,,,
,,,,,,,,[(%PROLIFIC_PID,2,2025-04-16_20h40.02.201,CLTandFLE,2024.1.5,Win32,61.72839506,5b6f2884c727a90001529ef0,67ffc4c40efe1bd1090b10ee,67fff9257e65458185c908a0,,,,,,,,,,,,,,,,,,,,,,,,,,,,,,,,,,,,,,,,,,,188.311,194.5274,6.216,1,0,107.6132,-0.175462963,-0.04537037,0,0,0,0,14,14,3,1,a,The patient has taken Batatrim,The patient has overcome the crisis,,,,,,,,,,,,,,,,,,,,,,,,,,,,,,,,,,,,,,,,,,,,,,,,,,,,,,,,,,,,,,,,,,,,,,,,,,,,,,,,,,,,,,,,
,,,,,,,,[(%PROLIFIC_PID,2,2025-04-16_20h40.02.201,CLTandFLE,2024.1.5,Win32,61.72839506,5b6f2884c727a90001529ef0,67ffc4c40efe1bd1090b10ee,67fff9257e65458185c908a0,,,,,,,,,,,,,,,,,,,,,,,,,,,,,,,,,,,,,,,,,,,194.5278,202.0528,7.5244,1,0,115.1376,-0.358796296,0.45787037,0,0,0,0,15,15,7,1,a,The patient has taken Batatrim,The patient has overcome the crisis,,,,,,,,,,,,,,,,,,,,,,,,,,,,,,,,,,,,,,,,,,,,,,,,,,,,,,,,,,,,,,,,,,,,,,,,,,,,,,,,,,,,,,,,
,,,,,,,,[(%PROLIFIC_PID,2,2025-04-16_20h40.02.201,CLTandFLE,2024.1.5,Win32,61.72839506,5b6f2884c727a90001529ef0,67ffc4c40efe1bd1090b10ee,67fff9257e65458185c908a0,,,,,,,,,,,,,,,,,,,,,,,,,,,,,,,,,,,,,,,,,,,202.0533,216.7731,14.7197,1,0,129.8573,-0.187962963,-0.033796296,0,0,0,0,16,16,14,1,b,The patient has taken Batatrim,The patient has overcome the crisis,,,,,,,,,,,,,,,,,,,,,,,,,,,,,,,,,,,,,,,,,,,,,,,,,,,,,,,,,,,,,,,,,,,,,,,,,,,,,,,,,,,,,,,,
,,,,,,,,[(%PROLIFIC_PID,2,2025-04-16_20h40.02.201,CLTandFLE,2024.1.5,Win32,61.72839506,5b6f2884c727a90001529ef0,67ffc4c40efe1bd1090b10ee,67fff9257e65458185c908a0,,,,,,,,,,,,,,,,,,,,,,,,,,,,,,,,,,,,,,,,,,,216.774,223.7606,6.9858,0,1,136.8431,0.193981481,-0.035185185,0,0,0,0,17,17,15,1,b,The patient has taken Batatrim,The patient has not overcome the crisis,,,,,,,,,,,,,,,,,,,,,,,,,,,,,,,,,,,,,,,,,,,,,,,,,,,,,,,,,,,,,,,,,,,,,,,,,,,,,,,,,,,,,,,,
,,,,,,,,[(%PROLIFIC_PID,2,2025-04-16_20h40.02.201,CLTandFLE,2024.1.5,Win32,61.72839506,5b6f2884c727a90001529ef0,67ffc4c40efe1bd1090b10ee,67fff9257e65458185c908a0,,,,,,,,,,,,,,,,,,,,,,,,,,,,,,,,,,,,,,,,,,,223.7611,229.9958,6.2342,1,0,143.0773,-0.176388889,-0.02962963,0,0,0,0,18,18,5,1,a,The patient has taken Batatrim,The patient has overcome the crisis,,,,,,,,,,,,,,,,,,,,,,,,,,,,,,,,,,,,,,,,,,,,,,,,,,,,,,,,,,,,,,,,,,,,,,,,,,,,,,,,,,,,,,,,
,,,,,,,,[(%PROLIFIC_PID,2,2025-04-16_20h40.02.201,CLTandFLE,2024.1.5,Win32,61.72839506,5b6f2884c727a90001529ef0,67ffc4c40efe1bd1090b10ee,67fff9257e65458185c908a0,,,,,,,,,,,,,,,,,,,,,,,,,,,,,,,,,,,,,,,,,,,229.9965,235.4486,5.4518,1,0,148.5291,-0.176388889,-0.02962963,0,0,0,0,19,19,27,1,c,The patient has not taken Batatrim,The patient has overcome the crisis,,,,,,,,,,,,,,,,,,,,,,,,,,,,,,,,,,,,,,,,,,,,,,,,,,,,,,,,,,,,,,,,,,,,,,,,,,,,,,,,,,,,,,,,
,,,,,,,,[(%PROLIFIC_PID,2,2025-04-16_20h40.02.201,CLTandFLE,2024.1.5,Win32,61.72839506,5b6f2884c727a90001529ef0,67ffc4c40efe1bd1090b10ee,67fff9257e65458185c908a0,,,,,,,,,,,,,,,,,,,,,,,,,,,,,,,,,,,,,,,,,,,235.4494,241.0786,5.6289,1,0,154.158,-0.176388889,-0.02962963,0,0,0,0,20,20,4,1,a,The patient has taken Batatrim,The patient has overcome the crisis,,,,,,,,,,,,,,,,,,,,,,,,,,,,,,,,,,,,,,,,,,,,,,,,,,,,,,,,,,,,,,,,,,,,,,,,,,,,,,,,,,,,,,,,
,,,,,,,,[(%PROLIFIC_PID,2,2025-04-16_20h40.02.201,CLTandFLE,2024.1.5,Win32,61.72839506,5b6f2884c727a90001529ef0,67ffc4c40efe1bd1090b10ee,67fff9257e65458185c908a0,,,,,,,,,,,,,,,,,,,,,,,,,,,,,,,,,,,,,,,,,,,241.079,246.6346,5.555,1,0,159.713,-0.176388889,-0.02962963,0,0,0,0,21,21,18,1,b,The patient has taken Batatrim,The patient has not overcome the crisis,,,,,,,,,,,,,,,,,,,,,,,,,,,,,,,,,,,,,,,,,,,,,,,,,,,,,,,,,,,,,,,,,,,,,,,,,,,,,,,,,,,,,,,,
,,,,,,,,[(%PROLIFIC_PID,2,2025-04-16_20h40.02.201,CLTandFLE,2024.1.5,Win32,61.72839506,5b6f2884c727a90001529ef0,67ffc4c40efe1bd1090b10ee,67fff9257e65458185c908a0,,,,,,,,,,,,,,,,,,,,,,,,,,,,,,,,,,,,,,,,,,,246.6358,252.3393,5.7033,1,0,165.4163,-0.176388889,-0.02962963,0,0,0,0,22,22,23,1,c,The patient has not taken Batatrim,The patient has overcome the crisis,,,,,,,,,,,,,,,,,,,,,,,,,,,,,,,,,,,,,,,,,,,,,,,,,,,,,,,,,,,,,,,,,,,,,,,,,,,,,,,,,,,,,,,,
,,,,,,,,[(%PROLIFIC_PID,2,2025-04-16_20h40.02.201,CLTandFLE,2024.1.5,Win32,61.72839506,5b6f2884c727a90001529ef0,67ffc4c40efe1bd1090b10ee,67fff9257e65458185c908a0,,,,,,,,,,,,,,,,,,,,,,,,,,,,,,,,,,,,,,,,,,,252.34,257.6329,5.2928,1,0,170.7091,-0.176388889,-0.02962963,0,0,0,0,23,23,28,1,c,The patient has not taken Batatrim,The patient has overcome the crisis,,,,,,,,,,,,,,,,,,,,,,,,,,,,,,,,,,,,,,,,,,,,,,,,,,,,,,,,,,,,,,,,,,,,,,,,,,,,,,,,,,,,,,,,
,,,,,,,,[(%PROLIFIC_PID,2,2025-04-16_20h40.02.201,CLTandFLE,2024.1.5,Win32,61.72839506,5b6f2884c727a90001529ef0,67ffc4c40efe1bd1090b10ee,67fff9257e65458185c908a0,,,,,,,,,,,,,,,,,,,,,,,,,,,,,,,,,,,,,,,,,,,257.6335,262.851,5.2172,0,1,175.9263,0.19212963,-0.035185185,0,0,0,0,24,24,34,1,c,The patient has not taken Batatrim,The patient has overcome the crisis,,,,,,,,,,,,,,,,,,,,,,,,,,,,,,,,,,,,,,,,,,,,,,,,,,,,,,,,,,,,,,,,,,,,,,,,,,,,,,,,,,,,,,,,
,,,,,,,,[(%PROLIFIC_PID,2,2025-04-16_20h40.02.201,CLTandFLE,2024.1.5,Win32,61.72839506,5b6f2884c727a90001529ef0,67ffc4c40efe1bd1090b10ee,67fff9257e65458185c908a0,,,,,,,,,,,,,,,,,,,,,,,,,,,,,,,,,,,,,,,,,,,262.8523,267.9975,5.1443,1,0,181.0706,-0.159259259,-0.059259259,0,0,0,0,25,25,36,1,d,The patient has not taken Batatrim,The patient has not overcome the crisis,,,,,,,,,,,,,,,,,,,,,,,,,,,,,,,,,,,,,,,,,,,,,,,,,,,,,,,,,,,,,,,,,,,,,,,,,,,,,,,,,,,,,,,,
,,,,,,,,[(%PROLIFIC_PID,2,2025-04-16_20h40.02.201,CLTandFLE,2024.1.5,Win32,61.72839506,5b6f2884c727a90001529ef0,67ffc4c40efe1bd1090b10ee,67fff9257e65458185c908a0,,,,,,,,,,,,,,,,,,,,,,,,,,,,,,,,,,,,,,,,,,,267.9984,273.6172,5.6186,1,0,186.6892,-0.160185185,-0.038425926,0,0,0,0,26,26,22,1,c,The patient has not taken Batatrim,The patient has overcome the crisis,,,,,,,,,,,,,,,,,,,,,,,,,,,,,,,,,,,,,,,,,,,,,,,,,,,,,,,,,,,,,,,,,,,,,,,,,,,,,,,,,,,,,,,,
,,,,,,,,[(%PROLIFIC_PID,2,2025-04-16_20h40.02.201,CLTandFLE,2024.1.5,Win32,61.72839506,5b6f2884c727a90001529ef0,67ffc4c40efe1bd1090b10ee,67fff9257e65458185c908a0,,,,,,,,,,,,,,,,,,,,,,,,,,,,,,,,,,,,,,,,,,,273.6176,278.6865,5.0682,1,0,191.7574,-0.160185185,-0.038425926,0,0,0,0,27,27,17,1,b,The patient has taken Batatrim,The patient has not overcome the crisis,,,,,,,,,,,,,,,,,,,,,,,,,,,,,,,,,,,,,,,,,,,,,,,,,,,,,,,,,,,,,,,,,,,,,,,,,,,,,,,,,,,,,,,,
,,,,,,,,[(%PROLIFIC_PID,2,2025-04-16_20h40.02.201,CLTandFLE,2024.1.5,Win32,61.72839506,5b6f2884c727a90001529ef0,67ffc4c40efe1bd1090b10ee,67fff9257e65458185c908a0,,,,,,,,,,,,,,,,,,,,,,,,,,,,,,,,,,,,,,,,,,,278.6875,284.2565,5.5687,1,0,197.3261,-0.160185185,-0.038425926,0,0,0,0,28,28,13,1,a,The patient has taken Batatrim,The patient has overcome the crisis,,,,,,,,,,,,,,,,,,,,,,,,,,,,,,,,,,,,,,,,,,,,,,,,,,,,,,,,,,,,,,,,,,,,,,,,,,,,,,,,,,,,,,,,
,,,,,,,,[(%PROLIFIC_PID,2,2025-04-16_20h40.02.201,CLTandFLE,2024.1.5,Win32,61.72839506,5b6f2884c727a90001529ef0,67ffc4c40efe1bd1090b10ee,67fff9257e65458185c908a0,,,,,,,,,,,,,,,,,,,,,,,,,,,,,,,,,,,,,,,,,,,284.2574,289.5245,5.2658,1,0,202.5919,-0.160185185,-0.038425926,0,0,0,0,29,29,21,1,c,The patient has not taken Batatrim,The patient has overcome the crisis,,,,,,,,,,,,,,,,,,,,,,,,,,,,,,,,,,,,,,,,,,,,,,,,,,,,,,,,,,,,,,,,,,,,,,,,,,,,,,,,,,,,,,,,
,,,,,,,,[(%PROLIFIC_PID,2,2025-04-16_20h40.02.201,CLTandFLE,2024.1.5,Win32,61.72839506,5b6f2884c727a90001529ef0,67ffc4c40efe1bd1090b10ee,67fff9257e65458185c908a0,,,,,,,,,,,,,,,,,,,,,,,,,,,,,,,,,,,,,,,,,,,289.5256,294.4758,4.9497,1,0,207.5416,-0.160648148,-0.037962963,0,0,0,0,30,30,38,1,d,The patient has not taken Batatrim,The patient has not overcome the crisis,,,,,,,,,,,,,,,,,,,,,,,,,,,,,,,,,,,,,,,,,,,,,,,,,,,,,,,,,,,,,,,,,,,,,,,,,,,,,,,,,,,,,,,,
,,,,,,,,[(%PROLIFIC_PID,2,2025-04-16_20h40.02.201,CLTandFLE,2024.1.5,Win32,61.72839506,5b6f2884c727a90001529ef0,67ffc4c40efe1bd1090b10ee,67fff9257e65458185c908a0,,,,,,,,,,,,,,,,,,,,,,,,,,,,,,,,,,,,,,,,,,,294.4764,300.0821,5.6054,0,1,213.147,-0.138425926,-0.035185185,0,0,0,0,31,31,0,1,a,The patient has taken Batatrim,The patient has overcome the crisis,,,,,,,,,,,,,,,,,,,,,,,,,,,,,,,,,,,,,,,,,,,,,,,,,,,,,,,,,,,,,,,,,,,,,,,,,,,,,,,,,,,,,,,,
,,,,,,,,[(%PROLIFIC_PID,2,2025-04-16_20h40.02.201,CLTandFLE,2024.1.5,Win32,61.72839506,5b6f2884c727a90001529ef0,67ffc4c40efe1bd1090b10ee,67fff9257e65458185c908a0,,,,,,,,,,,,,,,,,,,,,,,,,,,,,,,,,,,,,,,,,,,300.0828,305.9591,5.8761,1,0,219.0231,-0.138425926,-0.035185185,0,0,0,0,32,32,31,1,c,The patient has not taken Batatrim,The patient has overcome the crisis,,,,,,,,,,,,,,,,,,,,,,,,,,,,,,,,,,,,,,,,,,,,,,,,,,,,,,,,,,,,,,,,,,,,,,,,,,,,,,,,,,,,,,,,
,,,,,,,,[(%PROLIFIC_PID,2,2025-04-16_20h40.02.201,CLTandFLE,2024.1.5,Win32,61.72839506,5b6f2884c727a90001529ef0,67ffc4c40efe1bd1090b10ee,67fff9257e65458185c908a0,,,,,,,,,,,,,,,,,,,,,,,,,,,,,,,,,,,,,,,,,,,305.9594,311.2271,5.2672,1,0,224.2903,-0.197222222,-0.035185185,0,0,0,0,33,33,29,1,c,The patient has not taken Batatrim,The patient has overcome the crisis,,,,,,,,,,,,,,,,,,,,,,,,,,,,,,,,,,,,,,,,,,,,,,,,,,,,,,,,,,,,,,,,,,,,,,,,,,,,,,,,,,,,,,,,
,,,,,,,,[(%PROLIFIC_PID,2,2025-04-16_20h40.02.201,CLTandFLE,2024.1.5,Win32,61.72839506,5b6f2884c727a90001529ef0,67ffc4c40efe1bd1090b10ee,67fff9257e65458185c908a0,,,,,,,,,,,,,,,,,,,,,,,,,,,,,,,,,,,,,,,,,,,311.2279,317.4244,6.1963,1,0,230.4866,-0.197222222,-0.035185185,0,0,0,0,34,34,10,1,a,The patient has taken Batatrim,The patient has overcome the crisis,,,,,,,,,,,,,,,,,,,,,,,,,,,,,,,,,,,,,,,,,,,,,,,,,,,,,,,,,,,,,,,,,,,,,,,,,,,,,,,,,,,,,,,,
,,,,,,,,[(%PROLIFIC_PID,2,2025-04-16_20h40.02.201,CLTandFLE,2024.1.5,Win32,61.72839506,5b6f2884c727a90001529ef0,67ffc4c40efe1bd1090b10ee,67fff9257e65458185c908a0,,,,,,,,,,,,,,,,,,,,,,,,,,,,,,,,,,,,,,,,,,,317.425,322.7263,5.3011,1,0,235.7877,-0.197222222,-0.035185185,0,0,0,0,35,35,20,1,c,The patient has not taken Batatrim,The patient has overcome the crisis,,,,,,,,,,,,,,,,,,,,,,,,,,,,,,,,,,,,,,,,,,,,,,,,,,,,,,,,,,,,,,,,,,,,,,,,,,,,,,,,,,,,,,,,
,,,,,,,,[(%PROLIFIC_PID,2,2025-04-16_20h40.02.201,CLTandFLE,2024.1.5,Win32,61.72839506,5b6f2884c727a90001529ef0,67ffc4c40efe1bd1090b10ee,67fff9257e65458185c908a0,,,,,,,,,,,,,,,,,,,,,,,,,,,,,,,,,,,,,,,,,,,322.7272,328.1942,5.4669,1,0,241.2546,-0.197222222,-0.035185185,0,0,0,0,36,36,19,1,b,The patient has taken Batatrim,The patient has not overcome the crisis,,,,,,,,,,,,,,,,,,,,,,,,,,,,,,,,,,,,,,,,,,,,,,,,,,,,,,,,,,,,,,,,,,,,,,,,,,,,,,,,,,,,,,,,
,,,,,,,,[(%PROLIFIC_PID,2,2025-04-16_20h40.02.201,CLTandFLE,2024.1.5,Win32,61.72839506,5b6f2884c727a90001529ef0,67ffc4c40efe1bd1090b10ee,67fff9257e65458185c908a0,,,,,,,,,,,,,,,,,,,,,,,,,,,,,,,,,,,,,,,,,,,328.1955,333.7395,5.5436,1,0,246.7982,-0.197222222,-0.035185185,0,0,0,0,37,37,26,1,c,The patient has not taken Batatrim,The patient has overcome the crisis,,,,,,,,,,,,,,,,,,,,,,,,,,,,,,,,,,,,,,,,,,,,,,,,,,,,,,,,,,,,,,,,,,,,,,,,,,,,,,,,,,,,,,,,
,,,,,,,,[(%PROLIFIC_PID,2,2025-04-16_20h40.02.201,CLTandFLE,2024.1.5,Win32,61.72839506,5b6f2884c727a90001529ef0,67ffc4c40efe1bd1090b10ee,67fff9257e65458185c908a0,,,,,,,,,,,,,,,,,,,,,,,,,,,,,,,,,,,,,,,,,,,333.7399,338.8013,5.0606,1,0,251.8588,-0.003703704,-0.004166667,0,0,0,0,38,38,35,1,d,The patient has not taken Batatrim,The patient has not overcome the crisis,,,,,,,,,,,,,,,,,,,,,,,,,,,,,,,,,,,,,,,,,,,,,,,,,,,,,,,,,,,,,,,,,,,,,,,,,,,,,,,,,,,,,,,,
,,,,,,,,[(%PROLIFIC_PID,2,2025-04-16_20h40.02.201,CLTandFLE,2024.1.5,Win32,61.72839506,5b6f2884c727a90001529ef0,67ffc4c40efe1bd1090b10ee,67fff9257e65458185c908a0,,,,,,,,,,,,,,,,,,,,,,,,,,,,,,,,,,,,,,,,,,,338.8021,345.41,6.6077,1,0,258.4665,-0.193055556,-0.015740741,0,0,0,0,39,39,6,1,a,The patient has taken Batatrim,The patient has overcome the crisis,,,,,,,,,,,,,,,,,,,,,,,,,,,,,,,,,,,,,,,,,,,,,,,,,,,,,,,,,,,,,,,,,,,,,,,,,,,,,,,,,,,,,,,,
,,,,,,,,[(%PROLIFIC_PID,2,2025-04-16_20h40.02.201,CLTandFLE,2024.1.5,Win32,61.72839506,5b6f2884c727a90001529ef0,67ffc4c40efe1bd1090b10ee,67fff9257e65458185c908a0,,387.8912,389.6582,,,,,,,,,,,,,,,,,,,,,,,,,,,,,,,,,,,,,,,,,,,,,,,,,,,,,,,,,,,347.1834,367.0426,19.8579,40,15.572,0.008796296,-0.182407407,1,0,0,368.8389,387.8911,19.0514,85,17.2701,0.048611111,-0.180092593,1,0,0,7,3,5,8,0,0,0,0,1,,,,,,,,,,,,,,,,,,,,,,,,,,,,,,,,,,,,,,,,,,,,,,,,,,,,,,,,,,,
,,,,,,,,[(%PROLIFIC_PID,2,2025-04-16_20h40.02.201,CLTandFLE,2024.1.5,Win32,61.72839506,5b6f2884c727a90001529ef0,67ffc4c40efe1bd1090b10ee,67fff9257e65458185c908a0,,643.4866,645.2315,,,,,,,,,,,,,,,,,,,,,,,,,,,,,,,,,,,,,,,,,,,,,,,,,,,,,,,,,,,,,,,,,,,,,,,,,,,,,,,,,,,,,,,,436.6889,443.771,7.0808,2,3.7334,0.010185185,-0.221759259,1,0,0,50,Maschio,No,18,"Sì, l'ho ottenuta più di due anni fa",La valutazione non è presente in questa lista,"Sono passati più di 30 anni, non ricordo davvero",TRUE,FALSE,10,10,8,8,8,FALSE,Conferma,c1ok,c2ok,c3ok,c4ok,c5ok,c6ok,c7ok,c8ok,c9ok,c10ok,c11ok,c12err,c13ok,c14ok,c15ok,c16ok,c17ok,c18ok,c19ok,c20ok,c21err,c22ok,c23ok,c24ok,c25ok,c26ok,869.2811,876.0204,0,0,0,0,1
