﻿Alfa.started,Alfa.stopped,alfa_mouse.x,alfa_mouse.y,alfa_mouse.leftButton,alfa_mouse.midButton,alfa_mouse.rightButton,alfa_mouse.clicked_name,participant,group,date,expName,psychopyVersion,OS,frameRate,PROLIFIC_PID,STUDY_ID,SESSION_ID,)],ITI.started,ITI.stopped,B_consensoinformato.started,B_consensoinformato.stopped,tempo_consenso,cons_mouse.x,cons_mouse.y,cons_mouse.leftButton,cons_mouse.midButton,cons_mouse.rightButton,A_benvenuto.started,A_benvenuto.stopped,ben_mouse.x,ben_mouse.y,ben_mouse.leftButton,ben_mouse.midButton,ben_mouse.rightButton,B2_istruzioni.started,B2_istruzioni.stopped,tempo_istru,cons_mouse_2.x,cons_mouse_2.y,cons_mouse_2.leftButton,cons_mouse_2.midButton,cons_mouse_2.rightButton,SAMevaluation.started,SAMevaluation.stopped,temposam,sliderintensity.response,sliderintensity.rt,slidervalence.response,slidervalence.rt,mouse_sam.x,mouse_sam.y,mouse_sam.leftButton,mouse_sam.midButton,mouse_sam.rightButton,mouse_sam.time,mouse_sam.clicked_name,Loading.started,Loading.stopped,C_associative_task.started,C_associative_task.stopped,tempo_trial,hapremutosi,hapremutono,tempo_tasktot,mouse.x,mouse.y,mouse.leftButton,mouse.midButton,mouse.rightButton,trials.thisRepN,trials.thisTrialN,trials.thisN,trials.thisIndex,trials.ran,cond,causa,effetto,D_VD.started,D_VD.stopped,tempo_vd,vd.response,vd.rt,mouse_vd.x,mouse_vd.y,mouse_vd.leftButton,mouse_vd.midButton,mouse_vd.rightButton,Previous.started,Previous.stopped,tempo_vd1,previous.response,previous.rt,mouse_vd_2.x,mouse_vd_2.y,mouse_vd_2.leftButton,mouse_vd_2.midButton,mouse_vd_2.rightButton,EstITA.TrialSN,EstITA.TrialSS,EstITA.TrialNS,EstITA.TrialD,itaest.thisRepN,itaest.thisTrialN,itaest.thisN,itaest.thisIndex,itaest.ran,PF.started,PF.stopped,tempo_pf,processfluency.response,processfluency.rt,mouse_ch.x,mouse_ch.y,mouse_ch.leftButton,mouse_ch.midButton,mouse_ch.rightButton,Questionario_Lingua.Age,Questionario_Lingua.Sesso,Questionario_Lingua.StaiStudiando?,Questionario_Lingua.Anniscolarita,Questionario_Lingua.Diploma,Questionario_Lingua.ItaMADRE?,Questionario_Lingua.INGmadre?,Questionario_Lingua.Q5(AOAIng),Questionario_Lingua.INGLETTURA,Questionario_Lingua.INGCOMPRESO,Questionario_Lingua.INGSCRITTO,Questionario_Lingua.INGPARLATO,Questionario_Lingua.haivissutoestero,ProvaInglese.ProcediamoENg,ProvaInglese.C1,ProvaInglese.C2,ProvaInglese.C3,ProvaInglese.C4,ProvaInglese.C5,ProvaInglese.C6,ProvaInglese.C7,ProvaInglese.C8,ProvaInglese.C9,ProvaInglese.C10,ProvaInglese.C11,ProvaInglese.C12,ProvaInglese.C13,ProvaInglese.C14,ProvaInglese.C15,ProvaInglese.C16,ProvaInglese.C17,ProvaInglese.C18,ProvaInglese.C19,ProvaInglese.C20,ProvaInglese.C21,ProvaInglese.C22,ProvaInglese.C23,ProvaInglese.C24,ProvaInglese.C25,ProvaInglese.controlquestion,Ant_lastquestion.started,Ant_lastquestion.stopped,exp_loop.thisRepN,exp_loop.thisTrialN,exp_loop.thisN,exp_loop.thisIndex,exp_loop.ran
0.0003,21.8233,-0.123670386,-0.05126997,1,0,0,alfa_mask,[(%PROLIFIC_PID,1,2025-04-16_22h02.14.042,CLTandFLE,2024.1.5,Win32,60.24096386,60a2d2becd7f3136ebc44385,67ffc4c40efe1bd1090b10ee,68000c6670aacb20740ed635,,,,,,,,,,,,,,,,,,,,,,,,,,,,,,,,,,,,,,,,,,,,,,,,,,,,,,,,,,,,,,,,,,,,,,,,,,,,,,,,,,,,,,,,,,,,,,,,,,,,,,,,,,,,,,,,,,,,,,,,,,,,,,,,,,,,,,,,,,,,,,,,,,,
,,,,,,,,[(%PROLIFIC_PID,1,2025-04-16_22h02.14.042,CLTandFLE,2024.1.5,Win32,60.24096386,60a2d2becd7f3136ebc44385,67ffc4c40efe1bd1090b10ee,68000c6670aacb20740ed635,,21.8235,22.8186,,,,,,,,,,,,,,,,,,,,,,,,,,,,,,,,,,,,,,,,,,,,,,,,,,,,,,,,,,,,,,,,,,,,,,,,,,,,,,,,,,,,,,,,,,,,,,,,,,,,,,,,,,,,,,,,,,,,,,,,,,,,,,,,,,,,,,,,,,,,,,,,
,,,,,,,,[(%PROLIFIC_PID,1,2025-04-16_22h02.14.042,CLTandFLE,2024.1.5,Win32,60.24096386,60a2d2becd7f3136ebc44385,67ffc4c40efe1bd1090b10ee,68000c6670aacb20740ed635,,,,22.8187,41.4685,18.6496,0.234285139,-0.402750943,1,0,0,,,,,,,,,,,,,,,,,,,,,,,,,,,,,,,,,,,,,,,,,,,,,,,,,,,,,,,,,,,,,,,,,,,,,,,,,,,,,,,,,,,,,,,,,,,,,,,,,,,,,,,,,,,,,,,,,,,,,,,,,,,,,,,,,,,,,,,,
,,,,,,,,[(%PROLIFIC_PID,1,2025-04-16_22h02.14.042,CLTandFLE,2024.1.5,Win32,60.24096386,60a2d2becd7f3136ebc44385,67ffc4c40efe1bd1090b10ee,68000c6670aacb20740ed635,,129.9538,130.9535,,,,,,,,,42.4685,45.0021,0.14641488,-0.02352147,1,0,0,46.002,95.4022,49.3999,0.056694767,-0.397201131,1,0,0,96.4022,121.9539,25.5513,0.548655715,24.5606,0.537096337,23.4117,"[-0.0015770130823280287,0.2916319923479209,0.018771882419468686,-0.0025020027552297226,0.023396580126251284]","[0.20401608821547743,-0.40182582847391557,0.2086408799189072,-0.005947418526212782,-0.20758651952723947]","[1,1,1,1,1]","[0,0,0,0,0]","[0,0,0,0,0]","[3.7802999999523053,15.38000000000001,22.013799999952326,24.263799999952326,25.54700000000001]","[""slidervalence"",""rettoksam""]",122.9537,129.9538,130.965,139.4702,8.5049,0,1,8.5049,-0.008976554,-0.069768949,0,0,0,0,0,0,21,1,c,Il paziente non ha preso il Batatrim,Il paziente ha superato la crisi,,,,,,,,,,,,,,,,,,,,,,,,,,,,,,,,,,,,,,,,,,,,,,,,,,,,,,,,,,,,,,,,,,,,,,,,,,,,,,,,,,,,,,
,,,,,,,,[(%PROLIFIC_PID,1,2025-04-16_22h02.14.042,CLTandFLE,2024.1.5,Win32,60.24096386,60a2d2becd7f3136ebc44385,67ffc4c40efe1bd1090b10ee,68000c6670aacb20740ed635,,,,,,,,,,,,,,,,,,,,,,,,,,,,,,,,,,,,,,,,,,,139.4705,153.6205,14.1499,0,1,22.6548,0.160289161,-0.029071158,0,0,0,0,1,1,7,1,a,Il paziente ha preso il Batatrim,Il paziente ha superato la crisi,,,,,,,,,,,,,,,,,,,,,,,,,,,,,,,,,,,,,,,,,,,,,,,,,,,,,,,,,,,,,,,,,,,,,,,,,,,,,,,,,,,,,,
,,,,,,,,[(%PROLIFIC_PID,1,2025-04-16_22h02.14.042,CLTandFLE,2024.1.5,Win32,60.24096386,60a2d2becd7f3136ebc44385,67ffc4c40efe1bd1090b10ee,68000c6670aacb20740ed635,,,,,,,,,,,,,,,,,,,,,,,,,,,,,,,,,,,,,,,,,,,153.6208,160.8372,7.2162,0,1,29.871,0.010447289,-0.177988041,1,0,0,0,2,2,29,1,c,Il paziente non ha preso il Batatrim,Il paziente ha superato la crisi,,,,,,,,,,,,,,,,,,,,,,,,,,,,,,,,,,,,,,,,,,,,,,,,,,,,,,,,,,,,,,,,,,,,,,,,,,,,,,,,,,,,,,
,,,,,,,,[(%PROLIFIC_PID,1,2025-04-16_22h02.14.042,CLTandFLE,2024.1.5,Win32,60.24096386,60a2d2becd7f3136ebc44385,67ffc4c40efe1bd1090b10ee,68000c6670aacb20740ed635,,,,,,,,,,,,,,,,,,,,,,,,,,,,,,,,,,,,,,,,,,,160.8375,168.204,7.3663,1,0,37.2373,0.073343892,0.007926831,1,0,0,0,3,3,39,1,d,Il paziente non ha preso il Batatrim,Il paziente non ha superato la crisi,,,,,,,,,,,,,,,,,,,,,,,,,,,,,,,,,,,,,,,,,,,,,,,,,,,,,,,,,,,,,,,,,,,,,,,,,,,,,,,,,,,,,,
,,,,,,,,[(%PROLIFIC_PID,1,2025-04-16_22h02.14.042,CLTandFLE,2024.1.5,Win32,60.24096386,60a2d2becd7f3136ebc44385,67ffc4c40efe1bd1090b10ee,68000c6670aacb20740ed635,,,,,,,,,,,,,,,,,,,,,,,,,,,,,,,,,,,,,,,,,,,168.2043,182.5704,14.3659,1,0,51.6032,0.057619819,0.024575925,0,0,0,0,4,4,13,1,a,Il paziente ha preso il Batatrim,Il paziente ha superato la crisi,,,,,,,,,,,,,,,,,,,,,,,,,,,,,,,,,,,,,,,,,,,,,,,,,,,,,,,,,,,,,,,,,,,,,,,,,,,,,,,,,,,,,,
,,,,,,,,[(%PROLIFIC_PID,1,2025-04-16_22h02.14.042,CLTandFLE,2024.1.5,Win32,60.24096386,60a2d2becd7f3136ebc44385,67ffc4c40efe1bd1090b10ee,68000c6670aacb20740ed635,,,,,,,,,,,,,,,,,,,,,,,,,,,,,,,,,,,,,,,,,,,182.5707,192.7207,10.1498,1,0,61.753,0.074268819,0.036600258,0,0,0,0,5,5,31,1,c,Il paziente non ha preso il Batatrim,Il paziente ha superato la crisi,,,,,,,,,,,,,,,,,,,,,,,,,,,,,,,,,,,,,,,,,,,,,,,,,,,,,,,,,,,,,,,,,,,,,,,,,,,,,,,,,,,,,,
,,,,,,,,[(%PROLIFIC_PID,1,2025-04-16_22h02.14.042,CLTandFLE,2024.1.5,Win32,60.24096386,60a2d2becd7f3136ebc44385,67ffc4c40efe1bd1090b10ee,68000c6670aacb20740ed635,,,,,,,,,,,,,,,,,,,,,,,,,,,,,,,,,,,,,,,,,,,192.7209,198.7707,6.0496,0,1,67.8026,0.107567006,0.08562258,0,0,0,0,6,6,26,1,c,Il paziente non ha preso il Batatrim,Il paziente ha superato la crisi,,,,,,,,,,,,,,,,,,,,,,,,,,,,,,,,,,,,,,,,,,,,,,,,,,,,,,,,,,,,,,,,,,,,,,,,,,,,,,,,,,,,,,
,,,,,,,,[(%PROLIFIC_PID,1,2025-04-16_22h02.14.042,CLTandFLE,2024.1.5,Win32,60.24096386,60a2d2becd7f3136ebc44385,67ffc4c40efe1bd1090b10ee,68000c6670aacb20740ed635,,,,,,,,,,,,,,,,,,,,,,,,,,,,,,,,,,,,,,,,,,,198.7709,203.5873,4.8161,0,1,72.6187,0.08721811,-0.100292292,0,0,0,0,7,7,19,1,b,Il paziente ha preso il Batatrim,Il paziente non ha superato la crisi,,,,,,,,,,,,,,,,,,,,,,,,,,,,,,,,,,,,,,,,,,,,,,,,,,,,,,,,,,,,,,,,,,,,,,,,,,,,,,,,,,,,,,
,,,,,,,,[(%PROLIFIC_PID,1,2025-04-16_22h02.14.042,CLTandFLE,2024.1.5,Win32,60.24096386,60a2d2becd7f3136ebc44385,67ffc4c40efe1bd1090b10ee,68000c6670aacb20740ed635,,,,,,,,,,,,,,,,,,,,,,,,,,,,,,,,,,,,,,,,,,,203.5875,208.1706,4.5831,1,0,77.2018,0.199137036,-0.064219261,0,0,0,0,8,8,37,1,d,Il paziente non ha preso il Batatrim,Il paziente non ha superato la crisi,,,,,,,,,,,,,,,,,,,,,,,,,,,,,,,,,,,,,,,,,,,,,,,,,,,,,,,,,,,,,,,,,,,,,,,,,,,,,,,,,,,,,,
,,,,,,,,[(%PROLIFIC_PID,1,2025-04-16_22h02.14.042,CLTandFLE,2024.1.5,Win32,60.24096386,60a2d2becd7f3136ebc44385,67ffc4c40efe1bd1090b10ee,68000c6670aacb20740ed635,,,,,,,,,,,,,,,,,,,,,,,,,,,,,,,,,,,,,,,,,,,208.1709,212.5041,4.3331,0,1,81.5349,0.124216131,-0.10954175,0,0,0,0,9,9,6,1,a,Il paziente ha preso il Batatrim,Il paziente ha superato la crisi,,,,,,,,,,,,,,,,,,,,,,,,,,,,,,,,,,,,,,,,,,,,,,,,,,,,,,,,,,,,,,,,,,,,,,,,,,,,,,,,,,,,,,
,,,,,,,,[(%PROLIFIC_PID,1,2025-04-16_22h02.14.042,CLTandFLE,2024.1.5,Win32,60.24096386,60a2d2becd7f3136ebc44385,67ffc4c40efe1bd1090b10ee,68000c6670aacb20740ed635,,,,,,,,,,,,,,,,,,,,,,,,,,,,,,,,,,,,,,,,,,,212.5043,216.5711,4.0665,0,1,85.6014,-0.081122678,0.413979689,0,0,0,0,10,10,32,1,c,Il paziente non ha preso il Batatrim,Il paziente ha superato la crisi,,,,,,,,,,,,,,,,,,,,,,,,,,,,,,,,,,,,,,,,,,,,,,,,,,,,,,,,,,,,,,,,,,,,,,,,,,,,,,,,,,,,,,
,,,,,,,,[(%PROLIFIC_PID,1,2025-04-16_22h02.14.042,CLTandFLE,2024.1.5,Win32,60.24096386,60a2d2becd7f3136ebc44385,67ffc4c40efe1bd1090b10ee,68000c6670aacb20740ed635,,,,,,,,,,,,,,,,,,,,,,,,,,,,,,,,,,,,,,,,,,,216.5714,220.954,4.3825,1,0,89.9839,-0.107946251,-0.196487019,0,0,0,0,11,11,4,1,a,Il paziente ha preso il Batatrim,Il paziente ha superato la crisi,,,,,,,,,,,,,,,,,,,,,,,,,,,,,,,,,,,,,,,,,,,,,,,,,,,,,,,,,,,,,,,,,,,,,,,,,,,,,,,,,,,,,,
,,,,,,,,[(%PROLIFIC_PID,1,2025-04-16_22h02.14.042,CLTandFLE,2024.1.5,Win32,60.24096386,60a2d2becd7f3136ebc44385,67ffc4c40efe1bd1090b10ee,68000c6670aacb20740ed635,,,,,,,,,,,,,,,,,,,,,,,,,,,,,,,,,,,,,,,,,,,220.9544,225.2887,4.3341,1,0,94.318,0.030796184,-0.091967824,0,0,0,0,12,12,30,1,c,Il paziente non ha preso il Batatrim,Il paziente ha superato la crisi,,,,,,,,,,,,,,,,,,,,,,,,,,,,,,,,,,,,,,,,,,,,,,,,,,,,,,,,,,,,,,,,,,,,,,,,,,,,,,,,,,,,,,
,,,,,,,,[(%PROLIFIC_PID,1,2025-04-16_22h02.14.042,CLTandFLE,2024.1.5,Win32,60.24096386,60a2d2becd7f3136ebc44385,67ffc4c40efe1bd1090b10ee,68000c6670aacb20740ed635,,,,,,,,,,,,,,,,,,,,,,,,,,,,,,,,,,,,,,,,,,,225.2889,230.5043,5.2152,0,1,99.5332,0.120516297,-0.090117844,0,0,0,0,13,13,35,1,d,Il paziente non ha preso il Batatrim,Il paziente non ha superato la crisi,,,,,,,,,,,,,,,,,,,,,,,,,,,,,,,,,,,,,,,,,,,,,,,,,,,,,,,,,,,,,,,,,,,,,,,,,,,,,,,,,,,,,,
,,,,,,,,[(%PROLIFIC_PID,1,2025-04-16_22h02.14.042,CLTandFLE,2024.1.5,Win32,60.24096386,60a2d2becd7f3136ebc44385,67ffc4c40efe1bd1090b10ee,68000c6670aacb20740ed635,,,,,,,,,,,,,,,,,,,,,,,,,,,,,,,,,,,,,,,,,,,230.5045,235.9707,5.4661,1,0,104.9993,-0.024700752,-0.101217219,0,0,0,0,14,14,17,1,b,Il paziente ha preso il Batatrim,Il paziente non ha superato la crisi,,,,,,,,,,,,,,,,,,,,,,,,,,,,,,,,,,,,,,,,,,,,,,,,,,,,,,,,,,,,,,,,,,,,,,,,,,,,,,,,,,,,,,
,,,,,,,,[(%PROLIFIC_PID,1,2025-04-16_22h02.14.042,CLTandFLE,2024.1.5,Win32,60.24096386,60a2d2becd7f3136ebc44385,67ffc4c40efe1bd1090b10ee,68000c6670aacb20740ed635,,,,,,,,,,,,,,,,,,,,,,,,,,,,,,,,,,,,,,,,,,,235.9709,240.1876,4.2164,1,0,109.2157,0.049295163,-0.030921074,0,0,0,0,15,15,11,1,a,Il paziente ha preso il Batatrim,Il paziente ha superato la crisi,,,,,,,,,,,,,,,,,,,,,,,,,,,,,,,,,,,,,,,,,,,,,,,,,,,,,,,,,,,,,,,,,,,,,,,,,,,,,,,,,,,,,,
,,,,,,,,[(%PROLIFIC_PID,1,2025-04-16_22h02.14.042,CLTandFLE,2024.1.5,Win32,60.24096386,60a2d2becd7f3136ebc44385,67ffc4c40efe1bd1090b10ee,68000c6670aacb20740ed635,,,,,,,,,,,,,,,,,,,,,,,,,,,,,,,,,,,,,,,,,,,240.1877,244.471,4.283,1,0,113.4987,0.152889557,-0.053119824,1,0,0,0,16,16,18,1,b,Il paziente ha preso il Batatrim,Il paziente non ha superato la crisi,,,,,,,,,,,,,,,,,,,,,,,,,,,,,,,,,,,,,,,,,,,,,,,,,,,,,,,,,,,,,,,,,,,,,,,,,,,,,,,,,,,,,,
,,,,,,,,[(%PROLIFIC_PID,1,2025-04-16_22h02.14.042,CLTandFLE,2024.1.5,Win32,60.24096386,60a2d2becd7f3136ebc44385,67ffc4c40efe1bd1090b10ee,68000c6670aacb20740ed635,,,,,,,,,,,,,,,,,,,,,,,,,,,,,,,,,,,,,,,,,,,244.4711,250.187,5.7158,0,1,119.2145,0.115891537,-0.047570137,0,0,0,0,17,17,24,1,c,Il paziente non ha preso il Batatrim,Il paziente ha superato la crisi,,,,,,,,,,,,,,,,,,,,,,,,,,,,,,,,,,,,,,,,,,,,,,,,,,,,,,,,,,,,,,,,,,,,,,,,,,,,,,,,,,,,,,
,,,,,,,,[(%PROLIFIC_PID,1,2025-04-16_22h02.14.042,CLTandFLE,2024.1.5,Win32,60.24096386,60a2d2becd7f3136ebc44385,67ffc4c40efe1bd1090b10ee,68000c6670aacb20740ed635,,,,,,,,,,,,,,,,,,,,,,,,,,,,,,,,,,,,,,,,,,,250.1874,254.3709,4.1833,1,0,123.3978,0.070569048,-0.040170532,0,0,0,0,18,18,34,1,c,Il paziente non ha preso il Batatrim,Il paziente ha superato la crisi,,,,,,,,,,,,,,,,,,,,,,,,,,,,,,,,,,,,,,,,,,,,,,,,,,,,,,,,,,,,,,,,,,,,,,,,,,,,,,,,,,,,,,
,,,,,,,,[(%PROLIFIC_PID,1,2025-04-16_22h02.14.042,CLTandFLE,2024.1.5,Win32,60.24096386,60a2d2becd7f3136ebc44385,67ffc4c40efe1bd1090b10ee,68000c6670aacb20740ed635,,,,,,,,,,,,,,,,,,,,,,,,,,,,,,,,,,,,,,,,,,,254.371,258.5209,4.1498,0,1,127.5476,0.040045705,-0.044795293,0,0,0,0,19,19,1,1,a,Il paziente ha preso il Batatrim,Il paziente ha superato la crisi,,,,,,,,,,,,,,,,,,,,,,,,,,,,,,,,,,,,,,,,,,,,,,,,,,,,,,,,,,,,,,,,,,,,,,,,,,,,,,,,,,,,,,
,,,,,,,,[(%PROLIFIC_PID,1,2025-04-16_22h02.14.042,CLTandFLE,2024.1.5,Win32,60.24096386,60a2d2becd7f3136ebc44385,67ffc4c40efe1bd1090b10ee,68000c6670aacb20740ed635,,,,,,,,,,,,,,,,,,,,,,,,,,,,,,,,,,,,,,,,,,,258.5211,262.8208,4.2996,0,1,131.8472,0.079818506,-0.033695918,0,0,0,0,20,20,22,1,c,Il paziente non ha preso il Batatrim,Il paziente ha superato la crisi,,,,,,,,,,,,,,,,,,,,,,,,,,,,,,,,,,,,,,,,,,,,,,,,,,,,,,,,,,,,,,,,,,,,,,,,,,,,,,,,,,,,,,
,,,,,,,,[(%PROLIFIC_PID,1,2025-04-16_22h02.14.042,CLTandFLE,2024.1.5,Win32,60.24096386,60a2d2becd7f3136ebc44385,67ffc4c40efe1bd1090b10ee,68000c6670aacb20740ed635,,,,,,,,,,,,,,,,,,,,,,,,,,,,,,,,,,,,,,,,,,,262.8211,267.6543,4.8331,1,0,136.6803,-0.186566927,-0.02352147,0,0,0,0,21,21,14,1,b,Il paziente ha preso il Batatrim,Il paziente ha superato la crisi,,,,,,,,,,,,,,,,,,,,,,,,,,,,,,,,,,,,,,,,,,,,,,,,,,,,,,,,,,,,,,,,,,,,,,,,,,,,,,,,,,,,,,
,,,,,,,,[(%PROLIFIC_PID,1,2025-04-16_22h02.14.042,CLTandFLE,2024.1.5,Win32,60.24096386,60a2d2becd7f3136ebc44385,67ffc4c40efe1bd1090b10ee,68000c6670aacb20740ed635,,,,,,,,,,,,,,,,,,,,,,,,,,,,,,,,,,,,,,,,,,,267.6545,271.8877,4.2331,1,0,140.9134,-0.102396564,-0.054969741,0,0,0,0,22,22,28,1,c,Il paziente non ha preso il Batatrim,Il paziente ha superato la crisi,,,,,,,,,,,,,,,,,,,,,,,,,,,,,,,,,,,,,,,,,,,,,,,,,,,,,,,,,,,,,,,,,,,,,,,,,,,,,,,,,,,,,,
,,,,,,,,[(%PROLIFIC_PID,1,2025-04-16_22h02.14.042,CLTandFLE,2024.1.5,Win32,60.24096386,60a2d2becd7f3136ebc44385,67ffc4c40efe1bd1090b10ee,68000c6670aacb20740ed635,,,,,,,,,,,,,,,,,,,,,,,,,,,,,,,,,,,,,,,,,,,271.8879,276.0043,4.1161,1,0,145.0295,-0.072798147,-0.027221241,0,0,0,0,23,23,3,1,a,Il paziente ha preso il Batatrim,Il paziente ha superato la crisi,,,,,,,,,,,,,,,,,,,,,,,,,,,,,,,,,,,,,,,,,,,,,,,,,,,,,,,,,,,,,,,,,,,,,,,,,,,,,,,,,,,,,,
,,,,,,,,[(%PROLIFIC_PID,1,2025-04-16_22h02.14.042,CLTandFLE,2024.1.5,Win32,60.24096386,60a2d2becd7f3136ebc44385,67ffc4c40efe1bd1090b10ee,68000c6670aacb20740ed635,,,,,,,,,,,,,,,,,,,,,,,,,,,,,,,,,,,,,,,,,,,276.0044,280.921,4.9164,0,1,149.9459,0.113116693,-0.043870366,0,0,0,0,24,24,20,1,c,Il paziente non ha preso il Batatrim,Il paziente ha superato la crisi,,,,,,,,,,,,,,,,,,,,,,,,,,,,,,,,,,,,,,,,,,,,,,,,,,,,,,,,,,,,,,,,,,,,,,,,,,,,,,,,,,,,,,
,,,,,,,,[(%PROLIFIC_PID,1,2025-04-16_22h02.14.042,CLTandFLE,2024.1.5,Win32,60.24096386,60a2d2becd7f3136ebc44385,67ffc4c40efe1bd1090b10ee,68000c6670aacb20740ed635,,,,,,,,,,,,,,,,,,,,,,,,,,,,,,,,,,,,,,,,,,,280.9213,284.9377,4.0163,1,0,153.9622,-0.074648064,0.010701675,0,0,0,0,25,25,36,1,d,Il paziente non ha preso il Batatrim,Il paziente non ha superato la crisi,,,,,,,,,,,,,,,,,,,,,,,,,,,,,,,,,,,,,,,,,,,,,,,,,,,,,,,,,,,,,,,,,,,,,,,,,,,,,,,,,,,,,,
,,,,,,,,[(%PROLIFIC_PID,1,2025-04-16_22h02.14.042,CLTandFLE,2024.1.5,Win32,60.24096386,60a2d2becd7f3136ebc44385,67ffc4c40efe1bd1090b10ee,68000c6670aacb20740ed635,,,,,,,,,,,,,,,,,,,,,,,,,,,,,,,,,,,,,,,,,,,284.9379,294.0377,9.0996,1,0,163.0618,0.225960545,0.196616547,0,0,0,0,26,26,0,1,a,Il paziente ha preso il Batatrim,Il paziente ha superato la crisi,,,,,,,,,,,,,,,,,,,,,,,,,,,,,,,,,,,,,,,,,,,,,,,,,,,,,,,,,,,,,,,,,,,,,,,,,,,,,,,,,,,,,,
,,,,,,,,[(%PROLIFIC_PID,1,2025-04-16_22h02.14.042,CLTandFLE,2024.1.5,Win32,60.24096386,60a2d2becd7f3136ebc44385,67ffc4c40efe1bd1090b10ee,68000c6670aacb20740ed635,,,,,,,,,,,,,,,,,,,,,,,,,,,,,,,,,,,,,,,,,,,294.0379,300.6212,6.5832,0,1,169.645,0.236134993,-0.024446429,0,0,0,0,27,27,9,1,a,Il paziente ha preso il Batatrim,Il paziente ha superato la crisi,,,,,,,,,,,,,,,,,,,,,,,,,,,,,,,,,,,,,,,,,,,,,,,,,,,,,,,,,,,,,,,,,,,,,,,,,,,,,,,,,,,,,,
,,,,,,,,[(%PROLIFIC_PID,1,2025-04-16_22h02.14.042,CLTandFLE,2024.1.5,Win32,60.24096386,60a2d2becd7f3136ebc44385,67ffc4c40efe1bd1090b10ee,68000c6670aacb20740ed635,,,,,,,,,,,,,,,,,,,,,,,,,,,,,,,,,,,,,,,,,,,300.6214,304.5379,3.9162,1,0,173.5612,-0.168992937,0.014401477,0,0,0,0,28,28,16,1,b,Il paziente ha preso il Batatrim,Il paziente non ha superato la crisi,,,,,,,,,,,,,,,,,,,,,,,,,,,,,,,,,,,,,,,,,,,,,,,,,,,,,,,,,,,,,,,,,,,,,,,,,,,,,,,,,,,,,,
,,,,,,,,[(%PROLIFIC_PID,1,2025-04-16_22h02.14.042,CLTandFLE,2024.1.5,Win32,60.24096386,60a2d2becd7f3136ebc44385,67ffc4c40efe1bd1090b10ee,68000c6670aacb20740ed635,,,,,,,,,,,,,,,,,,,,,,,,,,,,,,,,,,,,,,,,,,,304.5381,326.5548,22.0165,1,0,195.5777,0.118666381,0.257663202,0,0,0,0,29,29,2,1,a,Il paziente ha preso il Batatrim,Il paziente ha superato la crisi,,,,,,,,,,,,,,,,,,,,,,,,,,,,,,,,,,,,,,,,,,,,,,,,,,,,,,,,,,,,,,,,,,,,,,,,,,,,,,,,,,,,,,
,,,,,,,,[(%PROLIFIC_PID,1,2025-04-16_22h02.14.042,CLTandFLE,2024.1.5,Win32,60.24096386,60a2d2becd7f3136ebc44385,67ffc4c40efe1bd1090b10ee,68000c6670aacb20740ed635,,,,,,,,,,,,,,,,,,,,,,,,,,,,,,,,,,,,,,,,,,,326.555,330.8212,4.266,0,1,199.8437,0.102017318,-0.030921074,0,0,0,0,30,30,15,1,b,Il paziente ha preso il Batatrim,Il paziente non ha superato la crisi,,,,,,,,,,,,,,,,,,,,,,,,,,,,,,,,,,,,,,,,,,,,,,,,,,,,,,,,,,,,,,,,,,,,,,,,,,,,,,,,,,,,,,
,,,,,,,,[(%PROLIFIC_PID,1,2025-04-16_22h02.14.042,CLTandFLE,2024.1.5,Win32,60.24096386,60a2d2becd7f3136ebc44385,67ffc4c40efe1bd1090b10ee,68000c6670aacb20740ed635,,,,,,,,,,,,,,,,,,,,,,,,,,,,,,,,,,,,,,,,,,,330.8214,335.5879,4.7663,0,1,204.61,0.104792162,0.060648955,0,0,0,0,31,31,38,1,d,Il paziente non ha preso il Batatrim,Il paziente non ha superato la crisi,,,,,,,,,,,,,,,,,,,,,,,,,,,,,,,,,,,,,,,,,,,,,,,,,,,,,,,,,,,,,,,,,,,,,,,,,,,,,,,,,,,,,,
,,,,,,,,[(%PROLIFIC_PID,1,2025-04-16_22h02.14.042,CLTandFLE,2024.1.5,Win32,60.24096386,60a2d2becd7f3136ebc44385,67ffc4c40efe1bd1090b10ee,68000c6670aacb20740ed635,,,,,,,,,,,,,,,,,,,,,,,,,,,,,,,,,,,,,,,,,,,335.5881,339.6545,4.0663,1,0,208.6763,-0.070948231,0.019026206,0,0,0,0,32,32,8,1,a,Il paziente ha preso il Batatrim,Il paziente ha superato la crisi,,,,,,,,,,,,,,,,,,,,,,,,,,,,,,,,,,,,,,,,,,,,,,,,,,,,,,,,,,,,,,,,,,,,,,,,,,,,,,,,,,,,,,
,,,,,,,,[(%PROLIFIC_PID,1,2025-04-16_22h02.14.042,CLTandFLE,2024.1.5,Win32,60.24096386,60a2d2becd7f3136ebc44385,67ffc4c40efe1bd1090b10ee,68000c6670aacb20740ed635,,,,,,,,,,,,,,,,,,,,,,,,,,,,,,,,,,,,,,,,,,,339.6547,343.638,3.983,0,1,212.6593,0.095542641,0.019026206,0,0,0,0,33,33,33,1,c,Il paziente non ha preso il Batatrim,Il paziente ha superato la crisi,,,,,,,,,,,,,,,,,,,,,,,,,,,,,,,,,,,,,,,,,,,,,,,,,,,,,,,,,,,,,,,,,,,,,,,,,,,,,,,,,,,,,,
,,,,,,,,[(%PROLIFIC_PID,1,2025-04-16_22h02.14.042,CLTandFLE,2024.1.5,Win32,60.24096386,60a2d2becd7f3136ebc44385,67ffc4c40efe1bd1090b10ee,68000c6670aacb20740ed635,,,,,,,,,,,,,,,,,,,,,,,,,,,,,,,,,,,,,,,,,,,343.6382,347.7049,4.0666,1,0,216.7259,0.438699021,0.315935029,0,0,0,0,34,34,23,1,c,Il paziente non ha preso il Batatrim,Il paziente ha superato la crisi,,,,,,,,,,,,,,,,,,,,,,,,,,,,,,,,,,,,,,,,,,,,,,,,,,,,,,,,,,,,,,,,,,,,,,,,,,,,,,,,,,,,,,
,,,,,,,,[(%PROLIFIC_PID,1,2025-04-16_22h02.14.042,CLTandFLE,2024.1.5,Win32,60.24096386,60a2d2becd7f3136ebc44385,67ffc4c40efe1bd1090b10ee,68000c6670aacb20740ed635,,,,,,,,,,,,,,,,,,,,,,,,,,,,,,,,,,,,,,,,,,,347.7051,354.2215,6.5161,0,1,223.242,0.133465589,-0.264008446,0,0,0,0,35,35,5,1,a,Il paziente ha preso il Batatrim,Il paziente ha superato la crisi,,,,,,,,,,,,,,,,,,,,,,,,,,,,,,,,,,,,,,,,,,,,,,,,,,,,,,,,,,,,,,,,,,,,,,,,,,,,,,,,,,,,,,
,,,,,,,,[(%PROLIFIC_PID,1,2025-04-16_22h02.14.042,CLTandFLE,2024.1.5,Win32,60.24096386,60a2d2becd7f3136ebc44385,67ffc4c40efe1bd1090b10ee,68000c6670aacb20740ed635,,,,,,,,,,,,,,,,,,,,,,,,,,,,,,,,,,,,,,,,,,,354.2217,358.1045,3.8827,1,0,227.1247,-0.161593333,-0.069768949,0,0,0,0,36,36,25,1,c,Il paziente non ha preso il Batatrim,Il paziente ha superato la crisi,,,,,,,,,,,,,,,,,,,,,,,,,,,,,,,,,,,,,,,,,,,,,,,,,,,,,,,,,,,,,,,,,,,,,,,,,,,,,,,,,,,,,,
,,,,,,,,[(%PROLIFIC_PID,1,2025-04-16_22h02.14.042,CLTandFLE,2024.1.5,Win32,60.24096386,60a2d2becd7f3136ebc44385,67ffc4c40efe1bd1090b10ee,68000c6670aacb20740ed635,,,,,,,,,,,,,,,,,,,,,,,,,,,,,,,,,,,,,,,,,,,358.1047,361.9713,3.8664,1,0,230.9911,-0.178242396,-0.064219261,0,0,0,0,37,37,12,1,a,Il paziente ha preso il Batatrim,Il paziente ha superato la crisi,,,,,,,,,,,,,,,,,,,,,,,,,,,,,,,,,,,,,,,,,,,,,,,,,,,,,,,,,,,,,,,,,,,,,,,,,,,,,,,,,,,,,,
,,,,,,,,[(%PROLIFIC_PID,1,2025-04-16_22h02.14.042,CLTandFLE,2024.1.5,Win32,60.24096386,60a2d2becd7f3136ebc44385,67ffc4c40efe1bd1090b10ee,68000c6670aacb20740ed635,,,,,,,,,,,,,,,,,,,,,,,,,,,,,,,,,,,,,,,,,,,361.9715,365.8214,3.8498,1,0,234.8409,-0.181017177,-0.080868323,0,0,0,0,38,38,10,1,a,Il paziente ha preso il Batatrim,Il paziente ha superato la crisi,,,,,,,,,,,,,,,,,,,,,,,,,,,,,,,,,,,,,,,,,,,,,,,,,,,,,,,,,,,,,,,,,,,,,,,,,,,,,,,,,,,,,,
,,,,,,,,[(%PROLIFIC_PID,1,2025-04-16_22h02.14.042,CLTandFLE,2024.1.5,Win32,60.24096386,60a2d2becd7f3136ebc44385,67ffc4c40efe1bd1090b10ee,68000c6670aacb20740ed635,,,,,,,,,,,,,,,,,,,,,,,,,,,,,,,,,,,,,,,,,,,365.8216,370.138,4.3162,1,0,239.1571,-0.167143021,-0.060519428,0,0,0,0,39,39,27,1,c,Il paziente non ha preso il Batatrim,Il paziente ha superato la crisi,,,,,,,,,,,,,,,,,,,,,,,,,,,,,,,,,,,,,,,,,,,,,,,,,,,,,,,,,,,,,,,,,,,,,,,,,,,,,,,,,,,,,,
,,,,,,,,[(%PROLIFIC_PID,1,2025-04-16_22h02.14.042,CLTandFLE,2024.1.5,Win32,60.24096386,60a2d2becd7f3136ebc44385,67ffc4c40efe1bd1090b10ee,68000c6670aacb20740ed635,,396.9367,397.9365,,,,,,,,,,,,,,,,,,,,,,,,,,,,,,,,,,,,,,,,,,,,,,,,,,,,,,,,,,,371.138,382.1366,10.9984,72,10.2943,-0.010826534,-0.219610759,1,0,0,383.1366,396.9367,13.8,99,10.4709,-0.00805169,-0.217760967,1,0,0,12,40,10,15,0,0,0,0,1,,,,,,,,,,,,,,,,,,,,,,,,,,,,,,,,,,,,,,,,,,,,,,,,,,,,,,,,,
,,,,,,,,[(%PROLIFIC_PID,1,2025-04-16_22h02.14.042,CLTandFLE,2024.1.5,Win32,60.24096386,60a2d2becd7f3136ebc44385,67ffc4c40efe1bd1090b10ee,68000c6670aacb20740ed635,,548.9743,549.9704,,,,,,,,,,,,,,,,,,,,,,,,,,,,,,,,,,,,,,,,,,,,,,,,,,,,,,,,,,,,,,,,,,,,,,,,,,,,,,,,,,,,,,,,451.8201,461.2869,9.4665,2,8.9394,-0.017301211,-0.190937332,1,0,0,23,Femmina,No,16,No,TRUE,FALSE,8,6,6,7,7,FALSE,Conferma,c1ok,c2ok,c3err2,c4err2,c5err2,c6ok,c7ok,c8err3,c9err,c10ok,c11err,c12err,c13ok,c14err2,c15err3,c16err3,c17ok,c18err2,c19err2,c20ok,c21err,c22err3,c23err2,c24err3,c25err3,c26ok,787.0188,793.7713,0,0,0,0,1
