﻿Alfa.started,Alfa.stopped,alfa_mouse.x,alfa_mouse.y,alfa_mouse.leftButton,alfa_mouse.midButton,alfa_mouse.rightButton,alfa_mouse.clicked_name,participant,group,date,expName,psychopyVersion,OS,frameRate,PROLIFIC_PID,STUDY_ID,SESSION_ID,)],ITI.started,ITI.stopped,B_consensoinformato.started,B_consensoinformato.stopped,tempo_consenso,cons_mouse.x,cons_mouse.y,cons_mouse.leftButton,cons_mouse.midButton,cons_mouse.rightButton,A_benvenuto.started,A_benvenuto.stopped,ben_mouse.x,ben_mouse.y,ben_mouse.leftButton,ben_mouse.midButton,ben_mouse.rightButton,B2_istruzioni.started,B2_istruzioni.stopped,tempo_istru,cons_mouse_2.x,cons_mouse_2.y,cons_mouse_2.leftButton,cons_mouse_2.midButton,cons_mouse_2.rightButton,SAMevaluation.started,SAMevaluation.stopped,temposam,sliderintensity.response,sliderintensity.rt,slidervalence.response,slidervalence.rt,mouse_sam.x,mouse_sam.y,mouse_sam.leftButton,mouse_sam.midButton,mouse_sam.rightButton,mouse_sam.time,mouse_sam.clicked_name,Loading.started,Loading.stopped,C_associative_task.started,C_associative_task.stopped,tempo_trial,hapremutosi,hapremutono,tempo_tasktot,mouse.x,mouse.y,mouse.leftButton,mouse.midButton,mouse.rightButton,trials.thisRepN,trials.thisTrialN,trials.thisN,trials.thisIndex,trials.ran,cond,causa,effetto,D_VD.started,D_VD.stopped,tempo_vd,vd.response,vd.rt,mouse_vd.x,mouse_vd.y,mouse_vd.leftButton,mouse_vd.midButton,mouse_vd.rightButton,Previous.started,Previous.stopped,tempo_vd1,previous.response,previous.rt,mouse_vd_2.x,mouse_vd_2.y,mouse_vd_2.leftButton,mouse_vd_2.midButton,mouse_vd_2.rightButton,EstITA.TrialNS,EstITA.TrialD,EstITA.TrialSS,EstITA.TrialSN,itaest.thisRepN,itaest.thisTrialN,itaest.thisN,itaest.thisIndex,itaest.ran,PF.started,PF.stopped,tempo_pf,processfluency.response,processfluency.rt,mouse_ch.x,mouse_ch.y,mouse_ch.leftButton,mouse_ch.midButton,mouse_ch.rightButton,Questionario_Lingua.Age,Questionario_Lingua.Sesso,Questionario_Lingua.StaiStudiando?,Questionario_Lingua.Anniscolarita,Questionario_Lingua.Diploma,Questionario_Lingua.ItaMADRE?,Questionario_Lingua.INGmadre?,Questionario_Lingua.Q5(AOAIng),Questionario_Lingua.INGLETTURA,Questionario_Lingua.INGCOMPRESO,Questionario_Lingua.INGSCRITTO,Questionario_Lingua.INGPARLATO,Questionario_Lingua.haivissutoestero,ProvaInglese.ProcediamoENg,ProvaInglese.C1,ProvaInglese.C2,ProvaInglese.C3,ProvaInglese.C4,ProvaInglese.C5,ProvaInglese.C6,ProvaInglese.C7,ProvaInglese.C8,ProvaInglese.C9,ProvaInglese.C10,ProvaInglese.C11,ProvaInglese.C12,ProvaInglese.C13,ProvaInglese.C14,ProvaInglese.C15,ProvaInglese.C16,ProvaInglese.C17,ProvaInglese.C18,ProvaInglese.C19,ProvaInglese.C20,ProvaInglese.C21,ProvaInglese.C22,ProvaInglese.C23,ProvaInglese.C24,ProvaInglese.C25,ProvaInglese.controlquestion,Ant_lastquestion.started,Ant_lastquestion.stopped,exp_loop.thisRepN,exp_loop.thisTrialN,exp_loop.thisN,exp_loop.thisIndex,exp_loop.ran
0.0003,11.4828,-0.083333333,-0.000925947,1,0,0,alfa_mask,[(%PROLIFIC_PID,1,2025-04-16_20h54.21.615,CLTandFLE,2024.1.5,Win32,59.88023952,5ecba05b815ac271fec78842,67ffc4c40efe1bd1090b10ee,67fffbdf9e578dc0c5013d40,,,,,,,,,,,,,,,,,,,,,,,,,,,,,,,,,,,,,,,,,,,,,,,,,,,,,,,,,,,,,,,,,,,,,,,,,,,,,,,,,,,,,,,,,,,,,,,,,,,,,,,,,,,,,,,,,,,,,,,,,,,,,,,,,,,,,,,,,,,,,,,,,,,
,,,,,,,,[(%PROLIFIC_PID,1,2025-04-16_20h54.21.615,CLTandFLE,2024.1.5,Win32,59.88023952,5ecba05b815ac271fec78842,67ffc4c40efe1bd1090b10ee,67fffbdf9e578dc0c5013d40,,11.4831,12.4724,,,,,,,,,,,,,,,,,,,,,,,,,,,,,,,,,,,,,,,,,,,,,,,,,,,,,,,,,,,,,,,,,,,,,,,,,,,,,,,,,,,,,,,,,,,,,,,,,,,,,,,,,,,,,,,,,,,,,,,,,,,,,,,,,,,,,,,,,,,,,,,,
,,,,,,,,[(%PROLIFIC_PID,1,2025-04-16_20h54.21.615,CLTandFLE,2024.1.5,Win32,59.88023952,5ecba05b815ac271fec78842,67ffc4c40efe1bd1090b10ee,67fffbdf9e578dc0c5013d40,,,,12.4727,32.3662,19.8927,0.168518561,-0.423148191,1,0,0,,,,,,,,,,,,,,,,,,,,,,,,,,,,,,,,,,,,,,,,,,,,,,,,,,,,,,,,,,,,,,,,,,,,,,,,,,,,,,,,,,,,,,,,,,,,,,,,,,,,,,,,,,,,,,,,,,,,,,,,,,,,,,,,,,,,,,,,
,,,,,,,,[(%PROLIFIC_PID,1,2025-04-16_20h54.21.615,CLTandFLE,2024.1.5,Win32,59.88023952,5ecba05b815ac271fec78842,67ffc4c40efe1bd1090b10ee,67fffbdf9e578dc0c5013d40,,104.7782,105.7748,,,,,,,,,33.3633,36.2549,0.075925968,-0.10555557,1,0,0,37.2522,72.8021,35.5491,0.006481524,-0.410185213,1,0,0,73.8039,96.784,22.9795,0.636574109,17.0215,0.214120406,10.4297,"[-0.22870367544668693,0.10925928751627605,-0.017592606721100985]","[0.20555554495917427,-0.008333347461841724,-0.21666668079517507]","[1,1,1]","[0,0,0]","[0,0,0]","[10.209200000002994,16.790300000004464,22.972600000001478]","[""sliderintensity"",""rettoksam""]",97.7809,104.7781,105.795,115.6363,9.8408,1,0,9.8408,-0.172222208,-0.051851873,0,0,0,0,0,0,12,1,a,Il paziente ha preso il Batatrim,Il paziente ha superato la crisi,,,,,,,,,,,,,,,,,,,,,,,,,,,,,,,,,,,,,,,,,,,,,,,,,,,,,,,,,,,,,,,,,,,,,,,,,,,,,,,,,,,,,,
,,,,,,,,[(%PROLIFIC_PID,1,2025-04-16_20h54.21.615,CLTandFLE,2024.1.5,Win32,59.88023952,5ecba05b815ac271fec78842,67ffc4c40efe1bd1090b10ee,67fffbdf9e578dc0c5013d40,,,,,,,,,,,,,,,,,,,,,,,,,,,,,,,,,,,,,,,,,,,115.6369,125.4935,9.8563,1,0,19.6971,-0.172222208,-0.051851873,0,0,0,0,1,1,15,1,b,Il paziente ha preso il Batatrim,Il paziente non ha superato la crisi,,,,,,,,,,,,,,,,,,,,,,,,,,,,,,,,,,,,,,,,,,,,,,,,,,,,,,,,,,,,,,,,,,,,,,,,,,,,,,,,,,,,,,
,,,,,,,,[(%PROLIFIC_PID,1,2025-04-16_20h54.21.615,CLTandFLE,2024.1.5,Win32,59.88023952,5ecba05b815ac271fec78842,67ffc4c40efe1bd1090b10ee,67fffbdf9e578dc0c5013d40,,,,,,,,,,,,,,,,,,,,,,,,,,,,,,,,,,,,,,,,,,,125.494,130.8057,5.3116,0,1,25.0087,0.175000014,-0.049074067,0,0,0,0,2,2,17,1,b,Il paziente ha preso il Batatrim,Il paziente non ha superato la crisi,,,,,,,,,,,,,,,,,,,,,,,,,,,,,,,,,,,,,,,,,,,,,,,,,,,,,,,,,,,,,,,,,,,,,,,,,,,,,,,,,,,,,,
,,,,,,,,[(%PROLIFIC_PID,1,2025-04-16_20h54.21.615,CLTandFLE,2024.1.5,Win32,59.88023952,5ecba05b815ac271fec78842,67ffc4c40efe1bd1090b10ee,67fffbdf9e578dc0c5013d40,,,,,,,,,,,,,,,,,,,,,,,,,,,,,,,,,,,,,,,,,,,130.8061,136.5161,5.7097,1,0,30.7184,0.035185213,-0.050925926,0,0,0,0,3,3,18,1,b,Il paziente ha preso il Batatrim,Il paziente non ha superato la crisi,,,,,,,,,,,,,,,,,,,,,,,,,,,,,,,,,,,,,,,,,,,,,,,,,,,,,,,,,,,,,,,,,,,,,,,,,,,,,,,,,,,,,,
,,,,,,,,[(%PROLIFIC_PID,1,2025-04-16_20h54.21.615,CLTandFLE,2024.1.5,Win32,59.88023952,5ecba05b815ac271fec78842,67ffc4c40efe1bd1090b10ee,67fffbdf9e578dc0c5013d40,,,,,,,,,,,,,,,,,,,,,,,,,,,,,,,,,,,,,,,,,,,136.5165,141.4148,4.898,0,1,35.6164,0.175925926,-0.053703697,0,0,0,0,4,4,37,1,d,Il paziente non ha preso il Batatrim,Il paziente non ha superato la crisi,,,,,,,,,,,,,,,,,,,,,,,,,,,,,,,,,,,,,,,,,,,,,,,,,,,,,,,,,,,,,,,,,,,,,,,,,,,,,,,,,,,,,,
,,,,,,,,[(%PROLIFIC_PID,1,2025-04-16_20h54.21.615,CLTandFLE,2024.1.5,Win32,59.88023952,5ecba05b815ac271fec78842,67ffc4c40efe1bd1090b10ee,67fffbdf9e578dc0c5013d40,,,,,,,,,,,,,,,,,,,,,,,,,,,,,,,,,,,,,,,,,,,141.4152,146.4433,5.0279,0,1,40.6443,0.175925926,-0.053703697,0,0,0,0,5,5,11,1,a,Il paziente ha preso il Batatrim,Il paziente ha superato la crisi,,,,,,,,,,,,,,,,,,,,,,,,,,,,,,,,,,,,,,,,,,,,,,,,,,,,,,,,,,,,,,,,,,,,,,,,,,,,,,,,,,,,,,
,,,,,,,,[(%PROLIFIC_PID,1,2025-04-16_20h54.21.615,CLTandFLE,2024.1.5,Win32,59.88023952,5ecba05b815ac271fec78842,67ffc4c40efe1bd1090b10ee,67fffbdf9e578dc0c5013d40,,,,,,,,,,,,,,,,,,,,,,,,,,,,,,,,,,,,,,,,,,,146.4437,153.1501,6.7061,1,0,47.3504,-0.16851849,-0.045370384,0,0,0,0,6,6,14,1,b,Il paziente ha preso il Batatrim,Il paziente ha superato la crisi,,,,,,,,,,,,,,,,,,,,,,,,,,,,,,,,,,,,,,,,,,,,,,,,,,,,,,,,,,,,,,,,,,,,,,,,,,,,,,,,,,,,,,
,,,,,,,,[(%PROLIFIC_PID,1,2025-04-16_20h54.21.615,CLTandFLE,2024.1.5,Win32,59.88023952,5ecba05b815ac271fec78842,67ffc4c40efe1bd1090b10ee,67fffbdf9e578dc0c5013d40,,,,,,,,,,,,,,,,,,,,,,,,,,,,,,,,,,,,,,,,,,,153.1505,162.7893,9.6385,0,1,56.9889,0.154629672,-0.047222243,0,0,0,0,7,7,29,1,c,Il paziente non ha preso il Batatrim,Il paziente ha superato la crisi,,,,,,,,,,,,,,,,,,,,,,,,,,,,,,,,,,,,,,,,,,,,,,,,,,,,,,,,,,,,,,,,,,,,,,,,,,,,,,,,,,,,,,
,,,,,,,,[(%PROLIFIC_PID,1,2025-04-16_20h54.21.615,CLTandFLE,2024.1.5,Win32,59.88023952,5ecba05b815ac271fec78842,67ffc4c40efe1bd1090b10ee,67fffbdf9e578dc0c5013d40,,,,,,,,,,,,,,,,,,,,,,,,,,,,,,,,,,,,,,,,,,,162.7896,187.9867,25.1969,1,0,82.1858,-0.178703661,-0.049074067,0,0,0,0,8,8,9,1,a,Il paziente ha preso il Batatrim,Il paziente ha superato la crisi,,,,,,,,,,,,,,,,,,,,,,,,,,,,,,,,,,,,,,,,,,,,,,,,,,,,,,,,,,,,,,,,,,,,,,,,,,,,,,,,,,,,,,
,,,,,,,,[(%PROLIFIC_PID,1,2025-04-16_20h54.21.615,CLTandFLE,2024.1.5,Win32,59.88023952,5ecba05b815ac271fec78842,67ffc4c40efe1bd1090b10ee,67fffbdf9e578dc0c5013d40,,,,,,,,,,,,,,,,,,,,,,,,,,,,,,,,,,,,,,,,,,,187.9871,193.2539,5.2666,1,0,87.4524,-0.178703661,-0.049074067,0,0,0,0,9,9,0,1,a,Il paziente ha preso il Batatrim,Il paziente ha superato la crisi,,,,,,,,,,,,,,,,,,,,,,,,,,,,,,,,,,,,,,,,,,,,,,,,,,,,,,,,,,,,,,,,,,,,,,,,,,,,,,,,,,,,,,
,,,,,,,,[(%PROLIFIC_PID,1,2025-04-16_20h54.21.615,CLTandFLE,2024.1.5,Win32,59.88023952,5ecba05b815ac271fec78842,67ffc4c40efe1bd1090b10ee,67fffbdf9e578dc0c5013d40,,,,,,,,,,,,,,,,,,,,,,,,,,,,,,,,,,,,,,,,,,,193.2543,198.546,5.2914,0,1,92.7438,0.171296296,-0.044444437,0,0,0,0,10,10,26,1,c,Il paziente non ha preso il Batatrim,Il paziente ha superato la crisi,,,,,,,,,,,,,,,,,,,,,,,,,,,,,,,,,,,,,,,,,,,,,,,,,,,,,,,,,,,,,,,,,,,,,,,,,,,,,,,,,,,,,,
,,,,,,,,[(%PROLIFIC_PID,1,2025-04-16_20h54.21.615,CLTandFLE,2024.1.5,Win32,59.88023952,5ecba05b815ac271fec78842,67ffc4c40efe1bd1090b10ee,67fffbdf9e578dc0c5013d40,,,,,,,,,,,,,,,,,,,,,,,,,,,,,,,,,,,,,,,,,,,198.5463,203.9025,5.356,1,0,98.0998,-0.170370384,-0.042592614,0,0,0,0,11,11,35,1,d,Il paziente non ha preso il Batatrim,Il paziente non ha superato la crisi,,,,,,,,,,,,,,,,,,,,,,,,,,,,,,,,,,,,,,,,,,,,,,,,,,,,,,,,,,,,,,,,,,,,,,,,,,,,,,,,,,,,,,
,,,,,,,,[(%PROLIFIC_PID,1,2025-04-16_20h54.21.615,CLTandFLE,2024.1.5,Win32,59.88023952,5ecba05b815ac271fec78842,67ffc4c40efe1bd1090b10ee,67fffbdf9e578dc0c5013d40,,,,,,,,,,,,,,,,,,,,,,,,,,,,,,,,,,,,,,,,,,,203.9036,209.9183,6.0144,1,0,104.1142,-0.047222208,-0.034259266,0,0,0,0,12,12,19,1,b,Il paziente ha preso il Batatrim,Il paziente non ha superato la crisi,,,,,,,,,,,,,,,,,,,,,,,,,,,,,,,,,,,,,,,,,,,,,,,,,,,,,,,,,,,,,,,,,,,,,,,,,,,,,,,,,,,,,,
,,,,,,,,[(%PROLIFIC_PID,1,2025-04-16_20h54.21.615,CLTandFLE,2024.1.5,Win32,59.88023952,5ecba05b815ac271fec78842,67ffc4c40efe1bd1090b10ee,67fffbdf9e578dc0c5013d40,,,,,,,,,,,,,,,,,,,,,,,,,,,,,,,,,,,,,,,,,,,209.9186,215.282,5.3632,0,1,109.4774,0.167592578,-0.037037037,0,0,0,0,13,13,20,1,c,Il paziente non ha preso il Batatrim,Il paziente ha superato la crisi,,,,,,,,,,,,,,,,,,,,,,,,,,,,,,,,,,,,,,,,,,,,,,,,,,,,,,,,,,,,,,,,,,,,,,,,,,,,,,,,,,,,,,
,,,,,,,,[(%PROLIFIC_PID,1,2025-04-16_20h54.21.615,CLTandFLE,2024.1.5,Win32,59.88023952,5ecba05b815ac271fec78842,67ffc4c40efe1bd1090b10ee,67fffbdf9e578dc0c5013d40,,,,,,,,,,,,,,,,,,,,,,,,,,,,,,,,,,,,,,,,,,,215.2824,220.5504,5.2679,1,0,114.7453,-0.185185185,-0.037037037,0,0,0,0,14,14,3,1,a,Il paziente ha preso il Batatrim,Il paziente ha superato la crisi,,,,,,,,,,,,,,,,,,,,,,,,,,,,,,,,,,,,,,,,,,,,,,,,,,,,,,,,,,,,,,,,,,,,,,,,,,,,,,,,,,,,,,
,,,,,,,,[(%PROLIFIC_PID,1,2025-04-16_20h54.21.615,CLTandFLE,2024.1.5,Win32,59.88023952,5ecba05b815ac271fec78842,67ffc4c40efe1bd1090b10ee,67fffbdf9e578dc0c5013d40,,,,,,,,,,,,,,,,,,,,,,,,,,,,,,,,,,,,,,,,,,,220.5508,228.3285,7.7775,1,0,122.5228,-0.185185185,-0.037037037,0,0,0,0,15,15,4,1,a,Il paziente ha preso il Batatrim,Il paziente ha superato la crisi,,,,,,,,,,,,,,,,,,,,,,,,,,,,,,,,,,,,,,,,,,,,,,,,,,,,,,,,,,,,,,,,,,,,,,,,,,,,,,,,,,,,,,
,,,,,,,,[(%PROLIFIC_PID,1,2025-04-16_20h54.21.615,CLTandFLE,2024.1.5,Win32,59.88023952,5ecba05b815ac271fec78842,67ffc4c40efe1bd1090b10ee,67fffbdf9e578dc0c5013d40,,,,,,,,,,,,,,,,,,,,,,,,,,,,,,,,,,,,,,,,,,,228.3289,234.8623,6.5333,0,1,129.0561,0.162962949,-0.036111125,0,0,0,0,16,16,38,1,d,Il paziente non ha preso il Batatrim,Il paziente non ha superato la crisi,,,,,,,,,,,,,,,,,,,,,,,,,,,,,,,,,,,,,,,,,,,,,,,,,,,,,,,,,,,,,,,,,,,,,,,,,,,,,,,,,,,,,,
,,,,,,,,[(%PROLIFIC_PID,1,2025-04-16_20h54.21.615,CLTandFLE,2024.1.5,Win32,59.88023952,5ecba05b815ac271fec78842,67ffc4c40efe1bd1090b10ee,67fffbdf9e578dc0c5013d40,,,,,,,,,,,,,,,,,,,,,,,,,,,,,,,,,,,,,,,,,,,234.8627,239.644,4.7811,0,1,133.8372,0.162962949,-0.036111125,0,0,0,0,17,17,36,1,d,Il paziente non ha preso il Batatrim,Il paziente non ha superato la crisi,,,,,,,,,,,,,,,,,,,,,,,,,,,,,,,,,,,,,,,,,,,,,,,,,,,,,,,,,,,,,,,,,,,,,,,,,,,,,,,,,,,,,,
,,,,,,,,[(%PROLIFIC_PID,1,2025-04-16_20h54.21.615,CLTandFLE,2024.1.5,Win32,59.88023952,5ecba05b815ac271fec78842,67ffc4c40efe1bd1090b10ee,67fffbdf9e578dc0c5013d40,,,,,,,,,,,,,,,,,,,,,,,,,,,,,,,,,,,,,,,,,,,239.6443,245.0244,5.3798,0,1,139.217,0.162962949,-0.036111125,0,0,0,0,18,18,21,1,c,Il paziente non ha preso il Batatrim,Il paziente ha superato la crisi,,,,,,,,,,,,,,,,,,,,,,,,,,,,,,,,,,,,,,,,,,,,,,,,,,,,,,,,,,,,,,,,,,,,,,,,,,,,,,,,,,,,,,
,,,,,,,,[(%PROLIFIC_PID,1,2025-04-16_20h54.21.615,CLTandFLE,2024.1.5,Win32,59.88023952,5ecba05b815ac271fec78842,67ffc4c40efe1bd1090b10ee,67fffbdf9e578dc0c5013d40,,,,,,,,,,,,,,,,,,,,,,,,,,,,,,,,,,,,,,,,,,,245.0249,249.894,4.8689,0,1,144.0859,0.162962949,-0.036111125,0,0,0,0,19,19,31,1,c,Il paziente non ha preso il Batatrim,Il paziente ha superato la crisi,,,,,,,,,,,,,,,,,,,,,,,,,,,,,,,,,,,,,,,,,,,,,,,,,,,,,,,,,,,,,,,,,,,,,,,,,,,,,,,,,,,,,,
,,,,,,,,[(%PROLIFIC_PID,1,2025-04-16_20h54.21.615,CLTandFLE,2024.1.5,Win32,59.88023952,5ecba05b815ac271fec78842,67ffc4c40efe1bd1090b10ee,67fffbdf9e578dc0c5013d40,,,,,,,,,,,,,,,,,,,,,,,,,,,,,,,,,,,,,,,,,,,249.8944,254.979,5.0845,1,0,149.1704,-0.175925926,-0.068518533,0,0,0,0,20,20,10,1,a,Il paziente ha preso il Batatrim,Il paziente ha superato la crisi,,,,,,,,,,,,,,,,,,,,,,,,,,,,,,,,,,,,,,,,,,,,,,,,,,,,,,,,,,,,,,,,,,,,,,,,,,,,,,,,,,,,,,
,,,,,,,,[(%PROLIFIC_PID,1,2025-04-16_20h54.21.615,CLTandFLE,2024.1.5,Win32,59.88023952,5ecba05b815ac271fec78842,67ffc4c40efe1bd1090b10ee,67fffbdf9e578dc0c5013d40,,,,,,,,,,,,,,,,,,,,,,,,,,,,,,,,,,,,,,,,,,,254.9794,260.0483,5.0687,0,1,154.2391,0.187962991,-0.039814808,0,0,0,0,21,21,32,1,c,Il paziente non ha preso il Batatrim,Il paziente ha superato la crisi,,,,,,,,,,,,,,,,,,,,,,,,,,,,,,,,,,,,,,,,,,,,,,,,,,,,,,,,,,,,,,,,,,,,,,,,,,,,,,,,,,,,,,
,,,,,,,,[(%PROLIFIC_PID,1,2025-04-16_20h54.21.615,CLTandFLE,2024.1.5,Win32,59.88023952,5ecba05b815ac271fec78842,67ffc4c40efe1bd1090b10ee,67fffbdf9e578dc0c5013d40,,,,,,,,,,,,,,,,,,,,,,,,,,,,,,,,,,,,,,,,,,,260.0487,265.3498,5.3009,0,1,159.54,0.181481467,-0.035185178,0,0,0,0,22,22,8,1,a,Il paziente ha preso il Batatrim,Il paziente ha superato la crisi,,,,,,,,,,,,,,,,,,,,,,,,,,,,,,,,,,,,,,,,,,,,,,,,,,,,,,,,,,,,,,,,,,,,,,,,,,,,,,,,,,,,,,
,,,,,,,,[(%PROLIFIC_PID,1,2025-04-16_20h54.21.615,CLTandFLE,2024.1.5,Win32,59.88023952,5ecba05b815ac271fec78842,67ffc4c40efe1bd1090b10ee,67fffbdf9e578dc0c5013d40,,,,,,,,,,,,,,,,,,,,,,,,,,,,,,,,,,,,,,,,,,,265.3502,271.4489,6.0986,1,0,165.6386,-0.216666681,-0.053703697,0,0,0,0,23,23,13,1,a,Il paziente ha preso il Batatrim,Il paziente ha superato la crisi,,,,,,,,,,,,,,,,,,,,,,,,,,,,,,,,,,,,,,,,,,,,,,,,,,,,,,,,,,,,,,,,,,,,,,,,,,,,,,,,,,,,,,
,,,,,,,,[(%PROLIFIC_PID,1,2025-04-16_20h54.21.615,CLTandFLE,2024.1.5,Win32,59.88023952,5ecba05b815ac271fec78842,67ffc4c40efe1bd1090b10ee,67fffbdf9e578dc0c5013d40,,,,,,,,,,,,,,,,,,,,,,,,,,,,,,,,,,,,,,,,,,,271.4494,277.5316,6.082,0,1,171.7206,0.172222208,-0.046296296,0,0,0,0,24,24,33,1,c,Il paziente non ha preso il Batatrim,Il paziente ha superato la crisi,,,,,,,,,,,,,,,,,,,,,,,,,,,,,,,,,,,,,,,,,,,,,,,,,,,,,,,,,,,,,,,,,,,,,,,,,,,,,,,,,,,,,,
,,,,,,,,[(%PROLIFIC_PID,1,2025-04-16_20h54.21.615,CLTandFLE,2024.1.5,Win32,59.88023952,5ecba05b815ac271fec78842,67ffc4c40efe1bd1090b10ee,67fffbdf9e578dc0c5013d40,,,,,,,,,,,,,,,,,,,,,,,,,,,,,,,,,,,,,,,,,,,277.532,282.6462,5.1141,0,1,176.8347,0.014814801,-0.015740748,0,0,0,0,25,25,2,1,a,Il paziente ha preso il Batatrim,Il paziente ha superato la crisi,,,,,,,,,,,,,,,,,,,,,,,,,,,,,,,,,,,,,,,,,,,,,,,,,,,,,,,,,,,,,,,,,,,,,,,,,,,,,,,,,,,,,,
,,,,,,,,[(%PROLIFIC_PID,1,2025-04-16_20h54.21.615,CLTandFLE,2024.1.5,Win32,59.88023952,5ecba05b815ac271fec78842,67ffc4c40efe1bd1090b10ee,67fffbdf9e578dc0c5013d40,,,,,,,,,,,,,,,,,,,,,,,,,,,,,,,,,,,,,,,,,,,282.6466,287.2955,4.6487,1,0,181.4834,-0.162037037,-0.053703697,0,0,0,0,26,26,5,1,a,Il paziente ha preso il Batatrim,Il paziente ha superato la crisi,,,,,,,,,,,,,,,,,,,,,,,,,,,,,,,,,,,,,,,,,,,,,,,,,,,,,,,,,,,,,,,,,,,,,,,,,,,,,,,,,,,,,,
,,,,,,,,[(%PROLIFIC_PID,1,2025-04-16_20h54.21.615,CLTandFLE,2024.1.5,Win32,59.88023952,5ecba05b815ac271fec78842,67ffc4c40efe1bd1090b10ee,67fffbdf9e578dc0c5013d40,,,,,,,,,,,,,,,,,,,,,,,,,,,,,,,,,,,,,,,,,,,287.2959,293.4793,6.1833,0,1,187.6667,0.176851838,-0.043518526,0,0,0,0,27,27,34,1,c,Il paziente non ha preso il Batatrim,Il paziente ha superato la crisi,,,,,,,,,,,,,,,,,,,,,,,,,,,,,,,,,,,,,,,,,,,,,,,,,,,,,,,,,,,,,,,,,,,,,,,,,,,,,,,,,,,,,,
,,,,,,,,[(%PROLIFIC_PID,1,2025-04-16_20h54.21.615,CLTandFLE,2024.1.5,Win32,59.88023952,5ecba05b815ac271fec78842,67ffc4c40efe1bd1090b10ee,67fffbdf9e578dc0c5013d40,,,,,,,,,,,,,,,,,,,,,,,,,,,,,,,,,,,,,,,,,,,293.4797,299.7935,6.3135,1,0,193.9802,-0.169444402,-0.028703725,0,0,0,0,28,28,16,1,b,Il paziente ha preso il Batatrim,Il paziente non ha superato la crisi,,,,,,,,,,,,,,,,,,,,,,,,,,,,,,,,,,,,,,,,,,,,,,,,,,,,,,,,,,,,,,,,,,,,,,,,,,,,,,,,,,,,,,
,,,,,,,,[(%PROLIFIC_PID,1,2025-04-16_20h54.21.615,CLTandFLE,2024.1.5,Win32,59.88023952,5ecba05b815ac271fec78842,67ffc4c40efe1bd1090b10ee,67fffbdf9e578dc0c5013d40,,,,,,,,,,,,,,,,,,,,,,,,,,,,,,,,,,,,,,,,,,,299.7939,305.3278,5.5335,0,1,199.5137,0.208333333,-0.044444437,0,0,0,0,29,29,30,1,c,Il paziente non ha preso il Batatrim,Il paziente ha superato la crisi,,,,,,,,,,,,,,,,,,,,,,,,,,,,,,,,,,,,,,,,,,,,,,,,,,,,,,,,,,,,,,,,,,,,,,,,,,,,,,,,,,,,,,
,,,,,,,,[(%PROLIFIC_PID,1,2025-04-16_20h54.21.615,CLTandFLE,2024.1.5,Win32,59.88023952,5ecba05b815ac271fec78842,67ffc4c40efe1bd1090b10ee,67fffbdf9e578dc0c5013d40,,,,,,,,,,,,,,,,,,,,,,,,,,,,,,,,,,,,,,,,,,,305.3281,310.2653,4.9371,0,1,204.4508,0.208333333,-0.044444437,0,0,0,0,30,30,39,1,d,Il paziente non ha preso il Batatrim,Il paziente non ha superato la crisi,,,,,,,,,,,,,,,,,,,,,,,,,,,,,,,,,,,,,,,,,,,,,,,,,,,,,,,,,,,,,,,,,,,,,,,,,,,,,,,,,,,,,,
,,,,,,,,[(%PROLIFIC_PID,1,2025-04-16_20h54.21.615,CLTandFLE,2024.1.5,Win32,59.88023952,5ecba05b815ac271fec78842,67ffc4c40efe1bd1090b10ee,67fffbdf9e578dc0c5013d40,,,,,,,,,,,,,,,,,,,,,,,,,,,,,,,,,,,,,,,,,,,310.2657,317.2531,6.9872,1,0,211.438,-0.175000014,-0.042592614,0,0,0,0,31,31,6,1,a,Il paziente ha preso il Batatrim,Il paziente ha superato la crisi,,,,,,,,,,,,,,,,,,,,,,,,,,,,,,,,,,,,,,,,,,,,,,,,,,,,,,,,,,,,,,,,,,,,,,,,,,,,,,,,,,,,,,
,,,,,,,,[(%PROLIFIC_PID,1,2025-04-16_20h54.21.615,CLTandFLE,2024.1.5,Win32,59.88023952,5ecba05b815ac271fec78842,67ffc4c40efe1bd1090b10ee,67fffbdf9e578dc0c5013d40,,,,,,,,,,,,,,,,,,,,,,,,,,,,,,,,,,,,,,,,,,,317.2534,322.5558,5.3022,0,1,216.7402,0.190740727,-0.034259266,0,0,0,0,32,32,24,1,c,Il paziente non ha preso il Batatrim,Il paziente ha superato la crisi,,,,,,,,,,,,,,,,,,,,,,,,,,,,,,,,,,,,,,,,,,,,,,,,,,,,,,,,,,,,,,,,,,,,,,,,,,,,,,,,,,,,,,
,,,,,,,,[(%PROLIFIC_PID,1,2025-04-16_20h54.21.615,CLTandFLE,2024.1.5,Win32,59.88023952,5ecba05b815ac271fec78842,67ffc4c40efe1bd1090b10ee,67fffbdf9e578dc0c5013d40,,,,,,,,,,,,,,,,,,,,,,,,,,,,,,,,,,,,,,,,,,,322.5562,330.7817,8.2253,1,0,224.9655,-0.19722218,-0.056481503,0,0,0,0,33,33,7,1,a,Il paziente ha preso il Batatrim,Il paziente ha superato la crisi,,,,,,,,,,,,,,,,,,,,,,,,,,,,,,,,,,,,,,,,,,,,,,,,,,,,,,,,,,,,,,,,,,,,,,,,,,,,,,,,,,,,,,
,,,,,,,,[(%PROLIFIC_PID,1,2025-04-16_20h54.21.615,CLTandFLE,2024.1.5,Win32,59.88023952,5ecba05b815ac271fec78842,67ffc4c40efe1bd1090b10ee,67fffbdf9e578dc0c5013d40,,,,,,,,,,,,,,,,,,,,,,,,,,,,,,,,,,,,,,,,,,,330.782,336.6329,5.8508,0,1,230.8163,0.07222225,0.03148146,0,0,0,0,34,34,23,1,c,Il paziente non ha preso il Batatrim,Il paziente ha superato la crisi,,,,,,,,,,,,,,,,,,,,,,,,,,,,,,,,,,,,,,,,,,,,,,,,,,,,,,,,,,,,,,,,,,,,,,,,,,,,,,,,,,,,,,
,,,,,,,,[(%PROLIFIC_PID,1,2025-04-16_20h54.21.615,CLTandFLE,2024.1.5,Win32,59.88023952,5ecba05b815ac271fec78842,67ffc4c40efe1bd1090b10ee,67fffbdf9e578dc0c5013d40,,,,,,,,,,,,,,,,,,,,,,,,,,,,,,,,,,,,,,,,,,,336.6333,342.6975,6.064,1,0,236.8803,-0.145370342,-0.034259266,0,0,0,0,35,35,1,1,a,Il paziente ha preso il Batatrim,Il paziente ha superato la crisi,,,,,,,,,,,,,,,,,,,,,,,,,,,,,,,,,,,,,,,,,,,,,,,,,,,,,,,,,,,,,,,,,,,,,,,,,,,,,,,,,,,,,,
,,,,,,,,[(%PROLIFIC_PID,1,2025-04-16_20h54.21.615,CLTandFLE,2024.1.5,Win32,59.88023952,5ecba05b815ac271fec78842,67ffc4c40efe1bd1090b10ee,67fffbdf9e578dc0c5013d40,,,,,,,,,,,,,,,,,,,,,,,,,,,,,,,,,,,,,,,,,,,342.6979,351.1245,8.4264,0,1,245.3067,0.17777782,-0.059259273,0,0,0,0,36,36,22,1,c,Il paziente non ha preso il Batatrim,Il paziente ha superato la crisi,,,,,,,,,,,,,,,,,,,,,,,,,,,,,,,,,,,,,,,,,,,,,,,,,,,,,,,,,,,,,,,,,,,,,,,,,,,,,,,,,,,,,,
,,,,,,,,[(%PROLIFIC_PID,1,2025-04-16_20h54.21.615,CLTandFLE,2024.1.5,Win32,59.88023952,5ecba05b815ac271fec78842,67ffc4c40efe1bd1090b10ee,67fffbdf9e578dc0c5013d40,,,,,,,,,,,,,,,,,,,,,,,,,,,,,,,,,,,,,,,,,,,351.1248,356.2429,5.1179,0,1,250.4246,0.173148191,-0.056481503,0,0,0,0,37,37,28,1,c,Il paziente non ha preso il Batatrim,Il paziente ha superato la crisi,,,,,,,,,,,,,,,,,,,,,,,,,,,,,,,,,,,,,,,,,,,,,,,,,,,,,,,,,,,,,,,,,,,,,,,,,,,,,,,,,,,,,,
,,,,,,,,[(%PROLIFIC_PID,1,2025-04-16_20h54.21.615,CLTandFLE,2024.1.5,Win32,59.88023952,5ecba05b815ac271fec78842,67ffc4c40efe1bd1090b10ee,67fffbdf9e578dc0c5013d40,,,,,,,,,,,,,,,,,,,,,,,,,,,,,,,,,,,,,,,,,,,356.2434,361.0137,4.7702,0,1,255.1948,0.173148191,-0.056481503,0,0,0,0,38,38,25,1,c,Il paziente non ha preso il Batatrim,Il paziente ha superato la crisi,,,,,,,,,,,,,,,,,,,,,,,,,,,,,,,,,,,,,,,,,,,,,,,,,,,,,,,,,,,,,,,,,,,,,,,,,,,,,,,,,,,,,,
,,,,,,,,[(%PROLIFIC_PID,1,2025-04-16_20h54.21.615,CLTandFLE,2024.1.5,Win32,59.88023952,5ecba05b815ac271fec78842,67ffc4c40efe1bd1090b10ee,67fffbdf9e578dc0c5013d40,,,,,,,,,,,,,,,,,,,,,,,,,,,,,,,,,,,,,,,,,,,361.0141,368.3096,7.2947,0,1,262.4895,0.173148191,-0.062962956,0,0,0,0,39,39,27,1,c,Il paziente non ha preso il Batatrim,Il paziente ha superato la crisi,,,,,,,,,,,,,,,,,,,,,,,,,,,,,,,,,,,,,,,,,,,,,,,,,,,,,,,,,,,,,,,,,,,,,,,,,,,,,,,,,,,,,,
,,,,,,,,[(%PROLIFIC_PID,1,2025-04-16_20h54.21.615,CLTandFLE,2024.1.5,Win32,59.88023952,5ecba05b815ac271fec78842,67ffc4c40efe1bd1090b10ee,67fffbdf9e578dc0c5013d40,,393.817,394.8081,,,,,,,,,,,,,,,,,,,,,,,,,,,,,,,,,,,,,,,,,,,,,,,,,,,,,,,,,,,369.297,381.2472,11.9495,38,7.8353,-0.022222236,-0.205555598,1,0,0,382.2442,393.817,11.5723,71,9.0312,-0.000925912,-0.215740769,1,0,0,12,15,7,6,0,0,0,0,1,,,,,,,,,,,,,,,,,,,,,,,,,,,,,,,,,,,,,,,,,,,,,,,,,,,,,,,,,
,,,,,,,,[(%PROLIFIC_PID,1,2025-04-16_20h54.21.615,CLTandFLE,2024.1.5,Win32,59.88023952,5ecba05b815ac271fec78842,67ffc4c40efe1bd1090b10ee,67fffbdf9e578dc0c5013d40,,534.8274,535.8098,,,,,,,,,,,,,,,,,,,,,,,,,,,,,,,,,,,,,,,,,,,,,,,,,,,,,,,,,,,,,,,,,,,,,,,,,,,,,,,,,,,,,,,,443.4046,454.3637,10.9588,4,8.1825,-0.012036995,-0.231481481,1,0,0,45,Maschio,No,13,No,TRUE,FALSE,8,7,8,6,8,FALSE,Conferma,c1ok,c2ok,c3ok,c4ok,c5ok,c6ok,c7ok,c8ok,c9ok,c10ok,c11ok,c12err,c13ok,c14err2,c15ok,c16ok,c17ok,c18ok,c19ok,c20err,c21ok,c22ok,c23ok,c24ok,c25ok,c26ok,792.3711,799.0494,0,0,0,0,1
