﻿Alfa.started,Alfa.stopped,alfa_mouse.x,alfa_mouse.y,alfa_mouse.leftButton,alfa_mouse.midButton,alfa_mouse.rightButton,alfa_mouse.clicked_name,participant,group,date,expName,psychopyVersion,OS,frameRate,PROLIFIC_PID,STUDY_ID,SESSION_ID,)],ITI.started,ITI.stopped,B_consensoinformato.started,B_consensoinformato.stopped,tempo_consenso,cons_mouse.x,cons_mouse.y,cons_mouse.leftButton,cons_mouse.midButton,cons_mouse.rightButton,A_benvenuto.started,A_benvenuto.stopped,ben_mouse.x,ben_mouse.y,ben_mouse.leftButton,ben_mouse.midButton,ben_mouse.rightButton,B2_istruzioni.started,B2_istruzioni.stopped,tempo_istru,cons_mouse_2.x,cons_mouse_2.y,cons_mouse_2.leftButton,cons_mouse_2.midButton,cons_mouse_2.rightButton,SAMevaluation.started,SAMevaluation.stopped,temposam,sliderintensity.response,sliderintensity.rt,slidervalence.response,slidervalence.rt,mouse_sam.x,mouse_sam.y,mouse_sam.leftButton,mouse_sam.midButton,mouse_sam.rightButton,mouse_sam.time,mouse_sam.clicked_name,Loading.started,Loading.stopped,C_associative_task.started,C_associative_task.stopped,tempo_trial,hapremutosi,hapremutono,tempo_tasktot,mouse.x,mouse.y,mouse.leftButton,mouse.midButton,mouse.rightButton,trials.thisRepN,trials.thisTrialN,trials.thisN,trials.thisIndex,trials.ran,cond,causa,effetto,D_VD.started,D_VD.stopped,tempo_vd,vd.response,vd.rt,mouse_vd.x,mouse_vd.y,mouse_vd.leftButton,mouse_vd.midButton,mouse_vd.rightButton,Previous.started,Previous.stopped,tempo_vd1,previous.response,previous.rt,mouse_vd_2.x,mouse_vd_2.y,mouse_vd_2.leftButton,mouse_vd_2.midButton,mouse_vd_2.rightButton,EstENG.TrialSS,EstENG.TrialNS,EstENG.TrialNN,EstENG.TrialSN,ingesta.thisRepN,ingesta.thisTrialN,ingesta.thisN,ingesta.thisIndex,ingesta.ran,PF.started,PF.stopped,tempo_pf,processfluency.response,processfluency.rt,mouse_ch.x,mouse_ch.y,mouse_ch.leftButton,mouse_ch.midButton,mouse_ch.rightButton,Questionario_Lingua.Age,Questionario_Lingua.Sesso,Questionario_Lingua.StaiStudiando?,Questionario_Lingua.Anniscolarita,Questionario_Lingua.Diploma,Questionario_Lingua.Punteggiodiploma,Questionario_Lingua.ItaMADRE?,Questionario_Lingua.INGmadre?,Questionario_Lingua.Q5(AOAIng),Questionario_Lingua.INGLETTURA,Questionario_Lingua.INGCOMPRESO,Questionario_Lingua.INGSCRITTO,Questionario_Lingua.INGPARLATO,Questionario_Lingua.haivissutoestero,ProvaInglese.ProcediamoENg,ProvaInglese.C1,ProvaInglese.C2,ProvaInglese.C3,ProvaInglese.C4,ProvaInglese.C5,ProvaInglese.C6,ProvaInglese.C7,ProvaInglese.C8,ProvaInglese.C9,ProvaInglese.C10,ProvaInglese.C11,ProvaInglese.C12,ProvaInglese.C13,ProvaInglese.C14,ProvaInglese.C15,ProvaInglese.C16,ProvaInglese.C17,ProvaInglese.C18,ProvaInglese.C19,ProvaInglese.C20,ProvaInglese.C21,ProvaInglese.C22,ProvaInglese.C23,ProvaInglese.C24,ProvaInglese.C25,ProvaInglese.controlquestion,Ant_lastquestion.started,Ant_lastquestion.stopped,exp_loop.thisRepN,exp_loop.thisTrialN,exp_loop.thisN,exp_loop.thisIndex,exp_loop.ran
0.0004,13.8985,-0.061197917,-0.001302083,1,0,0,alfa_mask,[(%PROLIFIC_PID,2,2025-04-16_18h55.16.349,CLTandFLE,2024.1.5,Win32,59.52380952,58d11f7947aa1e000104718a,67ffc4c40efe1bd1090b10ee,67ffe0bfbad43ee8fd2d55a2,,,,,,,,,,,,,,,,,,,,,,,,,,,,,,,,,,,,,,,,,,,,,,,,,,,,,,,,,,,,,,,,,,,,,,,,,,,,,,,,,,,,,,,,,,,,,,,,,,,,,,,,,,,,,,,,,,,,,,,,,,,,,,,,,,,,,,,,,,,,,,,,,,,,
,,,,,,,,[(%PROLIFIC_PID,2,2025-04-16_18h55.16.349,CLTandFLE,2024.1.5,Win32,59.52380952,58d11f7947aa1e000104718a,67ffc4c40efe1bd1090b10ee,67ffe0bfbad43ee8fd2d55a2,,13.8987,14.8945,,,,,,,,,,,,,,,,,,,,,,,,,,,,,,,,,,,,,,,,,,,,,,,,,,,,,,,,,,,,,,,,,,,,,,,,,,,,,,,,,,,,,,,,,,,,,,,,,,,,,,,,,,,,,,,,,,,,,,,,,,,,,,,,,,,,,,,,,,,,,,,,,
,,,,,,,,[(%PROLIFIC_PID,2,2025-04-16_18h55.16.349,CLTandFLE,2024.1.5,Win32,59.52380952,58d11f7947aa1e000104718a,67ffc4c40efe1bd1090b10ee,67ffe0bfbad43ee8fd2d55a2,,,,14.8947,28.5598,13.6642,0.247395833,-0.399739583,1,0,0,,,,,,,,,,,,,,,,,,,,,,,,,,,,,,,,,,,,,,,,,,,,,,,,,,,,,,,,,,,,,,,,,,,,,,,,,,,,,,,,,,,,,,,,,,,,,,,,,,,,,,,,,,,,,,,,,,,,,,,,,,,,,,,,,,,,,,,,,
,,,,,,,,[(%PROLIFIC_PID,2,2025-04-16_18h55.16.349,CLTandFLE,2024.1.5,Win32,59.52380952,58d11f7947aa1e000104718a,67ffc4c40efe1bd1090b10ee,67ffe0bfbad43ee8fd2d55a2,,214.8176,215.8174,,,,,,,,,29.5594,33.9552,0.053385417,-0.108072917,1,0,0,34.9522,162.6037,127.6509,0.032552083,-0.403645833,1,0,0,163.6033,206.7972,43.193,0.623697917,37.9743,0.220052083,28.9762,"[0,-0.22265625,0.0026041666666666665,-0.0234375]","[0.20833333333333334,0.20833333333333334,0,-0.2109375]","[1,1,1,1]","[0,0,0,0]","[0,0,0,0]","[5.6561000000000945,27.587800000000072,35.67750000000001,43.18330000000006]","[""slidervalence"",""sliderintensity"",""rettoksam""]",207.8175,214.8176,215.8541,229.1549,13.3002,1,0,13.3002,-0.658854167,-0.2890625,0,0,0,0,0,0,13,1,a,The patient has taken Batatrim,The patient has overcome the crisis,,,,,,,,,,,,,,,,,,,,,,,,,,,,,,,,,,,,,,,,,,,,,,,,,,,,,,,,,,,,,,,,,,,,,,,,,,,,,,,,,,,,,,,
,,,,,,,,[(%PROLIFIC_PID,2,2025-04-16_18h55.16.349,CLTandFLE,2024.1.5,Win32,59.52380952,58d11f7947aa1e000104718a,67ffc4c40efe1bd1090b10ee,67ffe0bfbad43ee8fd2d55a2,,,,,,,,,,,,,,,,,,,,,,,,,,,,,,,,,,,,,,,,,,,229.1563,237.0803,7.9236,0,1,21.2238,-0.643229167,-0.186197917,0,0,0,0,1,1,21,1,c,The patient has not taken Batatrim,The patient has overcome the crisis,,,,,,,,,,,,,,,,,,,,,,,,,,,,,,,,,,,,,,,,,,,,,,,,,,,,,,,,,,,,,,,,,,,,,,,,,,,,,,,,,,,,,,,
,,,,,,,,[(%PROLIFIC_PID,2,2025-04-16_18h55.16.349,CLTandFLE,2024.1.5,Win32,59.52380952,58d11f7947aa1e000104718a,67ffc4c40efe1bd1090b10ee,67ffe0bfbad43ee8fd2d55a2,,,,,,,,,,,,,,,,,,,,,,,,,,,,,,,,,,,,,,,,,,,237.081,244.5922,7.5108,1,0,28.7346,-0.641927083,-0.221354167,0,0,0,0,2,2,2,1,a,The patient has taken Batatrim,The patient has overcome the crisis,,,,,,,,,,,,,,,,,,,,,,,,,,,,,,,,,,,,,,,,,,,,,,,,,,,,,,,,,,,,,,,,,,,,,,,,,,,,,,,,,,,,,,,
,,,,,,,,[(%PROLIFIC_PID,2,2025-04-16_18h55.16.349,CLTandFLE,2024.1.5,Win32,59.52380952,58d11f7947aa1e000104718a,67ffc4c40efe1bd1090b10ee,67ffe0bfbad43ee8fd2d55a2,,,,,,,,,,,,,,,,,,,,,,,,,,,,,,,,,,,,,,,,,,,244.5934,250.5596,5.9657,1,0,34.7003,-0.716145833,-0.157552083,0,0,0,0,3,3,8,1,a,The patient has taken Batatrim,The patient has overcome the crisis,,,,,,,,,,,,,,,,,,,,,,,,,,,,,,,,,,,,,,,,,,,,,,,,,,,,,,,,,,,,,,,,,,,,,,,,,,,,,,,,,,,,,,,
,,,,,,,,[(%PROLIFIC_PID,2,2025-04-16_18h55.16.349,CLTandFLE,2024.1.5,Win32,59.52380952,58d11f7947aa1e000104718a,67ffc4c40efe1bd1090b10ee,67ffe0bfbad43ee8fd2d55a2,,,,,,,,,,,,,,,,,,,,,,,,,,,,,,,,,,,,,,,,,,,250.5601,256.3016,5.741,1,0,40.4413,-0.580729167,-0.125,0,0,0,0,4,4,16,1,b,The patient has taken Batatrim,The patient has not overcome the crisis,,,,,,,,,,,,,,,,,,,,,,,,,,,,,,,,,,,,,,,,,,,,,,,,,,,,,,,,,,,,,,,,,,,,,,,,,,,,,,,,,,,,,,,
,,,,,,,,[(%PROLIFIC_PID,2,2025-04-16_18h55.16.349,CLTandFLE,2024.1.5,Win32,59.52380952,58d11f7947aa1e000104718a,67ffc4c40efe1bd1090b10ee,67ffe0bfbad43ee8fd2d55a2,,,,,,,,,,,,,,,,,,,,,,,,,,,,,,,,,,,,,,,,,,,256.3025,261.8285,5.5258,1,0,45.9671,-0.653645833,-0.17578125,0,0,0,0,5,5,11,1,a,The patient has taken Batatrim,The patient has overcome the crisis,,,,,,,,,,,,,,,,,,,,,,,,,,,,,,,,,,,,,,,,,,,,,,,,,,,,,,,,,,,,,,,,,,,,,,,,,,,,,,,,,,,,,,,
,,,,,,,,[(%PROLIFIC_PID,2,2025-04-16_18h55.16.349,CLTandFLE,2024.1.5,Win32,59.52380952,58d11f7947aa1e000104718a,67ffc4c40efe1bd1090b10ee,67ffe0bfbad43ee8fd2d55a2,,,,,,,,,,,,,,,,,,,,,,,,,,,,,,,,,,,,,,,,,,,261.8295,268.3646,6.5347,1,0,52.5018,-0.73828125,-0.177083333,0,0,0,0,6,6,10,1,a,The patient has taken Batatrim,The patient has overcome the crisis,,,,,,,,,,,,,,,,,,,,,,,,,,,,,,,,,,,,,,,,,,,,,,,,,,,,,,,,,,,,,,,,,,,,,,,,,,,,,,,,,,,,,,,
,,,,,,,,[(%PROLIFIC_PID,2,2025-04-16_18h55.16.349,CLTandFLE,2024.1.5,Win32,59.52380952,58d11f7947aa1e000104718a,67ffc4c40efe1bd1090b10ee,67ffe0bfbad43ee8fd2d55a2,,,,,,,,,,,,,,,,,,,,,,,,,,,,,,,,,,,,,,,,,,,268.366,273.9796,5.6132,1,0,58.115,-0.643229167,-0.16015625,0,0,0,0,7,7,30,1,c,The patient has not taken Batatrim,The patient has overcome the crisis,,,,,,,,,,,,,,,,,,,,,,,,,,,,,,,,,,,,,,,,,,,,,,,,,,,,,,,,,,,,,,,,,,,,,,,,,,,,,,,,,,,,,,,
,,,,,,,,[(%PROLIFIC_PID,2,2025-04-16_18h55.16.349,CLTandFLE,2024.1.5,Win32,59.52380952,58d11f7947aa1e000104718a,67ffc4c40efe1bd1090b10ee,67ffe0bfbad43ee8fd2d55a2,,,,,,,,,,,,,,,,,,,,,,,,,,,,,,,,,,,,,,,,,,,273.9811,280.4295,6.4482,0,1,64.5632,-0.66796875,-0.044270833,0,0,0,0,8,8,24,1,c,The patient has not taken Batatrim,The patient has overcome the crisis,,,,,,,,,,,,,,,,,,,,,,,,,,,,,,,,,,,,,,,,,,,,,,,,,,,,,,,,,,,,,,,,,,,,,,,,,,,,,,,,,,,,,,,
,,,,,,,,[(%PROLIFIC_PID,2,2025-04-16_18h55.16.349,CLTandFLE,2024.1.5,Win32,59.52380952,58d11f7947aa1e000104718a,67ffc4c40efe1bd1090b10ee,67ffe0bfbad43ee8fd2d55a2,,,,,,,,,,,,,,,,,,,,,,,,,,,,,,,,,,,,,,,,,,,280.4309,287.2955,6.8644,0,1,71.4276,-0.720052083,0.05078125,0,0,0,0,9,9,34,1,c,The patient has not taken Batatrim,The patient has overcome the crisis,,,,,,,,,,,,,,,,,,,,,,,,,,,,,,,,,,,,,,,,,,,,,,,,,,,,,,,,,,,,,,,,,,,,,,,,,,,,,,,,,,,,,,,
,,,,,,,,[(%PROLIFIC_PID,2,2025-04-16_18h55.16.349,CLTandFLE,2024.1.5,Win32,59.52380952,58d11f7947aa1e000104718a,67ffc4c40efe1bd1090b10ee,67ffe0bfbad43ee8fd2d55a2,,,,,,,,,,,,,,,,,,,,,,,,,,,,,,,,,,,,,,,,,,,287.2972,293.5295,6.2313,0,1,77.6589,0.21875,-0.0390625,0,0,0,0,10,10,36,1,d,The patient has not taken Batatrim,The patient has not overcome the crisis,,,,,,,,,,,,,,,,,,,,,,,,,,,,,,,,,,,,,,,,,,,,,,,,,,,,,,,,,,,,,,,,,,,,,,,,,,,,,,,,,,,,,,,
,,,,,,,,[(%PROLIFIC_PID,2,2025-04-16_18h55.16.349,CLTandFLE,2024.1.5,Win32,59.52380952,58d11f7947aa1e000104718a,67ffc4c40efe1bd1090b10ee,67ffe0bfbad43ee8fd2d55a2,,,,,,,,,,,,,,,,,,,,,,,,,,,,,,,,,,,,,,,,,,,293.53,300.0715,6.5413,0,1,84.2002,-0.671875,0.013020833,0,0,0,0,11,11,26,1,c,The patient has not taken Batatrim,The patient has overcome the crisis,,,,,,,,,,,,,,,,,,,,,,,,,,,,,,,,,,,,,,,,,,,,,,,,,,,,,,,,,,,,,,,,,,,,,,,,,,,,,,,,,,,,,,,
,,,,,,,,[(%PROLIFIC_PID,2,2025-04-16_18h55.16.349,CLTandFLE,2024.1.5,Win32,59.52380952,58d11f7947aa1e000104718a,67ffc4c40efe1bd1090b10ee,67ffe0bfbad43ee8fd2d55a2,,,,,,,,,,,,,,,,,,,,,,,,,,,,,,,,,,,,,,,,,,,300.0719,305.8591,5.7869,0,1,89.9871,-0.654947917,-0.015625,0,0,0,0,12,12,28,1,c,The patient has not taken Batatrim,The patient has overcome the crisis,,,,,,,,,,,,,,,,,,,,,,,,,,,,,,,,,,,,,,,,,,,,,,,,,,,,,,,,,,,,,,,,,,,,,,,,,,,,,,,,,,,,,,,
,,,,,,,,[(%PROLIFIC_PID,2,2025-04-16_18h55.16.349,CLTandFLE,2024.1.5,Win32,59.52380952,58d11f7947aa1e000104718a,67ffc4c40efe1bd1090b10ee,67ffe0bfbad43ee8fd2d55a2,,,,,,,,,,,,,,,,,,,,,,,,,,,,,,,,,,,,,,,,,,,305.86,311.3133,5.4528,0,1,95.4399,-0.721354167,0.046875,0,0,0,0,13,13,29,1,c,The patient has not taken Batatrim,The patient has overcome the crisis,,,,,,,,,,,,,,,,,,,,,,,,,,,,,,,,,,,,,,,,,,,,,,,,,,,,,,,,,,,,,,,,,,,,,,,,,,,,,,,,,,,,,,,
,,,,,,,,[(%PROLIFIC_PID,2,2025-04-16_18h55.16.349,CLTandFLE,2024.1.5,Win32,59.52380952,58d11f7947aa1e000104718a,67ffc4c40efe1bd1090b10ee,67ffe0bfbad43ee8fd2d55a2,,,,,,,,,,,,,,,,,,,,,,,,,,,,,,,,,,,,,,,,,,,311.3144,316.584,5.2693,0,1,100.7092,-0.83203125,-0.08203125,0,0,0,0,14,14,38,1,d,The patient has not taken Batatrim,The patient has not overcome the crisis,,,,,,,,,,,,,,,,,,,,,,,,,,,,,,,,,,,,,,,,,,,,,,,,,,,,,,,,,,,,,,,,,,,,,,,,,,,,,,,,,,,,,,,
,,,,,,,,[(%PROLIFIC_PID,2,2025-04-16_18h55.16.349,CLTandFLE,2024.1.5,Win32,59.52380952,58d11f7947aa1e000104718a,67ffc4c40efe1bd1090b10ee,67ffe0bfbad43ee8fd2d55a2,,,,,,,,,,,,,,,,,,,,,,,,,,,,,,,,,,,,,,,,,,,316.5847,321.9952,5.4101,1,0,106.1193,-0.73046875,-0.09375,0,0,0,0,15,15,3,1,a,The patient has taken Batatrim,The patient has overcome the crisis,,,,,,,,,,,,,,,,,,,,,,,,,,,,,,,,,,,,,,,,,,,,,,,,,,,,,,,,,,,,,,,,,,,,,,,,,,,,,,,,,,,,,,,
,,,,,,,,[(%PROLIFIC_PID,2,2025-04-16_18h55.16.349,CLTandFLE,2024.1.5,Win32,59.52380952,58d11f7947aa1e000104718a,67ffc4c40efe1bd1090b10ee,67ffe0bfbad43ee8fd2d55a2,,,,,,,,,,,,,,,,,,,,,,,,,,,,,,,,,,,,,,,,,,,321.9958,327.1088,5.1126,1,0,111.2319,-0.743489583,-0.08984375,0,0,0,0,16,16,0,1,a,The patient has taken Batatrim,The patient has overcome the crisis,,,,,,,,,,,,,,,,,,,,,,,,,,,,,,,,,,,,,,,,,,,,,,,,,,,,,,,,,,,,,,,,,,,,,,,,,,,,,,,,,,,,,,,
,,,,,,,,[(%PROLIFIC_PID,2,2025-04-16_18h55.16.349,CLTandFLE,2024.1.5,Win32,59.52380952,58d11f7947aa1e000104718a,67ffc4c40efe1bd1090b10ee,67ffe0bfbad43ee8fd2d55a2,,,,,,,,,,,,,,,,,,,,,,,,,,,,,,,,,,,,,,,,,,,327.1098,332.126,5.016,1,0,116.2479,-0.713541667,-0.053385417,0,0,0,0,17,17,14,1,b,The patient has taken Batatrim,The patient has overcome the crisis,,,,,,,,,,,,,,,,,,,,,,,,,,,,,,,,,,,,,,,,,,,,,,,,,,,,,,,,,,,,,,,,,,,,,,,,,,,,,,,,,,,,,,,
,,,,,,,,[(%PROLIFIC_PID,2,2025-04-16_18h55.16.349,CLTandFLE,2024.1.5,Win32,59.52380952,58d11f7947aa1e000104718a,67ffc4c40efe1bd1090b10ee,67ffe0bfbad43ee8fd2d55a2,,,,,,,,,,,,,,,,,,,,,,,,,,,,,,,,,,,,,,,,,,,332.1267,338.0685,5.9413,0,1,122.1892,-0.727864583,0.053385417,0,0,0,0,18,18,27,1,c,The patient has not taken Batatrim,The patient has overcome the crisis,,,,,,,,,,,,,,,,,,,,,,,,,,,,,,,,,,,,,,,,,,,,,,,,,,,,,,,,,,,,,,,,,,,,,,,,,,,,,,,,,,,,,,,
,,,,,,,,[(%PROLIFIC_PID,2,2025-04-16_18h55.16.349,CLTandFLE,2024.1.5,Win32,59.52380952,58d11f7947aa1e000104718a,67ffc4c40efe1bd1090b10ee,67ffe0bfbad43ee8fd2d55a2,,,,,,,,,,,,,,,,,,,,,,,,,,,,,,,,,,,,,,,,,,,338.0696,343.0106,4.9408,1,0,127.13,-0.826822917,-0.072916667,0,0,0,0,19,19,4,1,a,The patient has taken Batatrim,The patient has overcome the crisis,,,,,,,,,,,,,,,,,,,,,,,,,,,,,,,,,,,,,,,,,,,,,,,,,,,,,,,,,,,,,,,,,,,,,,,,,,,,,,,,,,,,,,,
,,,,,,,,[(%PROLIFIC_PID,2,2025-04-16_18h55.16.349,CLTandFLE,2024.1.5,Win32,59.52380952,58d11f7947aa1e000104718a,67ffc4c40efe1bd1090b10ee,67ffe0bfbad43ee8fd2d55a2,,,,,,,,,,,,,,,,,,,,,,,,,,,,,,,,,,,,,,,,,,,343.0116,348.3826,5.3708,0,1,132.5008,-0.66015625,0.059895833,0,0,0,0,20,20,25,1,c,The patient has not taken Batatrim,The patient has overcome the crisis,,,,,,,,,,,,,,,,,,,,,,,,,,,,,,,,,,,,,,,,,,,,,,,,,,,,,,,,,,,,,,,,,,,,,,,,,,,,,,,,,,,,,,,
,,,,,,,,[(%PROLIFIC_PID,2,2025-04-16_18h55.16.349,CLTandFLE,2024.1.5,Win32,59.52380952,58d11f7947aa1e000104718a,67ffc4c40efe1bd1090b10ee,67ffe0bfbad43ee8fd2d55a2,,,,,,,,,,,,,,,,,,,,,,,,,,,,,,,,,,,,,,,,,,,348.3834,354.0814,5.6977,1,0,138.1985,-0.6640625,-0.055989583,0,0,0,0,21,21,7,1,a,The patient has taken Batatrim,The patient has overcome the crisis,,,,,,,,,,,,,,,,,,,,,,,,,,,,,,,,,,,,,,,,,,,,,,,,,,,,,,,,,,,,,,,,,,,,,,,,,,,,,,,,,,,,,,,
,,,,,,,,[(%PROLIFIC_PID,2,2025-04-16_18h55.16.349,CLTandFLE,2024.1.5,Win32,59.52380952,58d11f7947aa1e000104718a,67ffc4c40efe1bd1090b10ee,67ffe0bfbad43ee8fd2d55a2,,,,,,,,,,,,,,,,,,,,,,,,,,,,,,,,,,,,,,,,,,,354.0824,359.8291,5.7465,0,1,143.945,-0.802083333,-0.076822917,0,0,0,0,22,22,22,1,c,The patient has not taken Batatrim,The patient has overcome the crisis,,,,,,,,,,,,,,,,,,,,,,,,,,,,,,,,,,,,,,,,,,,,,,,,,,,,,,,,,,,,,,,,,,,,,,,,,,,,,,,,,,,,,,,
,,,,,,,,[(%PROLIFIC_PID,2,2025-04-16_18h55.16.349,CLTandFLE,2024.1.5,Win32,59.52380952,58d11f7947aa1e000104718a,67ffc4c40efe1bd1090b10ee,67ffe0bfbad43ee8fd2d55a2,,,,,,,,,,,,,,,,,,,,,,,,,,,,,,,,,,,,,,,,,,,359.8301,365.3872,5.5568,0,1,149.5018,-0.678385417,-0.041666667,0,0,0,0,23,23,33,1,c,The patient has not taken Batatrim,The patient has overcome the crisis,,,,,,,,,,,,,,,,,,,,,,,,,,,,,,,,,,,,,,,,,,,,,,,,,,,,,,,,,,,,,,,,,,,,,,,,,,,,,,,,,,,,,,,
,,,,,,,,[(%PROLIFIC_PID,2,2025-04-16_18h55.16.349,CLTandFLE,2024.1.5,Win32,59.52380952,58d11f7947aa1e000104718a,67ffc4c40efe1bd1090b10ee,67ffe0bfbad43ee8fd2d55a2,,,,,,,,,,,,,,,,,,,,,,,,,,,,,,,,,,,,,,,,,,,365.3879,370.7462,5.3578,0,1,154.8596,-0.713541667,-0.1015625,0,0,0,0,24,24,35,1,d,The patient has not taken Batatrim,The patient has not overcome the crisis,,,,,,,,,,,,,,,,,,,,,,,,,,,,,,,,,,,,,,,,,,,,,,,,,,,,,,,,,,,,,,,,,,,,,,,,,,,,,,,,,,,,,,,
,,,,,,,,[(%PROLIFIC_PID,2,2025-04-16_18h55.16.349,CLTandFLE,2024.1.5,Win32,59.52380952,58d11f7947aa1e000104718a,67ffc4c40efe1bd1090b10ee,67ffe0bfbad43ee8fd2d55a2,,,,,,,,,,,,,,,,,,,,,,,,,,,,,,,,,,,,,,,,,,,370.7472,376.1566,5.4092,0,1,160.2688,-0.889322917,-0.126302083,0,0,0,0,25,25,32,1,c,The patient has not taken Batatrim,The patient has overcome the crisis,,,,,,,,,,,,,,,,,,,,,,,,,,,,,,,,,,,,,,,,,,,,,,,,,,,,,,,,,,,,,,,,,,,,,,,,,,,,,,,,,,,,,,,
,,,,,,,,[(%PROLIFIC_PID,2,2025-04-16_18h55.16.349,CLTandFLE,2024.1.5,Win32,59.52380952,58d11f7947aa1e000104718a,67ffc4c40efe1bd1090b10ee,67ffe0bfbad43ee8fd2d55a2,,,,,,,,,,,,,,,,,,,,,,,,,,,,,,,,,,,,,,,,,,,376.1575,381.5591,5.4012,1,0,165.67,-0.677083333,0.002604167,0,0,0,0,26,26,1,1,a,The patient has taken Batatrim,The patient has overcome the crisis,,,,,,,,,,,,,,,,,,,,,,,,,,,,,,,,,,,,,,,,,,,,,,,,,,,,,,,,,,,,,,,,,,,,,,,,,,,,,,,,,,,,,,,
,,,,,,,,[(%PROLIFIC_PID,2,2025-04-16_18h55.16.349,CLTandFLE,2024.1.5,Win32,59.52380952,58d11f7947aa1e000104718a,67ffc4c40efe1bd1090b10ee,67ffe0bfbad43ee8fd2d55a2,,,,,,,,,,,,,,,,,,,,,,,,,,,,,,,,,,,,,,,,,,,381.5598,386.9232,5.3629,1,0,171.0329,-0.678385417,0.00390625,0,0,0,0,27,27,17,1,b,The patient has taken Batatrim,The patient has not overcome the crisis,,,,,,,,,,,,,,,,,,,,,,,,,,,,,,,,,,,,,,,,,,,,,,,,,,,,,,,,,,,,,,,,,,,,,,,,,,,,,,,,,,,,,,,
,,,,,,,,[(%PROLIFIC_PID,2,2025-04-16_18h55.16.349,CLTandFLE,2024.1.5,Win32,59.52380952,58d11f7947aa1e000104718a,67ffc4c40efe1bd1090b10ee,67ffe0bfbad43ee8fd2d55a2,,,,,,,,,,,,,,,,,,,,,,,,,,,,,,,,,,,,,,,,,,,386.9242,393.0606,6.135,0,1,177.1679,-0.7109375,-0.088541667,0,0,0,0,28,28,37,1,d,The patient has not taken Batatrim,The patient has not overcome the crisis,,,,,,,,,,,,,,,,,,,,,,,,,,,,,,,,,,,,,,,,,,,,,,,,,,,,,,,,,,,,,,,,,,,,,,,,,,,,,,,,,,,,,,,
,,,,,,,,[(%PROLIFIC_PID,2,2025-04-16_18h55.16.349,CLTandFLE,2024.1.5,Win32,59.52380952,58d11f7947aa1e000104718a,67ffc4c40efe1bd1090b10ee,67ffe0bfbad43ee8fd2d55a2,,,,,,,,,,,,,,,,,,,,,,,,,,,,,,,,,,,,,,,,,,,393.0617,398.0298,4.9677,1,0,182.1356,-0.760416667,-0.001302083,0,0,0,0,29,29,12,1,a,The patient has taken Batatrim,The patient has overcome the crisis,,,,,,,,,,,,,,,,,,,,,,,,,,,,,,,,,,,,,,,,,,,,,,,,,,,,,,,,,,,,,,,,,,,,,,,,,,,,,,,,,,,,,,,
,,,,,,,,[(%PROLIFIC_PID,2,2025-04-16_18h55.16.349,CLTandFLE,2024.1.5,Win32,59.52380952,58d11f7947aa1e000104718a,67ffc4c40efe1bd1090b10ee,67ffe0bfbad43ee8fd2d55a2,,,,,,,,,,,,,,,,,,,,,,,,,,,,,,,,,,,,,,,,,,,398.0306,403.2154,5.1845,0,1,187.3201,-0.72265625,0.05078125,0,0,0,0,30,30,39,1,d,The patient has not taken Batatrim,The patient has not overcome the crisis,,,,,,,,,,,,,,,,,,,,,,,,,,,,,,,,,,,,,,,,,,,,,,,,,,,,,,,,,,,,,,,,,,,,,,,,,,,,,,,,,,,,,,,
,,,,,,,,[(%PROLIFIC_PID,2,2025-04-16_18h55.16.349,CLTandFLE,2024.1.5,Win32,59.52380952,58d11f7947aa1e000104718a,67ffc4c40efe1bd1090b10ee,67ffe0bfbad43ee8fd2d55a2,,,,,,,,,,,,,,,,,,,,,,,,,,,,,,,,,,,,,,,,,,,403.2163,408.555,5.3383,0,1,192.6584,-0.73046875,0.018229167,0,0,0,0,31,31,23,1,c,The patient has not taken Batatrim,The patient has overcome the crisis,,,,,,,,,,,,,,,,,,,,,,,,,,,,,,,,,,,,,,,,,,,,,,,,,,,,,,,,,,,,,,,,,,,,,,,,,,,,,,,,,,,,,,,
,,,,,,,,[(%PROLIFIC_PID,2,2025-04-16_18h55.16.349,CLTandFLE,2024.1.5,Win32,59.52380952,58d11f7947aa1e000104718a,67ffc4c40efe1bd1090b10ee,67ffe0bfbad43ee8fd2d55a2,,,,,,,,,,,,,,,,,,,,,,,,,,,,,,,,,,,,,,,,,,,408.5558,413.4826,4.9264,1,0,197.5848,-0.717447917,-0.071614583,0,0,0,0,32,32,18,1,b,The patient has taken Batatrim,The patient has not overcome the crisis,,,,,,,,,,,,,,,,,,,,,,,,,,,,,,,,,,,,,,,,,,,,,,,,,,,,,,,,,,,,,,,,,,,,,,,,,,,,,,,,,,,,,,,
,,,,,,,,[(%PROLIFIC_PID,2,2025-04-16_18h55.16.349,CLTandFLE,2024.1.5,Win32,59.52380952,58d11f7947aa1e000104718a,67ffc4c40efe1bd1090b10ee,67ffe0bfbad43ee8fd2d55a2,,,,,,,,,,,,,,,,,,,,,,,,,,,,,,,,,,,,,,,,,,,413.4836,418.5732,5.0893,1,0,202.6741,-0.731770833,-0.028645833,0,0,0,0,33,33,5,1,a,The patient has taken Batatrim,The patient has overcome the crisis,,,,,,,,,,,,,,,,,,,,,,,,,,,,,,,,,,,,,,,,,,,,,,,,,,,,,,,,,,,,,,,,,,,,,,,,,,,,,,,,,,,,,,,
,,,,,,,,[(%PROLIFIC_PID,2,2025-04-16_18h55.16.349,CLTandFLE,2024.1.5,Win32,59.52380952,58d11f7947aa1e000104718a,67ffc4c40efe1bd1090b10ee,67ffe0bfbad43ee8fd2d55a2,,,,,,,,,,,,,,,,,,,,,,,,,,,,,,,,,,,,,,,,,,,418.5745,425.5382,6.9634,1,0,209.6375,-0.61328125,-0.00390625,0,0,0,0,34,34,19,1,b,The patient has taken Batatrim,The patient has not overcome the crisis,,,,,,,,,,,,,,,,,,,,,,,,,,,,,,,,,,,,,,,,,,,,,,,,,,,,,,,,,,,,,,,,,,,,,,,,,,,,,,,,,,,,,,,
,,,,,,,,[(%PROLIFIC_PID,2,2025-04-16_18h55.16.349,CLTandFLE,2024.1.5,Win32,59.52380952,58d11f7947aa1e000104718a,67ffc4c40efe1bd1090b10ee,67ffe0bfbad43ee8fd2d55a2,,,,,,,,,,,,,,,,,,,,,,,,,,,,,,,,,,,,,,,,,,,425.5392,430.5253,4.9857,1,0,214.6232,-0.619791667,-0.046875,0,0,0,0,35,35,9,1,a,The patient has taken Batatrim,The patient has overcome the crisis,,,,,,,,,,,,,,,,,,,,,,,,,,,,,,,,,,,,,,,,,,,,,,,,,,,,,,,,,,,,,,,,,,,,,,,,,,,,,,,,,,,,,,,
,,,,,,,,[(%PROLIFIC_PID,2,2025-04-16_18h55.16.349,CLTandFLE,2024.1.5,Win32,59.52380952,58d11f7947aa1e000104718a,67ffc4c40efe1bd1090b10ee,67ffe0bfbad43ee8fd2d55a2,,,,,,,,,,,,,,,,,,,,,,,,,,,,,,,,,,,,,,,,,,,430.5262,436.0935,5.567,0,1,220.1902,-0.66015625,0.044270833,0,0,0,0,36,36,20,1,c,The patient has not taken Batatrim,The patient has overcome the crisis,,,,,,,,,,,,,,,,,,,,,,,,,,,,,,,,,,,,,,,,,,,,,,,,,,,,,,,,,,,,,,,,,,,,,,,,,,,,,,,,,,,,,,,
,,,,,,,,[(%PROLIFIC_PID,2,2025-04-16_18h55.16.349,CLTandFLE,2024.1.5,Win32,59.52380952,58d11f7947aa1e000104718a,67ffc4c40efe1bd1090b10ee,67ffe0bfbad43ee8fd2d55a2,,,,,,,,,,,,,,,,,,,,,,,,,,,,,,,,,,,,,,,,,,,436.0944,441.3918,5.2971,0,1,225.4873,-0.725260417,-0.00390625,0,0,0,0,37,37,31,1,c,The patient has not taken Batatrim,The patient has overcome the crisis,,,,,,,,,,,,,,,,,,,,,,,,,,,,,,,,,,,,,,,,,,,,,,,,,,,,,,,,,,,,,,,,,,,,,,,,,,,,,,,,,,,,,,,
,,,,,,,,[(%PROLIFIC_PID,2,2025-04-16_18h55.16.349,CLTandFLE,2024.1.5,Win32,59.52380952,58d11f7947aa1e000104718a,67ffc4c40efe1bd1090b10ee,67ffe0bfbad43ee8fd2d55a2,,,,,,,,,,,,,,,,,,,,,,,,,,,,,,,,,,,,,,,,,,,441.3927,446.4232,5.029,1,0,230.5163,-0.795572917,0.013020833,0,0,0,0,38,38,15,1,b,The patient has taken Batatrim,The patient has not overcome the crisis,,,,,,,,,,,,,,,,,,,,,,,,,,,,,,,,,,,,,,,,,,,,,,,,,,,,,,,,,,,,,,,,,,,,,,,,,,,,,,,,,,,,,,,
,,,,,,,,[(%PROLIFIC_PID,2,2025-04-16_18h55.16.349,CLTandFLE,2024.1.5,Win32,59.52380952,58d11f7947aa1e000104718a,67ffc4c40efe1bd1090b10ee,67ffe0bfbad43ee8fd2d55a2,,,,,,,,,,,,,,,,,,,,,,,,,,,,,,,,,,,,,,,,,,,446.4238,451.5211,5.0956,1,0,235.6119,-0.623697917,0.016927083,0,0,0,0,39,39,6,1,a,The patient has taken Batatrim,The patient has overcome the crisis,,,,,,,,,,,,,,,,,,,,,,,,,,,,,,,,,,,,,,,,,,,,,,,,,,,,,,,,,,,,,,,,,,,,,,,,,,,,,,,,,,,,,,,
,,,,,,,,[(%PROLIFIC_PID,2,2025-04-16_18h55.16.349,CLTandFLE,2024.1.5,Win32,59.52380952,58d11f7947aa1e000104718a,67ffc4c40efe1bd1090b10ee,67ffe0bfbad43ee8fd2d55a2,,523.505,524.5023,,,,,,,,,,,,,,,,,,,,,,,,,,,,,,,,,,,,,,,,,,,,,,,,,,,,,,,,,,,452.5158,499.3377,46.8213,66,42.786,-0.001302083,-0.184895833,1,0,0,500.3374,523.5049,23.167,90,12.6605,-0.037760417,-0.194010417,1,0,0,25,22,10,8,0,0,0,0,1,,,,,,,,,,,,,,,,,,,,,,,,,,,,,,,,,,,,,,,,,,,,,,,,,,,,,,,,,,
,,,,,,,,[(%PROLIFIC_PID,2,2025-04-16_18h55.16.349,CLTandFLE,2024.1.5,Win32,59.52380952,58d11f7947aa1e000104718a,67ffc4c40efe1bd1090b10ee,67ffe0bfbad43ee8fd2d55a2,,785.289,786.2738,,,,,,,,,,,,,,,,,,,,,,,,,,,,,,,,,,,,,,,,,,,,,,,,,,,,,,,,,,,,,,,,,,,,,,,,,,,,,,,,,,,,,,,,620.5319,642.8651,22.3323,2,15.1604,0.0390625,-0.231770833,1,0,0,52,Maschio,No,10,"Sì, l'ho ottenuta più di due anni fa",B2 CEFR (5.5 - 6 IELTS),TRUE,FALSE,11,8,6,5,5,FALSE,Conferma,c1ok,c2ok,c3ok,c4ok,c5ok,c6ok,c7ok,c8ok,c9ok,c10ok,c11ok,c12err,c13ok,c14ok,c15ok,c16ok,c17err,c18ok,c19ok,c20ok,c21err2,c22ok,c23ok,c24ok,c25ok,c26ok,1173.2782,1179.7812,0,0,0,0,1
