﻿Alfa.started,Alfa.stopped,alfa_mouse.x,alfa_mouse.y,alfa_mouse.leftButton,alfa_mouse.midButton,alfa_mouse.rightButton,alfa_mouse.clicked_name,participant,group,date,expName,psychopyVersion,OS,frameRate,PROLIFIC_PID,STUDY_ID,SESSION_ID,)],ITI.started,ITI.stopped,B_consensoinformato.started,B_consensoinformato.stopped,tempo_consenso,cons_mouse.x,cons_mouse.y,cons_mouse.leftButton,cons_mouse.midButton,cons_mouse.rightButton,A_benvenuto.started,A_benvenuto.stopped,ben_mouse.x,ben_mouse.y,ben_mouse.leftButton,ben_mouse.midButton,ben_mouse.rightButton,B2_istruzioni.started,B2_istruzioni.stopped,tempo_istru,cons_mouse_2.x,cons_mouse_2.y,cons_mouse_2.leftButton,cons_mouse_2.midButton,cons_mouse_2.rightButton,SAMevaluation.started,SAMevaluation.stopped,temposam,sliderintensity.response,sliderintensity.rt,slidervalence.response,slidervalence.rt,mouse_sam.x,mouse_sam.y,mouse_sam.leftButton,mouse_sam.midButton,mouse_sam.rightButton,mouse_sam.time,mouse_sam.clicked_name,Loading.started,Loading.stopped,C_associative_task.started,C_associative_task.stopped,tempo_trial,hapremutosi,hapremutono,tempo_tasktot,mouse.x,mouse.y,mouse.leftButton,mouse.midButton,mouse.rightButton,trials.thisRepN,trials.thisTrialN,trials.thisN,trials.thisIndex,trials.ran,cond,causa,effetto,D_VD.started,D_VD.stopped,tempo_vd,vd.response,vd.rt,mouse_vd.x,mouse_vd.y,mouse_vd.leftButton,mouse_vd.midButton,mouse_vd.rightButton,Previous.started,Previous.stopped,tempo_vd1,previous.response,previous.rt,mouse_vd_2.x,mouse_vd_2.y,mouse_vd_2.leftButton,mouse_vd_2.midButton,mouse_vd_2.rightButton,EstITA.TrialSN,EstITA.TrialSS,EstITA.TrialD,EstITA.TrialNS,itaest.thisRepN,itaest.thisTrialN,itaest.thisN,itaest.thisIndex,itaest.ran,PF.started,PF.stopped,tempo_pf,processfluency.response,processfluency.rt,mouse_ch.x,mouse_ch.y,mouse_ch.leftButton,mouse_ch.midButton,mouse_ch.rightButton,Questionario_Lingua.Age,Questionario_Lingua.Sesso,Questionario_Lingua.StaiStudiando?,Questionario_Lingua.Anniscolarita,Questionario_Lingua.Diploma,Questionario_Lingua.ItaMADRE?,Questionario_Lingua.INGmadre?,Questionario_Lingua.haivissutoestero,ProvaInglese.ProcediamoENg,ProvaInglese.C1,ProvaInglese.C2,ProvaInglese.C3,ProvaInglese.C4,ProvaInglese.C5,ProvaInglese.C6,ProvaInglese.C7,ProvaInglese.C8,ProvaInglese.C9,ProvaInglese.C10,ProvaInglese.C11,ProvaInglese.C12,ProvaInglese.C13,ProvaInglese.C14,ProvaInglese.C15,ProvaInglese.C16,ProvaInglese.C17,ProvaInglese.C18,ProvaInglese.C19,ProvaInglese.C20,ProvaInglese.C21,ProvaInglese.C22,ProvaInglese.C23,ProvaInglese.C24,ProvaInglese.C25,ProvaInglese.controlquestion,Ant_lastquestion.started,Ant_lastquestion.stopped,exp_loop.thisRepN,exp_loop.thisTrialN,exp_loop.thisN,exp_loop.thisIndex,exp_loop.ran
0.0002,8.9171,0,-0.008333333,1,0,0,alfa_mask,[(%PROLIFIC_PID,1,2025-05-08_11h28.28.487,CLTandFLE,2024.1.5,Win32,60.24096386,60ae07d0e9fbd8aabf8308c4,67ffc4c40efe1bd1090b10ee,681c7914b34e34b2de3b116b,,,,,,,,,,,,,,,,,,,,,,,,,,,,,,,,,,,,,,,,,,,,,,,,,,,,,,,,,,,,,,,,,,,,,,,,,,,,,,,,,,,,,,,,,,,,,,,,,,,,,,,,,,,,,,,,,,,,,,,,,,,,,,,,,,,,,,,,,,,,,,
,,,,,,,,[(%PROLIFIC_PID,1,2025-05-08_11h28.28.487,CLTandFLE,2024.1.5,Win32,60.24096386,60ae07d0e9fbd8aabf8308c4,67ffc4c40efe1bd1090b10ee,681c7914b34e34b2de3b116b,,8.9173,9.9168,,,,,,,,,,,,,,,,,,,,,,,,,,,,,,,,,,,,,,,,,,,,,,,,,,,,,,,,,,,,,,,,,,,,,,,,,,,,,,,,,,,,,,,,,,,,,,,,,,,,,,,,,,,,,,,,,,,,,,,,,,,,,,,,,,,,,,,,,,,
,,,,,,,,[(%PROLIFIC_PID,1,2025-05-08_11h28.28.487,CLTandFLE,2024.1.5,Win32,60.24096386,60ae07d0e9fbd8aabf8308c4,67ffc4c40efe1bd1090b10ee,681c7914b34e34b2de3b116b,,,,9.9169,22.1836,12.2664,0.202777778,-0.403703704,1,0,0,,,,,,,,,,,,,,,,,,,,,,,,,,,,,,,,,,,,,,,,,,,,,,,,,,,,,,,,,,,,,,,,,,,,,,,,,,,,,,,,,,,,,,,,,,,,,,,,,,,,,,,,,,,,,,,,,,,,,,,,,,,,,,,,,,,
,,,,,,,,[(%PROLIFIC_PID,1,2025-05-08_11h28.28.487,CLTandFLE,2024.1.5,Win32,60.24096386,60ae07d0e9fbd8aabf8308c4,67ffc4c40efe1bd1090b10ee,681c7914b34e34b2de3b116b,,118.6668,119.6666,,,,,,,,,23.1838,26.6171,-0.000925926,-0.010185185,1,0,0,27.617,87.9501,60.3329,-0.010185185,-0.416666667,1,0,0,88.9503,110.6669,21.7163,0.486111111,19.1116,0.489583333,20.3751,"[0,-0.000925925925925926,0.004629629629629629,-0.014814814814814815]","[0.11018518518518519,0.004629629629629629,0.19722222222222222,-0.22685185185185186]","[1,1,1,1]","[0,0,0,0]","[0,0,0,0]","[10.078200000047687,14.611299999952323,19.71139999985695,21.71139999985695]","[""slidervalence"",""slidervalence"",""rettoksam""]",111.667,118.6667,119.6781,131.1669,11.4885,1,0,11.4885,-0.216666667,-0.038888889,1,0,0,0,0,0,24,1,c,Il paziente non ha preso il Batatrim,Il paziente ha superato la crisi,,,,,,,,,,,,,,,,,,,,,,,,,,,,,,,,,,,,,,,,,,,,,,,,,,,,,,,,,,,,,,,,,,,,,,,,,,,,,,,,,
,,,,,,,,[(%PROLIFIC_PID,1,2025-05-08_11h28.28.487,CLTandFLE,2024.1.5,Win32,60.24096386,60ae07d0e9fbd8aabf8308c4,67ffc4c40efe1bd1090b10ee,681c7914b34e34b2de3b116b,,,,,,,,,,,,,,,,,,,,,,,,,,,,,,,,,,,,,,,,,,,131.1673,140.4168,9.2494,1,0,20.7379,-0.199074074,-0.046296296,0,0,0,0,1,1,11,1,a,Il paziente ha preso il Batatrim,Il paziente ha superato la crisi,,,,,,,,,,,,,,,,,,,,,,,,,,,,,,,,,,,,,,,,,,,,,,,,,,,,,,,,,,,,,,,,,,,,,,,,,,,,,,,,,
,,,,,,,,[(%PROLIFIC_PID,1,2025-05-08_11h28.28.487,CLTandFLE,2024.1.5,Win32,60.24096386,60ae07d0e9fbd8aabf8308c4,67ffc4c40efe1bd1090b10ee,681c7914b34e34b2de3b116b,,,,,,,,,,,,,,,,,,,,,,,,,,,,,,,,,,,,,,,,,,,140.417,145.4168,4.9997,0,1,25.7376,-0.168518519,-0.210185185,0,0,0,0,2,2,23,1,c,Il paziente non ha preso il Batatrim,Il paziente ha superato la crisi,,,,,,,,,,,,,,,,,,,,,,,,,,,,,,,,,,,,,,,,,,,,,,,,,,,,,,,,,,,,,,,,,,,,,,,,,,,,,,,,,
,,,,,,,,[(%PROLIFIC_PID,1,2025-05-08_11h28.28.487,CLTandFLE,2024.1.5,Win32,60.24096386,60ae07d0e9fbd8aabf8308c4,67ffc4c40efe1bd1090b10ee,681c7914b34e34b2de3b116b,,,,,,,,,,,,,,,,,,,,,,,,,,,,,,,,,,,,,,,,,,,145.417,151.1336,5.7165,0,1,31.4541,-0.137037037,-0.276851852,0,0,0,0,3,3,32,1,c,Il paziente non ha preso il Batatrim,Il paziente ha superato la crisi,,,,,,,,,,,,,,,,,,,,,,,,,,,,,,,,,,,,,,,,,,,,,,,,,,,,,,,,,,,,,,,,,,,,,,,,,,,,,,,,,
,,,,,,,,[(%PROLIFIC_PID,1,2025-05-08_11h28.28.487,CLTandFLE,2024.1.5,Win32,60.24096386,60ae07d0e9fbd8aabf8308c4,67ffc4c40efe1bd1090b10ee,681c7914b34e34b2de3b116b,,,,,,,,,,,,,,,,,,,,,,,,,,,,,,,,,,,,,,,,,,,151.1339,156.4833,5.3492,1,0,36.8033,-0.15462963,-0.231481481,0,0,0,0,4,4,20,1,c,Il paziente non ha preso il Batatrim,Il paziente ha superato la crisi,,,,,,,,,,,,,,,,,,,,,,,,,,,,,,,,,,,,,,,,,,,,,,,,,,,,,,,,,,,,,,,,,,,,,,,,,,,,,,,,,
,,,,,,,,[(%PROLIFIC_PID,1,2025-05-08_11h28.28.487,CLTandFLE,2024.1.5,Win32,60.24096386,60ae07d0e9fbd8aabf8308c4,67ffc4c40efe1bd1090b10ee,681c7914b34e34b2de3b116b,,,,,,,,,,,,,,,,,,,,,,,,,,,,,,,,,,,,,,,,,,,156.4835,161.8834,5.3998,1,0,42.2031,-0.237962963,-0.121296296,0,0,0,0,5,5,17,1,b,Il paziente ha preso il Batatrim,Il paziente non ha superato la crisi,,,,,,,,,,,,,,,,,,,,,,,,,,,,,,,,,,,,,,,,,,,,,,,,,,,,,,,,,,,,,,,,,,,,,,,,,,,,,,,,,
,,,,,,,,[(%PROLIFIC_PID,1,2025-05-08_11h28.28.487,CLTandFLE,2024.1.5,Win32,60.24096386,60ae07d0e9fbd8aabf8308c4,67ffc4c40efe1bd1090b10ee,681c7914b34e34b2de3b116b,,,,,,,,,,,,,,,,,,,,,,,,,,,,,,,,,,,,,,,,,,,161.8836,173.7669,11.8831,0,1,54.0862,-0.080555556,-0.162037037,0,0,0,0,6,6,34,1,c,Il paziente non ha preso il Batatrim,Il paziente ha superato la crisi,,,,,,,,,,,,,,,,,,,,,,,,,,,,,,,,,,,,,,,,,,,,,,,,,,,,,,,,,,,,,,,,,,,,,,,,,,,,,,,,,
,,,,,,,,[(%PROLIFIC_PID,1,2025-05-08_11h28.28.487,CLTandFLE,2024.1.5,Win32,60.24096386,60ae07d0e9fbd8aabf8308c4,67ffc4c40efe1bd1090b10ee,681c7914b34e34b2de3b116b,,,,,,,,,,,,,,,,,,,,,,,,,,,,,,,,,,,,,,,,,,,173.7671,180.6001,6.8328,1,0,60.919,-0.171296296,-0.080555556,0,0,0,0,7,7,0,1,a,Il paziente ha preso il Batatrim,Il paziente ha superato la crisi,,,,,,,,,,,,,,,,,,,,,,,,,,,,,,,,,,,,,,,,,,,,,,,,,,,,,,,,,,,,,,,,,,,,,,,,,,,,,,,,,
,,,,,,,,[(%PROLIFIC_PID,1,2025-05-08_11h28.28.487,CLTandFLE,2024.1.5,Win32,60.24096386,60ae07d0e9fbd8aabf8308c4,67ffc4c40efe1bd1090b10ee,681c7914b34e34b2de3b116b,,,,,,,,,,,,,,,,,,,,,,,,,,,,,,,,,,,,,,,,,,,180.6004,186.9666,6.3661,1,0,67.2851,-0.185185185,-0.046296296,0,0,0,0,8,8,4,1,a,Il paziente ha preso il Batatrim,Il paziente ha superato la crisi,,,,,,,,,,,,,,,,,,,,,,,,,,,,,,,,,,,,,,,,,,,,,,,,,,,,,,,,,,,,,,,,,,,,,,,,,,,,,,,,,
,,,,,,,,[(%PROLIFIC_PID,1,2025-05-08_11h28.28.487,CLTandFLE,2024.1.5,Win32,60.24096386,60ae07d0e9fbd8aabf8308c4,67ffc4c40efe1bd1090b10ee,681c7914b34e34b2de3b116b,,,,,,,,,,,,,,,,,,,,,,,,,,,,,,,,,,,,,,,,,,,186.9669,191.8168,4.8497,0,1,72.1348,-0.175,-0.335185185,0,0,0,0,9,9,37,1,d,Il paziente non ha preso il Batatrim,Il paziente non ha superato la crisi,,,,,,,,,,,,,,,,,,,,,,,,,,,,,,,,,,,,,,,,,,,,,,,,,,,,,,,,,,,,,,,,,,,,,,,,,,,,,,,,,
,,,,,,,,[(%PROLIFIC_PID,1,2025-05-08_11h28.28.487,CLTandFLE,2024.1.5,Win32,60.24096386,60ae07d0e9fbd8aabf8308c4,67ffc4c40efe1bd1090b10ee,681c7914b34e34b2de3b116b,,,,,,,,,,,,,,,,,,,,,,,,,,,,,,,,,,,,,,,,,,,191.817,197.6667,5.8496,0,1,77.9844,-0.369444444,-0.251851852,0,0,0,0,10,10,39,1,d,Il paziente non ha preso il Batatrim,Il paziente non ha superato la crisi,,,,,,,,,,,,,,,,,,,,,,,,,,,,,,,,,,,,,,,,,,,,,,,,,,,,,,,,,,,,,,,,,,,,,,,,,,,,,,,,,
,,,,,,,,[(%PROLIFIC_PID,1,2025-05-08_11h28.28.487,CLTandFLE,2024.1.5,Win32,60.24096386,60ae07d0e9fbd8aabf8308c4,67ffc4c40efe1bd1090b10ee,681c7914b34e34b2de3b116b,,,,,,,,,,,,,,,,,,,,,,,,,,,,,,,,,,,,,,,,,,,197.6669,202.7834,5.1164,1,0,83.1008,-0.184259259,-0.075,0,0,0,0,11,11,10,1,a,Il paziente ha preso il Batatrim,Il paziente ha superato la crisi,,,,,,,,,,,,,,,,,,,,,,,,,,,,,,,,,,,,,,,,,,,,,,,,,,,,,,,,,,,,,,,,,,,,,,,,,,,,,,,,,
,,,,,,,,[(%PROLIFIC_PID,1,2025-05-08_11h28.28.487,CLTandFLE,2024.1.5,Win32,60.24096386,60ae07d0e9fbd8aabf8308c4,67ffc4c40efe1bd1090b10ee,681c7914b34e34b2de3b116b,,,,,,,,,,,,,,,,,,,,,,,,,,,,,,,,,,,,,,,,,,,202.7837,210.4502,7.6663,1,0,90.7671,-0.135185185,-0.277777778,0,0,0,0,12,12,9,1,a,Il paziente ha preso il Batatrim,Il paziente ha superato la crisi,,,,,,,,,,,,,,,,,,,,,,,,,,,,,,,,,,,,,,,,,,,,,,,,,,,,,,,,,,,,,,,,,,,,,,,,,,,,,,,,,
,,,,,,,,[(%PROLIFIC_PID,1,2025-05-08_11h28.28.487,CLTandFLE,2024.1.5,Win32,60.24096386,60ae07d0e9fbd8aabf8308c4,67ffc4c40efe1bd1090b10ee,681c7914b34e34b2de3b116b,,,,,,,,,,,,,,,,,,,,,,,,,,,,,,,,,,,,,,,,,,,210.4503,215.3833,4.9328,1,0,95.6999,-0.221296296,-0.102777778,0,0,0,0,13,13,7,1,a,Il paziente ha preso il Batatrim,Il paziente ha superato la crisi,,,,,,,,,,,,,,,,,,,,,,,,,,,,,,,,,,,,,,,,,,,,,,,,,,,,,,,,,,,,,,,,,,,,,,,,,,,,,,,,,
,,,,,,,,[(%PROLIFIC_PID,1,2025-05-08_11h28.28.487,CLTandFLE,2024.1.5,Win32,60.24096386,60ae07d0e9fbd8aabf8308c4,67ffc4c40efe1bd1090b10ee,681c7914b34e34b2de3b116b,,,,,,,,,,,,,,,,,,,,,,,,,,,,,,,,,,,,,,,,,,,215.3836,220.9394,5.5557,1,0,101.2556,0.297222222,-0.230555556,0,0,0,0,14,14,14,1,b,Il paziente ha preso il Batatrim,Il paziente ha superato la crisi,,,,,,,,,,,,,,,,,,,,,,,,,,,,,,,,,,,,,,,,,,,,,,,,,,,,,,,,,,,,,,,,,,,,,,,,,,,,,,,,,
,,,,,,,,[(%PROLIFIC_PID,1,2025-05-08_11h28.28.487,CLTandFLE,2024.1.5,Win32,60.24096386,60ae07d0e9fbd8aabf8308c4,67ffc4c40efe1bd1090b10ee,681c7914b34e34b2de3b116b,,,,,,,,,,,,,,,,,,,,,,,,,,,,,,,,,,,,,,,,,,,220.9396,226.1834,5.2437,0,1,106.4993,0.260185185,0.140740741,0,0,0,0,15,15,21,1,c,Il paziente non ha preso il Batatrim,Il paziente ha superato la crisi,,,,,,,,,,,,,,,,,,,,,,,,,,,,,,,,,,,,,,,,,,,,,,,,,,,,,,,,,,,,,,,,,,,,,,,,,,,,,,,,,
,,,,,,,,[(%PROLIFIC_PID,1,2025-05-08_11h28.28.487,CLTandFLE,2024.1.5,Win32,60.24096386,60ae07d0e9fbd8aabf8308c4,67ffc4c40efe1bd1090b10ee,681c7914b34e34b2de3b116b,,,,,,,,,,,,,,,,,,,,,,,,,,,,,,,,,,,,,,,,,,,226.1837,231.7167,5.5328,1,0,112.0321,-0.105555556,-0.030555556,0,0,0,0,16,16,30,1,c,Il paziente non ha preso il Batatrim,Il paziente ha superato la crisi,,,,,,,,,,,,,,,,,,,,,,,,,,,,,,,,,,,,,,,,,,,,,,,,,,,,,,,,,,,,,,,,,,,,,,,,,,,,,,,,,
,,,,,,,,[(%PROLIFIC_PID,1,2025-05-08_11h28.28.487,CLTandFLE,2024.1.5,Win32,60.24096386,60ae07d0e9fbd8aabf8308c4,67ffc4c40efe1bd1090b10ee,681c7914b34e34b2de3b116b,,,,,,,,,,,,,,,,,,,,,,,,,,,,,,,,,,,,,,,,,,,231.717,236.6833,4.9662,1,0,116.9983,-0.246296296,-0.048148148,0,0,0,0,17,17,25,1,c,Il paziente non ha preso il Batatrim,Il paziente ha superato la crisi,,,,,,,,,,,,,,,,,,,,,,,,,,,,,,,,,,,,,,,,,,,,,,,,,,,,,,,,,,,,,,,,,,,,,,,,,,,,,,,,,
,,,,,,,,[(%PROLIFIC_PID,1,2025-05-08_11h28.28.487,CLTandFLE,2024.1.5,Win32,60.24096386,60ae07d0e9fbd8aabf8308c4,67ffc4c40efe1bd1090b10ee,681c7914b34e34b2de3b116b,,,,,,,,,,,,,,,,,,,,,,,,,,,,,,,,,,,,,,,,,,,236.6835,242.1333,5.4497,1,0,122.448,-0.218518519,-0.04537037,0,0,0,0,18,18,38,1,d,Il paziente non ha preso il Batatrim,Il paziente non ha superato la crisi,,,,,,,,,,,,,,,,,,,,,,,,,,,,,,,,,,,,,,,,,,,,,,,,,,,,,,,,,,,,,,,,,,,,,,,,,,,,,,,,,
,,,,,,,,[(%PROLIFIC_PID,1,2025-05-08_11h28.28.487,CLTandFLE,2024.1.5,Win32,60.24096386,60ae07d0e9fbd8aabf8308c4,67ffc4c40efe1bd1090b10ee,681c7914b34e34b2de3b116b,,,,,,,,,,,,,,,,,,,,,,,,,,,,,,,,,,,,,,,,,,,242.1335,246.4166,4.283,1,0,126.731,-0.218518519,-0.04537037,0,0,0,0,19,19,3,1,a,Il paziente ha preso il Batatrim,Il paziente ha superato la crisi,,,,,,,,,,,,,,,,,,,,,,,,,,,,,,,,,,,,,,,,,,,,,,,,,,,,,,,,,,,,,,,,,,,,,,,,,,,,,,,,,
,,,,,,,,[(%PROLIFIC_PID,1,2025-05-08_11h28.28.487,CLTandFLE,2024.1.5,Win32,60.24096386,60ae07d0e9fbd8aabf8308c4,67ffc4c40efe1bd1090b10ee,681c7914b34e34b2de3b116b,,,,,,,,,,,,,,,,,,,,,,,,,,,,,,,,,,,,,,,,,,,246.4169,1533.5998,1287.1827,1,0,1413.9137,-0.15,-0.042592593,0,0,0,0,20,20,13,1,a,Il paziente ha preso il Batatrim,Il paziente ha superato la crisi,,,,,,,,,,,,,,,,,,,,,,,,,,,,,,,,,,,,,,,,,,,,,,,,,,,,,,,,,,,,,,,,,,,,,,,,,,,,,,,,,
,,,,,,,,[(%PROLIFIC_PID,1,2025-05-08_11h28.28.487,CLTandFLE,2024.1.5,Win32,60.24096386,60ae07d0e9fbd8aabf8308c4,67ffc4c40efe1bd1090b10ee,681c7914b34e34b2de3b116b,,,,,,,,,,,,,,,,,,,,,,,,,,,,,,,,,,,,,,,,,,,1533.6002,1538.8996,5.2993,0,1,1419.213,0.113888889,-0.034259259,0,0,0,0,21,21,26,1,c,Il paziente non ha preso il Batatrim,Il paziente ha superato la crisi,,,,,,,,,,,,,,,,,,,,,,,,,,,,,,,,,,,,,,,,,,,,,,,,,,,,,,,,,,,,,,,,,,,,,,,,,,,,,,,,,
,,,,,,,,[(%PROLIFIC_PID,1,2025-05-08_11h28.28.487,CLTandFLE,2024.1.5,Win32,60.24096386,60ae07d0e9fbd8aabf8308c4,67ffc4c40efe1bd1090b10ee,681c7914b34e34b2de3b116b,,,,,,,,,,,,,,,,,,,,,,,,,,,,,,,,,,,,,,,,,,,1538.8999,1544.483,5.5829,0,1,1424.7959,0.167592593,-0.037962963,0,0,0,0,22,22,31,1,c,Il paziente non ha preso il Batatrim,Il paziente ha superato la crisi,,,,,,,,,,,,,,,,,,,,,,,,,,,,,,,,,,,,,,,,,,,,,,,,,,,,,,,,,,,,,,,,,,,,,,,,,,,,,,,,,
,,,,,,,,[(%PROLIFIC_PID,1,2025-05-08_11h28.28.487,CLTandFLE,2024.1.5,Win32,60.24096386,60ae07d0e9fbd8aabf8308c4,67ffc4c40efe1bd1090b10ee,681c7914b34e34b2de3b116b,,,,,,,,,,,,,,,,,,,,,,,,,,,,,,,,,,,,,,,,,,,1544.4833,1550.0829,5.5995,1,0,1430.3954,-0.05,0.492592593,0,0,0,0,23,23,22,1,c,Il paziente non ha preso il Batatrim,Il paziente ha superato la crisi,,,,,,,,,,,,,,,,,,,,,,,,,,,,,,,,,,,,,,,,,,,,,,,,,,,,,,,,,,,,,,,,,,,,,,,,,,,,,,,,,
,,,,,,,,[(%PROLIFIC_PID,1,2025-05-08_11h28.28.487,CLTandFLE,2024.1.5,Win32,60.24096386,60ae07d0e9fbd8aabf8308c4,67ffc4c40efe1bd1090b10ee,681c7914b34e34b2de3b116b,,,,,,,,,,,,,,,,,,,,,,,,,,,,,,,,,,,,,,,,,,,1550.0832,1555.1496,5.0663,1,0,1435.4617,0.212037037,0.325925926,0,0,0,0,24,24,36,1,d,Il paziente non ha preso il Batatrim,Il paziente non ha superato la crisi,,,,,,,,,,,,,,,,,,,,,,,,,,,,,,,,,,,,,,,,,,,,,,,,,,,,,,,,,,,,,,,,,,,,,,,,,,,,,,,,,
,,,,,,,,[(%PROLIFIC_PID,1,2025-05-08_11h28.28.487,CLTandFLE,2024.1.5,Win32,60.24096386,60ae07d0e9fbd8aabf8308c4,67ffc4c40efe1bd1090b10ee,681c7914b34e34b2de3b116b,,,,,,,,,,,,,,,,,,,,,,,,,,,,,,,,,,,,,,,,,,,1555.1499,1560.8496,5.6996,1,0,1441.1613,0.17962963,0.424074074,0,0,0,0,25,25,6,1,a,Il paziente ha preso il Batatrim,Il paziente ha superato la crisi,,,,,,,,,,,,,,,,,,,,,,,,,,,,,,,,,,,,,,,,,,,,,,,,,,,,,,,,,,,,,,,,,,,,,,,,,,,,,,,,,
,,,,,,,,[(%PROLIFIC_PID,1,2025-05-08_11h28.28.487,CLTandFLE,2024.1.5,Win32,60.24096386,60ae07d0e9fbd8aabf8308c4,67ffc4c40efe1bd1090b10ee,681c7914b34e34b2de3b116b,,,,,,,,,,,,,,,,,,,,,,,,,,,,,,,,,,,,,,,,,,,1560.8499,1565.9664,5.1163,1,0,1446.2776,0.009259259,0.293518519,0,0,0,0,26,26,29,1,c,Il paziente non ha preso il Batatrim,Il paziente ha superato la crisi,,,,,,,,,,,,,,,,,,,,,,,,,,,,,,,,,,,,,,,,,,,,,,,,,,,,,,,,,,,,,,,,,,,,,,,,,,,,,,,,,
,,,,,,,,[(%PROLIFIC_PID,1,2025-05-08_11h28.28.487,CLTandFLE,2024.1.5,Win32,60.24096386,60ae07d0e9fbd8aabf8308c4,67ffc4c40efe1bd1090b10ee,681c7914b34e34b2de3b116b,,,,,,,,,,,,,,,,,,,,,,,,,,,,,,,,,,,,,,,,,,,1565.9666,1570.6662,4.6995,1,0,1450.9771,0.015740741,0.412962963,0,0,0,0,27,27,12,1,a,Il paziente ha preso il Batatrim,Il paziente ha superato la crisi,,,,,,,,,,,,,,,,,,,,,,,,,,,,,,,,,,,,,,,,,,,,,,,,,,,,,,,,,,,,,,,,,,,,,,,,,,,,,,,,,
,,,,,,,,[(%PROLIFIC_PID,1,2025-05-08_11h28.28.487,CLTandFLE,2024.1.5,Win32,60.24096386,60ae07d0e9fbd8aabf8308c4,67ffc4c40efe1bd1090b10ee,681c7914b34e34b2de3b116b,,,,,,,,,,,,,,,,,,,,,,,,,,,,,,,,,,,,,,,,,,,1570.6664,1577.1832,6.5166,1,0,1457.4937,-0.317592593,0.109259259,0,0,0,0,28,28,35,1,d,Il paziente non ha preso il Batatrim,Il paziente non ha superato la crisi,,,,,,,,,,,,,,,,,,,,,,,,,,,,,,,,,,,,,,,,,,,,,,,,,,,,,,,,,,,,,,,,,,,,,,,,,,,,,,,,,
,,,,,,,,[(%PROLIFIC_PID,1,2025-05-08_11h28.28.487,CLTandFLE,2024.1.5,Win32,60.24096386,60ae07d0e9fbd8aabf8308c4,67ffc4c40efe1bd1090b10ee,681c7914b34e34b2de3b116b,,,,,,,,,,,,,,,,,,,,,,,,,,,,,,,,,,,,,,,,,,,1577.1834,1582.733,5.5494,1,0,1463.0431,0.037037037,-0.036111111,0,0,0,0,29,29,15,1,b,Il paziente ha preso il Batatrim,Il paziente non ha superato la crisi,,,,,,,,,,,,,,,,,,,,,,,,,,,,,,,,,,,,,,,,,,,,,,,,,,,,,,,,,,,,,,,,,,,,,,,,,,,,,,,,,
,,,,,,,,[(%PROLIFIC_PID,1,2025-05-08_11h28.28.487,CLTandFLE,2024.1.5,Win32,60.24096386,60ae07d0e9fbd8aabf8308c4,67ffc4c40efe1bd1090b10ee,681c7914b34e34b2de3b116b,,,,,,,,,,,,,,,,,,,,,,,,,,,,,,,,,,,,,,,,,,,1582.7333,1589.2996,6.5662,1,0,1469.6093,-0.039814815,-0.037962963,0,0,0,0,30,30,16,1,b,Il paziente ha preso il Batatrim,Il paziente non ha superato la crisi,,,,,,,,,,,,,,,,,,,,,,,,,,,,,,,,,,,,,,,,,,,,,,,,,,,,,,,,,,,,,,,,,,,,,,,,,,,,,,,,,
,,,,,,,,[(%PROLIFIC_PID,1,2025-05-08_11h28.28.487,CLTandFLE,2024.1.5,Win32,60.24096386,60ae07d0e9fbd8aabf8308c4,67ffc4c40efe1bd1090b10ee,681c7914b34e34b2de3b116b,,,,,,,,,,,,,,,,,,,,,,,,,,,,,,,,,,,,,,,,,,,1589.2999,1596.7496,7.4496,1,0,1477.0589,0.523148148,0.022222222,0,0,0,0,31,31,19,1,b,Il paziente ha preso il Batatrim,Il paziente non ha superato la crisi,,,,,,,,,,,,,,,,,,,,,,,,,,,,,,,,,,,,,,,,,,,,,,,,,,,,,,,,,,,,,,,,,,,,,,,,,,,,,,,,,
,,,,,,,,[(%PROLIFIC_PID,1,2025-05-08_11h28.28.487,CLTandFLE,2024.1.5,Win32,60.24096386,60ae07d0e9fbd8aabf8308c4,67ffc4c40efe1bd1090b10ee,681c7914b34e34b2de3b116b,,,,,,,,,,,,,,,,,,,,,,,,,,,,,,,,,,,,,,,,,,,1596.7499,1606.3497,9.5996,0,1,1486.6585,0.253703704,0.173148148,0,0,0,0,32,32,27,1,c,Il paziente non ha preso il Batatrim,Il paziente ha superato la crisi,,,,,,,,,,,,,,,,,,,,,,,,,,,,,,,,,,,,,,,,,,,,,,,,,,,,,,,,,,,,,,,,,,,,,,,,,,,,,,,,,
,,,,,,,,[(%PROLIFIC_PID,1,2025-05-08_11h28.28.487,CLTandFLE,2024.1.5,Win32,60.24096386,60ae07d0e9fbd8aabf8308c4,67ffc4c40efe1bd1090b10ee,681c7914b34e34b2de3b116b,,,,,,,,,,,,,,,,,,,,,,,,,,,,,,,,,,,,,,,,,,,1606.3498,1614.4163,8.0663,0,1,1494.7248,0.19537037,-0.031481481,0,0,0,0,33,33,5,1,a,Il paziente ha preso il Batatrim,Il paziente ha superato la crisi,,,,,,,,,,,,,,,,,,,,,,,,,,,,,,,,,,,,,,,,,,,,,,,,,,,,,,,,,,,,,,,,,,,,,,,,,,,,,,,,,
,,,,,,,,[(%PROLIFIC_PID,1,2025-05-08_11h28.28.487,CLTandFLE,2024.1.5,Win32,60.24096386,60ae07d0e9fbd8aabf8308c4,67ffc4c40efe1bd1090b10ee,681c7914b34e34b2de3b116b,,,,,,,,,,,,,,,,,,,,,,,,,,,,,,,,,,,,,,,,,,,1614.4166,1618.8664,4.4498,1,0,1499.1746,0.433333333,0.047222222,0,0,0,0,34,34,18,1,b,Il paziente ha preso il Batatrim,Il paziente non ha superato la crisi,,,,,,,,,,,,,,,,,,,,,,,,,,,,,,,,,,,,,,,,,,,,,,,,,,,,,,,,,,,,,,,,,,,,,,,,,,,,,,,,,
,,,,,,,,[(%PROLIFIC_PID,1,2025-05-08_11h28.28.487,CLTandFLE,2024.1.5,Win32,60.24096386,60ae07d0e9fbd8aabf8308c4,67ffc4c40efe1bd1090b10ee,681c7914b34e34b2de3b116b,,,,,,,,,,,,,,,,,,,,,,,,,,,,,,,,,,,,,,,,,,,1618.8666,1623.9829,5.1163,1,0,1504.2909,0.117592593,0.026851852,0,0,0,0,35,35,28,1,c,Il paziente non ha preso il Batatrim,Il paziente ha superato la crisi,,,,,,,,,,,,,,,,,,,,,,,,,,,,,,,,,,,,,,,,,,,,,,,,,,,,,,,,,,,,,,,,,,,,,,,,,,,,,,,,,
,,,,,,,,[(%PROLIFIC_PID,1,2025-05-08_11h28.28.487,CLTandFLE,2024.1.5,Win32,60.24096386,60ae07d0e9fbd8aabf8308c4,67ffc4c40efe1bd1090b10ee,681c7914b34e34b2de3b116b,,,,,,,,,,,,,,,,,,,,,,,,,,,,,,,,,,,,,,,,,,,1623.9832,1628.333,4.3496,1,0,1508.6405,0.099074074,0.024074074,0,0,0,0,36,36,8,1,a,Il paziente ha preso il Batatrim,Il paziente ha superato la crisi,,,,,,,,,,,,,,,,,,,,,,,,,,,,,,,,,,,,,,,,,,,,,,,,,,,,,,,,,,,,,,,,,,,,,,,,,,,,,,,,,
,,,,,,,,[(%PROLIFIC_PID,1,2025-05-08_11h28.28.487,CLTandFLE,2024.1.5,Win32,60.24096386,60ae07d0e9fbd8aabf8308c4,67ffc4c40efe1bd1090b10ee,681c7914b34e34b2de3b116b,,,,,,,,,,,,,,,,,,,,,,,,,,,,,,,,,,,,,,,,,,,1628.3333,1633.6496,5.3162,1,0,1513.9567,-0.124074074,-0.026851852,0,0,0,0,37,37,2,1,a,Il paziente ha preso il Batatrim,Il paziente ha superato la crisi,,,,,,,,,,,,,,,,,,,,,,,,,,,,,,,,,,,,,,,,,,,,,,,,,,,,,,,,,,,,,,,,,,,,,,,,,,,,,,,,,
,,,,,,,,[(%PROLIFIC_PID,1,2025-05-08_11h28.28.487,CLTandFLE,2024.1.5,Win32,60.24096386,60ae07d0e9fbd8aabf8308c4,67ffc4c40efe1bd1090b10ee,681c7914b34e34b2de3b116b,,,,,,,,,,,,,,,,,,,,,,,,,,,,,,,,,,,,,,,,,,,1633.6499,1638.6329,4.9829,1,0,1518.9396,-0.142592593,-0.037962963,0,0,0,0,38,38,1,1,a,Il paziente ha preso il Batatrim,Il paziente ha superato la crisi,,,,,,,,,,,,,,,,,,,,,,,,,,,,,,,,,,,,,,,,,,,,,,,,,,,,,,,,,,,,,,,,,,,,,,,,,,,,,,,,,
,,,,,,,,[(%PROLIFIC_PID,1,2025-05-08_11h28.28.487,CLTandFLE,2024.1.5,Win32,60.24096386,60ae07d0e9fbd8aabf8308c4,67ffc4c40efe1bd1090b10ee,681c7914b34e34b2de3b116b,,,,,,,,,,,,,,,,,,,,,,,,,,,,,,,,,,,,,,,,,,,1638.6332,1643.333,4.6996,1,0,1523.6392,-0.040740741,-0.041666667,0,0,0,0,39,39,33,1,c,Il paziente non ha preso il Batatrim,Il paziente ha superato la crisi,,,,,,,,,,,,,,,,,,,,,,,,,,,,,,,,,,,,,,,,,,,,,,,,,,,,,,,,,,,,,,,,,,,,,,,,,,,,,,,,,
,,,,,,,,[(%PROLIFIC_PID,1,2025-05-08_11h28.28.487,CLTandFLE,2024.1.5,Win32,60.24096386,60ae07d0e9fbd8aabf8308c4,67ffc4c40efe1bd1090b10ee,681c7914b34e34b2de3b116b,,1668.3665,1669.3663,,,,,,,,,,,,,,,,,,,,,,,,,,,,,,,,,,,,,,,,,,,,,,,,,,,,,,,,,,,1644.3331,1651.6998,7.3664,75,4.7041,0.005555556,-0.188888889,1,0,0,1652.6998,1668.3665,15.6664,80,14.7613,0.008333333,-0.2,1,0,0,10,40,40,10,0,0,0,0,1,,,,,,,,,,,,,,,,,,,,,,,,,,,,,,,,,,,,,,,,,,,,,,,,,,,,
,,,,,,,,[(%PROLIFIC_PID,1,2025-05-08_11h28.28.487,CLTandFLE,2024.1.5,Win32,60.24096386,60ae07d0e9fbd8aabf8308c4,67ffc4c40efe1bd1090b10ee,681c7914b34e34b2de3b116b,,1763.8164,1764.8162,,,,,,,,,,,,,,,,,,,,,,,,,,,,,,,,,,,,,,,,,,,,,,,,,,,,,,,,,,,,,,,,,,,,,,,,,,,,,,,,,,,,,,,,1715.1665,1723.7829,8.6162,7,6.9705,-0.012962963,-0.225925926,1,0,0,40,Femmina,No,30,No,TRUE,TRUE,FALSE,Conferma,c1ok,c2ok,c3ok,c4ok,c5ok,c6ok,c7ok,c8err2,c9ok,c10ok,c11err,c12ok,c13ok,c14err2,c15err,c16err,c17ok,c18ok,c19ok,c20err3,c21err3,c22err,c23err2,c24err3,c25err3,c26ok,2034.5729,2041.4162,0,0,0,0,1
