﻿Alfa.started,Alfa.stopped,alfa_mouse.x,alfa_mouse.y,alfa_mouse.leftButton,alfa_mouse.midButton,alfa_mouse.rightButton,alfa_mouse.clicked_name,participant,group,date,expName,psychopyVersion,OS,frameRate,PROLIFIC_PID,STUDY_ID,SESSION_ID,)],ITI.started,ITI.stopped,B_consensoinformato.started,B_consensoinformato.stopped,tempo_consenso,cons_mouse.x,cons_mouse.y,cons_mouse.leftButton,cons_mouse.midButton,cons_mouse.rightButton,A_benvenuto.started,A_benvenuto.stopped,ben_mouse.x,ben_mouse.y,ben_mouse.leftButton,ben_mouse.midButton,ben_mouse.rightButton,B2_istruzioni.started,B2_istruzioni.stopped,tempo_istru,cons_mouse_2.x,cons_mouse_2.y,cons_mouse_2.leftButton,cons_mouse_2.midButton,cons_mouse_2.rightButton,SAMevaluation.started,SAMevaluation.stopped,temposam,sliderintensity.response,sliderintensity.rt,slidervalence.response,slidervalence.rt,mouse_sam.x,mouse_sam.y,mouse_sam.leftButton,mouse_sam.midButton,mouse_sam.rightButton,mouse_sam.time,mouse_sam.clicked_name,Loading.started,Loading.stopped,C_associative_task.started,C_associative_task.stopped,tempo_trial,hapremutosi,hapremutono,tempo_tasktot,mouse.x,mouse.y,mouse.leftButton,mouse.midButton,mouse.rightButton,trials.thisRepN,trials.thisTrialN,trials.thisN,trials.thisIndex,trials.ran,cond,causa,effetto,D_VD.started,D_VD.stopped,tempo_vd,vd.response,vd.rt,mouse_vd.x,mouse_vd.y,mouse_vd.leftButton,mouse_vd.midButton,mouse_vd.rightButton,Previous.started,Previous.stopped,tempo_vd1,previous.response,previous.rt,mouse_vd_2.x,mouse_vd_2.y,mouse_vd_2.leftButton,mouse_vd_2.midButton,mouse_vd_2.rightButton,EstITA.TrialNS,EstITA.TrialSN,EstITA.TrialD,EstITA.TrialSS,itaest.thisRepN,itaest.thisTrialN,itaest.thisN,itaest.thisIndex,itaest.ran,PF.started,PF.stopped,tempo_pf,processfluency.response,processfluency.rt,mouse_ch.x,mouse_ch.y,mouse_ch.leftButton,mouse_ch.midButton,mouse_ch.rightButton,Questionario_Lingua.Age,Questionario_Lingua.Sesso,Questionario_Lingua.StaiStudiando?,Questionario_Lingua.Anniscolarita,Questionario_Lingua.Diploma,Questionario_Lingua.ItaMADRE?,Questionario_Lingua.INGmadre?,Questionario_Lingua.Q5(AOAIng),Questionario_Lingua.INGLETTURA,Questionario_Lingua.INGCOMPRESO,Questionario_Lingua.INGSCRITTO,Questionario_Lingua.INGPARLATO,Questionario_Lingua.haivissutoestero,ProvaInglese.ProcediamoENg,ProvaInglese.C1,ProvaInglese.C2,ProvaInglese.C3,ProvaInglese.C4,ProvaInglese.C5,ProvaInglese.C6,ProvaInglese.C7,ProvaInglese.C8,ProvaInglese.C9,ProvaInglese.C10,ProvaInglese.C11,ProvaInglese.C12,ProvaInglese.C13,ProvaInglese.C14,ProvaInglese.C15,ProvaInglese.C16,ProvaInglese.C17,ProvaInglese.C18,ProvaInglese.C19,ProvaInglese.C20,ProvaInglese.C21,ProvaInglese.C22,ProvaInglese.C23,ProvaInglese.C24,ProvaInglese.C25,ProvaInglese.controlquestion,Ant_lastquestion.started,Ant_lastquestion.stopped,exp_loop.thisRepN,exp_loop.thisTrialN,exp_loop.thisN,exp_loop.thisIndex,exp_loop.ran
0.0002,14.4399,0.040740755,-0.003703718,1,0,0,alfa_mask,[(%PROLIFIC_PID,1,2025-04-16_20h32.36.679,CLTandFLE,2024.1.5,Win32,60.97560976,5feb59016d65c5bf98940b28,67ffc4c40efe1bd1090b10ee,67fff7b081a8d2b69f517c51,,,,,,,,,,,,,,,,,,,,,,,,,,,,,,,,,,,,,,,,,,,,,,,,,,,,,,,,,,,,,,,,,,,,,,,,,,,,,,,,,,,,,,,,,,,,,,,,,,,,,,,,,,,,,,,,,,,,,,,,,,,,,,,,,,,,,,,,,,,,,,,,,,,
,,,,,,,,[(%PROLIFIC_PID,1,2025-04-16_20h32.36.679,CLTandFLE,2024.1.5,Win32,60.97560976,5feb59016d65c5bf98940b28,67ffc4c40efe1bd1090b10ee,67fff7b081a8d2b69f517c51,,14.4402,15.44,,,,,,,,,,,,,,,,,,,,,,,,,,,,,,,,,,,,,,,,,,,,,,,,,,,,,,,,,,,,,,,,,,,,,,,,,,,,,,,,,,,,,,,,,,,,,,,,,,,,,,,,,,,,,,,,,,,,,,,,,,,,,,,,,,,,,,,,,,,,,,,,
,,,,,,,,[(%PROLIFIC_PID,1,2025-04-16_20h32.36.679,CLTandFLE,2024.1.5,Win32,60.97560976,5feb59016d65c5bf98940b28,67ffc4c40efe1bd1090b10ee,67fff7b081a8d2b69f517c51,,,,15.4404,23.4527,8.0112,0.226851852,-0.371296282,1,0,0,,,,,,,,,,,,,,,,,,,,,,,,,,,,,,,,,,,,,,,,,,,,,,,,,,,,,,,,,,,,,,,,,,,,,,,,,,,,,,,,,,,,,,,,,,,,,,,,,,,,,,,,,,,,,,,,,,,,,,,,,,,,,,,,,,,,,,,,
,,,,,,,,[(%PROLIFIC_PID,1,2025-04-16_20h32.36.679,CLTandFLE,2024.1.5,Win32,60.97560976,5feb59016d65c5bf98940b28,67ffc4c40efe1bd1090b10ee,67fff7b081a8d2b69f517c51,,79.0908,80.0893,,,,,,,,,24.4521,27.7897,-0.003703718,-0.107407393,1,0,0,28.7832,58.9519,30.1675,0.041666667,-0.387962977,1,0,0,59.9503,71.0958,11.1442,0.386574127,6.6714,0.393518554,9.9033,"[0.0018518942373770256,-0.005555541427047165,-0.010185171056676793]","[0.19537035624186197,-0.018518518518518517,-0.2175925925925926]","[1,1,1]","[0,0,0]","[0,0,0]","[5.556600000023835,8.836500000000001,11.135499999999993]","[""sliderintensity"",""rettoksam""]",72.0948,79.0906,80.1046,86.0037,5.8986,0,1,5.8986,-0.079629616,-0.172222208,0,0,0,0,0,0,22,1,c,Il paziente non ha preso il Batatrim,Il paziente ha superato la crisi,,,,,,,,,,,,,,,,,,,,,,,,,,,,,,,,,,,,,,,,,,,,,,,,,,,,,,,,,,,,,,,,,,,,,,,,,,,,,,,,,,,,,,
,,,,,,,,[(%PROLIFIC_PID,1,2025-04-16_20h32.36.679,CLTandFLE,2024.1.5,Win32,60.97560976,5feb59016d65c5bf98940b28,67ffc4c40efe1bd1090b10ee,67fff7b081a8d2b69f517c51,,,,,,,,,,,,,,,,,,,,,,,,,,,,,,,,,,,,,,,,,,,86.0043,91.3171,5.3126,1,0,11.2112,-0.179629644,-0.045370384,0,0,0,0,1,1,8,1,a,Il paziente ha preso il Batatrim,Il paziente ha superato la crisi,,,,,,,,,,,,,,,,,,,,,,,,,,,,,,,,,,,,,,,,,,,,,,,,,,,,,,,,,,,,,,,,,,,,,,,,,,,,,,,,,,,,,,
,,,,,,,,[(%PROLIFIC_PID,1,2025-04-16_20h32.36.679,CLTandFLE,2024.1.5,Win32,60.97560976,5feb59016d65c5bf98940b28,67ffc4c40efe1bd1090b10ee,67fff7b081a8d2b69f517c51,,,,,,,,,,,,,,,,,,,,,,,,,,,,,,,,,,,,,,,,,,,91.3175,97.1146,5.797,0,1,17.0082,-0.206481439,0.025000007,0,0,0,0,2,2,24,1,c,Il paziente non ha preso il Batatrim,Il paziente ha superato la crisi,,,,,,,,,,,,,,,,,,,,,,,,,,,,,,,,,,,,,,,,,,,,,,,,,,,,,,,,,,,,,,,,,,,,,,,,,,,,,,,,,,,,,,
,,,,,,,,[(%PROLIFIC_PID,1,2025-04-16_20h32.36.679,CLTandFLE,2024.1.5,Win32,60.97560976,5feb59016d65c5bf98940b28,67ffc4c40efe1bd1090b10ee,67fff7b081a8d2b69f517c51,,,,,,,,,,,,,,,,,,,,,,,,,,,,,,,,,,,,,,,,,,,97.1151,102.5372,5.4218,1,0,22.43,-0.194444444,-0.040740755,0,0,0,0,3,3,15,1,b,Il paziente ha preso il Batatrim,Il paziente non ha superato la crisi,,,,,,,,,,,,,,,,,,,,,,,,,,,,,,,,,,,,,,,,,,,,,,,,,,,,,,,,,,,,,,,,,,,,,,,,,,,,,,,,,,,,,,
,,,,,,,,[(%PROLIFIC_PID,1,2025-04-16_20h32.36.679,CLTandFLE,2024.1.5,Win32,60.97560976,5feb59016d65c5bf98940b28,67ffc4c40efe1bd1090b10ee,67fff7b081a8d2b69f517c51,,,,,,,,,,,,,,,,,,,,,,,,,,,,,,,,,,,,,,,,,,,102.5375,108.0254,5.4877,0,1,27.9177,0.183333362,-0.041666667,0,0,0,0,4,4,30,1,c,Il paziente non ha preso il Batatrim,Il paziente ha superato la crisi,,,,,,,,,,,,,,,,,,,,,,,,,,,,,,,,,,,,,,,,,,,,,,,,,,,,,,,,,,,,,,,,,,,,,,,,,,,,,,,,,,,,,,
,,,,,,,,[(%PROLIFIC_PID,1,2025-04-16_20h32.36.679,CLTandFLE,2024.1.5,Win32,60.97560976,5feb59016d65c5bf98940b28,67ffc4c40efe1bd1090b10ee,67fff7b081a8d2b69f517c51,,,,,,,,,,,,,,,,,,,,,,,,,,,,,,,,,,,,,,,,,,,108.0255,113.5632,5.5376,0,1,33.4553,0.198148162,-0.044444437,0,0,0,0,5,5,21,1,c,Il paziente non ha preso il Batatrim,Il paziente ha superato la crisi,,,,,,,,,,,,,,,,,,,,,,,,,,,,,,,,,,,,,,,,,,,,,,,,,,,,,,,,,,,,,,,,,,,,,,,,,,,,,,,,,,,,,,
,,,,,,,,[(%PROLIFIC_PID,1,2025-04-16_20h32.36.679,CLTandFLE,2024.1.5,Win32,60.97560976,5feb59016d65c5bf98940b28,67ffc4c40efe1bd1090b10ee,67fff7b081a8d2b69f517c51,,,,,,,,,,,,,,,,,,,,,,,,,,,,,,,,,,,,,,,,,,,113.5636,119.4278,5.864,1,0,39.3193,-0.228703675,-0.032407407,0,0,0,0,6,6,3,1,a,Il paziente ha preso il Batatrim,Il paziente ha superato la crisi,,,,,,,,,,,,,,,,,,,,,,,,,,,,,,,,,,,,,,,,,,,,,,,,,,,,,,,,,,,,,,,,,,,,,,,,,,,,,,,,,,,,,,
,,,,,,,,[(%PROLIFIC_PID,1,2025-04-16_20h32.36.679,CLTandFLE,2024.1.5,Win32,60.97560976,5feb59016d65c5bf98940b28,67ffc4c40efe1bd1090b10ee,67fff7b081a8d2b69f517c51,,,,,,,,,,,,,,,,,,,,,,,,,,,,,,,,,,,,,,,,,,,119.428,123.8249,4.3968,1,0,43.7161,-0.228703675,-0.032407407,0,0,0,0,7,7,19,1,b,Il paziente ha preso il Batatrim,Il paziente non ha superato la crisi,,,,,,,,,,,,,,,,,,,,,,,,,,,,,,,,,,,,,,,,,,,,,,,,,,,,,,,,,,,,,,,,,,,,,,,,,,,,,,,,,,,,,,
,,,,,,,,[(%PROLIFIC_PID,1,2025-04-16_20h32.36.679,CLTandFLE,2024.1.5,Win32,60.97560976,5feb59016d65c5bf98940b28,67ffc4c40efe1bd1090b10ee,67fff7b081a8d2b69f517c51,,,,,,,,,,,,,,,,,,,,,,,,,,,,,,,,,,,,,,,,,,,123.8254,129.1231,5.297,0,1,49.0131,0.162962949,-0.042592614,0,0,0,0,8,8,27,1,c,Il paziente non ha preso il Batatrim,Il paziente ha superato la crisi,,,,,,,,,,,,,,,,,,,,,,,,,,,,,,,,,,,,,,,,,,,,,,,,,,,,,,,,,,,,,,,,,,,,,,,,,,,,,,,,,,,,,,
,,,,,,,,[(%PROLIFIC_PID,1,2025-04-16_20h32.36.679,CLTandFLE,2024.1.5,Win32,60.97560976,5feb59016d65c5bf98940b28,67ffc4c40efe1bd1090b10ee,67fff7b081a8d2b69f517c51,,,,,,,,,,,,,,,,,,,,,,,,,,,,,,,,,,,,,,,,,,,129.1234,133.813,4.6895,1,0,53.7026,-0.224999958,-0.049074067,0,0,0,0,9,9,4,1,a,Il paziente ha preso il Batatrim,Il paziente ha superato la crisi,,,,,,,,,,,,,,,,,,,,,,,,,,,,,,,,,,,,,,,,,,,,,,,,,,,,,,,,,,,,,,,,,,,,,,,,,,,,,,,,,,,,,,
,,,,,,,,[(%PROLIFIC_PID,1,2025-04-16_20h32.36.679,CLTandFLE,2024.1.5,Win32,60.97560976,5feb59016d65c5bf98940b28,67ffc4c40efe1bd1090b10ee,67fff7b081a8d2b69f517c51,,,,,,,,,,,,,,,,,,,,,,,,,,,,,,,,,,,,,,,,,,,133.8132,139.0273,5.2139,1,0,58.9165,-0.183333291,-0.042592614,0,0,0,0,10,10,32,1,c,Il paziente non ha preso il Batatrim,Il paziente ha superato la crisi,,,,,,,,,,,,,,,,,,,,,,,,,,,,,,,,,,,,,,,,,,,,,,,,,,,,,,,,,,,,,,,,,,,,,,,,,,,,,,,,,,,,,,
,,,,,,,,[(%PROLIFIC_PID,1,2025-04-16_20h32.36.679,CLTandFLE,2024.1.5,Win32,60.97560976,5feb59016d65c5bf98940b28,67ffc4c40efe1bd1090b10ee,67fff7b081a8d2b69f517c51,,,,,,,,,,,,,,,,,,,,,,,,,,,,,,,,,,,,,,,,,,,139.0277,144.0582,5.0302,1,0,63.9467,-0.183333291,-0.042592614,0,0,0,0,11,11,37,1,d,Il paziente non ha preso il Batatrim,Il paziente non ha superato la crisi,,,,,,,,,,,,,,,,,,,,,,,,,,,,,,,,,,,,,,,,,,,,,,,,,,,,,,,,,,,,,,,,,,,,,,,,,,,,,,,,,,,,,,
,,,,,,,,[(%PROLIFIC_PID,1,2025-04-16_20h32.36.679,CLTandFLE,2024.1.5,Win32,60.97560976,5feb59016d65c5bf98940b28,67ffc4c40efe1bd1090b10ee,67fff7b081a8d2b69f517c51,,,,,,,,,,,,,,,,,,,,,,,,,,,,,,,,,,,,,,,,,,,144.0585,148.5386,4.4799,0,1,68.4266,-0.306481467,-0.036111125,0,0,0,0,12,12,26,1,c,Il paziente non ha preso il Batatrim,Il paziente ha superato la crisi,,,,,,,,,,,,,,,,,,,,,,,,,,,,,,,,,,,,,,,,,,,,,,,,,,,,,,,,,,,,,,,,,,,,,,,,,,,,,,,,,,,,,,
,,,,,,,,[(%PROLIFIC_PID,1,2025-04-16_20h32.36.679,CLTandFLE,2024.1.5,Win32,60.97560976,5feb59016d65c5bf98940b28,67ffc4c40efe1bd1090b10ee,67fff7b081a8d2b69f517c51,,,,,,,,,,,,,,,,,,,,,,,,,,,,,,,,,,,,,,,,,,,148.5389,153.0199,4.4808,1,0,72.9074,0.015740783,-0.041666667,0,0,0,0,13,13,2,1,a,Il paziente ha preso il Batatrim,Il paziente ha superato la crisi,,,,,,,,,,,,,,,,,,,,,,,,,,,,,,,,,,,,,,,,,,,,,,,,,,,,,,,,,,,,,,,,,,,,,,,,,,,,,,,,,,,,,,
,,,,,,,,[(%PROLIFIC_PID,1,2025-04-16_20h32.36.679,CLTandFLE,2024.1.5,Win32,60.97560976,5feb59016d65c5bf98940b28,67ffc4c40efe1bd1090b10ee,67fff7b081a8d2b69f517c51,,,,,,,,,,,,,,,,,,,,,,,,,,,,,,,,,,,,,,,,,,,153.0202,158.3338,5.3135,1,0,78.2209,-0.175000014,-0.051851873,0,0,0,0,14,14,23,1,c,Il paziente non ha preso il Batatrim,Il paziente ha superato la crisi,,,,,,,,,,,,,,,,,,,,,,,,,,,,,,,,,,,,,,,,,,,,,,,,,,,,,,,,,,,,,,,,,,,,,,,,,,,,,,,,,,,,,,
,,,,,,,,[(%PROLIFIC_PID,1,2025-04-16_20h32.36.679,CLTandFLE,2024.1.5,Win32,60.97560976,5feb59016d65c5bf98940b28,67ffc4c40efe1bd1090b10ee,67fff7b081a8d2b69f517c51,,,,,,,,,,,,,,,,,,,,,,,,,,,,,,,,,,,,,,,,,,,158.3341,164.1309,5.7966,0,1,84.0175,-0.14907406,-0.042592614,0,0,0,0,15,15,18,1,b,Il paziente ha preso il Batatrim,Il paziente non ha superato la crisi,,,,,,,,,,,,,,,,,,,,,,,,,,,,,,,,,,,,,,,,,,,,,,,,,,,,,,,,,,,,,,,,,,,,,,,,,,,,,,,,,,,,,,
,,,,,,,,[(%PROLIFIC_PID,1,2025-04-16_20h32.36.679,CLTandFLE,2024.1.5,Win32,60.97560976,5feb59016d65c5bf98940b28,67ffc4c40efe1bd1090b10ee,67fff7b081a8d2b69f517c51,,,,,,,,,,,,,,,,,,,,,,,,,,,,,,,,,,,,,,,,,,,164.1313,168.6954,4.5639,1,0,88.5814,-0.149999972,-0.042592614,0,0,0,0,16,16,12,1,a,Il paziente ha preso il Batatrim,Il paziente ha superato la crisi,,,,,,,,,,,,,,,,,,,,,,,,,,,,,,,,,,,,,,,,,,,,,,,,,,,,,,,,,,,,,,,,,,,,,,,,,,,,,,,,,,,,,,
,,,,,,,,[(%PROLIFIC_PID,1,2025-04-16_20h32.36.679,CLTandFLE,2024.1.5,Win32,60.97560976,5feb59016d65c5bf98940b28,67ffc4c40efe1bd1090b10ee,67fff7b081a8d2b69f517c51,,,,,,,,,,,,,,,,,,,,,,,,,,,,,,,,,,,,,,,,,,,168.6957,173.2435,4.5476,1,0,93.129,-0.149999972,-0.042592614,0,0,0,0,17,17,31,1,c,Il paziente non ha preso il Batatrim,Il paziente ha superato la crisi,,,,,,,,,,,,,,,,,,,,,,,,,,,,,,,,,,,,,,,,,,,,,,,,,,,,,,,,,,,,,,,,,,,,,,,,,,,,,,,,,,,,,,
,,,,,,,,[(%PROLIFIC_PID,1,2025-04-16_20h32.36.679,CLTandFLE,2024.1.5,Win32,60.97560976,5feb59016d65c5bf98940b28,67ffc4c40efe1bd1090b10ee,67fff7b081a8d2b69f517c51,,,,,,,,,,,,,,,,,,,,,,,,,,,,,,,,,,,,,,,,,,,173.244,178.1077,4.8635,1,0,97.9925,-0.149999972,-0.042592614,0,0,0,0,18,18,5,1,a,Il paziente ha preso il Batatrim,Il paziente ha superato la crisi,,,,,,,,,,,,,,,,,,,,,,,,,,,,,,,,,,,,,,,,,,,,,,,,,,,,,,,,,,,,,,,,,,,,,,,,,,,,,,,,,,,,,,
,,,,,,,,[(%PROLIFIC_PID,1,2025-04-16_20h32.36.679,CLTandFLE,2024.1.5,Win32,60.97560976,5feb59016d65c5bf98940b28,67ffc4c40efe1bd1090b10ee,67fff7b081a8d2b69f517c51,,,,,,,,,,,,,,,,,,,,,,,,,,,,,,,,,,,,,,,,,,,178.108,182.2888,4.1806,1,0,102.1731,-0.149999972,-0.042592614,0,0,0,0,19,19,13,1,a,Il paziente ha preso il Batatrim,Il paziente ha superato la crisi,,,,,,,,,,,,,,,,,,,,,,,,,,,,,,,,,,,,,,,,,,,,,,,,,,,,,,,,,,,,,,,,,,,,,,,,,,,,,,,,,,,,,,
,,,,,,,,[(%PROLIFIC_PID,1,2025-04-16_20h32.36.679,CLTandFLE,2024.1.5,Win32,60.97560976,5feb59016d65c5bf98940b28,67ffc4c40efe1bd1090b10ee,67fff7b081a8d2b69f517c51,,,,,,,,,,,,,,,,,,,,,,,,,,,,,,,,,,,,,,,,,,,182.289,187.4693,5.1801,1,0,107.3532,-0.15370369,-0.056481503,0,0,0,0,20,20,28,1,c,Il paziente non ha preso il Batatrim,Il paziente ha superato la crisi,,,,,,,,,,,,,,,,,,,,,,,,,,,,,,,,,,,,,,,,,,,,,,,,,,,,,,,,,,,,,,,,,,,,,,,,,,,,,,,,,,,,,,
,,,,,,,,[(%PROLIFIC_PID,1,2025-04-16_20h32.36.679,CLTandFLE,2024.1.5,Win32,60.97560976,5feb59016d65c5bf98940b28,67ffc4c40efe1bd1090b10ee,67fff7b081a8d2b69f517c51,,,,,,,,,,,,,,,,,,,,,,,,,,,,,,,,,,,,,,,,,,,187.4696,192.4005,4.9306,0,1,112.2838,0.242592635,-0.050000014,0,0,0,0,21,21,33,1,c,Il paziente non ha preso il Batatrim,Il paziente ha superato la crisi,,,,,,,,,,,,,,,,,,,,,,,,,,,,,,,,,,,,,,,,,,,,,,,,,,,,,,,,,,,,,,,,,,,,,,,,,,,,,,,,,,,,,,
,,,,,,,,[(%PROLIFIC_PID,1,2025-04-16_20h32.36.679,CLTandFLE,2024.1.5,Win32,60.97560976,5feb59016d65c5bf98940b28,67ffc4c40efe1bd1090b10ee,67fff7b081a8d2b69f517c51,,,,,,,,,,,,,,,,,,,,,,,,,,,,,,,,,,,,,,,,,,,192.4009,196.8487,4.4474,1,0,116.7312,-0.224074046,-0.050000014,0,0,0,0,22,22,7,1,a,Il paziente ha preso il Batatrim,Il paziente ha superato la crisi,,,,,,,,,,,,,,,,,,,,,,,,,,,,,,,,,,,,,,,,,,,,,,,,,,,,,,,,,,,,,,,,,,,,,,,,,,,,,,,,,,,,,,
,,,,,,,,[(%PROLIFIC_PID,1,2025-04-16_20h32.36.679,CLTandFLE,2024.1.5,Win32,60.97560976,5feb59016d65c5bf98940b28,67ffc4c40efe1bd1090b10ee,67fff7b081a8d2b69f517c51,,,,,,,,,,,,,,,,,,,,,,,,,,,,,,,,,,,,,,,,,,,196.8494,201.1798,4.3303,1,0,121.0615,-0.186111097,-0.050000014,0,0,0,0,23,23,36,1,d,Il paziente non ha preso il Batatrim,Il paziente non ha superato la crisi,,,,,,,,,,,,,,,,,,,,,,,,,,,,,,,,,,,,,,,,,,,,,,,,,,,,,,,,,,,,,,,,,,,,,,,,,,,,,,,,,,,,,,
,,,,,,,,[(%PROLIFIC_PID,1,2025-04-16_20h32.36.679,CLTandFLE,2024.1.5,Win32,60.97560976,5feb59016d65c5bf98940b28,67ffc4c40efe1bd1090b10ee,67fff7b081a8d2b69f517c51,,,,,,,,,,,,,,,,,,,,,,,,,,,,,,,,,,,,,,,,,,,201.18,206.1766,4.9963,0,1,126.0578,0.181481467,-0.050000014,0,0,0,0,24,24,35,1,d,Il paziente non ha preso il Batatrim,Il paziente non ha superato la crisi,,,,,,,,,,,,,,,,,,,,,,,,,,,,,,,,,,,,,,,,,,,,,,,,,,,,,,,,,,,,,,,,,,,,,,,,,,,,,,,,,,,,,,
,,,,,,,,[(%PROLIFIC_PID,1,2025-04-16_20h32.36.679,CLTandFLE,2024.1.5,Win32,60.97560976,5feb59016d65c5bf98940b28,67ffc4c40efe1bd1090b10ee,67fff7b081a8d2b69f517c51,,,,,,,,,,,,,,,,,,,,,,,,,,,,,,,,,,,,,,,,,,,206.1768,210.6085,4.4315,1,0,130.4893,-0.182407379,-0.050000014,0,0,0,0,25,25,14,1,b,Il paziente ha preso il Batatrim,Il paziente ha superato la crisi,,,,,,,,,,,,,,,,,,,,,,,,,,,,,,,,,,,,,,,,,,,,,,,,,,,,,,,,,,,,,,,,,,,,,,,,,,,,,,,,,,,,,,
,,,,,,,,[(%PROLIFIC_PID,1,2025-04-16_20h32.36.679,CLTandFLE,2024.1.5,Win32,60.97560976,5feb59016d65c5bf98940b28,67ffc4c40efe1bd1090b10ee,67fff7b081a8d2b69f517c51,,,,,,,,,,,,,,,,,,,,,,,,,,,,,,,,,,,,,,,,,,,210.6091,214.9894,4.38,0,1,134.8693,0.154629672,-0.045370384,0,0,0,0,26,26,29,1,c,Il paziente non ha preso il Batatrim,Il paziente ha superato la crisi,,,,,,,,,,,,,,,,,,,,,,,,,,,,,,,,,,,,,,,,,,,,,,,,,,,,,,,,,,,,,,,,,,,,,,,,,,,,,,,,,,,,,,
,,,,,,,,[(%PROLIFIC_PID,1,2025-04-16_20h32.36.679,CLTandFLE,2024.1.5,Win32,60.97560976,5feb59016d65c5bf98940b28,67ffc4c40efe1bd1090b10ee,67fff7b081a8d2b69f517c51,,,,,,,,,,,,,,,,,,,,,,,,,,,,,,,,,,,,,,,,,,,214.9898,219.2873,4.2973,1,0,139.1666,0.148148148,-0.041666667,0,0,0,0,27,27,11,1,a,Il paziente ha preso il Batatrim,Il paziente ha superato la crisi,,,,,,,,,,,,,,,,,,,,,,,,,,,,,,,,,,,,,,,,,,,,,,,,,,,,,,,,,,,,,,,,,,,,,,,,,,,,,,,,,,,,,,
,,,,,,,,[(%PROLIFIC_PID,1,2025-04-16_20h32.36.679,CLTandFLE,2024.1.5,Win32,60.97560976,5feb59016d65c5bf98940b28,67ffc4c40efe1bd1090b10ee,67fff7b081a8d2b69f517c51,,,,,,,,,,,,,,,,,,,,,,,,,,,,,,,,,,,,,,,,,,,219.2875,223.3519,4.0642,0,1,143.2308,0.148148148,-0.041666667,0,0,0,0,28,28,39,1,d,Il paziente non ha preso il Batatrim,Il paziente non ha superato la crisi,,,,,,,,,,,,,,,,,,,,,,,,,,,,,,,,,,,,,,,,,,,,,,,,,,,,,,,,,,,,,,,,,,,,,,,,,,,,,,,,,,,,,,
,,,,,,,,[(%PROLIFIC_PID,1,2025-04-16_20h32.36.679,CLTandFLE,2024.1.5,Win32,60.97560976,5feb59016d65c5bf98940b28,67ffc4c40efe1bd1090b10ee,67fff7b081a8d2b69f517c51,,,,,,,,,,,,,,,,,,,,,,,,,,,,,,,,,,,,,,,,,,,223.3523,227.9663,4.6138,1,0,147.8446,-0.156481496,-0.049074067,0,0,0,0,29,29,1,1,a,Il paziente ha preso il Batatrim,Il paziente ha superato la crisi,,,,,,,,,,,,,,,,,,,,,,,,,,,,,,,,,,,,,,,,,,,,,,,,,,,,,,,,,,,,,,,,,,,,,,,,,,,,,,,,,,,,,,
,,,,,,,,[(%PROLIFIC_PID,1,2025-04-16_20h32.36.679,CLTandFLE,2024.1.5,Win32,60.97560976,5feb59016d65c5bf98940b28,67ffc4c40efe1bd1090b10ee,67fff7b081a8d2b69f517c51,,,,,,,,,,,,,,,,,,,,,,,,,,,,,,,,,,,,,,,,,,,227.9667,232.98,5.0131,1,0,152.8577,-0.160185143,-0.044444437,0,0,0,0,30,30,34,1,c,Il paziente non ha preso il Batatrim,Il paziente ha superato la crisi,,,,,,,,,,,,,,,,,,,,,,,,,,,,,,,,,,,,,,,,,,,,,,,,,,,,,,,,,,,,,,,,,,,,,,,,,,,,,,,,,,,,,,
,,,,,,,,[(%PROLIFIC_PID,1,2025-04-16_20h32.36.679,CLTandFLE,2024.1.5,Win32,60.97560976,5feb59016d65c5bf98940b28,67ffc4c40efe1bd1090b10ee,67fff7b081a8d2b69f517c51,,,,,,,,,,,,,,,,,,,,,,,,,,,,,,,,,,,,,,,,,,,232.9804,238.344,5.3634,1,0,158.2211,-0.160185143,-0.044444437,0,0,0,0,31,31,9,1,a,Il paziente ha preso il Batatrim,Il paziente ha superato la crisi,,,,,,,,,,,,,,,,,,,,,,,,,,,,,,,,,,,,,,,,,,,,,,,,,,,,,,,,,,,,,,,,,,,,,,,,,,,,,,,,,,,,,,
,,,,,,,,[(%PROLIFIC_PID,1,2025-04-16_20h32.36.679,CLTandFLE,2024.1.5,Win32,60.97560976,5feb59016d65c5bf98940b28,67ffc4c40efe1bd1090b10ee,67fff7b081a8d2b69f517c51,,,,,,,,,,,,,,,,,,,,,,,,,,,,,,,,,,,,,,,,,,,238.3445,247.8561,9.5115,1,0,167.7326,-0.160185143,-0.044444437,0,0,0,0,32,32,17,1,b,Il paziente ha preso il Batatrim,Il paziente non ha superato la crisi,,,,,,,,,,,,,,,,,,,,,,,,,,,,,,,,,,,,,,,,,,,,,,,,,,,,,,,,,,,,,,,,,,,,,,,,,,,,,,,,,,,,,,
,,,,,,,,[(%PROLIFIC_PID,1,2025-04-16_20h32.36.679,CLTandFLE,2024.1.5,Win32,60.97560976,5feb59016d65c5bf98940b28,67ffc4c40efe1bd1090b10ee,67fff7b081a8d2b69f517c51,,,,,,,,,,,,,,,,,,,,,,,,,,,,,,,,,,,,,,,,,,,247.8564,252.0268,4.1701,1,0,171.9027,-0.160185143,-0.044444437,0,0,0,0,33,33,16,1,b,Il paziente ha preso il Batatrim,Il paziente non ha superato la crisi,,,,,,,,,,,,,,,,,,,,,,,,,,,,,,,,,,,,,,,,,,,,,,,,,,,,,,,,,,,,,,,,,,,,,,,,,,,,,,,,,,,,,,
,,,,,,,,[(%PROLIFIC_PID,1,2025-04-16_20h32.36.679,CLTandFLE,2024.1.5,Win32,60.97560976,5feb59016d65c5bf98940b28,67ffc4c40efe1bd1090b10ee,67fff7b081a8d2b69f517c51,,,,,,,,,,,,,,,,,,,,,,,,,,,,,,,,,,,,,,,,,,,252.0271,256.1754,4.1482,1,0,176.0509,-0.160185143,-0.044444437,0,0,0,0,34,34,38,1,d,Il paziente non ha preso il Batatrim,Il paziente non ha superato la crisi,,,,,,,,,,,,,,,,,,,,,,,,,,,,,,,,,,,,,,,,,,,,,,,,,,,,,,,,,,,,,,,,,,,,,,,,,,,,,,,,,,,,,,
,,,,,,,,[(%PROLIFIC_PID,1,2025-04-16_20h32.36.679,CLTandFLE,2024.1.5,Win32,60.97560976,5feb59016d65c5bf98940b28,67ffc4c40efe1bd1090b10ee,67fff7b081a8d2b69f517c51,,,,,,,,,,,,,,,,,,,,,,,,,,,,,,,,,,,,,,,,,,,256.1757,261.9554,5.7795,0,1,181.8304,0.198148162,-0.061111132,0,0,0,0,35,35,25,1,c,Il paziente non ha preso il Batatrim,Il paziente ha superato la crisi,,,,,,,,,,,,,,,,,,,,,,,,,,,,,,,,,,,,,,,,,,,,,,,,,,,,,,,,,,,,,,,,,,,,,,,,,,,,,,,,,,,,,,
,,,,,,,,[(%PROLIFIC_PID,1,2025-04-16_20h32.36.679,CLTandFLE,2024.1.5,Win32,60.97560976,5feb59016d65c5bf98940b28,67ffc4c40efe1bd1090b10ee,67fff7b081a8d2b69f517c51,,,,,,,,,,,,,,,,,,,,,,,,,,,,,,,,,,,,,,,,,,,261.9558,266.5706,4.6148,1,0,186.4452,-0.219444416,-0.049074067,0,0,0,0,36,36,0,1,a,Il paziente ha preso il Batatrim,Il paziente ha superato la crisi,,,,,,,,,,,,,,,,,,,,,,,,,,,,,,,,,,,,,,,,,,,,,,,,,,,,,,,,,,,,,,,,,,,,,,,,,,,,,,,,,,,,,,
,,,,,,,,[(%PROLIFIC_PID,1,2025-04-16_20h32.36.679,CLTandFLE,2024.1.5,Win32,60.97560976,5feb59016d65c5bf98940b28,67ffc4c40efe1bd1090b10ee,67fff7b081a8d2b69f517c51,,,,,,,,,,,,,,,,,,,,,,,,,,,,,,,,,,,,,,,,,,,266.5709,271.0182,4.4473,1,0,190.8925,-0.219444416,-0.049074067,0,0,0,0,37,37,10,1,a,Il paziente ha preso il Batatrim,Il paziente ha superato la crisi,,,,,,,,,,,,,,,,,,,,,,,,,,,,,,,,,,,,,,,,,,,,,,,,,,,,,,,,,,,,,,,,,,,,,,,,,,,,,,,,,,,,,,
,,,,,,,,[(%PROLIFIC_PID,1,2025-04-16_20h32.36.679,CLTandFLE,2024.1.5,Win32,60.97560976,5feb59016d65c5bf98940b28,67ffc4c40efe1bd1090b10ee,67fff7b081a8d2b69f517c51,,,,,,,,,,,,,,,,,,,,,,,,,,,,,,,,,,,,,,,,,,,271.0188,289.0856,18.0666,1,0,208.9591,-0.087962963,-0.085185192,0,0,0,0,38,38,6,1,a,Il paziente ha preso il Batatrim,Il paziente ha superato la crisi,,,,,,,,,,,,,,,,,,,,,,,,,,,,,,,,,,,,,,,,,,,,,,,,,,,,,,,,,,,,,,,,,,,,,,,,,,,,,,,,,,,,,,
,,,,,,,,[(%PROLIFIC_PID,1,2025-04-16_20h32.36.679,CLTandFLE,2024.1.5,Win32,60.97560976,5feb59016d65c5bf98940b28,67ffc4c40efe1bd1090b10ee,67fff7b081a8d2b69f517c51,,,,,,,,,,,,,,,,,,,,,,,,,,,,,,,,,,,,,,,,,,,289.086,294.5661,5.48,1,0,214.4391,-0.179629644,-0.062037044,0,0,0,0,39,39,20,1,c,Il paziente non ha preso il Batatrim,Il paziente ha superato la crisi,,,,,,,,,,,,,,,,,,,,,,,,,,,,,,,,,,,,,,,,,,,,,,,,,,,,,,,,,,,,,,,,,,,,,,,,,,,,,,,,,,,,,,
,,,,,,,,[(%PROLIFIC_PID,1,2025-04-16_20h32.36.679,CLTandFLE,2024.1.5,Win32,60.97560976,5feb59016d65c5bf98940b28,67ffc4c40efe1bd1090b10ee,67fff7b081a8d2b69f517c51,,313.008,314.0074,,,,,,,,,,,,,,,,,,,,,,,,,,,,,,,,,,,,,,,,,,,,,,,,,,,,,,,,,,,295.5672,301.4141,5.8462,50,4.9687,0.001851894,-0.223148134,1,0,0,302.4131,313.0078,10.5939,85,9.5067,-0.015740712,-0.217592593,1,0,0,10,6,12,18,0,0,0,0,1,,,,,,,,,,,,,,,,,,,,,,,,,,,,,,,,,,,,,,,,,,,,,,,,,,,,,,,,,
,,,,,,,,[(%PROLIFIC_PID,1,2025-04-16_20h32.36.679,CLTandFLE,2024.1.5,Win32,60.97560976,5feb59016d65c5bf98940b28,67ffc4c40efe1bd1090b10ee,67fff7b081a8d2b69f517c51,,408.7653,409.7594,,,,,,,,,,,,,,,,,,,,,,,,,,,,,,,,,,,,,,,,,,,,,,,,,,,,,,,,,,,,,,,,,,,,,,,,,,,,,,,,,,,,,,,,340.1444,346.2463,6.1008,7,3.0779,0.012037065,-0.212962963,1,0,0,27,Femmina,Sì,21,No,TRUE,FALSE,5,7,7,6,5,FALSE,Conferma,c1ok,c2ok,c3err2,c4ok,c5err2,c6ok,c7err2,c8ok,c9err2,c10ok,c11ok,c12err,c13ok,c14err,c15ok,c16err3,c17ok,c18err3,c19err2,c20ok,c21err3,c22err2,c23err2,c24err,c25err3,c26ok,654.0575,660.568,0,0,0,0,1
