﻿Alfa.started,Alfa.stopped,alfa_mouse.x,alfa_mouse.y,alfa_mouse.leftButton,alfa_mouse.midButton,alfa_mouse.rightButton,alfa_mouse.clicked_name,participant,group,date,expName,psychopyVersion,OS,frameRate,PROLIFIC_PID,STUDY_ID,SESSION_ID,)],ITI.started,ITI.stopped,B_consensoinformato.started,B_consensoinformato.stopped,tempo_consenso,cons_mouse.x,cons_mouse.y,cons_mouse.leftButton,cons_mouse.midButton,cons_mouse.rightButton,A_benvenuto.started,A_benvenuto.stopped,ben_mouse.x,ben_mouse.y,ben_mouse.leftButton,ben_mouse.midButton,ben_mouse.rightButton,B2_istruzioni.started,B2_istruzioni.stopped,tempo_istru,cons_mouse_2.x,cons_mouse_2.y,cons_mouse_2.leftButton,cons_mouse_2.midButton,cons_mouse_2.rightButton,SAMevaluation.started,SAMevaluation.stopped,temposam,sliderintensity.response,sliderintensity.rt,slidervalence.response,slidervalence.rt,mouse_sam.x,mouse_sam.y,mouse_sam.leftButton,mouse_sam.midButton,mouse_sam.rightButton,mouse_sam.time,mouse_sam.clicked_name,Loading.started,Loading.stopped,C_associative_task.started,C_associative_task.stopped,tempo_trial,hapremutosi,hapremutono,tempo_tasktot,mouse.x,mouse.y,mouse.leftButton,mouse.midButton,mouse.rightButton,trials.thisRepN,trials.thisTrialN,trials.thisN,trials.thisIndex,trials.ran,cond,causa,effetto,D_VD.started,D_VD.stopped,tempo_vd,vd.response,vd.rt,mouse_vd.x,mouse_vd.y,mouse_vd.leftButton,mouse_vd.midButton,mouse_vd.rightButton,Previous.started,Previous.stopped,tempo_vd1,previous.response,previous.rt,mouse_vd_2.x,mouse_vd_2.y,mouse_vd_2.leftButton,mouse_vd_2.midButton,mouse_vd_2.rightButton,EstITA.TrialD,EstITA.TrialSN,EstITA.TrialSS,EstITA.TrialNS,itaest.thisRepN,itaest.thisTrialN,itaest.thisN,itaest.thisIndex,itaest.ran,PF.started,PF.stopped,tempo_pf,processfluency.response,processfluency.rt,mouse_ch.x,mouse_ch.y,mouse_ch.leftButton,mouse_ch.midButton,mouse_ch.rightButton,Questionario_Lingua.Age,Questionario_Lingua.Sesso,Questionario_Lingua.StaiStudiando?,Questionario_Lingua.Anniscolarita,Questionario_Lingua.Diploma,Questionario_Lingua.ItaMADRE?,Questionario_Lingua.INGmadre?,Questionario_Lingua.Q5(AOAIng),Questionario_Lingua.INGLETTURA,Questionario_Lingua.INGCOMPRESO,Questionario_Lingua.INGSCRITTO,Questionario_Lingua.INGPARLATO,Questionario_Lingua.haivissutoestero,ProvaInglese.ProcediamoENg,ProvaInglese.C1,ProvaInglese.C2,ProvaInglese.C3,ProvaInglese.C4,ProvaInglese.C5,ProvaInglese.C6,ProvaInglese.C7,ProvaInglese.C8,ProvaInglese.C9,ProvaInglese.C10,ProvaInglese.C11,ProvaInglese.C12,ProvaInglese.C13,ProvaInglese.C14,ProvaInglese.C15,ProvaInglese.C16,ProvaInglese.C17,ProvaInglese.C18,ProvaInglese.C19,ProvaInglese.C20,ProvaInglese.C21,ProvaInglese.C22,ProvaInglese.C23,ProvaInglese.C24,ProvaInglese.C25,ProvaInglese.controlquestion,Ant_lastquestion.started,Ant_lastquestion.stopped,exp_loop.thisRepN,exp_loop.thisTrialN,exp_loop.thisN,exp_loop.thisIndex,exp_loop.ran
0.0002,5.8424,0.084259259,0.006481481,1,0,0,alfa_mask,[(%PROLIFIC_PID,1,2025-04-16_18h49.24.633,CLTandFLE,2024.1.5,Win32,60.24096386,608abc6251feb3ddc3b2e01d,67ffc4c40efe1bd1090b10ee,67ffdf4e5ecece8a2a0f1b3a,,,,,,,,,,,,,,,,,,,,,,,,,,,,,,,,,,,,,,,,,,,,,,,,,,,,,,,,,,,,,,,,,,,,,,,,,,,,,,,,,,,,,,,,,,,,,,,,,,,,,,,,,,,,,,,,,,,,,,,,,,,,,,,,,,,,,,,,,,,,,,,,,,,
,,,,,,,,[(%PROLIFIC_PID,1,2025-04-16_18h49.24.633,CLTandFLE,2024.1.5,Win32,60.24096386,608abc6251feb3ddc3b2e01d,67ffc4c40efe1bd1090b10ee,67ffdf4e5ecece8a2a0f1b3a,,5.8426,6.8371,,,,,,,,,,,,,,,,,,,,,,,,,,,,,,,,,,,,,,,,,,,,,,,,,,,,,,,,,,,,,,,,,,,,,,,,,,,,,,,,,,,,,,,,,,,,,,,,,,,,,,,,,,,,,,,,,,,,,,,,,,,,,,,,,,,,,,,,,,,,,,,,
,,,,,,,,[(%PROLIFIC_PID,1,2025-04-16_18h49.24.633,CLTandFLE,2024.1.5,Win32,60.24096386,608abc6251feb3ddc3b2e01d,67ffc4c40efe1bd1090b10ee,67ffdf4e5ecece8a2a0f1b3a,,,,6.8376,19.5027,12.6649,0.209259259,-0.396296296,1,0,0,,,,,,,,,,,,,,,,,,,,,,,,,,,,,,,,,,,,,,,,,,,,,,,,,,,,,,,,,,,,,,,,,,,,,,,,,,,,,,,,,,,,,,,,,,,,,,,,,,,,,,,,,,,,,,,,,,,,,,,,,,,,,,,,,,,,,,,,
,,,,,,,,[(%PROLIFIC_PID,1,2025-04-16_18h49.24.633,CLTandFLE,2024.1.5,Win32,60.24096386,608abc6251feb3ddc3b2e01d,67ffc4c40efe1bd1090b10ee,67ffdf4e5ecece8a2a0f1b3a,,100.7806,101.7801,,,,,,,,,20.5023,24.6689,0.019444444,-0.107407407,1,0,0,25.6688,62.3828,36.7138,-0.005555556,-0.405555556,1,0,0,63.3828,92.7807,29.3975,0.27662037,20.1578,0.445601852,28.0026,"[-0.003703703703703704,-0.012962962962962963,0.027777777777777776,-0.04722222222222222,-0.05555555555555555,-0.04351851851851852,0.012962962962962963]","[0.17962962962962964,-0.020370370370370372,0.20462962962962963,-0.004629629629629629,0.19074074074074074,0.19074074074074074,-0.21388888888888888]","[1,1,1,1,1,1,1]","[0,0,0,0,0,0,0]","[0,0,0,0,0,0,0]","[2.528299999997003,10.044399999991029,11.116200000002962,18.593599999994026,25.009999999999977,27.892999999999986,29.39289999999103]","[""slidervalence"",""rettoksam""]",93.7811,100.7806,101.8181,110.0741,8.2558,0,1,8.2558,0.222222222,-0.02962963,0,0,0,0,0,0,32,1,c,Il paziente non ha preso il Batatrim,Il paziente ha superato la crisi,,,,,,,,,,,,,,,,,,,,,,,,,,,,,,,,,,,,,,,,,,,,,,,,,,,,,,,,,,,,,,,,,,,,,,,,,,,,,,,,,,,,,,
,,,,,,,,[(%PROLIFIC_PID,1,2025-04-16_18h49.24.633,CLTandFLE,2024.1.5,Win32,60.24096386,608abc6251feb3ddc3b2e01d,67ffc4c40efe1bd1090b10ee,67ffdf4e5ecece8a2a0f1b3a,,,,,,,,,,,,,,,,,,,,,,,,,,,,,,,,,,,,,,,,,,,110.0744,115.407,5.3325,0,1,13.5883,0.062037037,-0.151851852,0,0,0,0,1,1,31,1,c,Il paziente non ha preso il Batatrim,Il paziente ha superato la crisi,,,,,,,,,,,,,,,,,,,,,,,,,,,,,,,,,,,,,,,,,,,,,,,,,,,,,,,,,,,,,,,,,,,,,,,,,,,,,,,,,,,,,,
,,,,,,,,[(%PROLIFIC_PID,1,2025-04-16_18h49.24.633,CLTandFLE,2024.1.5,Win32,60.24096386,608abc6251feb3ddc3b2e01d,67ffc4c40efe1bd1090b10ee,67ffdf4e5ecece8a2a0f1b3a,,,,,,,,,,,,,,,,,,,,,,,,,,,,,,,,,,,,,,,,,,,115.4072,122.8187,7.4114,1,0,20.9997,0.007407407,-0.056481481,0,0,0,0,2,2,22,1,c,Il paziente non ha preso il Batatrim,Il paziente ha superato la crisi,,,,,,,,,,,,,,,,,,,,,,,,,,,,,,,,,,,,,,,,,,,,,,,,,,,,,,,,,,,,,,,,,,,,,,,,,,,,,,,,,,,,,,
,,,,,,,,[(%PROLIFIC_PID,1,2025-04-16_18h49.24.633,CLTandFLE,2024.1.5,Win32,60.24096386,608abc6251feb3ddc3b2e01d,67ffc4c40efe1bd1090b10ee,67ffdf4e5ecece8a2a0f1b3a,,,,,,,,,,,,,,,,,,,,,,,,,,,,,,,,,,,,,,,,,,,122.8188,129.1348,6.3159,1,0,27.3156,-0.060185185,-0.037962963,0,0,0,0,3,3,30,1,c,Il paziente non ha preso il Batatrim,Il paziente ha superato la crisi,,,,,,,,,,,,,,,,,,,,,,,,,,,,,,,,,,,,,,,,,,,,,,,,,,,,,,,,,,,,,,,,,,,,,,,,,,,,,,,,,,,,,,
,,,,,,,,[(%PROLIFIC_PID,1,2025-04-16_18h49.24.633,CLTandFLE,2024.1.5,Win32,60.24096386,608abc6251feb3ddc3b2e01d,67ffc4c40efe1bd1090b10ee,67ffdf4e5ecece8a2a0f1b3a,,,,,,,,,,,,,,,,,,,,,,,,,,,,,,,,,,,,,,,,,,,129.1349,135.2775,6.1424,1,0,33.458,0.011111111,-0.025,0,0,0,0,4,4,18,1,b,Il paziente ha preso il Batatrim,Il paziente non ha superato la crisi,,,,,,,,,,,,,,,,,,,,,,,,,,,,,,,,,,,,,,,,,,,,,,,,,,,,,,,,,,,,,,,,,,,,,,,,,,,,,,,,,,,,,,
,,,,,,,,[(%PROLIFIC_PID,1,2025-04-16_18h49.24.633,CLTandFLE,2024.1.5,Win32,60.24096386,608abc6251feb3ddc3b2e01d,67ffc4c40efe1bd1090b10ee,67ffdf4e5ecece8a2a0f1b3a,,,,,,,,,,,,,,,,,,,,,,,,,,,,,,,,,,,,,,,,,,,135.2778,140.6439,5.3659,0,1,38.8239,-0.033333333,0.036111111,0,0,0,0,5,5,10,1,a,Il paziente ha preso il Batatrim,Il paziente ha superato la crisi,,,,,,,,,,,,,,,,,,,,,,,,,,,,,,,,,,,,,,,,,,,,,,,,,,,,,,,,,,,,,,,,,,,,,,,,,,,,,,,,,,,,,,
,,,,,,,,[(%PROLIFIC_PID,1,2025-04-16_18h49.24.633,CLTandFLE,2024.1.5,Win32,60.24096386,608abc6251feb3ddc3b2e01d,67ffc4c40efe1bd1090b10ee,67ffdf4e5ecece8a2a0f1b3a,,,,,,,,,,,,,,,,,,,,,,,,,,,,,,,,,,,,,,,,,,,140.6443,146.3172,5.6728,1,0,44.4967,-0.022222222,0.000925926,0,0,0,0,6,6,35,1,d,Il paziente non ha preso il Batatrim,Il paziente non ha superato la crisi,,,,,,,,,,,,,,,,,,,,,,,,,,,,,,,,,,,,,,,,,,,,,,,,,,,,,,,,,,,,,,,,,,,,,,,,,,,,,,,,,,,,,,
,,,,,,,,[(%PROLIFIC_PID,1,2025-04-16_18h49.24.633,CLTandFLE,2024.1.5,Win32,60.24096386,608abc6251feb3ddc3b2e01d,67ffc4c40efe1bd1090b10ee,67ffdf4e5ecece8a2a0f1b3a,,,,,,,,,,,,,,,,,,,,,,,,,,,,,,,,,,,,,,,,,,,146.3173,151.6263,5.3089,1,0,49.8056,0.040740741,0.003703704,0,0,0,0,7,7,21,1,c,Il paziente non ha preso il Batatrim,Il paziente ha superato la crisi,,,,,,,,,,,,,,,,,,,,,,,,,,,,,,,,,,,,,,,,,,,,,,,,,,,,,,,,,,,,,,,,,,,,,,,,,,,,,,,,,,,,,,
,,,,,,,,[(%PROLIFIC_PID,1,2025-04-16_18h49.24.633,CLTandFLE,2024.1.5,Win32,60.24096386,608abc6251feb3ddc3b2e01d,67ffc4c40efe1bd1090b10ee,67ffdf4e5ecece8a2a0f1b3a,,,,,,,,,,,,,,,,,,,,,,,,,,,,,,,,,,,,,,,,,,,151.6266,157.7896,6.1628,0,1,55.9684,-0.057407407,0.012962963,0,0,0,0,8,8,33,1,c,Il paziente non ha preso il Batatrim,Il paziente ha superato la crisi,,,,,,,,,,,,,,,,,,,,,,,,,,,,,,,,,,,,,,,,,,,,,,,,,,,,,,,,,,,,,,,,,,,,,,,,,,,,,,,,,,,,,,
,,,,,,,,[(%PROLIFIC_PID,1,2025-04-16_18h49.24.633,CLTandFLE,2024.1.5,Win32,60.24096386,608abc6251feb3ddc3b2e01d,67ffc4c40efe1bd1090b10ee,67ffdf4e5ecece8a2a0f1b3a,,,,,,,,,,,,,,,,,,,,,,,,,,,,,,,,,,,,,,,,,,,157.7901,163.3323,5.5422,1,0,61.5106,0.031481481,-0.046296296,0,0,0,0,9,9,9,1,a,Il paziente ha preso il Batatrim,Il paziente ha superato la crisi,,,,,,,,,,,,,,,,,,,,,,,,,,,,,,,,,,,,,,,,,,,,,,,,,,,,,,,,,,,,,,,,,,,,,,,,,,,,,,,,,,,,,,
,,,,,,,,[(%PROLIFIC_PID,1,2025-04-16_18h49.24.633,CLTandFLE,2024.1.5,Win32,60.24096386,608abc6251feb3ddc3b2e01d,67ffc4c40efe1bd1090b10ee,67ffdf4e5ecece8a2a0f1b3a,,,,,,,,,,,,,,,,,,,,,,,,,,,,,,,,,,,,,,,,,,,163.3326,178.2647,14.9319,0,1,76.4425,0.133333333,-0.026851852,0,0,0,0,10,10,34,1,c,Il paziente non ha preso il Batatrim,Il paziente ha superato la crisi,,,,,,,,,,,,,,,,,,,,,,,,,,,,,,,,,,,,,,,,,,,,,,,,,,,,,,,,,,,,,,,,,,,,,,,,,,,,,,,,,,,,,,
,,,,,,,,[(%PROLIFIC_PID,1,2025-04-16_18h49.24.633,CLTandFLE,2024.1.5,Win32,60.24096386,608abc6251feb3ddc3b2e01d,67ffc4c40efe1bd1090b10ee,67ffdf4e5ecece8a2a0f1b3a,,,,,,,,,,,,,,,,,,,,,,,,,,,,,,,,,,,,,,,,,,,178.2649,183.598,5.3325,1,0,81.775,0.018518519,-0.017592593,0,0,0,0,11,11,14,1,b,Il paziente ha preso il Batatrim,Il paziente ha superato la crisi,,,,,,,,,,,,,,,,,,,,,,,,,,,,,,,,,,,,,,,,,,,,,,,,,,,,,,,,,,,,,,,,,,,,,,,,,,,,,,,,,,,,,,
,,,,,,,,[(%PROLIFIC_PID,1,2025-04-16_18h49.24.633,CLTandFLE,2024.1.5,Win32,60.24096386,608abc6251feb3ddc3b2e01d,67ffc4c40efe1bd1090b10ee,67ffdf4e5ecece8a2a0f1b3a,,,,,,,,,,,,,,,,,,,,,,,,,,,,,,,,,,,,,,,,,,,183.5982,191.2803,7.6821,0,1,89.4571,0.012962963,-0.010185185,0,0,0,0,12,12,25,1,c,Il paziente non ha preso il Batatrim,Il paziente ha superato la crisi,,,,,,,,,,,,,,,,,,,,,,,,,,,,,,,,,,,,,,,,,,,,,,,,,,,,,,,,,,,,,,,,,,,,,,,,,,,,,,,,,,,,,,
,,,,,,,,[(%PROLIFIC_PID,1,2025-04-16_18h49.24.633,CLTandFLE,2024.1.5,Win32,60.24096386,608abc6251feb3ddc3b2e01d,67ffc4c40efe1bd1090b10ee,67ffdf4e5ecece8a2a0f1b3a,,,,,,,,,,,,,,,,,,,,,,,,,,,,,,,,,,,,,,,,,,,191.2805,199.9635,8.6828,0,1,98.1399,0.202777778,-0.082407407,0,0,0,0,13,13,28,1,c,Il paziente non ha preso il Batatrim,Il paziente ha superato la crisi,,,,,,,,,,,,,,,,,,,,,,,,,,,,,,,,,,,,,,,,,,,,,,,,,,,,,,,,,,,,,,,,,,,,,,,,,,,,,,,,,,,,,,
,,,,,,,,[(%PROLIFIC_PID,1,2025-04-16_18h49.24.633,CLTandFLE,2024.1.5,Win32,60.24096386,608abc6251feb3ddc3b2e01d,67ffc4c40efe1bd1090b10ee,67ffdf4e5ecece8a2a0f1b3a,,,,,,,,,,,,,,,,,,,,,,,,,,,,,,,,,,,,,,,,,,,199.9636,205.2624,5.2987,1,0,103.4386,0.047222222,-0.046296296,0,0,0,0,14,14,4,1,a,Il paziente ha preso il Batatrim,Il paziente ha superato la crisi,,,,,,,,,,,,,,,,,,,,,,,,,,,,,,,,,,,,,,,,,,,,,,,,,,,,,,,,,,,,,,,,,,,,,,,,,,,,,,,,,,,,,,
,,,,,,,,[(%PROLIFIC_PID,1,2025-04-16_18h49.24.633,CLTandFLE,2024.1.5,Win32,60.24096386,608abc6251feb3ddc3b2e01d,67ffc4c40efe1bd1090b10ee,67ffdf4e5ecece8a2a0f1b3a,,,,,,,,,,,,,,,,,,,,,,,,,,,,,,,,,,,,,,,,,,,205.2626,209.6627,4.4,1,0,107.8386,-0.024074074,-0.046296296,0,0,0,0,15,15,1,1,a,Il paziente ha preso il Batatrim,Il paziente ha superato la crisi,,,,,,,,,,,,,,,,,,,,,,,,,,,,,,,,,,,,,,,,,,,,,,,,,,,,,,,,,,,,,,,,,,,,,,,,,,,,,,,,,,,,,,
,,,,,,,,[(%PROLIFIC_PID,1,2025-04-16_18h49.24.633,CLTandFLE,2024.1.5,Win32,60.24096386,608abc6251feb3ddc3b2e01d,67ffc4c40efe1bd1090b10ee,67ffdf4e5ecece8a2a0f1b3a,,,,,,,,,,,,,,,,,,,,,,,,,,,,,,,,,,,,,,,,,,,209.6629,214.6955,5.0325,0,1,112.8711,0.15,0.015740741,0,0,0,0,16,16,37,1,d,Il paziente non ha preso il Batatrim,Il paziente non ha superato la crisi,,,,,,,,,,,,,,,,,,,,,,,,,,,,,,,,,,,,,,,,,,,,,,,,,,,,,,,,,,,,,,,,,,,,,,,,,,,,,,,,,,,,,,
,,,,,,,,[(%PROLIFIC_PID,1,2025-04-16_18h49.24.633,CLTandFLE,2024.1.5,Win32,60.24096386,608abc6251feb3ddc3b2e01d,67ffc4c40efe1bd1090b10ee,67ffdf4e5ecece8a2a0f1b3a,,,,,,,,,,,,,,,,,,,,,,,,,,,,,,,,,,,,,,,,,,,214.6957,219.1622,4.4664,1,0,117.3375,-0.015740741,-0.009259259,0,0,0,0,17,17,7,1,a,Il paziente ha preso il Batatrim,Il paziente ha superato la crisi,,,,,,,,,,,,,,,,,,,,,,,,,,,,,,,,,,,,,,,,,,,,,,,,,,,,,,,,,,,,,,,,,,,,,,,,,,,,,,,,,,,,,,
,,,,,,,,[(%PROLIFIC_PID,1,2025-04-16_18h49.24.633,CLTandFLE,2024.1.5,Win32,60.24096386,608abc6251feb3ddc3b2e01d,67ffc4c40efe1bd1090b10ee,67ffdf4e5ecece8a2a0f1b3a,,,,,,,,,,,,,,,,,,,,,,,,,,,,,,,,,,,,,,,,,,,219.1624,223.3617,4.1992,1,0,121.5367,0.00462963,-0.015740741,0,0,0,0,18,18,15,1,b,Il paziente ha preso il Batatrim,Il paziente non ha superato la crisi,,,,,,,,,,,,,,,,,,,,,,,,,,,,,,,,,,,,,,,,,,,,,,,,,,,,,,,,,,,,,,,,,,,,,,,,,,,,,,,,,,,,,,
,,,,,,,,[(%PROLIFIC_PID,1,2025-04-16_18h49.24.633,CLTandFLE,2024.1.5,Win32,60.24096386,608abc6251feb3ddc3b2e01d,67ffc4c40efe1bd1090b10ee,67ffdf4e5ecece8a2a0f1b3a,,,,,,,,,,,,,,,,,,,,,,,,,,,,,,,,,,,,,,,,,,,223.362,228.7541,5.392,1,0,126.9287,-0.151851852,-0.061111111,0,0,0,0,19,19,5,1,a,Il paziente ha preso il Batatrim,Il paziente ha superato la crisi,,,,,,,,,,,,,,,,,,,,,,,,,,,,,,,,,,,,,,,,,,,,,,,,,,,,,,,,,,,,,,,,,,,,,,,,,,,,,,,,,,,,,,
,,,,,,,,[(%PROLIFIC_PID,1,2025-04-16_18h49.24.633,CLTandFLE,2024.1.5,Win32,60.24096386,608abc6251feb3ddc3b2e01d,67ffc4c40efe1bd1090b10ee,67ffdf4e5ecece8a2a0f1b3a,,,,,,,,,,,,,,,,,,,,,,,,,,,,,,,,,,,,,,,,,,,228.7543,233.7272,4.9727,0,1,131.9014,0.175,-0.043518519,0,0,0,0,20,20,38,1,d,Il paziente non ha preso il Batatrim,Il paziente non ha superato la crisi,,,,,,,,,,,,,,,,,,,,,,,,,,,,,,,,,,,,,,,,,,,,,,,,,,,,,,,,,,,,,,,,,,,,,,,,,,,,,,,,,,,,,,
,,,,,,,,[(%PROLIFIC_PID,1,2025-04-16_18h49.24.633,CLTandFLE,2024.1.5,Win32,60.24096386,608abc6251feb3ddc3b2e01d,67ffc4c40efe1bd1090b10ee,67ffdf4e5ecece8a2a0f1b3a,,,,,,,,,,,,,,,,,,,,,,,,,,,,,,,,,,,,,,,,,,,233.7274,239.477,5.7494,0,1,137.6508,0.081481481,-0.031481481,0,0,0,0,21,21,20,1,c,Il paziente non ha preso il Batatrim,Il paziente ha superato la crisi,,,,,,,,,,,,,,,,,,,,,,,,,,,,,,,,,,,,,,,,,,,,,,,,,,,,,,,,,,,,,,,,,,,,,,,,,,,,,,,,,,,,,,
,,,,,,,,[(%PROLIFIC_PID,1,2025-04-16_18h49.24.633,CLTandFLE,2024.1.5,Win32,60.24096386,608abc6251feb3ddc3b2e01d,67ffc4c40efe1bd1090b10ee,67ffdf4e5ecece8a2a0f1b3a,,,,,,,,,,,,,,,,,,,,,,,,,,,,,,,,,,,,,,,,,,,239.4772,244.8279,5.3501,0,1,143.0009,0.02962963,-0.043518519,0,0,0,0,22,22,2,1,a,Il paziente ha preso il Batatrim,Il paziente ha superato la crisi,,,,,,,,,,,,,,,,,,,,,,,,,,,,,,,,,,,,,,,,,,,,,,,,,,,,,,,,,,,,,,,,,,,,,,,,,,,,,,,,,,,,,,
,,,,,,,,[(%PROLIFIC_PID,1,2025-04-16_18h49.24.633,CLTandFLE,2024.1.5,Win32,60.24096386,608abc6251feb3ddc3b2e01d,67ffc4c40efe1bd1090b10ee,67ffdf4e5ecece8a2a0f1b3a,,,,,,,,,,,,,,,,,,,,,,,,,,,,,,,,,,,,,,,,,,,244.8282,252.6421,7.8137,1,0,150.8146,-0.197222222,-0.147222222,0,0,0,0,23,23,27,1,c,Il paziente non ha preso il Batatrim,Il paziente ha superato la crisi,,,,,,,,,,,,,,,,,,,,,,,,,,,,,,,,,,,,,,,,,,,,,,,,,,,,,,,,,,,,,,,,,,,,,,,,,,,,,,,,,,,,,,
,,,,,,,,[(%PROLIFIC_PID,1,2025-04-16_18h49.24.633,CLTandFLE,2024.1.5,Win32,60.24096386,608abc6251feb3ddc3b2e01d,67ffc4c40efe1bd1090b10ee,67ffdf4e5ecece8a2a0f1b3a,,,,,,,,,,,,,,,,,,,,,,,,,,,,,,,,,,,,,,,,,,,252.6423,257.2522,4.6097,1,0,155.4243,0.00462963,-0.026851852,0,0,0,0,24,24,16,1,b,Il paziente ha preso il Batatrim,Il paziente non ha superato la crisi,,,,,,,,,,,,,,,,,,,,,,,,,,,,,,,,,,,,,,,,,,,,,,,,,,,,,,,,,,,,,,,,,,,,,,,,,,,,,,,,,,,,,,
,,,,,,,,[(%PROLIFIC_PID,1,2025-04-16_18h49.24.633,CLTandFLE,2024.1.5,Win32,60.24096386,608abc6251feb3ddc3b2e01d,67ffc4c40efe1bd1090b10ee,67ffdf4e5ecece8a2a0f1b3a,,,,,,,,,,,,,,,,,,,,,,,,,,,,,,,,,,,,,,,,,,,257.2525,262.1354,4.8826,0,1,160.3069,0.075925926,-0.042592593,0,0,0,0,25,25,29,1,c,Il paziente non ha preso il Batatrim,Il paziente ha superato la crisi,,,,,,,,,,,,,,,,,,,,,,,,,,,,,,,,,,,,,,,,,,,,,,,,,,,,,,,,,,,,,,,,,,,,,,,,,,,,,,,,,,,,,,
,,,,,,,,[(%PROLIFIC_PID,1,2025-04-16_18h49.24.633,CLTandFLE,2024.1.5,Win32,60.24096386,608abc6251feb3ddc3b2e01d,67ffc4c40efe1bd1090b10ee,67ffdf4e5ecece8a2a0f1b3a,,,,,,,,,,,,,,,,,,,,,,,,,,,,,,,,,,,,,,,,,,,262.1358,267.7514,5.6155,1,0,165.9224,-0.046296296,-0.035185185,0,0,0,0,26,26,39,1,d,Il paziente non ha preso il Batatrim,Il paziente non ha superato la crisi,,,,,,,,,,,,,,,,,,,,,,,,,,,,,,,,,,,,,,,,,,,,,,,,,,,,,,,,,,,,,,,,,,,,,,,,,,,,,,,,,,,,,,
,,,,,,,,[(%PROLIFIC_PID,1,2025-04-16_18h49.24.633,CLTandFLE,2024.1.5,Win32,60.24096386,608abc6251feb3ddc3b2e01d,67ffc4c40efe1bd1090b10ee,67ffdf4e5ecece8a2a0f1b3a,,,,,,,,,,,,,,,,,,,,,,,,,,,,,,,,,,,,,,,,,,,267.7517,272.0013,4.2494,1,0,170.1718,-0.046296296,-0.034259259,0,0,0,0,27,27,17,1,b,Il paziente ha preso il Batatrim,Il paziente non ha superato la crisi,,,,,,,,,,,,,,,,,,,,,,,,,,,,,,,,,,,,,,,,,,,,,,,,,,,,,,,,,,,,,,,,,,,,,,,,,,,,,,,,,,,,,,
,,,,,,,,[(%PROLIFIC_PID,1,2025-04-16_18h49.24.633,CLTandFLE,2024.1.5,Win32,60.24096386,608abc6251feb3ddc3b2e01d,67ffc4c40efe1bd1090b10ee,67ffdf4e5ecece8a2a0f1b3a,,,,,,,,,,,,,,,,,,,,,,,,,,,,,,,,,,,,,,,,,,,272.0016,276.3841,4.3824,1,0,174.5542,-0.055555556,0.001851852,0,0,0,0,28,28,3,1,a,Il paziente ha preso il Batatrim,Il paziente ha superato la crisi,,,,,,,,,,,,,,,,,,,,,,,,,,,,,,,,,,,,,,,,,,,,,,,,,,,,,,,,,,,,,,,,,,,,,,,,,,,,,,,,,,,,,,
,,,,,,,,[(%PROLIFIC_PID,1,2025-04-16_18h49.24.633,CLTandFLE,2024.1.5,Win32,60.24096386,608abc6251feb3ddc3b2e01d,67ffc4c40efe1bd1090b10ee,67ffdf4e5ecece8a2a0f1b3a,,,,,,,,,,,,,,,,,,,,,,,,,,,,,,,,,,,,,,,,,,,276.3844,280.5172,4.1326,1,0,178.6868,-0.092592593,0.005555556,0,0,0,0,29,29,12,1,a,Il paziente ha preso il Batatrim,Il paziente ha superato la crisi,,,,,,,,,,,,,,,,,,,,,,,,,,,,,,,,,,,,,,,,,,,,,,,,,,,,,,,,,,,,,,,,,,,,,,,,,,,,,,,,,,,,,,
,,,,,,,,[(%PROLIFIC_PID,1,2025-04-16_18h49.24.633,CLTandFLE,2024.1.5,Win32,60.24096386,608abc6251feb3ddc3b2e01d,67ffc4c40efe1bd1090b10ee,67ffdf4e5ecece8a2a0f1b3a,,,,,,,,,,,,,,,,,,,,,,,,,,,,,,,,,,,,,,,,,,,280.5174,285.5002,4.9826,0,1,183.6694,0.017592593,-0.015740741,0,0,0,0,30,30,36,1,d,Il paziente non ha preso il Batatrim,Il paziente non ha superato la crisi,,,,,,,,,,,,,,,,,,,,,,,,,,,,,,,,,,,,,,,,,,,,,,,,,,,,,,,,,,,,,,,,,,,,,,,,,,,,,,,,,,,,,,
,,,,,,,,[(%PROLIFIC_PID,1,2025-04-16_18h49.24.633,CLTandFLE,2024.1.5,Win32,60.24096386,608abc6251feb3ddc3b2e01d,67ffc4c40efe1bd1090b10ee,67ffdf4e5ecece8a2a0f1b3a,,,,,,,,,,,,,,,,,,,,,,,,,,,,,,,,,,,,,,,,,,,285.5006,290.1831,4.6824,0,1,188.3518,-0.005555556,-0.02037037,0,0,0,0,31,31,6,1,a,Il paziente ha preso il Batatrim,Il paziente ha superato la crisi,,,,,,,,,,,,,,,,,,,,,,,,,,,,,,,,,,,,,,,,,,,,,,,,,,,,,,,,,,,,,,,,,,,,,,,,,,,,,,,,,,,,,,
,,,,,,,,[(%PROLIFIC_PID,1,2025-04-16_18h49.24.633,CLTandFLE,2024.1.5,Win32,60.24096386,608abc6251feb3ddc3b2e01d,67ffc4c40efe1bd1090b10ee,67ffdf4e5ecece8a2a0f1b3a,,,,,,,,,,,,,,,,,,,,,,,,,,,,,,,,,,,,,,,,,,,290.1834,294.7495,4.5659,1,0,192.9177,-0.012962963,0.046296296,0,0,0,0,32,32,19,1,b,Il paziente ha preso il Batatrim,Il paziente non ha superato la crisi,,,,,,,,,,,,,,,,,,,,,,,,,,,,,,,,,,,,,,,,,,,,,,,,,,,,,,,,,,,,,,,,,,,,,,,,,,,,,,,,,,,,,,
,,,,,,,,[(%PROLIFIC_PID,1,2025-04-16_18h49.24.633,CLTandFLE,2024.1.5,Win32,60.24096386,608abc6251feb3ddc3b2e01d,67ffc4c40efe1bd1090b10ee,67ffdf4e5ecece8a2a0f1b3a,,,,,,,,,,,,,,,,,,,,,,,,,,,,,,,,,,,,,,,,,,,294.7498,299.6386,4.8865,0,1,197.8042,0.010185185,0.034259259,0,0,0,0,33,33,13,1,a,Il paziente ha preso il Batatrim,Il paziente ha superato la crisi,,,,,,,,,,,,,,,,,,,,,,,,,,,,,,,,,,,,,,,,,,,,,,,,,,,,,,,,,,,,,,,,,,,,,,,,,,,,,,,,,,,,,,
,,,,,,,,[(%PROLIFIC_PID,1,2025-04-16_18h49.24.633,CLTandFLE,2024.1.5,Win32,60.24096386,608abc6251feb3ddc3b2e01d,67ffc4c40efe1bd1090b10ee,67ffdf4e5ecece8a2a0f1b3a,,,,,,,,,,,,,,,,,,,,,,,,,,,,,,,,,,,,,,,,,,,299.6387,304.2655,4.6267,1,0,202.4309,-0.137037037,-0.015740741,0,0,0,0,34,34,0,1,a,Il paziente ha preso il Batatrim,Il paziente ha superato la crisi,,,,,,,,,,,,,,,,,,,,,,,,,,,,,,,,,,,,,,,,,,,,,,,,,,,,,,,,,,,,,,,,,,,,,,,,,,,,,,,,,,,,,,
,,,,,,,,[(%PROLIFIC_PID,1,2025-04-16_18h49.24.633,CLTandFLE,2024.1.5,Win32,60.24096386,608abc6251feb3ddc3b2e01d,67ffc4c40efe1bd1090b10ee,67ffdf4e5ecece8a2a0f1b3a,,,,,,,,,,,,,,,,,,,,,,,,,,,,,,,,,,,,,,,,,,,304.2658,308.7084,4.4424,0,1,206.8733,-0.012037037,-0.046296296,0,0,0,0,35,35,23,1,c,Il paziente non ha preso il Batatrim,Il paziente ha superato la crisi,,,,,,,,,,,,,,,,,,,,,,,,,,,,,,,,,,,,,,,,,,,,,,,,,,,,,,,,,,,,,,,,,,,,,,,,,,,,,,,,,,,,,,
,,,,,,,,[(%PROLIFIC_PID,1,2025-04-16_18h49.24.633,CLTandFLE,2024.1.5,Win32,60.24096386,608abc6251feb3ddc3b2e01d,67ffc4c40efe1bd1090b10ee,67ffdf4e5ecece8a2a0f1b3a,,,,,,,,,,,,,,,,,,,,,,,,,,,,,,,,,,,,,,,,,,,308.7085,313.7246,5.0159,1,0,211.8892,-0.021296296,-0.044444444,0,0,0,0,36,36,26,1,c,Il paziente non ha preso il Batatrim,Il paziente ha superato la crisi,,,,,,,,,,,,,,,,,,,,,,,,,,,,,,,,,,,,,,,,,,,,,,,,,,,,,,,,,,,,,,,,,,,,,,,,,,,,,,,,,,,,,,
,,,,,,,,[(%PROLIFIC_PID,1,2025-04-16_18h49.24.633,CLTandFLE,2024.1.5,Win32,60.24096386,608abc6251feb3ddc3b2e01d,67ffc4c40efe1bd1090b10ee,67ffdf4e5ecece8a2a0f1b3a,,,,,,,,,,,,,,,,,,,,,,,,,,,,,,,,,,,,,,,,,,,313.7247,318.6254,4.9007,1,0,216.7899,-0.035185185,-0.036111111,0,0,0,0,37,37,24,1,c,Il paziente non ha preso il Batatrim,Il paziente ha superato la crisi,,,,,,,,,,,,,,,,,,,,,,,,,,,,,,,,,,,,,,,,,,,,,,,,,,,,,,,,,,,,,,,,,,,,,,,,,,,,,,,,,,,,,,
,,,,,,,,[(%PROLIFIC_PID,1,2025-04-16_18h49.24.633,CLTandFLE,2024.1.5,Win32,60.24096386,608abc6251feb3ddc3b2e01d,67ffc4c40efe1bd1090b10ee,67ffdf4e5ecece8a2a0f1b3a,,,,,,,,,,,,,,,,,,,,,,,,,,,,,,,,,,,,,,,,,,,318.6257,322.8085,4.1827,1,0,220.9726,-0.010185185,-0.04537037,0,0,0,0,38,38,8,1,a,Il paziente ha preso il Batatrim,Il paziente ha superato la crisi,,,,,,,,,,,,,,,,,,,,,,,,,,,,,,,,,,,,,,,,,,,,,,,,,,,,,,,,,,,,,,,,,,,,,,,,,,,,,,,,,,,,,,
,,,,,,,,[(%PROLIFIC_PID,1,2025-04-16_18h49.24.633,CLTandFLE,2024.1.5,Win32,60.24096386,608abc6251feb3ddc3b2e01d,67ffc4c40efe1bd1090b10ee,67ffdf4e5ecece8a2a0f1b3a,,,,,,,,,,,,,,,,,,,,,,,,,,,,,,,,,,,,,,,,,,,322.8087,326.9701,4.1613,1,0,225.1339,-0.002777778,-0.040740741,0,0,0,0,39,39,11,1,a,Il paziente ha preso il Batatrim,Il paziente ha superato la crisi,,,,,,,,,,,,,,,,,,,,,,,,,,,,,,,,,,,,,,,,,,,,,,,,,,,,,,,,,,,,,,,,,,,,,,,,,,,,,,,,,,,,,,
,,,,,,,,[(%PROLIFIC_PID,1,2025-04-16_18h49.24.633,CLTandFLE,2024.1.5,Win32,60.24096386,608abc6251feb3ddc3b2e01d,67ffc4c40efe1bd1090b10ee,67ffdf4e5ecece8a2a0f1b3a,,351.7797,352.7789,,,,,,,,,,,,,,,,,,,,,,,,,,,,,,,,,,,,,,,,,,,,,,,,,,,,,,,,,,,327.9644,340.0463,12.0817,60,11.3921,0.028703704,-0.193518519,1,0,0,341.0468,351.7796,10.732,80,8.4058,0.008333333,-0.17962963,1,0,0,5,7,15,17,0,0,0,0,1,,,,,,,,,,,,,,,,,,,,,,,,,,,,,,,,,,,,,,,,,,,,,,,,,,,,,,,,,
,,,,,,,,[(%PROLIFIC_PID,1,2025-04-16_18h49.24.633,CLTandFLE,2024.1.5,Win32,60.24096386,608abc6251feb3ddc3b2e01d,67ffc4c40efe1bd1090b10ee,67ffdf4e5ecece8a2a0f1b3a,,550.6668,551.6645,,,,,,,,,,,,,,,,,,,,,,,,,,,,,,,,,,,,,,,,,,,,,,,,,,,,,,,,,,,,,,,,,,,,,,,,,,,,,,,,,,,,,,,,392.9762,401.8419,8.8654,2,6.2122,-0.012037037,-0.212037037,1,0,0,22,Femmina,Sì,17,No,TRUE,FALSE,4,9,9,7,6,FALSE,Conferma,c1ok,c2ok,c3ok,c4ok,c5ok,c6ok,c7err2,c8ok,c9ok,c10ok,c11ok,c12err,c13ok,c14ok,c15ok,c16ok,c17err,c18ok,c19err2,c20err,c21err2,c22ok,c23ok,c24ok,c25err2,c26ok,829.7491,836.1273,0,0,0,0,1
