﻿Alfa.started,Alfa.stopped,alfa_mouse.x,alfa_mouse.y,alfa_mouse.leftButton,alfa_mouse.midButton,alfa_mouse.rightButton,alfa_mouse.clicked_name,participant,group,date,expName,psychopyVersion,OS,frameRate,PROLIFIC_PID,STUDY_ID,SESSION_ID,)],ITI.started,ITI.stopped,B_consensoinformato.started,B_consensoinformato.stopped,tempo_consenso,cons_mouse.x,cons_mouse.y,cons_mouse.leftButton,cons_mouse.midButton,cons_mouse.rightButton,A_benvenuto.started,A_benvenuto.stopped,ben_mouse.x,ben_mouse.y,ben_mouse.leftButton,ben_mouse.midButton,ben_mouse.rightButton,B2_istruzioni.started,B2_istruzioni.stopped,tempo_istru,cons_mouse_2.x,cons_mouse_2.y,cons_mouse_2.leftButton,cons_mouse_2.midButton,cons_mouse_2.rightButton,SAMevaluation.started,SAMevaluation.stopped,temposam,sliderintensity.response,sliderintensity.rt,slidervalence.response,slidervalence.rt,mouse_sam.x,mouse_sam.y,mouse_sam.leftButton,mouse_sam.midButton,mouse_sam.rightButton,mouse_sam.time,mouse_sam.clicked_name,Loading.started,Loading.stopped,C_associative_task.started,C_associative_task.stopped,tempo_trial,hapremutosi,hapremutono,tempo_tasktot,mouse.x,mouse.y,mouse.leftButton,mouse.midButton,mouse.rightButton,trials.thisRepN,trials.thisTrialN,trials.thisN,trials.thisIndex,trials.ran,cond,causa,effetto,D_VD.started,D_VD.stopped,tempo_vd,vd.response,vd.rt,mouse_vd.x,mouse_vd.y,mouse_vd.leftButton,mouse_vd.midButton,mouse_vd.rightButton,Previous.started,Previous.stopped,tempo_vd1,previous.response,previous.rt,mouse_vd_2.x,mouse_vd_2.y,mouse_vd_2.leftButton,mouse_vd_2.midButton,mouse_vd_2.rightButton,EstENG.TrialNN,EstENG.TrialSS,EstENG.TrialNS,EstENG.TrialSN,ingesta.thisRepN,ingesta.thisTrialN,ingesta.thisN,ingesta.thisIndex,ingesta.ran,PF.started,PF.stopped,tempo_pf,processfluency.response,processfluency.rt,mouse_ch.x,mouse_ch.y,mouse_ch.leftButton,mouse_ch.midButton,mouse_ch.rightButton,Questionario_Lingua.Age,Questionario_Lingua.Sesso,Questionario_Lingua.StaiStudiando?,Questionario_Lingua.Anniscolarita,Questionario_Lingua.Diploma,Questionario_Lingua.ItaMADRE?,Questionario_Lingua.INGmadre?,Questionario_Lingua.Q5(AOAIng),Questionario_Lingua.INGLETTURA,Questionario_Lingua.INGCOMPRESO,Questionario_Lingua.INGSCRITTO,Questionario_Lingua.INGPARLATO,Questionario_Lingua.haivissutoestero,ProvaInglese.ProcediamoENg,ProvaInglese.C1,ProvaInglese.C2,ProvaInglese.C3,ProvaInglese.C4,ProvaInglese.C5,ProvaInglese.C6,ProvaInglese.C7,ProvaInglese.C8,ProvaInglese.C9,ProvaInglese.C10,ProvaInglese.C11,ProvaInglese.C12,ProvaInglese.C13,ProvaInglese.C14,ProvaInglese.C15,ProvaInglese.C16,ProvaInglese.C17,ProvaInglese.C18,ProvaInglese.C19,ProvaInglese.C20,ProvaInglese.C21,ProvaInglese.C22,ProvaInglese.C23,ProvaInglese.C24,ProvaInglese.C25,ProvaInglese.controlquestion,Ant_lastquestion.started,Ant_lastquestion.stopped,exp_loop.thisRepN,exp_loop.thisTrialN,exp_loop.thisN,exp_loop.thisIndex,exp_loop.ran
0.0003,60.7407,0.059259273,-0.01666666,1,0,0,alfa_mask,[(%PROLIFIC_PID,2,2025-04-16_18h49.52.299,CLTandFLE,2024.1.5,Win32,59.88023952,578b4394ad1a6c0001466a6d,67ffc4c40efe1bd1090b10ee,67ffdfabf1c9cc67845af793,,,,,,,,,,,,,,,,,,,,,,,,,,,,,,,,,,,,,,,,,,,,,,,,,,,,,,,,,,,,,,,,,,,,,,,,,,,,,,,,,,,,,,,,,,,,,,,,,,,,,,,,,,,,,,,,,,,,,,,,,,,,,,,,,,,,,,,,,,,,,,,,,,,
,,,,,,,,[(%PROLIFIC_PID,2,2025-04-16_18h49.52.299,CLTandFLE,2024.1.5,Win32,59.88023952,578b4394ad1a6c0001466a6d,67ffc4c40efe1bd1090b10ee,67ffdfabf1c9cc67845af793,,60.7414,61.7269,,,,,,,,,,,,,,,,,,,,,,,,,,,,,,,,,,,,,,,,,,,,,,,,,,,,,,,,,,,,,,,,,,,,,,,,,,,,,,,,,,,,,,,,,,,,,,,,,,,,,,,,,,,,,,,,,,,,,,,,,,,,,,,,,,,,,,,,,,,,,,,,
,,,,,,,,[(%PROLIFIC_PID,2,2025-04-16_18h49.52.299,CLTandFLE,2024.1.5,Win32,59.88023952,578b4394ad1a6c0001466a6d,67ffc4c40efe1bd1090b10ee,67ffdfabf1c9cc67845af793,,,,61.7273,74.6099,12.8821,0.228703746,-0.409259302,1,0,0,,,,,,,,,,,,,,,,,,,,,,,,,,,,,,,,,,,,,,,,,,,,,,,,,,,,,,,,,,,,,,,,,,,,,,,,,,,,,,,,,,,,,,,,,,,,,,,,,,,,,,,,,,,,,,,,,,,,,,,,,,,,,,,,,,,,,,,,
,,,,,,,,[(%PROLIFIC_PID,2,2025-04-16_18h49.52.299,CLTandFLE,2024.1.5,Win32,59.88023952,578b4394ad1a6c0001466a6d,67ffc4c40efe1bd1090b10ee,67ffdfabf1c9cc67845af793,,173.4607,174.4601,,,,,,,,,75.6106,77.7932,-0.013888889,-0.100000028,1,0,0,78.7931,144.3611,65.5667,0.018518519,-0.383333347,1,0,0,145.3607,165.4614,20.0992,0.627314815,7.6404,0.387731517,9.1872,"[0.006481523867006655,-0.020370342113353587,0.019444430315936054]","[0.20833333333333334,0.0009259117974175347,-0.19629633868182148]","[1,1,1]","[0,0,0]","[0,0,0]","[5.628899999998509,8.427999999999997,20.078800000004463]","[""sliderintensity"",""rettoksam""]",166.461,173.4605,174.5151,187.2391,12.7235,0,1,12.7235,0.191666709,-0.030555548,0,0,0,0,0,0,34,1,c,The patient has not taken Batatrim,The patient has overcome the crisis,,,,,,,,,,,,,,,,,,,,,,,,,,,,,,,,,,,,,,,,,,,,,,,,,,,,,,,,,,,,,,,,,,,,,,,,,,,,,,,,,,,,,,
,,,,,,,,[(%PROLIFIC_PID,2,2025-04-16_18h49.52.299,CLTandFLE,2024.1.5,Win32,59.88023952,578b4394ad1a6c0001466a6d,67ffc4c40efe1bd1090b10ee,67ffdfabf1c9cc67845af793,,,,,,,,,,,,,,,,,,,,,,,,,,,,,,,,,,,,,,,,,,,187.2402,194.3097,7.0693,0,1,19.7928,0.208333333,-0.029629637,0,0,0,0,1,1,36,1,d,The patient has not taken Batatrim,The patient has not overcome the crisis,,,,,,,,,,,,,,,,,,,,,,,,,,,,,,,,,,,,,,,,,,,,,,,,,,,,,,,,,,,,,,,,,,,,,,,,,,,,,,,,,,,,,,
,,,,,,,,[(%PROLIFIC_PID,2,2025-04-16_18h49.52.299,CLTandFLE,2024.1.5,Win32,59.88023952,578b4394ad1a6c0001466a6d,67ffc4c40efe1bd1090b10ee,67ffdfabf1c9cc67845af793,,,,,,,,,,,,,,,,,,,,,,,,,,,,,,,,,,,,,,,,,,,194.31,201.1097,6.7996,1,0,26.5924,-0.174074032,-0.039814808,0,0,0,0,2,2,19,1,b,The patient has taken Batatrim,The patient has not overcome the crisis,,,,,,,,,,,,,,,,,,,,,,,,,,,,,,,,,,,,,,,,,,,,,,,,,,,,,,,,,,,,,,,,,,,,,,,,,,,,,,,,,,,,,,
,,,,,,,,[(%PROLIFIC_PID,2,2025-04-16_18h49.52.299,CLTandFLE,2024.1.5,Win32,59.88023952,578b4394ad1a6c0001466a6d,67ffc4c40efe1bd1090b10ee,67ffdfabf1c9cc67845af793,,,,,,,,,,,,,,,,,,,,,,,,,,,,,,,,,,,,,,,,,,,201.1102,206.9214,5.811,0,1,32.4034,0.195370356,-0.043518526,0,0,0,0,3,3,31,1,c,The patient has not taken Batatrim,The patient has overcome the crisis,,,,,,,,,,,,,,,,,,,,,,,,,,,,,,,,,,,,,,,,,,,,,,,,,,,,,,,,,,,,,,,,,,,,,,,,,,,,,,,,,,,,,,
,,,,,,,,[(%PROLIFIC_PID,2,2025-04-16_18h49.52.299,CLTandFLE,2024.1.5,Win32,59.88023952,578b4394ad1a6c0001466a6d,67ffc4c40efe1bd1090b10ee,67ffdfabf1c9cc67845af793,,,,,,,,,,,,,,,,,,,,,,,,,,,,,,,,,,,,,,,,,,,206.9218,213.1865,6.2646,0,1,38.668,0.178703732,-0.047222243,0,0,0,0,4,4,11,1,a,The patient has taken Batatrim,The patient has overcome the crisis,,,,,,,,,,,,,,,,,,,,,,,,,,,,,,,,,,,,,,,,,,,,,,,,,,,,,,,,,,,,,,,,,,,,,,,,,,,,,,,,,,,,,,
,,,,,,,,[(%PROLIFIC_PID,2,2025-04-16_18h49.52.299,CLTandFLE,2024.1.5,Win32,59.88023952,578b4394ad1a6c0001466a6d,67ffc4c40efe1bd1090b10ee,67ffdfabf1c9cc67845af793,,,,,,,,,,,,,,,,,,,,,,,,,,,,,,,,,,,,,,,,,,,213.1868,219.0265,5.8395,1,0,44.5075,-0.175000014,-0.050925926,0,0,0,0,5,5,22,1,c,The patient has not taken Batatrim,The patient has overcome the crisis,,,,,,,,,,,,,,,,,,,,,,,,,,,,,,,,,,,,,,,,,,,,,,,,,,,,,,,,,,,,,,,,,,,,,,,,,,,,,,,,,,,,,,
,,,,,,,,[(%PROLIFIC_PID,2,2025-04-16_18h49.52.299,CLTandFLE,2024.1.5,Win32,59.88023952,578b4394ad1a6c0001466a6d,67ffc4c40efe1bd1090b10ee,67ffdfabf1c9cc67845af793,,,,,,,,,,,,,,,,,,,,,,,,,,,,,,,,,,,,,,,,,,,219.0269,225.0039,5.9767,1,0,50.4842,-0.149999972,-0.054629644,0,0,0,0,6,6,1,1,a,The patient has taken Batatrim,The patient has overcome the crisis,,,,,,,,,,,,,,,,,,,,,,,,,,,,,,,,,,,,,,,,,,,,,,,,,,,,,,,,,,,,,,,,,,,,,,,,,,,,,,,,,,,,,,
,,,,,,,,[(%PROLIFIC_PID,2,2025-04-16_18h49.52.299,CLTandFLE,2024.1.5,Win32,59.88023952,578b4394ad1a6c0001466a6d,67ffc4c40efe1bd1090b10ee,67ffdfabf1c9cc67845af793,,,,,,,,,,,,,,,,,,,,,,,,,,,,,,,,,,,,,,,,,,,225.0043,231.3546,6.3502,0,1,56.8344,0.051851838,-0.038888896,0,0,0,0,7,7,9,1,a,The patient has taken Batatrim,The patient has overcome the crisis,,,,,,,,,,,,,,,,,,,,,,,,,,,,,,,,,,,,,,,,,,,,,,,,,,,,,,,,,,,,,,,,,,,,,,,,,,,,,,,,,,,,,,
,,,,,,,,[(%PROLIFIC_PID,2,2025-04-16_18h49.52.299,CLTandFLE,2024.1.5,Win32,59.88023952,578b4394ad1a6c0001466a6d,67ffc4c40efe1bd1090b10ee,67ffdfabf1c9cc67845af793,,,,,,,,,,,,,,,,,,,,,,,,,,,,,,,,,,,,,,,,,,,231.3549,237.5545,6.1994,1,0,63.0338,-0.157407407,-0.037962984,0,0,0,0,8,8,35,1,d,The patient has not taken Batatrim,The patient has not overcome the crisis,,,,,,,,,,,,,,,,,,,,,,,,,,,,,,,,,,,,,,,,,,,,,,,,,,,,,,,,,,,,,,,,,,,,,,,,,,,,,,,,,,,,,,
,,,,,,,,[(%PROLIFIC_PID,2,2025-04-16_18h49.52.299,CLTandFLE,2024.1.5,Win32,59.88023952,578b4394ad1a6c0001466a6d,67ffc4c40efe1bd1090b10ee,67ffdfabf1c9cc67845af793,,,,,,,,,,,,,,,,,,,,,,,,,,,,,,,,,,,,,,,,,,,237.555,246.1049,8.5492,1,0,71.583,-0.160185143,-0.039814808,0,0,0,0,9,9,39,1,d,The patient has not taken Batatrim,The patient has not overcome the crisis,,,,,,,,,,,,,,,,,,,,,,,,,,,,,,,,,,,,,,,,,,,,,,,,,,,,,,,,,,,,,,,,,,,,,,,,,,,,,,,,,,,,,,
,,,,,,,,[(%PROLIFIC_PID,2,2025-04-16_18h49.52.299,CLTandFLE,2024.1.5,Win32,59.88023952,578b4394ad1a6c0001466a6d,67ffc4c40efe1bd1090b10ee,67ffdfabf1c9cc67845af793,,,,,,,,,,,,,,,,,,,,,,,,,,,,,,,,,,,,,,,,,,,246.1052,251.3876,5.2822,0,1,76.8652,0.048148191,-0.050925926,0,0,0,0,10,10,21,1,c,The patient has not taken Batatrim,The patient has overcome the crisis,,,,,,,,,,,,,,,,,,,,,,,,,,,,,,,,,,,,,,,,,,,,,,,,,,,,,,,,,,,,,,,,,,,,,,,,,,,,,,,,,,,,,,
,,,,,,,,[(%PROLIFIC_PID,2,2025-04-16_18h49.52.299,CLTandFLE,2024.1.5,Win32,59.88023952,578b4394ad1a6c0001466a6d,67ffc4c40efe1bd1090b10ee,67ffdfabf1c9cc67845af793,,,,,,,,,,,,,,,,,,,,,,,,,,,,,,,,,,,,,,,,,,,251.388,258.9709,7.5827,1,0,84.4479,-0.134259259,-0.019444466,0,0,0,0,11,11,20,1,c,The patient has not taken Batatrim,The patient has overcome the crisis,,,,,,,,,,,,,,,,,,,,,,,,,,,,,,,,,,,,,,,,,,,,,,,,,,,,,,,,,,,,,,,,,,,,,,,,,,,,,,,,,,,,,,
,,,,,,,,[(%PROLIFIC_PID,2,2025-04-16_18h49.52.299,CLTandFLE,2024.1.5,Win32,59.88023952,578b4394ad1a6c0001466a6d,67ffc4c40efe1bd1090b10ee,67ffdfabf1c9cc67845af793,,,,,,,,,,,,,,,,,,,,,,,,,,,,,,,,,,,,,,,,,,,258.9713,266.1098,7.1383,1,0,91.5862,-0.174074032,-0.035185178,0,0,0,0,12,12,7,1,a,The patient has taken Batatrim,The patient has overcome the crisis,,,,,,,,,,,,,,,,,,,,,,,,,,,,,,,,,,,,,,,,,,,,,,,,,,,,,,,,,,,,,,,,,,,,,,,,,,,,,,,,,,,,,,
,,,,,,,,[(%PROLIFIC_PID,2,2025-04-16_18h49.52.299,CLTandFLE,2024.1.5,Win32,59.88023952,578b4394ad1a6c0001466a6d,67ffc4c40efe1bd1090b10ee,67ffdfabf1c9cc67845af793,,,,,,,,,,,,,,,,,,,,,,,,,,,,,,,,,,,,,,,,,,,266.1101,271.6931,5.5828,1,0,97.169,-0.174074032,-0.035185178,0,0,0,0,13,13,12,1,a,The patient has taken Batatrim,The patient has overcome the crisis,,,,,,,,,,,,,,,,,,,,,,,,,,,,,,,,,,,,,,,,,,,,,,,,,,,,,,,,,,,,,,,,,,,,,,,,,,,,,,,,,,,,,,
,,,,,,,,[(%PROLIFIC_PID,2,2025-04-16_18h49.52.299,CLTandFLE,2024.1.5,Win32,59.88023952,578b4394ad1a6c0001466a6d,67ffc4c40efe1bd1090b10ee,67ffdfabf1c9cc67845af793,,,,,,,,,,,,,,,,,,,,,,,,,,,,,,,,,,,,,,,,,,,271.6935,276.0054,4.3117,1,0,101.4807,-0.174074032,-0.035185178,0,0,0,0,14,14,14,1,b,The patient has taken Batatrim,The patient has overcome the crisis,,,,,,,,,,,,,,,,,,,,,,,,,,,,,,,,,,,,,,,,,,,,,,,,,,,,,,,,,,,,,,,,,,,,,,,,,,,,,,,,,,,,,,
,,,,,,,,[(%PROLIFIC_PID,2,2025-04-16_18h49.52.299,CLTandFLE,2024.1.5,Win32,59.88023952,578b4394ad1a6c0001466a6d,67ffc4c40efe1bd1090b10ee,67ffdfabf1c9cc67845af793,,,,,,,,,,,,,,,,,,,,,,,,,,,,,,,,,,,,,,,,,,,276.0058,281.1931,5.1872,1,0,106.6679,-0.174074032,-0.035185178,0,0,0,0,15,15,10,1,a,The patient has taken Batatrim,The patient has overcome the crisis,,,,,,,,,,,,,,,,,,,,,,,,,,,,,,,,,,,,,,,,,,,,,,,,,,,,,,,,,,,,,,,,,,,,,,,,,,,,,,,,,,,,,,
,,,,,,,,[(%PROLIFIC_PID,2,2025-04-16_18h49.52.299,CLTandFLE,2024.1.5,Win32,59.88023952,578b4394ad1a6c0001466a6d,67ffc4c40efe1bd1090b10ee,67ffdfabf1c9cc67845af793,,,,,,,,,,,,,,,,,,,,,,,,,,,,,,,,,,,,,,,,,,,281.1935,285.7598,4.5662,1,0,111.2341,-0.174074032,-0.035185178,0,0,0,0,16,16,4,1,a,The patient has taken Batatrim,The patient has overcome the crisis,,,,,,,,,,,,,,,,,,,,,,,,,,,,,,,,,,,,,,,,,,,,,,,,,,,,,,,,,,,,,,,,,,,,,,,,,,,,,,,,,,,,,,
,,,,,,,,[(%PROLIFIC_PID,2,2025-04-16_18h49.52.299,CLTandFLE,2024.1.5,Win32,59.88023952,578b4394ad1a6c0001466a6d,67ffc4c40efe1bd1090b10ee,67ffdfabf1c9cc67845af793,,,,,,,,,,,,,,,,,,,,,,,,,,,,,,,,,,,,,,,,,,,285.7601,290.9544,5.1941,1,0,116.4282,-0.174074032,-0.035185178,0,0,0,0,17,17,3,1,a,The patient has taken Batatrim,The patient has overcome the crisis,,,,,,,,,,,,,,,,,,,,,,,,,,,,,,,,,,,,,,,,,,,,,,,,,,,,,,,,,,,,,,,,,,,,,,,,,,,,,,,,,,,,,,
,,,,,,,,[(%PROLIFIC_PID,2,2025-04-16_18h49.52.299,CLTandFLE,2024.1.5,Win32,59.88023952,578b4394ad1a6c0001466a6d,67ffc4c40efe1bd1090b10ee,67ffdfabf1c9cc67845af793,,,,,,,,,,,,,,,,,,,,,,,,,,,,,,,,,,,,,,,,,,,290.9548,295.8712,4.9162,1,0,121.3444,-0.174074032,-0.035185178,0,0,0,0,18,18,0,1,a,The patient has taken Batatrim,The patient has overcome the crisis,,,,,,,,,,,,,,,,,,,,,,,,,,,,,,,,,,,,,,,,,,,,,,,,,,,,,,,,,,,,,,,,,,,,,,,,,,,,,,,,,,,,,,
,,,,,,,,[(%PROLIFIC_PID,2,2025-04-16_18h49.52.299,CLTandFLE,2024.1.5,Win32,59.88023952,578b4394ad1a6c0001466a6d,67ffc4c40efe1bd1090b10ee,67ffdfabf1c9cc67845af793,,,,,,,,,,,,,,,,,,,,,,,,,,,,,,,,,,,,,,,,,,,295.8715,300.51,4.6382,1,0,125.9826,-0.174074032,-0.035185178,0,0,0,0,19,19,13,1,a,The patient has taken Batatrim,The patient has overcome the crisis,,,,,,,,,,,,,,,,,,,,,,,,,,,,,,,,,,,,,,,,,,,,,,,,,,,,,,,,,,,,,,,,,,,,,,,,,,,,,,,,,,,,,,
,,,,,,,,[(%PROLIFIC_PID,2,2025-04-16_18h49.52.299,CLTandFLE,2024.1.5,Win32,59.88023952,578b4394ad1a6c0001466a6d,67ffc4c40efe1bd1090b10ee,67ffdfabf1c9cc67845af793,,,,,,,,,,,,,,,,,,,,,,,,,,,,,,,,,,,,,,,,,,,300.5103,306.304,5.7936,0,1,131.7762,-0.053703661,-0.038888896,0,0,0,0,20,20,30,1,c,The patient has not taken Batatrim,The patient has overcome the crisis,,,,,,,,,,,,,,,,,,,,,,,,,,,,,,,,,,,,,,,,,,,,,,,,,,,,,,,,,,,,,,,,,,,,,,,,,,,,,,,,,,,,,,
,,,,,,,,[(%PROLIFIC_PID,2,2025-04-16_18h49.52.299,CLTandFLE,2024.1.5,Win32,59.88023952,578b4394ad1a6c0001466a6d,67ffc4c40efe1bd1090b10ee,67ffdfabf1c9cc67845af793,,,,,,,,,,,,,,,,,,,,,,,,,,,,,,,,,,,,,,,,,,,306.3044,311.3765,5.0719,0,1,136.8481,-0.075925898,-0.050000014,0,0,0,0,21,21,26,1,c,The patient has not taken Batatrim,The patient has overcome the crisis,,,,,,,,,,,,,,,,,,,,,,,,,,,,,,,,,,,,,,,,,,,,,,,,,,,,,,,,,,,,,,,,,,,,,,,,,,,,,,,,,,,,,,
,,,,,,,,[(%PROLIFIC_PID,2,2025-04-16_18h49.52.299,CLTandFLE,2024.1.5,Win32,59.88023952,578b4394ad1a6c0001466a6d,67ffc4c40efe1bd1090b10ee,67ffdfabf1c9cc67845af793,,,,,,,,,,,,,,,,,,,,,,,,,,,,,,,,,,,,,,,,,,,311.377,315.8044,4.4272,1,0,141.2753,-0.169444402,-0.029629637,0,0,0,0,22,22,27,1,c,The patient has not taken Batatrim,The patient has overcome the crisis,,,,,,,,,,,,,,,,,,,,,,,,,,,,,,,,,,,,,,,,,,,,,,,,,,,,,,,,,,,,,,,,,,,,,,,,,,,,,,,,,,,,,,
,,,,,,,,[(%PROLIFIC_PID,2,2025-04-16_18h49.52.299,CLTandFLE,2024.1.5,Win32,59.88023952,578b4394ad1a6c0001466a6d,67ffc4c40efe1bd1090b10ee,67ffdfabf1c9cc67845af793,,,,,,,,,,,,,,,,,,,,,,,,,,,,,,,,,,,,,,,,,,,315.8048,320.2766,4.4716,1,0,145.7469,-0.169444402,-0.029629637,0,0,0,0,23,23,38,1,d,The patient has not taken Batatrim,The patient has not overcome the crisis,,,,,,,,,,,,,,,,,,,,,,,,,,,,,,,,,,,,,,,,,,,,,,,,,,,,,,,,,,,,,,,,,,,,,,,,,,,,,,,,,,,,,,
,,,,,,,,[(%PROLIFIC_PID,2,2025-04-16_18h49.52.299,CLTandFLE,2024.1.5,Win32,59.88023952,578b4394ad1a6c0001466a6d,67ffc4c40efe1bd1090b10ee,67ffdfabf1c9cc67845af793,,,,,,,,,,,,,,,,,,,,,,,,,,,,,,,,,,,,,,,,,,,320.277,324.4718,4.1946,1,0,149.9415,-0.169444402,-0.029629637,0,0,0,0,24,24,25,1,c,The patient has not taken Batatrim,The patient has overcome the crisis,,,,,,,,,,,,,,,,,,,,,,,,,,,,,,,,,,,,,,,,,,,,,,,,,,,,,,,,,,,,,,,,,,,,,,,,,,,,,,,,,,,,,,
,,,,,,,,[(%PROLIFIC_PID,2,2025-04-16_18h49.52.299,CLTandFLE,2024.1.5,Win32,59.88023952,578b4394ad1a6c0001466a6d,67ffc4c40efe1bd1090b10ee,67ffdfabf1c9cc67845af793,,,,,,,,,,,,,,,,,,,,,,,,,,,,,,,,,,,,,,,,,,,324.4721,328.6099,4.1376,1,0,154.0791,-0.169444402,-0.029629637,0,0,0,0,25,25,33,1,c,The patient has not taken Batatrim,The patient has overcome the crisis,,,,,,,,,,,,,,,,,,,,,,,,,,,,,,,,,,,,,,,,,,,,,,,,,,,,,,,,,,,,,,,,,,,,,,,,,,,,,,,,,,,,,,
,,,,,,,,[(%PROLIFIC_PID,2,2025-04-16_18h49.52.299,CLTandFLE,2024.1.5,Win32,59.88023952,578b4394ad1a6c0001466a6d,67ffc4c40efe1bd1090b10ee,67ffdfabf1c9cc67845af793,,,,,,,,,,,,,,,,,,,,,,,,,,,,,,,,,,,,,,,,,,,328.6102,332.8209,4.2107,1,0,158.2898,-0.166666667,-0.026851866,0,0,0,0,26,26,16,1,b,The patient has taken Batatrim,The patient has not overcome the crisis,,,,,,,,,,,,,,,,,,,,,,,,,,,,,,,,,,,,,,,,,,,,,,,,,,,,,,,,,,,,,,,,,,,,,,,,,,,,,,,,,,,,,,
,,,,,,,,[(%PROLIFIC_PID,2,2025-04-16_18h49.52.299,CLTandFLE,2024.1.5,Win32,59.88023952,578b4394ad1a6c0001466a6d,67ffc4c40efe1bd1090b10ee,67ffdfabf1c9cc67845af793,,,,,,,,,,,,,,,,,,,,,,,,,,,,,,,,,,,,,,,,,,,332.8213,337.0433,4.2218,1,0,162.5116,-0.166666667,-0.035185178,0,0,0,0,27,27,15,1,b,The patient has taken Batatrim,The patient has not overcome the crisis,,,,,,,,,,,,,,,,,,,,,,,,,,,,,,,,,,,,,,,,,,,,,,,,,,,,,,,,,,,,,,,,,,,,,,,,,,,,,,,,,,,,,,
,,,,,,,,[(%PROLIFIC_PID,2,2025-04-16_18h49.52.299,CLTandFLE,2024.1.5,Win32,59.88023952,578b4394ad1a6c0001466a6d,67ffc4c40efe1bd1090b10ee,67ffdfabf1c9cc67845af793,,,,,,,,,,,,,,,,,,,,,,,,,,,,,,,,,,,,,,,,,,,337.0436,341.0767,4.0328,1,0,166.5444,-0.166666667,-0.035185178,0,0,0,0,28,28,24,1,c,The patient has not taken Batatrim,The patient has overcome the crisis,,,,,,,,,,,,,,,,,,,,,,,,,,,,,,,,,,,,,,,,,,,,,,,,,,,,,,,,,,,,,,,,,,,,,,,,,,,,,,,,,,,,,,
,,,,,,,,[(%PROLIFIC_PID,2,2025-04-16_18h49.52.299,CLTandFLE,2024.1.5,Win32,59.88023952,578b4394ad1a6c0001466a6d,67ffc4c40efe1bd1090b10ee,67ffdfabf1c9cc67845af793,,,,,,,,,,,,,,,,,,,,,,,,,,,,,,,,,,,,,,,,,,,341.077,345.1433,4.0661,1,0,170.6105,-0.166666667,-0.035185178,0,0,0,0,29,29,23,1,c,The patient has not taken Batatrim,The patient has overcome the crisis,,,,,,,,,,,,,,,,,,,,,,,,,,,,,,,,,,,,,,,,,,,,,,,,,,,,,,,,,,,,,,,,,,,,,,,,,,,,,,,,,,,,,,
,,,,,,,,[(%PROLIFIC_PID,2,2025-04-16_18h49.52.299,CLTandFLE,2024.1.5,Win32,59.88023952,578b4394ad1a6c0001466a6d,67ffc4c40efe1bd1090b10ee,67ffdfabf1c9cc67845af793,,,,,,,,,,,,,,,,,,,,,,,,,,,,,,,,,,,,,,,,,,,345.1437,349.5711,4.4273,1,0,175.0378,-0.166666667,-0.035185178,0,0,0,0,30,30,6,1,a,The patient has taken Batatrim,The patient has overcome the crisis,,,,,,,,,,,,,,,,,,,,,,,,,,,,,,,,,,,,,,,,,,,,,,,,,,,,,,,,,,,,,,,,,,,,,,,,,,,,,,,,,,,,,,
,,,,,,,,[(%PROLIFIC_PID,2,2025-04-16_18h49.52.299,CLTandFLE,2024.1.5,Win32,59.88023952,578b4394ad1a6c0001466a6d,67ffc4c40efe1bd1090b10ee,67ffdfabf1c9cc67845af793,,,,,,,,,,,,,,,,,,,,,,,,,,,,,,,,,,,,,,,,,,,349.5715,354.7267,5.1549,1,0,180.1927,-0.164814772,-0.033333355,0,0,0,0,31,31,32,1,c,The patient has not taken Batatrim,The patient has overcome the crisis,,,,,,,,,,,,,,,,,,,,,,,,,,,,,,,,,,,,,,,,,,,,,,,,,,,,,,,,,,,,,,,,,,,,,,,,,,,,,,,,,,,,,,
,,,,,,,,[(%PROLIFIC_PID,2,2025-04-16_18h49.52.299,CLTandFLE,2024.1.5,Win32,59.88023952,578b4394ad1a6c0001466a6d,67ffc4c40efe1bd1090b10ee,67ffdfabf1c9cc67845af793,,,,,,,,,,,,,,,,,,,,,,,,,,,,,,,,,,,,,,,,,,,354.7269,358.6933,3.9662,1,0,184.1589,-0.164814772,-0.033333355,0,0,0,0,32,32,29,1,c,The patient has not taken Batatrim,The patient has overcome the crisis,,,,,,,,,,,,,,,,,,,,,,,,,,,,,,,,,,,,,,,,,,,,,,,,,,,,,,,,,,,,,,,,,,,,,,,,,,,,,,,,,,,,,,
,,,,,,,,[(%PROLIFIC_PID,2,2025-04-16_18h49.52.299,CLTandFLE,2024.1.5,Win32,59.88023952,578b4394ad1a6c0001466a6d,67ffc4c40efe1bd1090b10ee,67ffdfabf1c9cc67845af793,,,,,,,,,,,,,,,,,,,,,,,,,,,,,,,,,,,,,,,,,,,358.6935,362.6765,3.9828,1,0,188.1417,-0.164814772,-0.033333355,0,0,0,0,33,33,8,1,a,The patient has taken Batatrim,The patient has overcome the crisis,,,,,,,,,,,,,,,,,,,,,,,,,,,,,,,,,,,,,,,,,,,,,,,,,,,,,,,,,,,,,,,,,,,,,,,,,,,,,,,,,,,,,,
,,,,,,,,[(%PROLIFIC_PID,2,2025-04-16_18h49.52.299,CLTandFLE,2024.1.5,Win32,59.88023952,578b4394ad1a6c0001466a6d,67ffc4c40efe1bd1090b10ee,67ffdfabf1c9cc67845af793,,,,,,,,,,,,,,,,,,,,,,,,,,,,,,,,,,,,,,,,,,,362.6768,367.4218,4.7441,1,0,192.8858,-0.17314812,-0.050925926,0,0,0,0,34,34,5,1,a,The patient has taken Batatrim,The patient has overcome the crisis,,,,,,,,,,,,,,,,,,,,,,,,,,,,,,,,,,,,,,,,,,,,,,,,,,,,,,,,,,,,,,,,,,,,,,,,,,,,,,,,,,,,,,
,,,,,,,,[(%PROLIFIC_PID,2,2025-04-16_18h49.52.299,CLTandFLE,2024.1.5,Win32,59.88023952,578b4394ad1a6c0001466a6d,67ffc4c40efe1bd1090b10ee,67ffdfabf1c9cc67845af793,,,,,,,,,,,,,,,,,,,,,,,,,,,,,,,,,,,,,,,,,,,367.4222,372.6599,5.2376,1,0,198.1234,-0.17314812,-0.044444437,0,0,0,0,35,35,18,1,b,The patient has taken Batatrim,The patient has not overcome the crisis,,,,,,,,,,,,,,,,,,,,,,,,,,,,,,,,,,,,,,,,,,,,,,,,,,,,,,,,,,,,,,,,,,,,,,,,,,,,,,,,,,,,,,
,,,,,,,,[(%PROLIFIC_PID,2,2025-04-16_18h49.52.299,CLTandFLE,2024.1.5,Win32,59.88023952,578b4394ad1a6c0001466a6d,67ffc4c40efe1bd1090b10ee,67ffdfabf1c9cc67845af793,,,,,,,,,,,,,,,,,,,,,,,,,,,,,,,,,,,,,,,,,,,372.6602,377.8265,5.1662,1,0,203.2896,-0.175000014,-0.053703697,0,0,0,0,36,36,28,1,c,The patient has not taken Batatrim,The patient has overcome the crisis,,,,,,,,,,,,,,,,,,,,,,,,,,,,,,,,,,,,,,,,,,,,,,,,,,,,,,,,,,,,,,,,,,,,,,,,,,,,,,,,,,,,,,
,,,,,,,,[(%PROLIFIC_PID,2,2025-04-16_18h49.52.299,CLTandFLE,2024.1.5,Win32,59.88023952,578b4394ad1a6c0001466a6d,67ffc4c40efe1bd1090b10ee,67ffdfabf1c9cc67845af793,,,,,,,,,,,,,,,,,,,,,,,,,,,,,,,,,,,,,,,,,,,377.8269,382.0099,4.1829,1,0,207.4725,-0.175925926,-0.053703697,0,0,0,0,37,37,37,1,d,The patient has not taken Batatrim,The patient has not overcome the crisis,,,,,,,,,,,,,,,,,,,,,,,,,,,,,,,,,,,,,,,,,,,,,,,,,,,,,,,,,,,,,,,,,,,,,,,,,,,,,,,,,,,,,,
,,,,,,,,[(%PROLIFIC_PID,2,2025-04-16_18h49.52.299,CLTandFLE,2024.1.5,Win32,59.88023952,578b4394ad1a6c0001466a6d,67ffc4c40efe1bd1090b10ee,67ffdfabf1c9cc67845af793,,,,,,,,,,,,,,,,,,,,,,,,,,,,,,,,,,,,,,,,,,,382.0103,386.3378,4.3273,1,0,211.7998,-0.175925926,-0.053703697,0,0,0,0,38,38,2,1,a,The patient has taken Batatrim,The patient has overcome the crisis,,,,,,,,,,,,,,,,,,,,,,,,,,,,,,,,,,,,,,,,,,,,,,,,,,,,,,,,,,,,,,,,,,,,,,,,,,,,,,,,,,,,,,
,,,,,,,,[(%PROLIFIC_PID,2,2025-04-16_18h49.52.299,CLTandFLE,2024.1.5,Win32,59.88023952,578b4394ad1a6c0001466a6d,67ffc4c40efe1bd1090b10ee,67ffdfabf1c9cc67845af793,,,,,,,,,,,,,,,,,,,,,,,,,,,,,,,,,,,,,,,,,,,386.3381,390.4373,4.099,1,0,215.8988,-0.175925926,-0.054629644,0,0,0,0,39,39,17,1,b,The patient has taken Batatrim,The patient has not overcome the crisis,,,,,,,,,,,,,,,,,,,,,,,,,,,,,,,,,,,,,,,,,,,,,,,,,,,,,,,,,,,,,,,,,,,,,,,,,,,,,,,,,,,,,,
,,,,,,,,[(%PROLIFIC_PID,2,2025-04-16_18h49.52.299,CLTandFLE,2024.1.5,Win32,59.88023952,578b4394ad1a6c0001466a6d,67ffc4c40efe1bd1090b10ee,67ffdfabf1c9cc67845af793,,437.1448,438.1435,,,,,,,,,,,,,,,,,,,,,,,,,,,,,,,,,,,,,,,,,,,,,,,,,,,,,,,,,,,391.4272,413.6614,22.233,85,16.4568,0.020370413,-0.193518533,1,0,0,414.6602,437.1446,22.4833,70,15.782,0.029629672,-0.200925968,1,0,0,8,35,15,5,0,0,0,0,1,,,,,,,,,,,,,,,,,,,,,,,,,,,,,,,,,,,,,,,,,,,,,,,,,,,,,,,,,
,,,,,,,,[(%PROLIFIC_PID,2,2025-04-16_18h49.52.299,CLTandFLE,2024.1.5,Win32,59.88023952,578b4394ad1a6c0001466a6d,67ffc4c40efe1bd1090b10ee,67ffdfabf1c9cc67845af793,,596.2784,597.2773,,,,,,,,,,,,,,,,,,,,,,,,,,,,,,,,,,,,,,,,,,,,,,,,,,,,,,,,,,,,,,,,,,,,,,,,,,,,,,,,,,,,,,,,499.2938,510.3786,11.0835,4,7.5827,0.014814801,-0.223148134,1,0,0,47,Maschio,No,13,No,TRUE,FALSE,13,8,5,3,3,FALSE,Conferma,c1ok,c2ok,c3err2,c4err2,c5ok,c6ok,c7ok,c8ok,c9ok,c10ok,c11ok,c12err,c13ok,c14err2,c15ok,c16ok,c17ok,c18ok,c19ok,c20ok,c21err2,c22ok,c23ok,c24ok,c25err3,c26ok,910.9917,917.7775,0,0,0,0,1
