﻿Alfa.started,Alfa.stopped,alfa_mouse.x,alfa_mouse.y,alfa_mouse.leftButton,alfa_mouse.midButton,alfa_mouse.rightButton,alfa_mouse.clicked_name,participant,group,date,expName,psychopyVersion,OS,frameRate,PROLIFIC_PID,STUDY_ID,SESSION_ID,)],ITI.started,ITI.stopped,B_consensoinformato.started,B_consensoinformato.stopped,tempo_consenso,cons_mouse.x,cons_mouse.y,cons_mouse.leftButton,cons_mouse.midButton,cons_mouse.rightButton,A_benvenuto.started,A_benvenuto.stopped,ben_mouse.x,ben_mouse.y,ben_mouse.leftButton,ben_mouse.midButton,ben_mouse.rightButton,B2_istruzioni.started,B2_istruzioni.stopped,tempo_istru,cons_mouse_2.x,cons_mouse_2.y,cons_mouse_2.leftButton,cons_mouse_2.midButton,cons_mouse_2.rightButton,SAMevaluation.started,SAMevaluation.stopped,temposam,sliderintensity.response,sliderintensity.rt,slidervalence.response,slidervalence.rt,mouse_sam.x,mouse_sam.y,mouse_sam.leftButton,mouse_sam.midButton,mouse_sam.rightButton,mouse_sam.time,mouse_sam.clicked_name,Loading.started,Loading.stopped,C_associative_task.started,C_associative_task.stopped,tempo_trial,hapremutosi,hapremutono,tempo_tasktot,mouse.x,mouse.y,mouse.leftButton,mouse.midButton,mouse.rightButton,trials.thisRepN,trials.thisTrialN,trials.thisN,trials.thisIndex,trials.ran,cond,causa,effetto,D_VD.started,D_VD.stopped,tempo_vd,vd.response,vd.rt,mouse_vd.x,mouse_vd.y,mouse_vd.leftButton,mouse_vd.midButton,mouse_vd.rightButton,Previous.started,Previous.stopped,tempo_vd1,previous.response,previous.rt,mouse_vd_2.x,mouse_vd_2.y,mouse_vd_2.leftButton,mouse_vd_2.midButton,mouse_vd_2.rightButton,EstENG.TrialSN,EstENG.TrialSS,EstENG.TrialNN,EstENG.TrialNS,ingesta.thisRepN,ingesta.thisTrialN,ingesta.thisN,ingesta.thisIndex,ingesta.ran,PF.started,PF.stopped,tempo_pf,processfluency.response,processfluency.rt,mouse_ch.x,mouse_ch.y,mouse_ch.leftButton,mouse_ch.midButton,mouse_ch.rightButton,Questionario_Lingua.Age,Questionario_Lingua.Sesso,Questionario_Lingua.StaiStudiando?,Questionario_Lingua.Anniscolarita,Questionario_Lingua.Diploma,Questionario_Lingua.ItaMADRE?,Questionario_Lingua.INGmadre?,Questionario_Lingua.Q5(AOAIng),Questionario_Lingua.INGLETTURA,Questionario_Lingua.INGCOMPRESO,Questionario_Lingua.INGSCRITTO,Questionario_Lingua.INGPARLATO,Questionario_Lingua.haivissutoestero,ProvaInglese.ProcediamoENg,ProvaInglese.C1,ProvaInglese.C2,ProvaInglese.C3,ProvaInglese.C4,ProvaInglese.C5,ProvaInglese.C6,ProvaInglese.C7,ProvaInglese.C8,ProvaInglese.C9,ProvaInglese.C10,ProvaInglese.C11,ProvaInglese.C12,ProvaInglese.C13,ProvaInglese.C14,ProvaInglese.C15,ProvaInglese.C16,ProvaInglese.C17,ProvaInglese.C18,ProvaInglese.C19,ProvaInglese.C20,ProvaInglese.C21,ProvaInglese.C22,ProvaInglese.C23,ProvaInglese.C24,ProvaInglese.C25,ProvaInglese.controlquestion,Ant_lastquestion.started,Ant_lastquestion.stopped,exp_loop.thisRepN,exp_loop.thisTrialN,exp_loop.thisN,exp_loop.thisIndex,exp_loop.ran
0.002,7.541,0.072369983,-0.015296244,1,0,0,alfa_mask,[(%PROLIFIC_PID,2,2025-04-16_19h58.08.605,CLTandFLE,2024.1.5,MacIntel,60.0240096,5e7739e7865a9429a9d5c342,67ffc4c40efe1bd1090b10ee,67ffef505d888fd36c4eb9ee,,,,,,,,,,,,,,,,,,,,,,,,,,,,,,,,,,,,,,,,,,,,,,,,,,,,,,,,,,,,,,,,,,,,,,,,,,,,,,,,,,,,,,,,,,,,,,,,,,,,,,,,,,,,,,,,,,,,,,,,,,,,,,,,,,,,,,,,,,,,,,,,,,,
,,,,,,,,[(%PROLIFIC_PID,2,2025-04-16_19h58.08.605,CLTandFLE,2024.1.5,MacIntel,60.0240096,5e7739e7865a9429a9d5c342,67ffc4c40efe1bd1090b10ee,67ffef505d888fd36c4eb9ee,,7.542,8.541,,,,,,,,,,,,,,,,,,,,,,,,,,,,,,,,,,,,,,,,,,,,,,,,,,,,,,,,,,,,,,,,,,,,,,,,,,,,,,,,,,,,,,,,,,,,,,,,,,,,,,,,,,,,,,,,,,,,,,,,,,,,,,,,,,,,,,,,,,,,,,,,
,,,,,,,,[(%PROLIFIC_PID,2,2025-04-16_19h58.08.605,CLTandFLE,2024.1.5,MacIntel,60.0240096,5e7739e7865a9429a9d5c342,67ffc4c40efe1bd1090b10ee,67ffef505d888fd36c4eb9ee,,,,8.542,18.391,9.848,0.21003629,-0.388573126,1,0,0,,,,,,,,,,,,,,,,,,,,,,,,,,,,,,,,,,,,,,,,,,,,,,,,,,,,,,,,,,,,,,,,,,,,,,,,,,,,,,,,,,,,,,,,,,,,,,,,,,,,,,,,,,,,,,,,,,,,,,,,,,,,,,,,,,,,,,,,
,,,,,,,,[(%PROLIFIC_PID,2,2025-04-16_19h58.08.605,CLTandFLE,2024.1.5,MacIntel,60.0240096,5e7739e7865a9429a9d5c342,67ffc4c40efe1bd1090b10ee,67ffef505d888fd36c4eb9ee,,80.023,81.023,,,,,,,,,19.39,22.274,0.002720677,-0.01039904,1,0,0,23.274,53.509,30.233,0.01850059,-0.38694075,1,0,0,54.508,72.027,17.516,0.646916584,15.386,0.320435327,6.319,"[0.009794408205486698,-0.014147535921440448,-0.1610641018222869,0.004897204102743349,0.022853717550256954]","[0.190931068798651,0.0010278187466936214,0.19637242309127495,0.20126964564479102,-0.19050784497336004]","[1,1,1,1,1]","[0,0,0,0,0]","[0,0,0,0,0]","[1.7039999999999935,5.420999999999999,7.204999999999984,14.454999999999984,17.505999999999986]","[""sliderintensity"",""sliderintensity"",""rettoksam""]",73.023,80.023,81.041,87.858,6.816,0,1,6.816,0.011971009,-0.023458276,0,0,0,0,0,0,34,1,c,The patient has not taken Batatrim,The patient has overcome the crisis,,,,,,,,,,,,,,,,,,,,,,,,,,,,,,,,,,,,,,,,,,,,,,,,,,,,,,,,,,,,,,,,,,,,,,,,,,,,,,,,,,,,,,
,,,,,,,,[(%PROLIFIC_PID,2,2025-04-16_19h58.08.605,CLTandFLE,2024.1.5,MacIntel,60.0240096,5e7739e7865a9429a9d5c342,67ffc4c40efe1bd1090b10ee,67ffef505d888fd36c4eb9ee,,,,,,,,,,,,,,,,,,,,,,,,,,,,,,,,,,,,,,,,,,,87.859,93.623,5.764,0,1,12.58,0.212212817,-0.036517548,0,0,0,0,1,1,31,1,c,The patient has not taken Batatrim,The patient has overcome the crisis,,,,,,,,,,,,,,,,,,,,,,,,,,,,,,,,,,,,,,,,,,,,,,,,,,,,,,,,,,,,,,,,,,,,,,,,,,,,,,,,,,,,,,
,,,,,,,,[(%PROLIFIC_PID,2,2025-04-16_19h58.08.605,CLTandFLE,2024.1.5,MacIntel,60.0240096,5e7739e7865a9429a9d5c342,67ffc4c40efe1bd1090b10ee,67ffef505d888fd36c4eb9ee,,,,,,,,,,,,,,,,,,,,,,,,,,,,,,,,,,,,,,,,,,,93.625,98.523,4.898,1,0,17.478,-0.15290207,-0.041958902,0,0,0,0,2,2,1,1,a,The patient has taken Batatrim,The patient has overcome the crisis,,,,,,,,,,,,,,,,,,,,,,,,,,,,,,,,,,,,,,,,,,,,,,,,,,,,,,,,,,,,,,,,,,,,,,,,,,,,,,,,,,,,,,
,,,,,,,,[(%PROLIFIC_PID,2,2025-04-16_19h58.08.605,CLTandFLE,2024.1.5,MacIntel,60.0240096,5e7739e7865a9429a9d5c342,67ffc4c40efe1bd1090b10ee,67ffef505d888fd36c4eb9ee,,,,,,,,,,,,,,,,,,,,,,,,,,,,,,,,,,,,,,,,,,,98.524,103.274,4.75,1,0,22.228,-0.154534447,-0.045223693,0,0,0,0,3,3,24,1,c,The patient has not taken Batatrim,The patient has overcome the crisis,,,,,,,,,,,,,,,,,,,,,,,,,,,,,,,,,,,,,,,,,,,,,,,,,,,,,,,,,,,,,,,,,,,,,,,,,,,,,,,,,,,,,,
,,,,,,,,[(%PROLIFIC_PID,2,2025-04-16_19h58.08.605,CLTandFLE,2024.1.5,MacIntel,60.0240096,5e7739e7865a9429a9d5c342,67ffc4c40efe1bd1090b10ee,67ffef505d888fd36c4eb9ee,,,,,,,,,,,,,,,,,,,,,,,,,,,,,,,,,,,,,,,,,,,103.275,109.34,6.065,1,0,28.293,-0.154534447,-0.045223693,0,0,0,0,4,4,33,1,c,The patient has not taken Batatrim,The patient has overcome the crisis,,,,,,,,,,,,,,,,,,,,,,,,,,,,,,,,,,,,,,,,,,,,,,,,,,,,,,,,,,,,,,,,,,,,,,,,,,,,,,,,,,,,,,
,,,,,,,,[(%PROLIFIC_PID,2,2025-04-16_19h58.08.605,CLTandFLE,2024.1.5,MacIntel,60.0240096,5e7739e7865a9429a9d5c342,67ffc4c40efe1bd1090b10ee,67ffef505d888fd36c4eb9ee,,,,,,,,,,,,,,,,,,,,,,,,,,,,,,,,,,,,,,,,,,,109.343,114.391,5.047,1,0,33.34,-0.154534447,-0.045223693,0,0,0,0,5,5,23,1,c,The patient has not taken Batatrim,The patient has overcome the crisis,,,,,,,,,,,,,,,,,,,,,,,,,,,,,,,,,,,,,,,,,,,,,,,,,,,,,,,,,,,,,,,,,,,,,,,,,,,,,,,,,,,,,,
,,,,,,,,[(%PROLIFIC_PID,2,2025-04-16_19h58.08.605,CLTandFLE,2024.1.5,MacIntel,60.0240096,5e7739e7865a9429a9d5c342,67ffc4c40efe1bd1090b10ee,67ffef505d888fd36c4eb9ee,,,,,,,,,,,,,,,,,,,,,,,,,,,,,,,,,,,,,,,,,,,114.392,119.207,4.814,1,0,38.154,-0.154534447,-0.045223693,0,0,0,0,6,6,16,1,b,The patient has taken Batatrim,The patient has not overcome the crisis,,,,,,,,,,,,,,,,,,,,,,,,,,,,,,,,,,,,,,,,,,,,,,,,,,,,,,,,,,,,,,,,,,,,,,,,,,,,,,,,,,,,,,
,,,,,,,,[(%PROLIFIC_PID,2,2025-04-16_19h58.08.605,CLTandFLE,2024.1.5,MacIntel,60.0240096,5e7739e7865a9429a9d5c342,67ffc4c40efe1bd1090b10ee,67ffef505d888fd36c4eb9ee,,,,,,,,,,,,,,,,,,,,,,,,,,,,,,,,,,,,,,,,,,,119.208,124.657,5.449,0,1,43.603,0.235610611,-0.040326489,0,0,0,0,7,7,4,1,a,The patient has taken Batatrim,The patient has overcome the crisis,,,,,,,,,,,,,,,,,,,,,,,,,,,,,,,,,,,,,,,,,,,,,,,,,,,,,,,,,,,,,,,,,,,,,,,,,,,,,,,,,,,,,,
,,,,,,,,[(%PROLIFIC_PID,2,2025-04-16_19h58.08.605,CLTandFLE,2024.1.5,MacIntel,60.0240096,5e7739e7865a9429a9d5c342,67ffc4c40efe1bd1090b10ee,67ffef505d888fd36c4eb9ee,,,,,,,,,,,,,,,,,,,,,,,,,,,,,,,,,,,,,,,,,,,124.658,129.39,4.732,1,0,48.335,0.153446221,-0.041414752,0,0,0,0,8,8,15,1,b,The patient has taken Batatrim,The patient has not overcome the crisis,,,,,,,,,,,,,,,,,,,,,,,,,,,,,,,,,,,,,,,,,,,,,,,,,,,,,,,,,,,,,,,,,,,,,,,,,,,,,,,,,,,,,,
,,,,,,,,[(%PROLIFIC_PID,2,2025-04-16_19h58.08.605,CLTandFLE,2024.1.5,MacIntel,60.0240096,5e7739e7865a9429a9d5c342,67ffc4c40efe1bd1090b10ee,67ffef505d888fd36c4eb9ee,,,,,,,,,,,,,,,,,,,,,,,,,,,,,,,,,,,,,,,,,,,129.391,134.407,5.016,0,1,53.351,0.153446221,-0.042503016,0,0,0,0,9,9,30,1,c,The patient has not taken Batatrim,The patient has overcome the crisis,,,,,,,,,,,,,,,,,,,,,,,,,,,,,,,,,,,,,,,,,,,,,,,,,,,,,,,,,,,,,,,,,,,,,,,,,,,,,,,,,,,,,,
,,,,,,,,[(%PROLIFIC_PID,2,2025-04-16_19h58.08.605,CLTandFLE,2024.1.5,MacIntel,60.0240096,5e7739e7865a9429a9d5c342,67ffc4c40efe1bd1090b10ee,67ffef505d888fd36c4eb9ee,,,,,,,,,,,,,,,,,,,,,,,,,,,,,,,,,,,,,,,,,,,134.408,139.474,5.066,1,0,58.417,-0.173579187,-0.050665047,0,0,0,0,10,10,22,1,c,The patient has not taken Batatrim,The patient has overcome the crisis,,,,,,,,,,,,,,,,,,,,,,,,,,,,,,,,,,,,,,,,,,,,,,,,,,,,,,,,,,,,,,,,,,,,,,,,,,,,,,,,,,,,,,
,,,,,,,,[(%PROLIFIC_PID,2,2025-04-16_19h58.08.605,CLTandFLE,2024.1.5,MacIntel,60.0240096,5e7739e7865a9429a9d5c342,67ffc4c40efe1bd1090b10ee,67ffef505d888fd36c4eb9ee,,,,,,,,,,,,,,,,,,,,,,,,,,,,,,,,,,,,,,,,,,,139.476,144.141,4.664,1,0,63.081,-0.173579187,-0.050665047,0,0,0,0,11,11,37,1,d,The patient has not taken Batatrim,The patient has not overcome the crisis,,,,,,,,,,,,,,,,,,,,,,,,,,,,,,,,,,,,,,,,,,,,,,,,,,,,,,,,,,,,,,,,,,,,,,,,,,,,,,,,,,,,,,
,,,,,,,,[(%PROLIFIC_PID,2,2025-04-16_19h58.08.605,CLTandFLE,2024.1.5,MacIntel,60.0240096,5e7739e7865a9429a9d5c342,67ffc4c40efe1bd1090b10ee,67ffef505d888fd36c4eb9ee,,,,,,,,,,,,,,,,,,,,,,,,,,,,,,,,,,,,,,,,,,,144.142,148.957,4.814,1,0,67.895,-0.173579187,-0.050665047,0,0,0,0,12,12,6,1,a,The patient has taken Batatrim,The patient has overcome the crisis,,,,,,,,,,,,,,,,,,,,,,,,,,,,,,,,,,,,,,,,,,,,,,,,,,,,,,,,,,,,,,,,,,,,,,,,,,,,,,,,,,,,,,
,,,,,,,,[(%PROLIFIC_PID,2,2025-04-16_19h58.08.605,CLTandFLE,2024.1.5,MacIntel,60.0240096,5e7739e7865a9429a9d5c342,67ffc4c40efe1bd1090b10ee,67ffef505d888fd36c4eb9ee,,,,,,,,,,,,,,,,,,,,,,,,,,,,,,,,,,,,,,,,,,,148.958,153.307,4.349,1,0,72.244,-0.173579187,-0.050665047,0,0,0,0,13,13,2,1,a,The patient has taken Batatrim,The patient has overcome the crisis,,,,,,,,,,,,,,,,,,,,,,,,,,,,,,,,,,,,,,,,,,,,,,,,,,,,,,,,,,,,,,,,,,,,,,,,,,,,,,,,,,,,,,
,,,,,,,,[(%PROLIFIC_PID,2,2025-04-16_19h58.08.605,CLTandFLE,2024.1.5,MacIntel,60.0240096,5e7739e7865a9429a9d5c342,67ffc4c40efe1bd1090b10ee,67ffef505d888fd36c4eb9ee,,,,,,,,,,,,,,,,,,,,,,,,,,,,,,,,,,,,,,,,,,,153.308,157.524,4.215,1,0,76.459,-0.173579187,-0.051753311,0,0,0,0,14,14,10,1,a,The patient has taken Batatrim,The patient has overcome the crisis,,,,,,,,,,,,,,,,,,,,,,,,,,,,,,,,,,,,,,,,,,,,,,,,,,,,,,,,,,,,,,,,,,,,,,,,,,,,,,,,,,,,,,
,,,,,,,,[(%PROLIFIC_PID,2,2025-04-16_19h58.08.605,CLTandFLE,2024.1.5,MacIntel,60.0240096,5e7739e7865a9429a9d5c342,67ffc4c40efe1bd1090b10ee,67ffef505d888fd36c4eb9ee,,,,,,,,,,,,,,,,,,,,,,,,,,,,,,,,,,,,,,,,,,,157.524,161.69,4.165,1,0,80.624,-0.173579187,-0.051753311,0,0,0,0,15,15,7,1,a,The patient has taken Batatrim,The patient has overcome the crisis,,,,,,,,,,,,,,,,,,,,,,,,,,,,,,,,,,,,,,,,,,,,,,,,,,,,,,,,,,,,,,,,,,,,,,,,,,,,,,,,,,,,,,
,,,,,,,,[(%PROLIFIC_PID,2,2025-04-16_19h58.08.605,CLTandFLE,2024.1.5,MacIntel,60.0240096,5e7739e7865a9429a9d5c342,67ffc4c40efe1bd1090b10ee,67ffef505d888fd36c4eb9ee,,,,,,,,,,,,,,,,,,,,,,,,,,,,,,,,,,,,,,,,,,,161.691,166.29,4.599,1,0,85.223,-0.173579187,-0.051753311,0,0,0,0,16,16,18,1,b,The patient has taken Batatrim,The patient has not overcome the crisis,,,,,,,,,,,,,,,,,,,,,,,,,,,,,,,,,,,,,,,,,,,,,,,,,,,,,,,,,,,,,,,,,,,,,,,,,,,,,,,,,,,,,,
,,,,,,,,[(%PROLIFIC_PID,2,2025-04-16_19h58.08.605,CLTandFLE,2024.1.5,MacIntel,60.0240096,5e7739e7865a9429a9d5c342,67ffc4c40efe1bd1090b10ee,67ffef505d888fd36c4eb9ee,,,,,,,,,,,,,,,,,,,,,,,,,,,,,,,,,,,,,,,,,,,166.291,170.723,4.432,0,1,89.655,-0.17085851,-0.037061661,0,0,0,0,17,17,39,1,d,The patient has not taken Batatrim,The patient has not overcome the crisis,,,,,,,,,,,,,,,,,,,,,,,,,,,,,,,,,,,,,,,,,,,,,,,,,,,,,,,,,,,,,,,,,,,,,,,,,,,,,,,,,,,,,,
,,,,,,,,[(%PROLIFIC_PID,2,2025-04-16_19h58.08.605,CLTandFLE,2024.1.5,MacIntel,60.0240096,5e7739e7865a9429a9d5c342,67ffc4c40efe1bd1090b10ee,67ffef505d888fd36c4eb9ee,,,,,,,,,,,,,,,,,,,,,,,,,,,,,,,,,,,,,,,,,,,170.724,174.79,4.066,1,0,93.721,-0.17085851,-0.037061661,0,0,0,0,18,18,14,1,b,The patient has taken Batatrim,The patient has overcome the crisis,,,,,,,,,,,,,,,,,,,,,,,,,,,,,,,,,,,,,,,,,,,,,,,,,,,,,,,,,,,,,,,,,,,,,,,,,,,,,,,,,,,,,,
,,,,,,,,[(%PROLIFIC_PID,2,2025-04-16_19h58.08.605,CLTandFLE,2024.1.5,MacIntel,60.0240096,5e7739e7865a9429a9d5c342,67ffc4c40efe1bd1090b10ee,67ffef505d888fd36c4eb9ee,,,,,,,,,,,,,,,,,,,,,,,,,,,,,,,,,,,,,,,,,,,174.792,178.79,3.997,1,0,97.718,-0.17085851,-0.037061661,0,0,0,0,19,19,8,1,a,The patient has taken Batatrim,The patient has overcome the crisis,,,,,,,,,,,,,,,,,,,,,,,,,,,,,,,,,,,,,,,,,,,,,,,,,,,,,,,,,,,,,,,,,,,,,,,,,,,,,,,,,,,,,,
,,,,,,,,[(%PROLIFIC_PID,2,2025-04-16_19h58.08.605,CLTandFLE,2024.1.5,MacIntel,60.0240096,5e7739e7865a9429a9d5c342,67ffc4c40efe1bd1090b10ee,67ffef505d888fd36c4eb9ee,,,,,,,,,,,,,,,,,,,,,,,,,,,,,,,,,,,,,,,,,,,178.79,183.39,4.599,1,0,102.317,-0.130592503,-0.045223693,0,0,0,0,20,20,5,1,a,The patient has taken Batatrim,The patient has overcome the crisis,,,,,,,,,,,,,,,,,,,,,,,,,,,,,,,,,,,,,,,,,,,,,,,,,,,,,,,,,,,,,,,,,,,,,,,,,,,,,,,,,,,,,,
,,,,,,,,[(%PROLIFIC_PID,2,2025-04-16_19h58.08.605,CLTandFLE,2024.1.5,MacIntel,60.0240096,5e7739e7865a9429a9d5c342,67ffc4c40efe1bd1090b10ee,67ffef505d888fd36c4eb9ee,,,,,,,,,,,,,,,,,,,,,,,,,,,,,,,,,,,,,,,,,,,183.39,187.773,4.383,1,0,106.7,0.146916566,-0.043047166,0,0,0,0,21,21,12,1,a,The patient has taken Batatrim,The patient has overcome the crisis,,,,,,,,,,,,,,,,,,,,,,,,,,,,,,,,,,,,,,,,,,,,,,,,,,,,,,,,,,,,,,,,,,,,,,,,,,,,,,,,,,,,,,
,,,,,,,,[(%PROLIFIC_PID,2,2025-04-16_19h58.08.605,CLTandFLE,2024.1.5,MacIntel,60.0240096,5e7739e7865a9429a9d5c342,67ffc4c40efe1bd1090b10ee,67ffef505d888fd36c4eb9ee,,,,,,,,,,,,,,,,,,,,,,,,,,,,,,,,,,,,,,,,,,,187.774,192.34,4.565,1,0,111.265,-0.187726723,-0.034885134,0,0,0,0,22,22,11,1,a,The patient has taken Batatrim,The patient has overcome the crisis,,,,,,,,,,,,,,,,,,,,,,,,,,,,,,,,,,,,,,,,,,,,,,,,,,,,,,,,,,,,,,,,,,,,,,,,,,,,,,,,,,,,,,
,,,,,,,,[(%PROLIFIC_PID,2,2025-04-16_19h58.08.605,CLTandFLE,2024.1.5,MacIntel,60.0240096,5e7739e7865a9429a9d5c342,67ffc4c40efe1bd1090b10ee,67ffef505d888fd36c4eb9ee,,,,,,,,,,,,,,,,,,,,,,,,,,,,,,,,,,,,,,,,,,,192.341,197.007,4.665,0,1,115.93,-0.155078597,-0.034340984,0,0,0,0,23,23,20,1,c,The patient has not taken Batatrim,The patient has overcome the crisis,,,,,,,,,,,,,,,,,,,,,,,,,,,,,,,,,,,,,,,,,,,,,,,,,,,,,,,,,,,,,,,,,,,,,,,,,,,,,,,,,,,,,,
,,,,,,,,[(%PROLIFIC_PID,2,2025-04-16_19h58.08.605,CLTandFLE,2024.1.5,MacIntel,60.0240096,5e7739e7865a9429a9d5c342,67ffc4c40efe1bd1090b10ee,67ffef505d888fd36c4eb9ee,,,,,,,,,,,,,,,,,,,,,,,,,,,,,,,,,,,,,,,,,,,197.008,201.09,4.082,0,1,120.012,-0.187726723,-0.040326489,0,0,0,0,24,24,25,1,c,The patient has not taken Batatrim,The patient has overcome the crisis,,,,,,,,,,,,,,,,,,,,,,,,,,,,,,,,,,,,,,,,,,,,,,,,,,,,,,,,,,,,,,,,,,,,,,,,,,,,,,,,,,,,,,
,,,,,,,,[(%PROLIFIC_PID,2,2025-04-16_19h58.08.605,CLTandFLE,2024.1.5,MacIntel,60.0240096,5e7739e7865a9429a9d5c342,67ffc4c40efe1bd1090b10ee,67ffef505d888fd36c4eb9ee,,,,,,,,,,,,,,,,,,,,,,,,,,,,,,,,,,,,,,,,,,,201.091,205.423,4.332,1,0,124.344,-0.136033857,-0.075151141,0,0,0,0,25,25,3,1,a,The patient has taken Batatrim,The patient has overcome the crisis,,,,,,,,,,,,,,,,,,,,,,,,,,,,,,,,,,,,,,,,,,,,,,,,,,,,,,,,,,,,,,,,,,,,,,,,,,,,,,,,,,,,,,
,,,,,,,,[(%PROLIFIC_PID,2,2025-04-16_19h58.08.605,CLTandFLE,2024.1.5,MacIntel,60.0240096,5e7739e7865a9429a9d5c342,67ffc4c40efe1bd1090b10ee,67ffef505d888fd36c4eb9ee,,,,,,,,,,,,,,,,,,,,,,,,,,,,,,,,,,,,,,,,,,,205.425,209.49,4.065,1,0,128.409,-0.176844015,-0.04848852,0,0,0,0,26,26,19,1,b,The patient has taken Batatrim,The patient has not overcome the crisis,,,,,,,,,,,,,,,,,,,,,,,,,,,,,,,,,,,,,,,,,,,,,,,,,,,,,,,,,,,,,,,,,,,,,,,,,,,,,,,,,,,,,,
,,,,,,,,[(%PROLIFIC_PID,2,2025-04-16_19h58.08.605,CLTandFLE,2024.1.5,MacIntel,60.0240096,5e7739e7865a9429a9d5c342,67ffc4c40efe1bd1090b10ee,67ffef505d888fd36c4eb9ee,,,,,,,,,,,,,,,,,,,,,,,,,,,,,,,,,,,,,,,,,,,209.491,213.473,3.982,1,0,132.391,-0.176844015,-0.04848852,0,0,0,0,27,27,21,1,c,The patient has not taken Batatrim,The patient has overcome the crisis,,,,,,,,,,,,,,,,,,,,,,,,,,,,,,,,,,,,,,,,,,,,,,,,,,,,,,,,,,,,,,,,,,,,,,,,,,,,,,,,,,,,,,
,,,,,,,,[(%PROLIFIC_PID,2,2025-04-16_19h58.08.605,CLTandFLE,2024.1.5,MacIntel,60.0240096,5e7739e7865a9429a9d5c342,67ffc4c40efe1bd1090b10ee,67ffef505d888fd36c4eb9ee,,,,,,,,,,,,,,,,,,,,,,,,,,,,,,,,,,,,,,,,,,,213.475,218.189,4.714,0,1,137.105,-0.180108842,-0.041958902,0,0,0,0,28,28,35,1,d,The patient has not taken Batatrim,The patient has not overcome the crisis,,,,,,,,,,,,,,,,,,,,,,,,,,,,,,,,,,,,,,,,,,,,,,,,,,,,,,,,,,,,,,,,,,,,,,,,,,,,,,,,,,,,,,
,,,,,,,,[(%PROLIFIC_PID,2,2025-04-16_19h58.08.605,CLTandFLE,2024.1.5,MacIntel,60.0240096,5e7739e7865a9429a9d5c342,67ffc4c40efe1bd1090b10ee,67ffef505d888fd36c4eb9ee,,,,,,,,,,,,,,,,,,,,,,,,,,,,,,,,,,,,,,,,,,,218.19,222.056,3.866,1,0,140.971,-0.180108842,-0.041958902,0,0,0,0,29,29,32,1,c,The patient has not taken Batatrim,The patient has overcome the crisis,,,,,,,,,,,,,,,,,,,,,,,,,,,,,,,,,,,,,,,,,,,,,,,,,,,,,,,,,,,,,,,,,,,,,,,,,,,,,,,,,,,,,,
,,,,,,,,[(%PROLIFIC_PID,2,2025-04-16_19h58.08.605,CLTandFLE,2024.1.5,MacIntel,60.0240096,5e7739e7865a9429a9d5c342,67ffc4c40efe1bd1090b10ee,67ffef505d888fd36c4eb9ee,,,,,,,,,,,,,,,,,,,,,,,,,,,,,,,,,,,,,,,,,,,222.058,226.274,4.215,1,0,145.186,-0.180108842,-0.041958902,0,0,0,0,30,30,38,1,d,The patient has not taken Batatrim,The patient has not overcome the crisis,,,,,,,,,,,,,,,,,,,,,,,,,,,,,,,,,,,,,,,,,,,,,,,,,,,,,,,,,,,,,,,,,,,,,,,,,,,,,,,,,,,,,,
,,,,,,,,[(%PROLIFIC_PID,2,2025-04-16_19h58.08.605,CLTandFLE,2024.1.5,MacIntel,60.0240096,5e7739e7865a9429a9d5c342,67ffc4c40efe1bd1090b10ee,67ffef505d888fd36c4eb9ee,,,,,,,,,,,,,,,,,,,,,,,,,,,,,,,,,,,,,,,,,,,226.275,231.423,5.148,0,1,150.334,-0.178476391,-0.045223693,0,0,0,0,31,31,27,1,c,The patient has not taken Batatrim,The patient has overcome the crisis,,,,,,,,,,,,,,,,,,,,,,,,,,,,,,,,,,,,,,,,,,,,,,,,,,,,,,,,,,,,,,,,,,,,,,,,,,,,,,,,,,,,,,
,,,,,,,,[(%PROLIFIC_PID,2,2025-04-16_19h58.08.605,CLTandFLE,2024.1.5,MacIntel,60.0240096,5e7739e7865a9429a9d5c342,67ffc4c40efe1bd1090b10ee,67ffef505d888fd36c4eb9ee,,,,,,,,,,,,,,,,,,,,,,,,,,,,,,,,,,,,,,,,,,,231.425,236.057,4.632,1,0,154.966,-0.17085851,-0.047400257,0,0,0,0,32,32,17,1,b,The patient has taken Batatrim,The patient has not overcome the crisis,,,,,,,,,,,,,,,,,,,,,,,,,,,,,,,,,,,,,,,,,,,,,,,,,,,,,,,,,,,,,,,,,,,,,,,,,,,,,,,,,,,,,,
,,,,,,,,[(%PROLIFIC_PID,2,2025-04-16_19h58.08.605,CLTandFLE,2024.1.5,MacIntel,60.0240096,5e7739e7865a9429a9d5c342,67ffc4c40efe1bd1090b10ee,67ffef505d888fd36c4eb9ee,,,,,,,,,,,,,,,,,,,,,,,,,,,,,,,,,,,,,,,,,,,236.058,240.19,4.131,0,1,159.097,0.174123337,-0.043591279,0,0,0,0,33,33,13,1,a,The patient has taken Batatrim,The patient has overcome the crisis,,,,,,,,,,,,,,,,,,,,,,,,,,,,,,,,,,,,,,,,,,,,,,,,,,,,,,,,,,,,,,,,,,,,,,,,,,,,,,,,,,,,,,
,,,,,,,,[(%PROLIFIC_PID,2,2025-04-16_19h58.08.605,CLTandFLE,2024.1.5,MacIntel,60.0240096,5e7739e7865a9429a9d5c342,67ffc4c40efe1bd1090b10ee,67ffef505d888fd36c4eb9ee,,,,,,,,,,,,,,,,,,,,,,,,,,,,,,,,,,,,,,,,,,,240.192,244.54,4.347,1,0,163.444,-0.18990325,-0.035973398,0,0,0,0,34,34,9,1,a,The patient has taken Batatrim,The patient has overcome the crisis,,,,,,,,,,,,,,,,,,,,,,,,,,,,,,,,,,,,,,,,,,,,,,,,,,,,,,,,,,,,,,,,,,,,,,,,,,,,,,,,,,,,,,
,,,,,,,,[(%PROLIFIC_PID,2,2025-04-16_19h58.08.605,CLTandFLE,2024.1.5,MacIntel,60.0240096,5e7739e7865a9429a9d5c342,67ffc4c40efe1bd1090b10ee,67ffef505d888fd36c4eb9ee,,,,,,,,,,,,,,,,,,,,,,,,,,,,,,,,,,,,,,,,,,,244.541,248.856,4.315,1,0,167.759,-0.18990325,-0.035973398,0,0,0,0,35,35,28,1,c,The patient has not taken Batatrim,The patient has overcome the crisis,,,,,,,,,,,,,,,,,,,,,,,,,,,,,,,,,,,,,,,,,,,,,,,,,,,,,,,,,,,,,,,,,,,,,,,,,,,,,,,,,,,,,,
,,,,,,,,[(%PROLIFIC_PID,2,2025-04-16_19h58.08.605,CLTandFLE,2024.1.5,MacIntel,60.0240096,5e7739e7865a9429a9d5c342,67ffc4c40efe1bd1090b10ee,67ffef505d888fd36c4eb9ee,,,,,,,,,,,,,,,,,,,,,,,,,,,,,,,,,,,,,,,,,,,248.857,253.223,4.366,1,0,172.125,-0.195344604,-0.031620307,0,0,0,0,36,36,26,1,c,The patient has not taken Batatrim,The patient has overcome the crisis,,,,,,,,,,,,,,,,,,,,,,,,,,,,,,,,,,,,,,,,,,,,,,,,,,,,,,,,,,,,,,,,,,,,,,,,,,,,,,,,,,,,,,
,,,,,,,,[(%PROLIFIC_PID,2,2025-04-16_19h58.08.605,CLTandFLE,2024.1.5,MacIntel,60.0240096,5e7739e7865a9429a9d5c342,67ffc4c40efe1bd1090b10ee,67ffef505d888fd36c4eb9ee,,,,,,,,,,,,,,,,,,,,,,,,,,,,,,,,,,,,,,,,,,,253.225,257.173,3.948,1,0,176.073,-0.195344604,-0.031620307,0,0,0,0,37,37,29,1,c,The patient has not taken Batatrim,The patient has overcome the crisis,,,,,,,,,,,,,,,,,,,,,,,,,,,,,,,,,,,,,,,,,,,,,,,,,,,,,,,,,,,,,,,,,,,,,,,,,,,,,,,,,,,,,,
,,,,,,,,[(%PROLIFIC_PID,2,2025-04-16_19h58.08.605,CLTandFLE,2024.1.5,MacIntel,60.0240096,5e7739e7865a9429a9d5c342,67ffc4c40efe1bd1090b10ee,67ffef505d888fd36c4eb9ee,,,,,,,,,,,,,,,,,,,,,,,,,,,,,,,,,,,,,,,,,,,257.175,261.289,4.114,1,0,180.187,-0.188814987,-0.044679579,0,0,0,0,38,38,36,1,d,The patient has not taken Batatrim,The patient has not overcome the crisis,,,,,,,,,,,,,,,,,,,,,,,,,,,,,,,,,,,,,,,,,,,,,,,,,,,,,,,,,,,,,,,,,,,,,,,,,,,,,,,,,,,,,,
,,,,,,,,[(%PROLIFIC_PID,2,2025-04-16_19h58.08.605,CLTandFLE,2024.1.5,MacIntel,60.0240096,5e7739e7865a9429a9d5c342,67ffc4c40efe1bd1090b10ee,67ffef505d888fd36c4eb9ee,,,,,,,,,,,,,,,,,,,,,,,,,,,,,,,,,,,,,,,,,,,261.291,265.423,4.132,0,1,184.319,0.193168077,-0.020737598,0,0,0,0,39,39,0,1,a,The patient has taken Batatrim,The patient has overcome the crisis,,,,,,,,,,,,,,,,,,,,,,,,,,,,,,,,,,,,,,,,,,,,,,,,,,,,,,,,,,,,,,,,,,,,,,,,,,,,,,,,,,,,,,
,,,,,,,,[(%PROLIFIC_PID,2,2025-04-16_19h58.08.605,CLTandFLE,2024.1.5,MacIntel,60.0240096,5e7739e7865a9429a9d5c342,67ffc4c40efe1bd1090b10ee,67ffef505d888fd36c4eb9ee,,291.073,292.073,,,,,,,,,,,,,,,,,,,,,,,,,,,,,,,,,,,,,,,,,,,,,,,,,,,,,,,,,,,266.425,279.858,13.431,32,4.636,0.004897204,-0.185610641,1,0,0,280.857,291.073,10.216,73,9.503,0.031015749,-0.199214027,1,0,0,30,60,15,50,0,0,0,0,1,,,,,,,,,,,,,,,,,,,,,,,,,,,,,,,,,,,,,,,,,,,,,,,,,,,,,,,,,
,,,,,,,,[(%PROLIFIC_PID,2,2025-04-16_19h58.08.605,CLTandFLE,2024.1.5,MacIntel,60.0240096,5e7739e7865a9429a9d5c342,67ffc4c40efe1bd1090b10ee,67ffef505d888fd36c4eb9ee,,403.009,404.006,,,,,,,,,,,,,,,,,,,,,,,,,,,,,,,,,,,,,,,,,,,,,,,,,,,,,,,,,,,,,,,,,,,,,,,,,,,,,,,,,,,,,,,,331.474,341.407,9.933,3,9.219,-0.011971009,-0.205743681,1,0,0,37,Maschio,No,18,No,TRUE,FALSE,6,8,8,8,8,FALSE,Conferma,c1ok,c2ok,c3ok,c4ok,c5ok,c6ok,c7ok,c8ok,c9ok,c10ok,c11ok,c12err,c13err,c14err2,c15ok,c16ok,c17ok,c18err2,c19err2,c20err,c21ok,c22ok,c23ok,c24ok,c25ok,c26ok,540.902,547.572,0,0,0,0,1
