﻿Alfa.started,Alfa.stopped,alfa_mouse.x,alfa_mouse.y,alfa_mouse.leftButton,alfa_mouse.midButton,alfa_mouse.rightButton,alfa_mouse.clicked_name,participant,group,date,expName,psychopyVersion,OS,frameRate,PROLIFIC_PID,STUDY_ID,SESSION_ID,)],ITI.started,ITI.stopped,B_consensoinformato.started,B_consensoinformato.stopped,tempo_consenso,cons_mouse.x,cons_mouse.y,cons_mouse.leftButton,cons_mouse.midButton,cons_mouse.rightButton,A_benvenuto.started,A_benvenuto.stopped,ben_mouse.x,ben_mouse.y,ben_mouse.leftButton,ben_mouse.midButton,ben_mouse.rightButton,B2_istruzioni.started,B2_istruzioni.stopped,tempo_istru,cons_mouse_2.x,cons_mouse_2.y,cons_mouse_2.leftButton,cons_mouse_2.midButton,cons_mouse_2.rightButton,SAMevaluation.started,SAMevaluation.stopped,temposam,sliderintensity.response,sliderintensity.rt,slidervalence.response,slidervalence.rt,mouse_sam.x,mouse_sam.y,mouse_sam.leftButton,mouse_sam.midButton,mouse_sam.rightButton,mouse_sam.time,mouse_sam.clicked_name,Loading.started,Loading.stopped,C_associative_task.started,C_associative_task.stopped,tempo_trial,hapremutosi,hapremutono,tempo_tasktot,mouse.x,mouse.y,mouse.leftButton,mouse.midButton,mouse.rightButton,trials.thisRepN,trials.thisTrialN,trials.thisN,trials.thisIndex,trials.ran,cond,causa,effetto,D_VD.started,D_VD.stopped,tempo_vd,vd.response,vd.rt,mouse_vd.x,mouse_vd.y,mouse_vd.leftButton,mouse_vd.midButton,mouse_vd.rightButton,Previous.started,Previous.stopped,tempo_vd1,previous.response,previous.rt,mouse_vd_2.x,mouse_vd_2.y,mouse_vd_2.leftButton,mouse_vd_2.midButton,mouse_vd_2.rightButton,EstENG.TrialSS,EstENG.TrialNS,EstENG.TrialSN,EstENG.TrialNN,ingesta.thisRepN,ingesta.thisTrialN,ingesta.thisN,ingesta.thisIndex,ingesta.ran,PF.started,PF.stopped,tempo_pf,processfluency.response,processfluency.rt,mouse_ch.x,mouse_ch.y,mouse_ch.leftButton,mouse_ch.midButton,mouse_ch.rightButton,Questionario_Lingua.Age,Questionario_Lingua.Sesso,Questionario_Lingua.StaiStudiando?,Questionario_Lingua.Anniscolarita,Questionario_Lingua.Diploma,Questionario_Lingua.Punteggiodiploma,Questionario_Lingua.ItaMADRE?,Questionario_Lingua.INGmadre?,Questionario_Lingua.Q5(AOAIng),Questionario_Lingua.INGLETTURA,Questionario_Lingua.INGCOMPRESO,Questionario_Lingua.INGSCRITTO,Questionario_Lingua.INGPARLATO,Questionario_Lingua.haivissutoestero,ProvaInglese.ProcediamoENg,ProvaInglese.C1,ProvaInglese.C2,ProvaInglese.C3,ProvaInglese.C4,ProvaInglese.C5,ProvaInglese.C6,ProvaInglese.C7,ProvaInglese.C8,ProvaInglese.C9,ProvaInglese.C10,ProvaInglese.C11,ProvaInglese.C12,ProvaInglese.C13,ProvaInglese.C14,ProvaInglese.C15,ProvaInglese.C16,ProvaInglese.C17,ProvaInglese.C18,ProvaInglese.C19,ProvaInglese.C20,ProvaInglese.C21,ProvaInglese.C22,ProvaInglese.C23,ProvaInglese.C24,ProvaInglese.C25,ProvaInglese.controlquestion,Ant_lastquestion.started,Ant_lastquestion.stopped,exp_loop.thisRepN,exp_loop.thisTrialN,exp_loop.thisN,exp_loop.thisIndex,exp_loop.ran
0.0002,23.3121,0.011111111,-0.001851852,1,0,0,alfa_mask,[(%PROLIFIC_PID,2,2025-04-16_19h23.23.655,CLTandFLE,2024.1.5,Win32,144.9275362,6026a3507e666237c315a0b0,67ffc4c40efe1bd1090b10ee,67ffe77ed414a98532ae8fa1,,,,,,,,,,,,,,,,,,,,,,,,,,,,,,,,,,,,,,,,,,,,,,,,,,,,,,,,,,,,,,,,,,,,,,,,,,,,,,,,,,,,,,,,,,,,,,,,,,,,,,,,,,,,,,,,,,,,,,,,,,,,,,,,,,,,,,,,,,,,,,,,,,,,
,,,,,,,,[(%PROLIFIC_PID,2,2025-04-16_19h23.23.655,CLTandFLE,2024.1.5,Win32,144.9275362,6026a3507e666237c315a0b0,67ffc4c40efe1bd1090b10ee,67ffe77ed414a98532ae8fa1,,23.3121,23.7259,,,,,,,,,,,,,,,,,,,,,,,,,,,,,,,,,,,,,,,,,,,,,,,,,,,,,,,,,,,,,,,,,,,,,,,,,,,,,,,,,,,,,,,,,,,,,,,,,,,,,,,,,,,,,,,,,,,,,,,,,,,,,,,,,,,,,,,,,,,,,,,,,
,,,,,,,,[(%PROLIFIC_PID,2,2025-04-16_19h23.23.655,CLTandFLE,2024.1.5,Win32,144.9275362,6026a3507e666237c315a0b0,67ffc4c40efe1bd1090b10ee,67ffe77ed414a98532ae8fa1,,,,23.726,32.2476,8.5213,0.187037037,-0.394444444,1,0,0,,,,,,,,,,,,,,,,,,,,,,,,,,,,,,,,,,,,,,,,,,,,,,,,,,,,,,,,,,,,,,,,,,,,,,,,,,,,,,,,,,,,,,,,,,,,,,,,,,,,,,,,,,,,,,,,,,,,,,,,,,,,,,,,,,,,,,,,,
,,,,,,,,[(%PROLIFIC_PID,2,2025-04-16_19h23.23.655,CLTandFLE,2024.1.5,Win32,144.9275362,6026a3507e666237c315a0b0,67ffc4c40efe1bd1090b10ee,67ffe77ed414a98532ae8fa1,,154.8206,155.2371,,,,,,,,,32.6643,36.6299,-0.037037037,-0.10462963,1,0,0,37.0465,127.6794,90.6327,0.035185185,-0.410185185,1,0,0,128.0962,147.4034,19.3069,0.658564815,16.6084,0.491898148,4.1417,"[-0.001851851851851852,-0.009259259259259259,0.006481481481481481,-0.004629629629629629]","[0.18888888888888888,-0.002777777777777778,-0.017592592592592594,-0.21851851851851853]","[1,1,1,1]","[0,0,0,0]","[0,0,0,0]","[3.4071000000089384,5.893300000011919,15.935900000005944,19.30430000001192]","[""sliderintensity"",""rettoksam""]",147.8199,154.8205,155.2535,166.3216,11.0679,1,0,11.0679,0.017592593,0.026851852,0,0,0,0,0,0,21,1,c,The patient has not taken Batatrim,The patient has overcome the crisis,,,,,,,,,,,,,,,,,,,,,,,,,,,,,,,,,,,,,,,,,,,,,,,,,,,,,,,,,,,,,,,,,,,,,,,,,,,,,,,,,,,,,,,
,,,,,,,,[(%PROLIFIC_PID,2,2025-04-16_19h23.23.655,CLTandFLE,2024.1.5,Win32,144.9275362,6026a3507e666237c315a0b0,67ffc4c40efe1bd1090b10ee,67ffe77ed414a98532ae8fa1,,,,,,,,,,,,,,,,,,,,,,,,,,,,,,,,,,,,,,,,,,,166.322,214.7005,48.3784,1,0,59.4463,-0.15,-0.052777778,0,0,0,0,1,1,8,1,a,The patient has taken Batatrim,The patient has overcome the crisis,,,,,,,,,,,,,,,,,,,,,,,,,,,,,,,,,,,,,,,,,,,,,,,,,,,,,,,,,,,,,,,,,,,,,,,,,,,,,,,,,,,,,,,
,,,,,,,,[(%PROLIFIC_PID,2,2025-04-16_19h23.23.655,CLTandFLE,2024.1.5,Win32,144.9275362,6026a3507e666237c315a0b0,67ffc4c40efe1bd1090b10ee,67ffe77ed414a98532ae8fa1,,,,,,,,,,,,,,,,,,,,,,,,,,,,,,,,,,,,,,,,,,,214.7008,219.576,4.875,1,0,64.3213,-0.15,-0.052777778,0,0,0,0,2,2,18,1,b,The patient has taken Batatrim,The patient has not overcome the crisis,,,,,,,,,,,,,,,,,,,,,,,,,,,,,,,,,,,,,,,,,,,,,,,,,,,,,,,,,,,,,,,,,,,,,,,,,,,,,,,,,,,,,,,
,,,,,,,,[(%PROLIFIC_PID,2,2025-04-16_19h23.23.655,CLTandFLE,2024.1.5,Win32,144.9275362,6026a3507e666237c315a0b0,67ffc4c40efe1bd1090b10ee,67ffe77ed414a98532ae8fa1,,,,,,,,,,,,,,,,,,,,,,,,,,,,,,,,,,,,,,,,,,,219.5762,226.0001,6.4238,1,0,70.7451,-0.139814815,-0.02962963,0,0,0,0,3,3,1,1,a,The patient has taken Batatrim,The patient has overcome the crisis,,,,,,,,,,,,,,,,,,,,,,,,,,,,,,,,,,,,,,,,,,,,,,,,,,,,,,,,,,,,,,,,,,,,,,,,,,,,,,,,,,,,,,,
,,,,,,,,[(%PROLIFIC_PID,2,2025-04-16_19h23.23.655,CLTandFLE,2024.1.5,Win32,144.9275362,6026a3507e666237c315a0b0,67ffc4c40efe1bd1090b10ee,67ffe77ed414a98532ae8fa1,,,,,,,,,,,,,,,,,,,,,,,,,,,,,,,,,,,,,,,,,,,226.0006,233.3995,7.399,1,0,78.1441,-0.202777778,-0.042592593,0,0,0,0,4,4,19,1,b,The patient has taken Batatrim,The patient has not overcome the crisis,,,,,,,,,,,,,,,,,,,,,,,,,,,,,,,,,,,,,,,,,,,,,,,,,,,,,,,,,,,,,,,,,,,,,,,,,,,,,,,,,,,,,,,
,,,,,,,,[(%PROLIFIC_PID,2,2025-04-16_19h23.23.655,CLTandFLE,2024.1.5,Win32,144.9275362,6026a3507e666237c315a0b0,67ffc4c40efe1bd1090b10ee,67ffe77ed414a98532ae8fa1,,,,,,,,,,,,,,,,,,,,,,,,,,,,,,,,,,,,,,,,,,,233.3997,250.3738,16.974,1,0,95.1181,-0.138888889,-0.058333333,0,0,0,0,5,5,16,1,b,The patient has taken Batatrim,The patient has not overcome the crisis,,,,,,,,,,,,,,,,,,,,,,,,,,,,,,,,,,,,,,,,,,,,,,,,,,,,,,,,,,,,,,,,,,,,,,,,,,,,,,,,,,,,,,,
,,,,,,,,[(%PROLIFIC_PID,2,2025-04-16_19h23.23.655,CLTandFLE,2024.1.5,Win32,144.9275362,6026a3507e666237c315a0b0,67ffc4c40efe1bd1090b10ee,67ffe77ed414a98532ae8fa1,,,,,,,,,,,,,,,,,,,,,,,,,,,,,,,,,,,,,,,,,,,250.374,255.6439,5.2699,1,0,100.388,-0.138888889,-0.058333333,0,0,0,0,6,6,0,1,a,The patient has taken Batatrim,The patient has overcome the crisis,,,,,,,,,,,,,,,,,,,,,,,,,,,,,,,,,,,,,,,,,,,,,,,,,,,,,,,,,,,,,,,,,,,,,,,,,,,,,,,,,,,,,,,
,,,,,,,,[(%PROLIFIC_PID,2,2025-04-16_19h23.23.655,CLTandFLE,2024.1.5,Win32,144.9275362,6026a3507e666237c315a0b0,67ffc4c40efe1bd1090b10ee,67ffe77ed414a98532ae8fa1,,,,,,,,,,,,,,,,,,,,,,,,,,,,,,,,,,,,,,,,,,,255.6442,261.9823,6.3381,0,1,106.7261,0.169444444,-0.064814815,0,0,0,0,7,7,32,1,c,The patient has not taken Batatrim,The patient has overcome the crisis,,,,,,,,,,,,,,,,,,,,,,,,,,,,,,,,,,,,,,,,,,,,,,,,,,,,,,,,,,,,,,,,,,,,,,,,,,,,,,,,,,,,,,,
,,,,,,,,[(%PROLIFIC_PID,2,2025-04-16_19h23.23.655,CLTandFLE,2024.1.5,Win32,144.9275362,6026a3507e666237c315a0b0,67ffc4c40efe1bd1090b10ee,67ffe77ed414a98532ae8fa1,,,,,,,,,,,,,,,,,,,,,,,,,,,,,,,,,,,,,,,,,,,261.9825,270.6638,8.6811,0,1,115.4072,0.169444444,-0.064814815,0,0,0,0,8,8,29,1,c,The patient has not taken Batatrim,The patient has overcome the crisis,,,,,,,,,,,,,,,,,,,,,,,,,,,,,,,,,,,,,,,,,,,,,,,,,,,,,,,,,,,,,,,,,,,,,,,,,,,,,,,,,,,,,,,
,,,,,,,,[(%PROLIFIC_PID,2,2025-04-16_19h23.23.655,CLTandFLE,2024.1.5,Win32,144.9275362,6026a3507e666237c315a0b0,67ffc4c40efe1bd1090b10ee,67ffe77ed414a98532ae8fa1,,,,,,,,,,,,,,,,,,,,,,,,,,,,,,,,,,,,,,,,,,,270.664,277.1133,6.4491,1,0,121.8563,-0.162962963,-0.027777778,0,0,0,0,9,9,26,1,c,The patient has not taken Batatrim,The patient has overcome the crisis,,,,,,,,,,,,,,,,,,,,,,,,,,,,,,,,,,,,,,,,,,,,,,,,,,,,,,,,,,,,,,,,,,,,,,,,,,,,,,,,,,,,,,,
,,,,,,,,[(%PROLIFIC_PID,2,2025-04-16_19h23.23.655,CLTandFLE,2024.1.5,Win32,144.9275362,6026a3507e666237c315a0b0,67ffc4c40efe1bd1090b10ee,67ffe77ed414a98532ae8fa1,,,,,,,,,,,,,,,,,,,,,,,,,,,,,,,,,,,,,,,,,,,277.1135,283.8629,6.7493,0,1,128.6056,0.173148148,-0.155555556,0,0,0,0,10,10,28,1,c,The patient has not taken Batatrim,The patient has overcome the crisis,,,,,,,,,,,,,,,,,,,,,,,,,,,,,,,,,,,,,,,,,,,,,,,,,,,,,,,,,,,,,,,,,,,,,,,,,,,,,,,,,,,,,,,
,,,,,,,,[(%PROLIFIC_PID,2,2025-04-16_19h23.23.655,CLTandFLE,2024.1.5,Win32,144.9275362,6026a3507e666237c315a0b0,67ffc4c40efe1bd1090b10ee,67ffe77ed414a98532ae8fa1,,,,,,,,,,,,,,,,,,,,,,,,,,,,,,,,,,,,,,,,,,,283.863,289.0977,5.2347,1,0,133.8403,-0.173148148,-0.059259259,0,0,0,0,11,11,3,1,a,The patient has taken Batatrim,The patient has overcome the crisis,,,,,,,,,,,,,,,,,,,,,,,,,,,,,,,,,,,,,,,,,,,,,,,,,,,,,,,,,,,,,,,,,,,,,,,,,,,,,,,,,,,,,,,
,,,,,,,,[(%PROLIFIC_PID,2,2025-04-16_19h23.23.655,CLTandFLE,2024.1.5,Win32,144.9275362,6026a3507e666237c315a0b0,67ffc4c40efe1bd1090b10ee,67ffe77ed414a98532ae8fa1,,,,,,,,,,,,,,,,,,,,,,,,,,,,,,,,,,,,,,,,,,,289.0979,294.7768,5.6789,1,0,139.5192,-0.173148148,-0.059259259,0,0,0,0,12,12,9,1,a,The patient has taken Batatrim,The patient has overcome the crisis,,,,,,,,,,,,,,,,,,,,,,,,,,,,,,,,,,,,,,,,,,,,,,,,,,,,,,,,,,,,,,,,,,,,,,,,,,,,,,,,,,,,,,,
,,,,,,,,[(%PROLIFIC_PID,2,2025-04-16_19h23.23.655,CLTandFLE,2024.1.5,Win32,144.9275362,6026a3507e666237c315a0b0,67ffc4c40efe1bd1090b10ee,67ffe77ed414a98532ae8fa1,,,,,,,,,,,,,,,,,,,,,,,,,,,,,,,,,,,,,,,,,,,294.777,299.4613,4.6842,1,0,144.2034,-0.173148148,-0.059259259,0,0,0,0,13,13,10,1,a,The patient has taken Batatrim,The patient has overcome the crisis,,,,,,,,,,,,,,,,,,,,,,,,,,,,,,,,,,,,,,,,,,,,,,,,,,,,,,,,,,,,,,,,,,,,,,,,,,,,,,,,,,,,,,,
,,,,,,,,[(%PROLIFIC_PID,2,2025-04-16_19h23.23.655,CLTandFLE,2024.1.5,Win32,144.9275362,6026a3507e666237c315a0b0,67ffc4c40efe1bd1090b10ee,67ffe77ed414a98532ae8fa1,,,,,,,,,,,,,,,,,,,,,,,,,,,,,,,,,,,,,,,,,,,299.4614,304.7707,5.3093,1,0,149.5127,-0.173148148,-0.059259259,0,0,0,0,14,14,38,1,d,The patient has not taken Batatrim,The patient has not overcome the crisis,,,,,,,,,,,,,,,,,,,,,,,,,,,,,,,,,,,,,,,,,,,,,,,,,,,,,,,,,,,,,,,,,,,,,,,,,,,,,,,,,,,,,,,
,,,,,,,,[(%PROLIFIC_PID,2,2025-04-16_19h23.23.655,CLTandFLE,2024.1.5,Win32,144.9275362,6026a3507e666237c315a0b0,67ffc4c40efe1bd1090b10ee,67ffe77ed414a98532ae8fa1,,,,,,,,,,,,,,,,,,,,,,,,,,,,,,,,,,,,,,,,,,,304.7711,311.8687,7.0975,1,0,156.6102,-0.173148148,-0.059259259,0,0,0,0,15,15,2,1,a,The patient has taken Batatrim,The patient has overcome the crisis,,,,,,,,,,,,,,,,,,,,,,,,,,,,,,,,,,,,,,,,,,,,,,,,,,,,,,,,,,,,,,,,,,,,,,,,,,,,,,,,,,,,,,,
,,,,,,,,[(%PROLIFIC_PID,2,2025-04-16_19h23.23.655,CLTandFLE,2024.1.5,Win32,144.9275362,6026a3507e666237c315a0b0,67ffc4c40efe1bd1090b10ee,67ffe77ed414a98532ae8fa1,,,,,,,,,,,,,,,,,,,,,,,,,,,,,,,,,,,,,,,,,,,311.869,318.8692,7.0001,1,0,163.6103,-0.173148148,-0.059259259,0,0,0,0,16,16,12,1,a,The patient has taken Batatrim,The patient has overcome the crisis,,,,,,,,,,,,,,,,,,,,,,,,,,,,,,,,,,,,,,,,,,,,,,,,,,,,,,,,,,,,,,,,,,,,,,,,,,,,,,,,,,,,,,,
,,,,,,,,[(%PROLIFIC_PID,2,2025-04-16_19h23.23.655,CLTandFLE,2024.1.5,Win32,144.9275362,6026a3507e666237c315a0b0,67ffc4c40efe1bd1090b10ee,67ffe77ed414a98532ae8fa1,,,,,,,,,,,,,,,,,,,,,,,,,,,,,,,,,,,,,,,,,,,318.8694,327.8179,8.9484,1,0,172.5587,-0.173148148,-0.059259259,0,0,0,0,17,17,17,1,b,The patient has taken Batatrim,The patient has not overcome the crisis,,,,,,,,,,,,,,,,,,,,,,,,,,,,,,,,,,,,,,,,,,,,,,,,,,,,,,,,,,,,,,,,,,,,,,,,,,,,,,,,,,,,,,,
,,,,,,,,[(%PROLIFIC_PID,2,2025-04-16_19h23.23.655,CLTandFLE,2024.1.5,Win32,144.9275362,6026a3507e666237c315a0b0,67ffc4c40efe1bd1090b10ee,67ffe77ed414a98532ae8fa1,,,,,,,,,,,,,,,,,,,,,,,,,,,,,,,,,,,,,,,,,,,327.818,344.2187,16.4006,1,0,188.9593,-0.156481481,-0.051851852,0,0,0,0,18,18,34,1,c,The patient has not taken Batatrim,The patient has overcome the crisis,,,,,,,,,,,,,,,,,,,,,,,,,,,,,,,,,,,,,,,,,,,,,,,,,,,,,,,,,,,,,,,,,,,,,,,,,,,,,,,,,,,,,,,
,,,,,,,,[(%PROLIFIC_PID,2,2025-04-16_19h23.23.655,CLTandFLE,2024.1.5,Win32,144.9275362,6026a3507e666237c315a0b0,67ffc4c40efe1bd1090b10ee,67ffe77ed414a98532ae8fa1,,,,,,,,,,,,,,,,,,,,,,,,,,,,,,,,,,,,,,,,,,,344.219,353.9209,9.7017,1,0,198.661,-0.156481481,-0.051851852,0,0,0,0,19,19,22,1,c,The patient has not taken Batatrim,The patient has overcome the crisis,,,,,,,,,,,,,,,,,,,,,,,,,,,,,,,,,,,,,,,,,,,,,,,,,,,,,,,,,,,,,,,,,,,,,,,,,,,,,,,,,,,,,,,
,,,,,,,,[(%PROLIFIC_PID,2,2025-04-16_19h23.23.655,CLTandFLE,2024.1.5,Win32,144.9275362,6026a3507e666237c315a0b0,67ffc4c40efe1bd1090b10ee,67ffe77ed414a98532ae8fa1,,,,,,,,,,,,,,,,,,,,,,,,,,,,,,,,,,,,,,,,,,,353.9211,361.0743,7.1532,1,0,205.8142,-0.156481481,-0.051851852,0,0,0,0,20,20,4,1,a,The patient has taken Batatrim,The patient has overcome the crisis,,,,,,,,,,,,,,,,,,,,,,,,,,,,,,,,,,,,,,,,,,,,,,,,,,,,,,,,,,,,,,,,,,,,,,,,,,,,,,,,,,,,,,,
,,,,,,,,[(%PROLIFIC_PID,2,2025-04-16_19h23.23.655,CLTandFLE,2024.1.5,Win32,144.9275362,6026a3507e666237c315a0b0,67ffc4c40efe1bd1090b10ee,67ffe77ed414a98532ae8fa1,,,,,,,,,,,,,,,,,,,,,,,,,,,,,,,,,,,,,,,,,,,361.0746,366.3039,5.2292,1,0,211.0434,-0.156481481,-0.051851852,0,0,0,0,21,21,7,1,a,The patient has taken Batatrim,The patient has overcome the crisis,,,,,,,,,,,,,,,,,,,,,,,,,,,,,,,,,,,,,,,,,,,,,,,,,,,,,,,,,,,,,,,,,,,,,,,,,,,,,,,,,,,,,,,
,,,,,,,,[(%PROLIFIC_PID,2,2025-04-16_19h23.23.655,CLTandFLE,2024.1.5,Win32,144.9275362,6026a3507e666237c315a0b0,67ffc4c40efe1bd1090b10ee,67ffe77ed414a98532ae8fa1,,,,,,,,,,,,,,,,,,,,,,,,,,,,,,,,,,,,,,,,,,,366.3041,370.9779,4.6737,1,0,215.7171,-0.156481481,-0.051851852,0,0,0,0,22,22,13,1,a,The patient has taken Batatrim,The patient has overcome the crisis,,,,,,,,,,,,,,,,,,,,,,,,,,,,,,,,,,,,,,,,,,,,,,,,,,,,,,,,,,,,,,,,,,,,,,,,,,,,,,,,,,,,,,,
,,,,,,,,[(%PROLIFIC_PID,2,2025-04-16_19h23.23.655,CLTandFLE,2024.1.5,Win32,144.9275362,6026a3507e666237c315a0b0,67ffc4c40efe1bd1090b10ee,67ffe77ed414a98532ae8fa1,,,,,,,,,,,,,,,,,,,,,,,,,,,,,,,,,,,,,,,,,,,370.9781,378.3048,7.3267,1,0,223.0438,-0.156481481,-0.051851852,0,0,0,0,23,23,27,1,c,The patient has not taken Batatrim,The patient has overcome the crisis,,,,,,,,,,,,,,,,,,,,,,,,,,,,,,,,,,,,,,,,,,,,,,,,,,,,,,,,,,,,,,,,,,,,,,,,,,,,,,,,,,,,,,,
,,,,,,,,[(%PROLIFIC_PID,2,2025-04-16_19h23.23.655,CLTandFLE,2024.1.5,Win32,144.9275362,6026a3507e666237c315a0b0,67ffc4c40efe1bd1090b10ee,67ffe77ed414a98532ae8fa1,,,,,,,,,,,,,,,,,,,,,,,,,,,,,,,,,,,,,,,,,,,378.305,385.9377,7.6324,1,0,230.6762,-0.144444444,-0.050925926,0,0,0,0,24,24,5,1,a,The patient has taken Batatrim,The patient has overcome the crisis,,,,,,,,,,,,,,,,,,,,,,,,,,,,,,,,,,,,,,,,,,,,,,,,,,,,,,,,,,,,,,,,,,,,,,,,,,,,,,,,,,,,,,,
,,,,,,,,[(%PROLIFIC_PID,2,2025-04-16_19h23.23.655,CLTandFLE,2024.1.5,Win32,144.9275362,6026a3507e666237c315a0b0,67ffc4c40efe1bd1090b10ee,67ffe77ed414a98532ae8fa1,,,,,,,,,,,,,,,,,,,,,,,,,,,,,,,,,,,,,,,,,,,385.9379,391.8339,5.8959,1,0,236.5721,-0.144444444,-0.050925926,0,0,0,0,25,25,23,1,c,The patient has not taken Batatrim,The patient has overcome the crisis,,,,,,,,,,,,,,,,,,,,,,,,,,,,,,,,,,,,,,,,,,,,,,,,,,,,,,,,,,,,,,,,,,,,,,,,,,,,,,,,,,,,,,,
,,,,,,,,[(%PROLIFIC_PID,2,2025-04-16_19h23.23.655,CLTandFLE,2024.1.5,Win32,144.9275362,6026a3507e666237c315a0b0,67ffc4c40efe1bd1090b10ee,67ffe77ed414a98532ae8fa1,,,,,,,,,,,,,,,,,,,,,,,,,,,,,,,,,,,,,,,,,,,391.8341,396.4799,4.6458,1,0,241.2179,-0.144444444,-0.050925926,0,0,0,0,26,26,37,1,d,The patient has not taken Batatrim,The patient has not overcome the crisis,,,,,,,,,,,,,,,,,,,,,,,,,,,,,,,,,,,,,,,,,,,,,,,,,,,,,,,,,,,,,,,,,,,,,,,,,,,,,,,,,,,,,,,
,,,,,,,,[(%PROLIFIC_PID,2,2025-04-16_19h23.23.655,CLTandFLE,2024.1.5,Win32,144.9275362,6026a3507e666237c315a0b0,67ffc4c40efe1bd1090b10ee,67ffe77ed414a98532ae8fa1,,,,,,,,,,,,,,,,,,,,,,,,,,,,,,,,,,,,,,,,,,,396.4802,408.3145,11.8342,1,0,253.0521,-0.144444444,-0.050925926,0,0,0,0,27,27,25,1,c,The patient has not taken Batatrim,The patient has overcome the crisis,,,,,,,,,,,,,,,,,,,,,,,,,,,,,,,,,,,,,,,,,,,,,,,,,,,,,,,,,,,,,,,,,,,,,,,,,,,,,,,,,,,,,,,
,,,,,,,,[(%PROLIFIC_PID,2,2025-04-16_19h23.23.655,CLTandFLE,2024.1.5,Win32,144.9275362,6026a3507e666237c315a0b0,67ffc4c40efe1bd1090b10ee,67ffe77ed414a98532ae8fa1,,,,,,,,,,,,,,,,,,,,,,,,,,,,,,,,,,,,,,,,,,,408.3148,415.051,6.7361,1,0,259.7882,-0.144444444,-0.050925926,0,0,0,0,28,28,35,1,d,The patient has not taken Batatrim,The patient has not overcome the crisis,,,,,,,,,,,,,,,,,,,,,,,,,,,,,,,,,,,,,,,,,,,,,,,,,,,,,,,,,,,,,,,,,,,,,,,,,,,,,,,,,,,,,,,
,,,,,,,,[(%PROLIFIC_PID,2,2025-04-16_19h23.23.655,CLTandFLE,2024.1.5,Win32,144.9275362,6026a3507e666237c315a0b0,67ffc4c40efe1bd1090b10ee,67ffe77ed414a98532ae8fa1,,,,,,,,,,,,,,,,,,,,,,,,,,,,,,,,,,,,,,,,,,,415.0511,422.6284,7.5771,0,1,267.3653,0.168518519,-0.049074074,0,0,0,0,29,29,33,1,c,The patient has not taken Batatrim,The patient has overcome the crisis,,,,,,,,,,,,,,,,,,,,,,,,,,,,,,,,,,,,,,,,,,,,,,,,,,,,,,,,,,,,,,,,,,,,,,,,,,,,,,,,,,,,,,,
,,,,,,,,[(%PROLIFIC_PID,2,2025-04-16_19h23.23.655,CLTandFLE,2024.1.5,Win32,144.9275362,6026a3507e666237c315a0b0,67ffc4c40efe1bd1090b10ee,67ffe77ed414a98532ae8fa1,,,,,,,,,,,,,,,,,,,,,,,,,,,,,,,,,,,,,,,,,,,422.6286,432.1983,9.5696,1,0,276.9349,-0.139814815,-0.039814815,0,0,0,0,30,30,15,1,b,The patient has taken Batatrim,The patient has not overcome the crisis,,,,,,,,,,,,,,,,,,,,,,,,,,,,,,,,,,,,,,,,,,,,,,,,,,,,,,,,,,,,,,,,,,,,,,,,,,,,,,,,,,,,,,,
,,,,,,,,[(%PROLIFIC_PID,2,2025-04-16_19h23.23.655,CLTandFLE,2024.1.5,Win32,144.9275362,6026a3507e666237c315a0b0,67ffc4c40efe1bd1090b10ee,67ffe77ed414a98532ae8fa1,,,,,,,,,,,,,,,,,,,,,,,,,,,,,,,,,,,,,,,,,,,432.1985,439.0185,6.8199,1,0,283.7548,-0.139814815,-0.039814815,0,0,0,0,31,31,20,1,c,The patient has not taken Batatrim,The patient has overcome the crisis,,,,,,,,,,,,,,,,,,,,,,,,,,,,,,,,,,,,,,,,,,,,,,,,,,,,,,,,,,,,,,,,,,,,,,,,,,,,,,,,,,,,,,,
,,,,,,,,[(%PROLIFIC_PID,2,2025-04-16_19h23.23.655,CLTandFLE,2024.1.5,Win32,144.9275362,6026a3507e666237c315a0b0,67ffc4c40efe1bd1090b10ee,67ffe77ed414a98532ae8fa1,,,,,,,,,,,,,,,,,,,,,,,,,,,,,,,,,,,,,,,,,,,439.0188,448.7414,9.7226,1,0,293.4774,-0.172222222,-0.05,0,0,0,0,32,32,31,1,c,The patient has not taken Batatrim,The patient has overcome the crisis,,,,,,,,,,,,,,,,,,,,,,,,,,,,,,,,,,,,,,,,,,,,,,,,,,,,,,,,,,,,,,,,,,,,,,,,,,,,,,,,,,,,,,,
,,,,,,,,[(%PROLIFIC_PID,2,2025-04-16_19h23.23.655,CLTandFLE,2024.1.5,Win32,144.9275362,6026a3507e666237c315a0b0,67ffc4c40efe1bd1090b10ee,67ffe77ed414a98532ae8fa1,,,,,,,,,,,,,,,,,,,,,,,,,,,,,,,,,,,,,,,,,,,448.7416,456.7579,8.0162,1,0,301.4936,-0.178703704,-0.037962963,0,0,0,0,33,33,11,1,a,The patient has taken Batatrim,The patient has overcome the crisis,,,,,,,,,,,,,,,,,,,,,,,,,,,,,,,,,,,,,,,,,,,,,,,,,,,,,,,,,,,,,,,,,,,,,,,,,,,,,,,,,,,,,,,
,,,,,,,,[(%PROLIFIC_PID,2,2025-04-16_19h23.23.655,CLTandFLE,2024.1.5,Win32,144.9275362,6026a3507e666237c315a0b0,67ffc4c40efe1bd1090b10ee,67ffe77ed414a98532ae8fa1,,,,,,,,,,,,,,,,,,,,,,,,,,,,,,,,,,,,,,,,,,,456.7581,461.3745,4.6163,1,0,306.1099,-0.178703704,-0.037962963,0,0,0,0,34,34,6,1,a,The patient has taken Batatrim,The patient has overcome the crisis,,,,,,,,,,,,,,,,,,,,,,,,,,,,,,,,,,,,,,,,,,,,,,,,,,,,,,,,,,,,,,,,,,,,,,,,,,,,,,,,,,,,,,,
,,,,,,,,[(%PROLIFIC_PID,2,2025-04-16_19h23.23.655,CLTandFLE,2024.1.5,Win32,144.9275362,6026a3507e666237c315a0b0,67ffc4c40efe1bd1090b10ee,67ffe77ed414a98532ae8fa1,,,,,,,,,,,,,,,,,,,,,,,,,,,,,,,,,,,,,,,,,,,461.3746,465.6251,4.2503,1,0,310.3602,-0.178703704,-0.037962963,0,0,0,0,35,35,14,1,b,The patient has taken Batatrim,The patient has overcome the crisis,,,,,,,,,,,,,,,,,,,,,,,,,,,,,,,,,,,,,,,,,,,,,,,,,,,,,,,,,,,,,,,,,,,,,,,,,,,,,,,,,,,,,,,
,,,,,,,,[(%PROLIFIC_PID,2,2025-04-16_19h23.23.655,CLTandFLE,2024.1.5,Win32,144.9275362,6026a3507e666237c315a0b0,67ffc4c40efe1bd1090b10ee,67ffe77ed414a98532ae8fa1,,,,,,,,,,,,,,,,,,,,,,,,,,,,,,,,,,,,,,,,,,,465.6253,472.3616,6.7362,1,0,317.0964,-0.201851852,-0.038888889,0,0,0,0,36,36,30,1,c,The patient has not taken Batatrim,The patient has overcome the crisis,,,,,,,,,,,,,,,,,,,,,,,,,,,,,,,,,,,,,,,,,,,,,,,,,,,,,,,,,,,,,,,,,,,,,,,,,,,,,,,,,,,,,,,
,,,,,,,,[(%PROLIFIC_PID,2,2025-04-16_19h23.23.655,CLTandFLE,2024.1.5,Win32,144.9275362,6026a3507e666237c315a0b0,67ffc4c40efe1bd1090b10ee,67ffe77ed414a98532ae8fa1,,,,,,,,,,,,,,,,,,,,,,,,,,,,,,,,,,,,,,,,,,,472.3618,478.48,6.1182,1,0,323.2146,-0.201851852,-0.038888889,0,0,0,0,37,37,39,1,d,The patient has not taken Batatrim,The patient has not overcome the crisis,,,,,,,,,,,,,,,,,,,,,,,,,,,,,,,,,,,,,,,,,,,,,,,,,,,,,,,,,,,,,,,,,,,,,,,,,,,,,,,,,,,,,,,
,,,,,,,,[(%PROLIFIC_PID,2,2025-04-16_19h23.23.655,CLTandFLE,2024.1.5,Win32,144.9275362,6026a3507e666237c315a0b0,67ffc4c40efe1bd1090b10ee,67ffe77ed414a98532ae8fa1,,,,,,,,,,,,,,,,,,,,,,,,,,,,,,,,,,,,,,,,,,,478.4803,484.182,5.7017,1,0,328.9163,-0.201851852,-0.038888889,0,0,0,0,38,38,36,1,d,The patient has not taken Batatrim,The patient has not overcome the crisis,,,,,,,,,,,,,,,,,,,,,,,,,,,,,,,,,,,,,,,,,,,,,,,,,,,,,,,,,,,,,,,,,,,,,,,,,,,,,,,,,,,,,,,
,,,,,,,,[(%PROLIFIC_PID,2,2025-04-16_19h23.23.655,CLTandFLE,2024.1.5,Win32,144.9275362,6026a3507e666237c315a0b0,67ffc4c40efe1bd1090b10ee,67ffe77ed414a98532ae8fa1,,,,,,,,,,,,,,,,,,,,,,,,,,,,,,,,,,,,,,,,,,,484.1822,489.1061,4.9238,0,1,333.8401,0.212962963,-0.041666667,0,0,0,0,39,39,24,1,c,The patient has not taken Batatrim,The patient has overcome the crisis,,,,,,,,,,,,,,,,,,,,,,,,,,,,,,,,,,,,,,,,,,,,,,,,,,,,,,,,,,,,,,,,,,,,,,,,,,,,,,,,,,,,,,,
,,,,,,,,[(%PROLIFIC_PID,2,2025-04-16_19h23.23.655,CLTandFLE,2024.1.5,Win32,144.9275362,6026a3507e666237c315a0b0,67ffc4c40efe1bd1090b10ee,67ffe77ed414a98532ae8fa1,,551.1463,551.5628,,,,,,,,,,,,,,,,,,,,,,,,,,,,,,,,,,,,,,,,,,,,,,,,,,,,,,,,,,,489.5229,531.3044,41.7811,65,37.1162,-0.02037037,-0.209259259,1,0,0,531.7209,551.1463,19.4251,85,16.6321,0.005555556,-0.211111111,1,0,0,17,10,5,8,0,0,0,0,1,,,,,,,,,,,,,,,,,,,,,,,,,,,,,,,,,,,,,,,,,,,,,,,,,,,,,,,,,,
,,,,,,,,[(%PROLIFIC_PID,2,2025-04-16_19h23.23.655,CLTandFLE,2024.1.5,Win32,144.9275362,6026a3507e666237c315a0b0,67ffc4c40efe1bd1090b10ee,67ffe77ed414a98532ae8fa1,,759.6475,760.0599,,,,,,,,,,,,,,,,,,,,,,,,,,,,,,,,,,,,,,,,,,,,,,,,,,,,,,,,,,,,,,,,,,,,,,,,,,,,,,,,,,,,,,,,608.3733,652.6898,44.3162,2,42.0445,0.016666667,-0.24537037,1,0,0,29,Femmina,Sì,21,"Sì, l'ho ottenuta più di due anni fa",B2 CEFR (5.5 - 6 IELTS),TRUE,FALSE,6,9,8,7,7,FALSE,Conferma,c1ok,c2ok,c3ok,c4ok,c5ok,c6ok,c7ok,c8ok,c9ok,c10ok,c11ok,c12err,c13ok,c14err2,c15ok,c16err3,c17ok,c18ok,c19ok,c20ok,c21ok,c22err2,c23ok,c24ok,c25ok,c26ok,1262.1345,1268.9022,0,0,0,0,1
