﻿Alfa.started,Alfa.stopped,alfa_mouse.x,alfa_mouse.y,alfa_mouse.leftButton,alfa_mouse.midButton,alfa_mouse.rightButton,alfa_mouse.clicked_name,participant,group,date,expName,psychopyVersion,OS,frameRate,PROLIFIC_PID,STUDY_ID,SESSION_ID,)],ITI.started,ITI.stopped,B_consensoinformato.started,B_consensoinformato.stopped,tempo_consenso,cons_mouse.x,cons_mouse.y,cons_mouse.leftButton,cons_mouse.midButton,cons_mouse.rightButton,A_benvenuto.started,A_benvenuto.stopped,ben_mouse.x,ben_mouse.y,ben_mouse.leftButton,ben_mouse.midButton,ben_mouse.rightButton,B2_istruzioni.started,B2_istruzioni.stopped,tempo_istru,cons_mouse_2.x,cons_mouse_2.y,cons_mouse_2.leftButton,cons_mouse_2.midButton,cons_mouse_2.rightButton,SAMevaluation.started,SAMevaluation.stopped,temposam,sliderintensity.response,sliderintensity.rt,slidervalence.response,slidervalence.rt,mouse_sam.x,mouse_sam.y,mouse_sam.leftButton,mouse_sam.midButton,mouse_sam.rightButton,mouse_sam.time,mouse_sam.clicked_name,Loading.started,Loading.stopped,C_associative_task.started,C_associative_task.stopped,tempo_trial,hapremutosi,hapremutono,tempo_tasktot,mouse.x,mouse.y,mouse.leftButton,mouse.midButton,mouse.rightButton,trials.thisRepN,trials.thisTrialN,trials.thisN,trials.thisIndex,trials.ran,cond,causa,effetto,D_VD.started,D_VD.stopped,tempo_vd,vd.response,vd.rt,mouse_vd.x,mouse_vd.y,mouse_vd.leftButton,mouse_vd.midButton,mouse_vd.rightButton,Previous.started,Previous.stopped,tempo_vd1,previous.response,previous.rt,mouse_vd_2.x,mouse_vd_2.y,mouse_vd_2.leftButton,mouse_vd_2.midButton,mouse_vd_2.rightButton,EstENG.TrialNN,EstENG.TrialSS,EstENG.TrialSN,EstENG.TrialNS,ingesta.thisRepN,ingesta.thisTrialN,ingesta.thisN,ingesta.thisIndex,ingesta.ran,PF.started,PF.stopped,tempo_pf,processfluency.response,processfluency.rt,mouse_ch.x,mouse_ch.y,mouse_ch.leftButton,mouse_ch.midButton,mouse_ch.rightButton,Questionario_Lingua.Age,Questionario_Lingua.Sesso,Questionario_Lingua.StaiStudiando?,Questionario_Lingua.Anniscolarita,Questionario_Lingua.Diploma,Questionario_Lingua.Punteggiodiploma,Questionario_Lingua.ItaMADRE?,Questionario_Lingua.INGmadre?,Questionario_Lingua.Q5(AOAIng),Questionario_Lingua.INGLETTURA,Questionario_Lingua.INGCOMPRESO,Questionario_Lingua.INGSCRITTO,Questionario_Lingua.INGPARLATO,Questionario_Lingua.haivissutoestero,ProvaInglese.ProcediamoENg,ProvaInglese.C1,ProvaInglese.C2,ProvaInglese.C3,ProvaInglese.C4,ProvaInglese.C5,ProvaInglese.C6,ProvaInglese.C7,ProvaInglese.C8,ProvaInglese.C9,ProvaInglese.C10,ProvaInglese.C11,ProvaInglese.C12,ProvaInglese.C13,ProvaInglese.C14,ProvaInglese.C15,ProvaInglese.C16,ProvaInglese.C17,ProvaInglese.C18,ProvaInglese.C19,ProvaInglese.C20,ProvaInglese.C21,ProvaInglese.C22,ProvaInglese.C23,ProvaInglese.C24,ProvaInglese.C25,ProvaInglese.controlquestion,Ant_lastquestion.started,Ant_lastquestion.stopped,exp_loop.thisRepN,exp_loop.thisTrialN,exp_loop.thisN,exp_loop.thisIndex,exp_loop.ran
0.0004,10.355,0.052777778,-0.000925926,1,0,0,alfa_mask,[(%PROLIFIC_PID,2,2025-04-16_19h22.18.932,CLTandFLE,2024.1.5,Win32,140.8450704,611d092f67d30dcb56cf3dad,67ffc4c40efe1bd1090b10ee,67ffe73f3478cf78549e84d2,,,,,,,,,,,,,,,,,,,,,,,,,,,,,,,,,,,,,,,,,,,,,,,,,,,,,,,,,,,,,,,,,,,,,,,,,,,,,,,,,,,,,,,,,,,,,,,,,,,,,,,,,,,,,,,,,,,,,,,,,,,,,,,,,,,,,,,,,,,,,,,,,,,,
,,,,,,,,[(%PROLIFIC_PID,2,2025-04-16_19h22.18.932,CLTandFLE,2024.1.5,Win32,140.8450704,611d092f67d30dcb56cf3dad,67ffc4c40efe1bd1090b10ee,67ffe73f3478cf78549e84d2,,10.3551,10.7713,,,,,,,,,,,,,,,,,,,,,,,,,,,,,,,,,,,,,,,,,,,,,,,,,,,,,,,,,,,,,,,,,,,,,,,,,,,,,,,,,,,,,,,,,,,,,,,,,,,,,,,,,,,,,,,,,,,,,,,,,,,,,,,,,,,,,,,,,,,,,,,,,
,,,,,,,,[(%PROLIFIC_PID,2,2025-04-16_19h22.18.932,CLTandFLE,2024.1.5,Win32,140.8450704,611d092f67d30dcb56cf3dad,67ffc4c40efe1bd1090b10ee,67ffe73f3478cf78549e84d2,,,,10.7714,22.671,11.8991,0.189814815,-0.383333333,1,0,0,,,,,,,,,,,,,,,,,,,,,,,,,,,,,,,,,,,,,,,,,,,,,,,,,,,,,,,,,,,,,,,,,,,,,,,,,,,,,,,,,,,,,,,,,,,,,,,,,,,,,,,,,,,,,,,,,,,,,,,,,,,,,,,,,,,,,,,,,
,,,,,,,,[(%PROLIFIC_PID,2,2025-04-16_19h22.18.932,CLTandFLE,2024.1.5,Win32,140.8450704,611d092f67d30dcb56cf3dad,67ffc4c40efe1bd1090b10ee,67ffe73f3478cf78549e84d2,,100.274,100.6902,,,,,,,,,23.1063,26.8922,-0.002777778,-0.099074074,1,0,0,27.3046,70.6019,43.2967,0.043518519,-0.393518519,1,0,0,71.0182,92.8613,21.8426,0.673611111,21.003,0.427083333,21.4042,"[0.018518518518518517,-0.003703703703703704,-0.20462962962962963,0.18611111111111112,0.1388888888888889,-0.1259259259259259,0.1287037037037037,-0.058333333333333334,0.03425925925925926]","[0.21666666666666667,0,0.001851851851851852,0.24444444444444444,0.20925925925925926,-0.000925925925925926,0.1925925925925926,-0.012962962962962963,-0.2537037037037037]","[1,1,1,1,1,1,1,1,1]","[0,0,0,0,0,0,0,0,0]","[0,0,0,0,0,0,0,0,0]","[4.444400000000016,8.129999999999995,14.174900000000022,16.278200000000012,16.4375,19.790200000000013,20.733999999999995,21.28930000000001,21.83760000000001]","[""sliderintensity"",""sliderintensity"",""sliderintensity"",""sliderintensity"",""rettoksam""]",93.278,100.274,100.7124,110.7615,10.0484,0,1,10.0484,0.037037037,-0.05,0,0,0,0,0,0,26,1,c,The patient has not taken Batatrim,The patient has overcome the crisis,,,,,,,,,,,,,,,,,,,,,,,,,,,,,,,,,,,,,,,,,,,,,,,,,,,,,,,,,,,,,,,,,,,,,,,,,,,,,,,,,,,,,,,
,,,,,,,,[(%PROLIFIC_PID,2,2025-04-16_19h22.18.932,CLTandFLE,2024.1.5,Win32,140.8450704,611d092f67d30dcb56cf3dad,67ffc4c40efe1bd1090b10ee,67ffe73f3478cf78549e84d2,,,,,,,,,,,,,,,,,,,,,,,,,,,,,,,,,,,,,,,,,,,110.7629,116.8764,6.1132,0,1,16.1616,0.025925926,-0.024074074,0,0,0,0,1,1,28,1,c,The patient has not taken Batatrim,The patient has overcome the crisis,,,,,,,,,,,,,,,,,,,,,,,,,,,,,,,,,,,,,,,,,,,,,,,,,,,,,,,,,,,,,,,,,,,,,,,,,,,,,,,,,,,,,,,
,,,,,,,,[(%PROLIFIC_PID,2,2025-04-16_19h22.18.932,CLTandFLE,2024.1.5,Win32,140.8450704,611d092f67d30dcb56cf3dad,67ffc4c40efe1bd1090b10ee,67ffe73f3478cf78549e84d2,,,,,,,,,,,,,,,,,,,,,,,,,,,,,,,,,,,,,,,,,,,116.8767,121.541,4.6641,1,0,20.8257,-0.223148148,-0.042592593,0,0,0,0,2,2,5,1,a,The patient has taken Batatrim,The patient has overcome the crisis,,,,,,,,,,,,,,,,,,,,,,,,,,,,,,,,,,,,,,,,,,,,,,,,,,,,,,,,,,,,,,,,,,,,,,,,,,,,,,,,,,,,,,,
,,,,,,,,[(%PROLIFIC_PID,2,2025-04-16_19h22.18.932,CLTandFLE,2024.1.5,Win32,140.8450704,611d092f67d30dcb56cf3dad,67ffc4c40efe1bd1090b10ee,67ffe73f3478cf78549e84d2,,,,,,,,,,,,,,,,,,,,,,,,,,,,,,,,,,,,,,,,,,,121.5412,127.7674,6.226,1,0,27.0517,-0.258333333,-0.036111111,0,0,0,0,3,3,2,1,a,The patient has taken Batatrim,The patient has overcome the crisis,,,,,,,,,,,,,,,,,,,,,,,,,,,,,,,,,,,,,,,,,,,,,,,,,,,,,,,,,,,,,,,,,,,,,,,,,,,,,,,,,,,,,,,
,,,,,,,,[(%PROLIFIC_PID,2,2025-04-16_19h22.18.932,CLTandFLE,2024.1.5,Win32,140.8450704,611d092f67d30dcb56cf3dad,67ffc4c40efe1bd1090b10ee,67ffe73f3478cf78549e84d2,,,,,,,,,,,,,,,,,,,,,,,,,,,,,,,,,,,,,,,,,,,127.7678,132.2941,4.5261,1,0,31.5778,-0.259259259,-0.036111111,0,0,0,0,4,4,19,1,b,The patient has taken Batatrim,The patient has not overcome the crisis,,,,,,,,,,,,,,,,,,,,,,,,,,,,,,,,,,,,,,,,,,,,,,,,,,,,,,,,,,,,,,,,,,,,,,,,,,,,,,,,,,,,,,,
,,,,,,,,[(%PROLIFIC_PID,2,2025-04-16_19h22.18.932,CLTandFLE,2024.1.5,Win32,140.8450704,611d092f67d30dcb56cf3dad,67ffc4c40efe1bd1090b10ee,67ffe73f3478cf78549e84d2,,,,,,,,,,,,,,,,,,,,,,,,,,,,,,,,,,,,,,,,,,,132.2946,138.1266,5.8318,1,0,37.4096,-0.271296296,-0.036111111,0,0,0,0,5,5,8,1,a,The patient has taken Batatrim,The patient has overcome the crisis,,,,,,,,,,,,,,,,,,,,,,,,,,,,,,,,,,,,,,,,,,,,,,,,,,,,,,,,,,,,,,,,,,,,,,,,,,,,,,,,,,,,,,,
,,,,,,,,[(%PROLIFIC_PID,2,2025-04-16_19h22.18.932,CLTandFLE,2024.1.5,Win32,140.8450704,611d092f67d30dcb56cf3dad,67ffc4c40efe1bd1090b10ee,67ffe73f3478cf78549e84d2,,,,,,,,,,,,,,,,,,,,,,,,,,,,,,,,,,,,,,,,,,,138.1269,142.8355,4.7084,1,0,42.118,-0.078703704,-0.037962963,0,0,0,0,6,6,15,1,b,The patient has taken Batatrim,The patient has not overcome the crisis,,,,,,,,,,,,,,,,,,,,,,,,,,,,,,,,,,,,,,,,,,,,,,,,,,,,,,,,,,,,,,,,,,,,,,,,,,,,,,,,,,,,,,,
,,,,,,,,[(%PROLIFIC_PID,2,2025-04-16_19h22.18.932,CLTandFLE,2024.1.5,Win32,140.8450704,611d092f67d30dcb56cf3dad,67ffc4c40efe1bd1090b10ee,67ffe73f3478cf78549e84d2,,,,,,,,,,,,,,,,,,,,,,,,,,,,,,,,,,,,,,,,,,,142.8356,147.9624,5.1267,1,0,47.2447,0.07962963,-0.05462963,0,0,0,0,7,7,6,1,a,The patient has taken Batatrim,The patient has overcome the crisis,,,,,,,,,,,,,,,,,,,,,,,,,,,,,,,,,,,,,,,,,,,,,,,,,,,,,,,,,,,,,,,,,,,,,,,,,,,,,,,,,,,,,,,
,,,,,,,,[(%PROLIFIC_PID,2,2025-04-16_19h22.18.932,CLTandFLE,2024.1.5,Win32,140.8450704,611d092f67d30dcb56cf3dad,67ffc4c40efe1bd1090b10ee,67ffe73f3478cf78549e84d2,,,,,,,,,,,,,,,,,,,,,,,,,,,,,,,,,,,,,,,,,,,147.9627,156.6169,8.6539,0,1,55.8986,-0.083333333,-0.028703704,0,0,1,0,8,8,32,1,c,The patient has not taken Batatrim,The patient has overcome the crisis,,,,,,,,,,,,,,,,,,,,,,,,,,,,,,,,,,,,,,,,,,,,,,,,,,,,,,,,,,,,,,,,,,,,,,,,,,,,,,,,,,,,,,,
,,,,,,,,[(%PROLIFIC_PID,2,2025-04-16_19h22.18.932,CLTandFLE,2024.1.5,Win32,140.8450704,611d092f67d30dcb56cf3dad,67ffc4c40efe1bd1090b10ee,67ffe73f3478cf78549e84d2,,,,,,,,,,,,,,,,,,,,,,,,,,,,,,,,,,,,,,,,,,,156.6171,160.8099,4.1927,1,0,60.0913,0.080555556,-0.033333333,1,0,0,0,9,9,3,1,a,The patient has taken Batatrim,The patient has overcome the crisis,,,,,,,,,,,,,,,,,,,,,,,,,,,,,,,,,,,,,,,,,,,,,,,,,,,,,,,,,,,,,,,,,,,,,,,,,,,,,,,,,,,,,,,
,,,,,,,,[(%PROLIFIC_PID,2,2025-04-16_19h22.18.932,CLTandFLE,2024.1.5,Win32,140.8450704,611d092f67d30dcb56cf3dad,67ffc4c40efe1bd1090b10ee,67ffe73f3478cf78549e84d2,,,,,,,,,,,,,,,,,,,,,,,,,,,,,,,,,,,,,,,,,,,160.8102,166.8555,6.0451,1,0,66.1364,-0.189814815,-0.022222222,0,0,0,0,10,10,11,1,a,The patient has taken Batatrim,The patient has overcome the crisis,,,,,,,,,,,,,,,,,,,,,,,,,,,,,,,,,,,,,,,,,,,,,,,,,,,,,,,,,,,,,,,,,,,,,,,,,,,,,,,,,,,,,,,
,,,,,,,,[(%PROLIFIC_PID,2,2025-04-16_19h22.18.932,CLTandFLE,2024.1.5,Win32,140.8450704,611d092f67d30dcb56cf3dad,67ffc4c40efe1bd1090b10ee,67ffe73f3478cf78549e84d2,,,,,,,,,,,,,,,,,,,,,,,,,,,,,,,,,,,,,,,,,,,166.8557,171.0081,4.1522,1,0,70.2886,-0.189814815,-0.022222222,0,0,1,0,11,11,4,1,a,The patient has taken Batatrim,The patient has overcome the crisis,,,,,,,,,,,,,,,,,,,,,,,,,,,,,,,,,,,,,,,,,,,,,,,,,,,,,,,,,,,,,,,,,,,,,,,,,,,,,,,,,,,,,,,
,,,,,,,,[(%PROLIFIC_PID,2,2025-04-16_19h22.18.932,CLTandFLE,2024.1.5,Win32,140.8450704,611d092f67d30dcb56cf3dad,67ffc4c40efe1bd1090b10ee,67ffe73f3478cf78549e84d2,,,,,,,,,,,,,,,,,,,,,,,,,,,,,,,,,,,,,,,,,,,171.0084,174.7279,3.7194,1,0,74.008,-0.187037037,-0.02037037,0,0,0,0,12,12,17,1,b,The patient has taken Batatrim,The patient has not overcome the crisis,,,,,,,,,,,,,,,,,,,,,,,,,,,,,,,,,,,,,,,,,,,,,,,,,,,,,,,,,,,,,,,,,,,,,,,,,,,,,,,,,,,,,,,
,,,,,,,,[(%PROLIFIC_PID,2,2025-04-16_19h22.18.932,CLTandFLE,2024.1.5,Win32,140.8450704,611d092f67d30dcb56cf3dad,67ffc4c40efe1bd1090b10ee,67ffe73f3478cf78549e84d2,,,,,,,,,,,,,,,,,,,,,,,,,,,,,,,,,,,,,,,,,,,174.7281,178.4455,3.7172,1,0,77.7252,-0.12037037,-0.005555556,0,0,0,0,13,13,25,1,c,The patient has not taken Batatrim,The patient has overcome the crisis,,,,,,,,,,,,,,,,,,,,,,,,,,,,,,,,,,,,,,,,,,,,,,,,,,,,,,,,,,,,,,,,,,,,,,,,,,,,,,,,,,,,,,,
,,,,,,,,[(%PROLIFIC_PID,2,2025-04-16_19h22.18.932,CLTandFLE,2024.1.5,Win32,140.8450704,611d092f67d30dcb56cf3dad,67ffc4c40efe1bd1090b10ee,67ffe73f3478cf78549e84d2,,,,,,,,,,,,,,,,,,,,,,,,,,,,,,,,,,,,,,,,,,,178.4459,183.7038,5.2577,0,1,82.9829,0.090740741,-0.039814815,0,0,0,0,14,14,39,1,d,The patient has not taken Batatrim,The patient has not overcome the crisis,,,,,,,,,,,,,,,,,,,,,,,,,,,,,,,,,,,,,,,,,,,,,,,,,,,,,,,,,,,,,,,,,,,,,,,,,,,,,,,,,,,,,,,
,,,,,,,,[(%PROLIFIC_PID,2,2025-04-16_19h22.18.932,CLTandFLE,2024.1.5,Win32,140.8450704,611d092f67d30dcb56cf3dad,67ffc4c40efe1bd1090b10ee,67ffe73f3478cf78549e84d2,,,,,,,,,,,,,,,,,,,,,,,,,,,,,,,,,,,,,,,,,,,183.7041,187.8456,4.1413,1,0,87.1242,0.189814815,-0.02037037,0,0,0,0,15,15,0,1,a,The patient has taken Batatrim,The patient has overcome the crisis,,,,,,,,,,,,,,,,,,,,,,,,,,,,,,,,,,,,,,,,,,,,,,,,,,,,,,,,,,,,,,,,,,,,,,,,,,,,,,,,,,,,,,,
,,,,,,,,[(%PROLIFIC_PID,2,2025-04-16_19h22.18.932,CLTandFLE,2024.1.5,Win32,140.8450704,611d092f67d30dcb56cf3dad,67ffc4c40efe1bd1090b10ee,67ffe73f3478cf78549e84d2,,,,,,,,,,,,,,,,,,,,,,,,,,,,,,,,,,,,,,,,,,,187.8459,192.4123,4.5662,0,1,91.6904,0.062037037,-0.000925926,0,0,0,0,16,16,24,1,c,The patient has not taken Batatrim,The patient has overcome the crisis,,,,,,,,,,,,,,,,,,,,,,,,,,,,,,,,,,,,,,,,,,,,,,,,,,,,,,,,,,,,,,,,,,,,,,,,,,,,,,,,,,,,,,,
,,,,,,,,[(%PROLIFIC_PID,2,2025-04-16_19h22.18.932,CLTandFLE,2024.1.5,Win32,140.8450704,611d092f67d30dcb56cf3dad,67ffc4c40efe1bd1090b10ee,67ffe73f3478cf78549e84d2,,,,,,,,,,,,,,,,,,,,,,,,,,,,,,,,,,,,,,,,,,,192.4124,199.0056,6.593,1,0,98.2834,-0.909259259,0.046296296,0,0,0,0,17,17,37,1,d,The patient has not taken Batatrim,The patient has not overcome the crisis,,,,,,,,,,,,,,,,,,,,,,,,,,,,,,,,,,,,,,,,,,,,,,,,,,,,,,,,,,,,,,,,,,,,,,,,,,,,,,,,,,,,,,,
,,,,,,,,[(%PROLIFIC_PID,2,2025-04-16_19h22.18.932,CLTandFLE,2024.1.5,Win32,140.8450704,611d092f67d30dcb56cf3dad,67ffc4c40efe1bd1090b10ee,67ffe73f3478cf78549e84d2,,,,,,,,,,,,,,,,,,,,,,,,,,,,,,,,,,,,,,,,,,,199.0059,206.207,7.2009,0,1,105.4843,-0.903703704,-0.005555556,0,0,0,0,18,18,23,1,c,The patient has not taken Batatrim,The patient has overcome the crisis,,,,,,,,,,,,,,,,,,,,,,,,,,,,,,,,,,,,,,,,,,,,,,,,,,,,,,,,,,,,,,,,,,,,,,,,,,,,,,,,,,,,,,,
,,,,,,,,[(%PROLIFIC_PID,2,2025-04-16_19h22.18.932,CLTandFLE,2024.1.5,Win32,140.8450704,611d092f67d30dcb56cf3dad,67ffc4c40efe1bd1090b10ee,67ffe73f3478cf78549e84d2,,,,,,,,,,,,,,,,,,,,,,,,,,,,,,,,,,,,,,,,,,,206.2074,213.6021,7.3944,0,1,112.8787,-0.028703704,-0.067592593,0,0,0,0,19,19,21,1,c,The patient has not taken Batatrim,The patient has overcome the crisis,,,,,,,,,,,,,,,,,,,,,,,,,,,,,,,,,,,,,,,,,,,,,,,,,,,,,,,,,,,,,,,,,,,,,,,,,,,,,,,,,,,,,,,
,,,,,,,,[(%PROLIFIC_PID,2,2025-04-16_19h22.18.932,CLTandFLE,2024.1.5,Win32,140.8450704,611d092f67d30dcb56cf3dad,67ffc4c40efe1bd1090b10ee,67ffe73f3478cf78549e84d2,,,,,,,,,,,,,,,,,,,,,,,,,,,,,,,,,,,,,,,,,,,213.6024,218.8659,5.2633,1,0,118.142,-0.086111111,0.049074074,0,0,0,0,20,20,1,1,a,The patient has taken Batatrim,The patient has overcome the crisis,,,,,,,,,,,,,,,,,,,,,,,,,,,,,,,,,,,,,,,,,,,,,,,,,,,,,,,,,,,,,,,,,,,,,,,,,,,,,,,,,,,,,,,
,,,,,,,,[(%PROLIFIC_PID,2,2025-04-16_19h22.18.932,CLTandFLE,2024.1.5,Win32,140.8450704,611d092f67d30dcb56cf3dad,67ffc4c40efe1bd1090b10ee,67ffe73f3478cf78549e84d2,,,,,,,,,,,,,,,,,,,,,,,,,,,,,,,,,,,,,,,,,,,218.8664,223.7917,4.9251,1,0,123.0671,-0.213888889,0.322222222,0,0,0,0,21,21,14,1,b,The patient has taken Batatrim,The patient has overcome the crisis,,,,,,,,,,,,,,,,,,,,,,,,,,,,,,,,,,,,,,,,,,,,,,,,,,,,,,,,,,,,,,,,,,,,,,,,,,,,,,,,,,,,,,,
,,,,,,,,[(%PROLIFIC_PID,2,2025-04-16_19h22.18.932,CLTandFLE,2024.1.5,Win32,140.8450704,611d092f67d30dcb56cf3dad,67ffc4c40efe1bd1090b10ee,67ffe73f3478cf78549e84d2,,,,,,,,,,,,,,,,,,,,,,,,,,,,,,,,,,,,,,,,,,,223.7919,228.891,5.0989,1,0,128.166,-0.890740741,0.081481481,0,0,0,0,22,22,12,1,a,The patient has taken Batatrim,The patient has overcome the crisis,,,,,,,,,,,,,,,,,,,,,,,,,,,,,,,,,,,,,,,,,,,,,,,,,,,,,,,,,,,,,,,,,,,,,,,,,,,,,,,,,,,,,,,
,,,,,,,,[(%PROLIFIC_PID,2,2025-04-16_19h22.18.932,CLTandFLE,2024.1.5,Win32,140.8450704,611d092f67d30dcb56cf3dad,67ffc4c40efe1bd1090b10ee,67ffe73f3478cf78549e84d2,,,,,,,,,,,,,,,,,,,,,,,,,,,,,,,,,,,,,,,,,,,228.8912,234.0107,5.1194,1,0,133.2854,-0.375,0.022222222,0,0,0,0,23,23,16,1,b,The patient has taken Batatrim,The patient has not overcome the crisis,,,,,,,,,,,,,,,,,,,,,,,,,,,,,,,,,,,,,,,,,,,,,,,,,,,,,,,,,,,,,,,,,,,,,,,,,,,,,,,,,,,,,,,
,,,,,,,,[(%PROLIFIC_PID,2,2025-04-16_19h22.18.932,CLTandFLE,2024.1.5,Win32,140.8450704,611d092f67d30dcb56cf3dad,67ffc4c40efe1bd1090b10ee,67ffe73f3478cf78549e84d2,,,,,,,,,,,,,,,,,,,,,,,,,,,,,,,,,,,,,,,,,,,234.0113,238.1166,4.1051,1,0,137.3905,0.199074074,0.091666667,0,0,0,0,24,24,7,1,a,The patient has taken Batatrim,The patient has overcome the crisis,,,,,,,,,,,,,,,,,,,,,,,,,,,,,,,,,,,,,,,,,,,,,,,,,,,,,,,,,,,,,,,,,,,,,,,,,,,,,,,,,,,,,,,
,,,,,,,,[(%PROLIFIC_PID,2,2025-04-16_19h22.18.932,CLTandFLE,2024.1.5,Win32,140.8450704,611d092f67d30dcb56cf3dad,67ffc4c40efe1bd1090b10ee,67ffe73f3478cf78549e84d2,,,,,,,,,,,,,,,,,,,,,,,,,,,,,,,,,,,,,,,,,,,238.1171,242.2666,4.1493,1,0,141.5398,0.024074074,0.057407407,0,0,0,0,25,25,18,1,b,The patient has taken Batatrim,The patient has not overcome the crisis,,,,,,,,,,,,,,,,,,,,,,,,,,,,,,,,,,,,,,,,,,,,,,,,,,,,,,,,,,,,,,,,,,,,,,,,,,,,,,,,,,,,,,,
,,,,,,,,[(%PROLIFIC_PID,2,2025-04-16_19h22.18.932,CLTandFLE,2024.1.5,Win32,140.8450704,611d092f67d30dcb56cf3dad,67ffc4c40efe1bd1090b10ee,67ffe73f3478cf78549e84d2,,,,,,,,,,,,,,,,,,,,,,,,,,,,,,,,,,,,,,,,,,,242.2669,246.4488,4.1816,0,1,145.7214,-0.039814815,0.010185185,0,0,0,0,26,26,31,1,c,The patient has not taken Batatrim,The patient has overcome the crisis,,,,,,,,,,,,,,,,,,,,,,,,,,,,,,,,,,,,,,,,,,,,,,,,,,,,,,,,,,,,,,,,,,,,,,,,,,,,,,,,,,,,,,,
,,,,,,,,[(%PROLIFIC_PID,2,2025-04-16_19h22.18.932,CLTandFLE,2024.1.5,Win32,140.8450704,611d092f67d30dcb56cf3dad,67ffc4c40efe1bd1090b10ee,67ffe73f3478cf78549e84d2,,,,,,,,,,,,,,,,,,,,,,,,,,,,,,,,,,,,,,,,,,,246.4494,251.0741,4.6245,0,1,150.3459,-0.156481481,0.017592593,0,0,0,0,27,27,30,1,c,The patient has not taken Batatrim,The patient has overcome the crisis,,,,,,,,,,,,,,,,,,,,,,,,,,,,,,,,,,,,,,,,,,,,,,,,,,,,,,,,,,,,,,,,,,,,,,,,,,,,,,,,,,,,,,,
,,,,,,,,[(%PROLIFIC_PID,2,2025-04-16_19h22.18.932,CLTandFLE,2024.1.5,Win32,140.8450704,611d092f67d30dcb56cf3dad,67ffc4c40efe1bd1090b10ee,67ffe73f3478cf78549e84d2,,,,,,,,,,,,,,,,,,,,,,,,,,,,,,,,,,,,,,,,,,,251.0745,255.8813,4.8066,1,0,155.1525,-0.209259259,0.030555556,0,0,0,0,28,28,36,1,d,The patient has not taken Batatrim,The patient has not overcome the crisis,,,,,,,,,,,,,,,,,,,,,,,,,,,,,,,,,,,,,,,,,,,,,,,,,,,,,,,,,,,,,,,,,,,,,,,,,,,,,,,,,,,,,,,
,,,,,,,,[(%PROLIFIC_PID,2,2025-04-16_19h22.18.932,CLTandFLE,2024.1.5,Win32,140.8450704,611d092f67d30dcb56cf3dad,67ffc4c40efe1bd1090b10ee,67ffe73f3478cf78549e84d2,,,,,,,,,,,,,,,,,,,,,,,,,,,,,,,,,,,,,,,,,,,255.8816,260.9322,5.0503,1,0,160.2028,-0.889814815,0.000925926,0,0,0,0,29,29,10,1,a,The patient has taken Batatrim,The patient has overcome the crisis,,,,,,,,,,,,,,,,,,,,,,,,,,,,,,,,,,,,,,,,,,,,,,,,,,,,,,,,,,,,,,,,,,,,,,,,,,,,,,,,,,,,,,,
,,,,,,,,[(%PROLIFIC_PID,2,2025-04-16_19h22.18.932,CLTandFLE,2024.1.5,Win32,140.8450704,611d092f67d30dcb56cf3dad,67ffc4c40efe1bd1090b10ee,67ffe73f3478cf78549e84d2,,,,,,,,,,,,,,,,,,,,,,,,,,,,,,,,,,,,,,,,,,,260.9327,265.4653,4.5324,1,0,164.7352,-0.216666667,-0.025,0,0,0,0,30,30,27,1,c,The patient has not taken Batatrim,The patient has overcome the crisis,,,,,,,,,,,,,,,,,,,,,,,,,,,,,,,,,,,,,,,,,,,,,,,,,,,,,,,,,,,,,,,,,,,,,,,,,,,,,,,,,,,,,,,
,,,,,,,,[(%PROLIFIC_PID,2,2025-04-16_19h22.18.932,CLTandFLE,2024.1.5,Win32,140.8450704,611d092f67d30dcb56cf3dad,67ffc4c40efe1bd1090b10ee,67ffe73f3478cf78549e84d2,,,,,,,,,,,,,,,,,,,,,,,,,,,,,,,,,,,,,,,,,,,265.4655,270.5394,5.0732,1,0,169.8084,0.000925926,-0.223148148,0,0,0,0,31,31,9,1,a,The patient has taken Batatrim,The patient has overcome the crisis,,,,,,,,,,,,,,,,,,,,,,,,,,,,,,,,,,,,,,,,,,,,,,,,,,,,,,,,,,,,,,,,,,,,,,,,,,,,,,,,,,,,,,,
,,,,,,,,[(%PROLIFIC_PID,2,2025-04-16_19h22.18.932,CLTandFLE,2024.1.5,Win32,140.8450704,611d092f67d30dcb56cf3dad,67ffc4c40efe1bd1090b10ee,67ffe73f3478cf78549e84d2,,,,,,,,,,,,,,,,,,,,,,,,,,,,,,,,,,,,,,,,,,,270.5402,275.0771,4.5365,0,1,174.3449,0.159259259,-0.025,0,0,0,0,32,32,29,1,c,The patient has not taken Batatrim,The patient has overcome the crisis,,,,,,,,,,,,,,,,,,,,,,,,,,,,,,,,,,,,,,,,,,,,,,,,,,,,,,,,,,,,,,,,,,,,,,,,,,,,,,,,,,,,,,,
,,,,,,,,[(%PROLIFIC_PID,2,2025-04-16_19h22.18.932,CLTandFLE,2024.1.5,Win32,140.8450704,611d092f67d30dcb56cf3dad,67ffc4c40efe1bd1090b10ee,67ffe73f3478cf78549e84d2,,,,,,,,,,,,,,,,,,,,,,,,,,,,,,,,,,,,,,,,,,,275.0779,278.7987,3.7206,0,1,178.0655,-0.157407407,-0.039814815,0,0,0,0,33,33,38,1,d,The patient has not taken Batatrim,The patient has not overcome the crisis,,,,,,,,,,,,,,,,,,,,,,,,,,,,,,,,,,,,,,,,,,,,,,,,,,,,,,,,,,,,,,,,,,,,,,,,,,,,,,,,,,,,,,,
,,,,,,,,[(%PROLIFIC_PID,2,2025-04-16_19h22.18.932,CLTandFLE,2024.1.5,Win32,140.8450704,611d092f67d30dcb56cf3dad,67ffc4c40efe1bd1090b10ee,67ffe73f3478cf78549e84d2,,,,,,,,,,,,,,,,,,,,,,,,,,,,,,,,,,,,,,,,,,,278.799,283.3924,4.5932,1,0,182.6587,-0.239814815,-0.063888889,0,0,0,0,34,34,13,1,a,The patient has taken Batatrim,The patient has overcome the crisis,,,,,,,,,,,,,,,,,,,,,,,,,,,,,,,,,,,,,,,,,,,,,,,,,,,,,,,,,,,,,,,,,,,,,,,,,,,,,,,,,,,,,,,
,,,,,,,,[(%PROLIFIC_PID,2,2025-04-16_19h22.18.932,CLTandFLE,2024.1.5,Win32,140.8450704,611d092f67d30dcb56cf3dad,67ffc4c40efe1bd1090b10ee,67ffe73f3478cf78549e84d2,,,,,,,,,,,,,,,,,,,,,,,,,,,,,,,,,,,,,,,,,,,283.3927,291.2772,7.8845,0,1,190.5432,0.126851852,-0.068518519,0,0,0,0,35,35,34,1,c,The patient has not taken Batatrim,The patient has overcome the crisis,,,,,,,,,,,,,,,,,,,,,,,,,,,,,,,,,,,,,,,,,,,,,,,,,,,,,,,,,,,,,,,,,,,,,,,,,,,,,,,,,,,,,,,
,,,,,,,,[(%PROLIFIC_PID,2,2025-04-16_19h22.18.932,CLTandFLE,2024.1.5,Win32,140.8450704,611d092f67d30dcb56cf3dad,67ffc4c40efe1bd1090b10ee,67ffe73f3478cf78549e84d2,,,,,,,,,,,,,,,,,,,,,,,,,,,,,,,,,,,,,,,,,,,291.2775,295.7599,4.4823,0,1,195.0255,0.188888889,-0.041666667,0,0,0,0,36,36,33,1,c,The patient has not taken Batatrim,The patient has overcome the crisis,,,,,,,,,,,,,,,,,,,,,,,,,,,,,,,,,,,,,,,,,,,,,,,,,,,,,,,,,,,,,,,,,,,,,,,,,,,,,,,,,,,,,,,
,,,,,,,,[(%PROLIFIC_PID,2,2025-04-16_19h22.18.932,CLTandFLE,2024.1.5,Win32,140.8450704,611d092f67d30dcb56cf3dad,67ffc4c40efe1bd1090b10ee,67ffe73f3478cf78549e84d2,,,,,,,,,,,,,,,,,,,,,,,,,,,,,,,,,,,,,,,,,,,295.7602,299.8985,4.1383,0,1,199.1638,0.184259259,-0.044444444,0,0,0,0,37,37,20,1,c,The patient has not taken Batatrim,The patient has overcome the crisis,,,,,,,,,,,,,,,,,,,,,,,,,,,,,,,,,,,,,,,,,,,,,,,,,,,,,,,,,,,,,,,,,,,,,,,,,,,,,,,,,,,,,,,
,,,,,,,,[(%PROLIFIC_PID,2,2025-04-16_19h22.18.932,CLTandFLE,2024.1.5,Win32,140.8450704,611d092f67d30dcb56cf3dad,67ffc4c40efe1bd1090b10ee,67ffe73f3478cf78549e84d2,,,,,,,,,,,,,,,,,,,,,,,,,,,,,,,,,,,,,,,,,,,299.8988,304.0968,4.1978,0,1,203.3616,0.180555556,-0.048148148,0,0,0,0,38,38,35,1,d,The patient has not taken Batatrim,The patient has not overcome the crisis,,,,,,,,,,,,,,,,,,,,,,,,,,,,,,,,,,,,,,,,,,,,,,,,,,,,,,,,,,,,,,,,,,,,,,,,,,,,,,,,,,,,,,,
,,,,,,,,[(%PROLIFIC_PID,2,2025-04-16_19h22.18.932,CLTandFLE,2024.1.5,Win32,140.8450704,611d092f67d30dcb56cf3dad,67ffc4c40efe1bd1090b10ee,67ffe73f3478cf78549e84d2,,,,,,,,,,,,,,,,,,,,,,,,,,,,,,,,,,,,,,,,,,,304.097,308.2523,4.1551,0,1,207.5167,-0.208333333,-0.024074074,0,0,0,0,39,39,22,1,c,The patient has not taken Batatrim,The patient has overcome the crisis,,,,,,,,,,,,,,,,,,,,,,,,,,,,,,,,,,,,,,,,,,,,,,,,,,,,,,,,,,,,,,,,,,,,,,,,,,,,,,,,,,,,,,,
,,,,,,,,[(%PROLIFIC_PID,2,2025-04-16_19h22.18.932,CLTandFLE,2024.1.5,Win32,140.8450704,611d092f67d30dcb56cf3dad,67ffc4c40efe1bd1090b10ee,67ffe73f3478cf78549e84d2,,331.4135,331.8287,,,,,,,,,,,,,,,,,,,,,,,,,,,,,,,,,,,,,,,,,,,,,,,,,,,,,,,,,,,308.6673,322.7293,14.0617,85,12.7559,0.046296296,-0.197222222,1,0,0,323.146,331.4133,8.2667,70,5.0017,0.016666667,-0.187962963,1,0,0,7,52,5,23,0,0,0,0,1,,,,,,,,,,,,,,,,,,,,,,,,,,,,,,,,,,,,,,,,,,,,,,,,,,,,,,,,,,
,,,,,,,,[(%PROLIFIC_PID,2,2025-04-16_19h22.18.932,CLTandFLE,2024.1.5,Win32,140.8450704,611d092f67d30dcb56cf3dad,67ffc4c40efe1bd1090b10ee,67ffe73f3478cf78549e84d2,,460.2594,460.673,,,,,,,,,,,,,,,,,,,,,,,,,,,,,,,,,,,,,,,,,,,,,,,,,,,,,,,,,,,,,,,,,,,,,,,,,,,,,,,,,,,,,,,,374.1267,384.4778,10.3497,3,9.7699,0.063888889,-0.225,1,0,0,22,Maschio,Sì,12,"Sì, l'ho ottenuta più di due anni fa",C1 CEFR (7 - 8 IELTS),TRUE,FALSE,8,9,8,7,8,FALSE,Conferma,c1ok,c2ok,c3ok,c4err2,c5ok,c6ok,c7ok,c8ok,c9ok,c10ok,c11ok,c12ok,c13ok,c14ok,c15ok,c16ok,c17ok,c18ok,c19ok,c20ok,c21ok,c22ok,c23ok,c24ok,c25ok,c26ok,645.4423,652.1097,0,0,0,0,1
