﻿Alfa.started,Alfa.stopped,alfa_mouse.x,alfa_mouse.y,alfa_mouse.leftButton,alfa_mouse.midButton,alfa_mouse.rightButton,alfa_mouse.clicked_name,participant,group,date,expName,psychopyVersion,OS,frameRate,PROLIFIC_PID,STUDY_ID,SESSION_ID,)],ITI.started,ITI.stopped,B_consensoinformato.started,B_consensoinformato.stopped,tempo_consenso,cons_mouse.x,cons_mouse.y,cons_mouse.leftButton,cons_mouse.midButton,cons_mouse.rightButton,A_benvenuto.started,A_benvenuto.stopped,ben_mouse.x,ben_mouse.y,ben_mouse.leftButton,ben_mouse.midButton,ben_mouse.rightButton,B2_istruzioni.started,B2_istruzioni.stopped,tempo_istru,cons_mouse_2.x,cons_mouse_2.y,cons_mouse_2.leftButton,cons_mouse_2.midButton,cons_mouse_2.rightButton,SAMevaluation.started,SAMevaluation.stopped,temposam,sliderintensity.response,sliderintensity.rt,slidervalence.response,slidervalence.rt,mouse_sam.x,mouse_sam.y,mouse_sam.leftButton,mouse_sam.midButton,mouse_sam.rightButton,mouse_sam.time,mouse_sam.clicked_name,Loading.started,Loading.stopped,C_associative_task.started,C_associative_task.stopped,tempo_trial,hapremutosi,hapremutono,tempo_tasktot,mouse.x,mouse.y,mouse.leftButton,mouse.midButton,mouse.rightButton,trials.thisRepN,trials.thisTrialN,trials.thisN,trials.thisIndex,trials.ran,cond,causa,effetto,D_VD.started,D_VD.stopped,tempo_vd,vd.response,vd.rt,mouse_vd.x,mouse_vd.y,mouse_vd.leftButton,mouse_vd.midButton,mouse_vd.rightButton,Previous.started,Previous.stopped,tempo_vd1,previous.response,previous.rt,mouse_vd_2.x,mouse_vd_2.y,mouse_vd_2.leftButton,mouse_vd_2.midButton,mouse_vd_2.rightButton,EstENG.TrialSN,EstENG.TrialNN,EstENG.TrialSS,EstENG.TrialNS,ingesta.thisRepN,ingesta.thisTrialN,ingesta.thisN,ingesta.thisIndex,ingesta.ran,PF.started,PF.stopped,tempo_pf,processfluency.response,processfluency.rt,mouse_ch.x,mouse_ch.y,mouse_ch.leftButton,mouse_ch.midButton,mouse_ch.rightButton,Questionario_Lingua.Age,Questionario_Lingua.Sesso,Questionario_Lingua.StaiStudiando?,Questionario_Lingua.Anniscolarita,Questionario_Lingua.Diploma,Questionario_Lingua.Punteggiodiploma,Questionario_Lingua.ItaMADRE?,Questionario_Lingua.INGmadre?,Questionario_Lingua.Q5(AOAIng),Questionario_Lingua.INGLETTURA,Questionario_Lingua.INGCOMPRESO,Questionario_Lingua.INGSCRITTO,Questionario_Lingua.INGPARLATO,Questionario_Lingua.haivissutoestero,ProvaInglese.ProcediamoENg,ProvaInglese.C1,ProvaInglese.C2,ProvaInglese.C3,ProvaInglese.C4,ProvaInglese.C5,ProvaInglese.C6,ProvaInglese.C7,ProvaInglese.C8,ProvaInglese.C9,ProvaInglese.C10,ProvaInglese.C11,ProvaInglese.C12,ProvaInglese.C13,ProvaInglese.C14,ProvaInglese.C15,ProvaInglese.C16,ProvaInglese.C17,ProvaInglese.C18,ProvaInglese.C19,ProvaInglese.C20,ProvaInglese.C21,ProvaInglese.C22,ProvaInglese.C23,ProvaInglese.C24,ProvaInglese.C25,ProvaInglese.controlquestion,Ant_lastquestion.started,Ant_lastquestion.stopped,exp_loop.thisRepN,exp_loop.thisTrialN,exp_loop.thisN,exp_loop.thisIndex,exp_loop.ran
0.0002,3.16,-0.009259259,-0.025,1,0,0,alfa_mask,[(%PROLIFIC_PID,2,2025-05-08_11h27.27.709,CLTandFLE,2024.1.5,Win32,59.88023952,60317fc2c8f6320ecde4bcb3,67ffc4c40efe1bd1090b10ee,681c78ec2597faa9693aad27,,,,,,,,,,,,,,,,,,,,,,,,,,,,,,,,,,,,,,,,,,,,,,,,,,,,,,,,,,,,,,,,,,,,,,,,,,,,,,,,,,,,,,,,,,,,,,,,,,,,,,,,,,,,,,,,,,,,,,,,,,,,,,,,,,,,,,,,,,,,,,,,,,,,
,,,,,,,,[(%PROLIFIC_PID,2,2025-05-08_11h27.27.709,CLTandFLE,2024.1.5,Win32,59.88023952,60317fc2c8f6320ecde4bcb3,67ffc4c40efe1bd1090b10ee,681c78ec2597faa9693aad27,,3.1602,4.1557,,,,,,,,,,,,,,,,,,,,,,,,,,,,,,,,,,,,,,,,,,,,,,,,,,,,,,,,,,,,,,,,,,,,,,,,,,,,,,,,,,,,,,,,,,,,,,,,,,,,,,,,,,,,,,,,,,,,,,,,,,,,,,,,,,,,,,,,,,,,,,,,,
,,,,,,,,[(%PROLIFIC_PID,2,2025-05-08_11h27.27.709,CLTandFLE,2024.1.5,Win32,59.88023952,60317fc2c8f6320ecde4bcb3,67ffc4c40efe1bd1090b10ee,681c78ec2597faa9693aad27,,,,4.1558,8.0559,3.8998,0.168518519,-0.405555556,1,0,0,,,,,,,,,,,,,,,,,,,,,,,,,,,,,,,,,,,,,,,,,,,,,,,,,,,,,,,,,,,,,,,,,,,,,,,,,,,,,,,,,,,,,,,,,,,,,,,,,,,,,,,,,,,,,,,,,,,,,,,,,,,,,,,,,,,,,,,,,
,,,,,,,,[(%PROLIFIC_PID,2,2025-05-08_11h27.27.709,CLTandFLE,2024.1.5,Win32,59.88023952,60317fc2c8f6320ecde4bcb3,67ffc4c40efe1bd1090b10ee,681c78ec2597faa9693aad27,,91.5739,92.5737,,,,,,,,,9.0558,11.5226,0.041666667,-0.1,1,0,0,12.5225,58.84,46.3173,-0.021296296,-0.394444444,1,0,0,59.8401,83.5739,23.7336,1,15.6527,0.584490741,23.1104,"[0.007407407407407408,0.000925925925925926,0.2574074074074074,0.14537037037037037,0.026851851851851852]","[0.20555555555555555,-0.005555555555555556,0.19907407407407407,-0.001851851851851852,-0.22037037037037038]","[1,1,1,1,1]","[0,0,0,0,0]","[0,0,0,0,0]","[4.030499999999989,6.913800000004471,15.430499999999995,22.663999999999987,23.730600000001488]","[""sliderintensity"",""slidervalence"",""sliderintensity"",""slidervalence"",""rettoksam""]",84.5738,91.5737,92.5842,100.5407,7.9563,0,1,7.9563,0.093518519,-0.02037037,0,0,0,0,0,0,21,1,c,The patient has not taken Batatrim,The patient has overcome the crisis,,,,,,,,,,,,,,,,,,,,,,,,,,,,,,,,,,,,,,,,,,,,,,,,,,,,,,,,,,,,,,,,,,,,,,,,,,,,,,,,,,,,,,,
,,,,,,,,[(%PROLIFIC_PID,2,2025-05-08_11h27.27.709,CLTandFLE,2024.1.5,Win32,59.88023952,60317fc2c8f6320ecde4bcb3,67ffc4c40efe1bd1090b10ee,681c78ec2597faa9693aad27,,,,,,,,,,,,,,,,,,,,,,,,,,,,,,,,,,,,,,,,,,,100.5409,106.1074,5.5664,1,0,13.5227,-0.055555556,-0.028703704,0,0,0,0,1,1,3,1,a,The patient has taken Batatrim,The patient has overcome the crisis,,,,,,,,,,,,,,,,,,,,,,,,,,,,,,,,,,,,,,,,,,,,,,,,,,,,,,,,,,,,,,,,,,,,,,,,,,,,,,,,,,,,,,,
,,,,,,,,[(%PROLIFIC_PID,2,2025-05-08_11h27.27.709,CLTandFLE,2024.1.5,Win32,59.88023952,60317fc2c8f6320ecde4bcb3,67ffc4c40efe1bd1090b10ee,681c78ec2597faa9693aad27,,,,,,,,,,,,,,,,,,,,,,,,,,,,,,,,,,,,,,,,,,,106.1077,111.8574,5.7496,1,0,19.2723,-0.023148148,-0.032407407,0,0,0,0,2,2,29,1,c,The patient has not taken Batatrim,The patient has overcome the crisis,,,,,,,,,,,,,,,,,,,,,,,,,,,,,,,,,,,,,,,,,,,,,,,,,,,,,,,,,,,,,,,,,,,,,,,,,,,,,,,,,,,,,,,
,,,,,,,,[(%PROLIFIC_PID,2,2025-05-08_11h27.27.709,CLTandFLE,2024.1.5,Win32,59.88023952,60317fc2c8f6320ecde4bcb3,67ffc4c40efe1bd1090b10ee,681c78ec2597faa9693aad27,,,,,,,,,,,,,,,,,,,,,,,,,,,,,,,,,,,,,,,,,,,111.8577,118.5075,6.6497,1,0,25.922,-0.037962963,-0.038888889,0,0,0,0,3,3,9,1,a,The patient has taken Batatrim,The patient has overcome the crisis,,,,,,,,,,,,,,,,,,,,,,,,,,,,,,,,,,,,,,,,,,,,,,,,,,,,,,,,,,,,,,,,,,,,,,,,,,,,,,,,,,,,,,,
,,,,,,,,[(%PROLIFIC_PID,2,2025-05-08_11h27.27.709,CLTandFLE,2024.1.5,Win32,59.88023952,60317fc2c8f6320ecde4bcb3,67ffc4c40efe1bd1090b10ee,681c78ec2597faa9693aad27,,,,,,,,,,,,,,,,,,,,,,,,,,,,,,,,,,,,,,,,,,,118.5077,123.4411,4.9333,1,0,30.8553,-0.021296296,-0.038888889,0,0,0,0,4,4,17,1,b,The patient has taken Batatrim,The patient has not overcome the crisis,,,,,,,,,,,,,,,,,,,,,,,,,,,,,,,,,,,,,,,,,,,,,,,,,,,,,,,,,,,,,,,,,,,,,,,,,,,,,,,,,,,,,,,
,,,,,,,,[(%PROLIFIC_PID,2,2025-05-08_11h27.27.709,CLTandFLE,2024.1.5,Win32,59.88023952,60317fc2c8f6320ecde4bcb3,67ffc4c40efe1bd1090b10ee,681c78ec2597faa9693aad27,,,,,,,,,,,,,,,,,,,,,,,,,,,,,,,,,,,,,,,,,,,123.4413,130.1078,6.6665,1,0,37.5218,0.033333333,-0.037962963,0,0,0,0,5,5,34,1,c,The patient has not taken Batatrim,The patient has overcome the crisis,,,,,,,,,,,,,,,,,,,,,,,,,,,,,,,,,,,,,,,,,,,,,,,,,,,,,,,,,,,,,,,,,,,,,,,,,,,,,,,,,,,,,,,
,,,,,,,,[(%PROLIFIC_PID,2,2025-05-08_11h27.27.709,CLTandFLE,2024.1.5,Win32,59.88023952,60317fc2c8f6320ecde4bcb3,67ffc4c40efe1bd1090b10ee,681c78ec2597faa9693aad27,,,,,,,,,,,,,,,,,,,,,,,,,,,,,,,,,,,,,,,,,,,130.108,136.6579,6.5498,1,0,44.0716,0.052777778,0.026851852,0,0,0,0,6,6,23,1,c,The patient has not taken Batatrim,The patient has overcome the crisis,,,,,,,,,,,,,,,,,,,,,,,,,,,,,,,,,,,,,,,,,,,,,,,,,,,,,,,,,,,,,,,,,,,,,,,,,,,,,,,,,,,,,,,
,,,,,,,,[(%PROLIFIC_PID,2,2025-05-08_11h27.27.709,CLTandFLE,2024.1.5,Win32,59.88023952,60317fc2c8f6320ecde4bcb3,67ffc4c40efe1bd1090b10ee,681c78ec2597faa9693aad27,,,,,,,,,,,,,,,,,,,,,,,,,,,,,,,,,,,,,,,,,,,136.6581,143.3414,6.6832,1,0,50.7548,0.014814815,-0.005555556,0,0,0,0,7,7,36,1,d,The patient has not taken Batatrim,The patient has not overcome the crisis,,,,,,,,,,,,,,,,,,,,,,,,,,,,,,,,,,,,,,,,,,,,,,,,,,,,,,,,,,,,,,,,,,,,,,,,,,,,,,,,,,,,,,,
,,,,,,,,[(%PROLIFIC_PID,2,2025-05-08_11h27.27.709,CLTandFLE,2024.1.5,Win32,59.88023952,60317fc2c8f6320ecde4bcb3,67ffc4c40efe1bd1090b10ee,681c78ec2597faa9693aad27,,,,,,,,,,,,,,,,,,,,,,,,,,,,,,,,,,,,,,,,,,,143.3415,148.0084,4.6668,1,0,55.4216,-0.012962963,-0.017592593,0,0,0,0,8,8,5,1,a,The patient has taken Batatrim,The patient has overcome the crisis,,,,,,,,,,,,,,,,,,,,,,,,,,,,,,,,,,,,,,,,,,,,,,,,,,,,,,,,,,,,,,,,,,,,,,,,,,,,,,,,,,,,,,,
,,,,,,,,[(%PROLIFIC_PID,2,2025-05-08_11h27.27.709,CLTandFLE,2024.1.5,Win32,59.88023952,60317fc2c8f6320ecde4bcb3,67ffc4c40efe1bd1090b10ee,681c78ec2597faa9693aad27,,,,,,,,,,,,,,,,,,,,,,,,,,,,,,,,,,,,,,,,,,,148.0085,153.6915,5.683,0,1,61.1046,-0.021296296,-0.047222222,0,0,0,0,9,9,35,1,d,The patient has not taken Batatrim,The patient has not overcome the crisis,,,,,,,,,,,,,,,,,,,,,,,,,,,,,,,,,,,,,,,,,,,,,,,,,,,,,,,,,,,,,,,,,,,,,,,,,,,,,,,,,,,,,,,
,,,,,,,,[(%PROLIFIC_PID,2,2025-05-08_11h27.27.709,CLTandFLE,2024.1.5,Win32,59.88023952,60317fc2c8f6320ecde4bcb3,67ffc4c40efe1bd1090b10ee,681c78ec2597faa9693aad27,,,,,,,,,,,,,,,,,,,,,,,,,,,,,,,,,,,,,,,,,,,153.6918,158.5583,4.8665,1,0,65.9711,0.011111111,-0.039814815,0,0,0,0,10,10,6,1,a,The patient has taken Batatrim,The patient has overcome the crisis,,,,,,,,,,,,,,,,,,,,,,,,,,,,,,,,,,,,,,,,,,,,,,,,,,,,,,,,,,,,,,,,,,,,,,,,,,,,,,,,,,,,,,,
,,,,,,,,[(%PROLIFIC_PID,2,2025-05-08_11h27.27.709,CLTandFLE,2024.1.5,Win32,59.88023952,60317fc2c8f6320ecde4bcb3,67ffc4c40efe1bd1090b10ee,681c78ec2597faa9693aad27,,,,,,,,,,,,,,,,,,,,,,,,,,,,,,,,,,,,,,,,,,,158.5585,163.6917,5.1331,1,0,71.1042,0.012962963,-0.016666667,0,0,0,0,11,11,18,1,b,The patient has taken Batatrim,The patient has not overcome the crisis,,,,,,,,,,,,,,,,,,,,,,,,,,,,,,,,,,,,,,,,,,,,,,,,,,,,,,,,,,,,,,,,,,,,,,,,,,,,,,,,,,,,,,,
,,,,,,,,[(%PROLIFIC_PID,2,2025-05-08_11h27.27.709,CLTandFLE,2024.1.5,Win32,59.88023952,60317fc2c8f6320ecde4bcb3,67ffc4c40efe1bd1090b10ee,681c78ec2597faa9693aad27,,,,,,,,,,,,,,,,,,,,,,,,,,,,,,,,,,,,,,,,,,,163.6918,169.0084,5.3165,0,1,76.4207,-0.002777778,-0.040740741,0,0,0,0,12,12,33,1,c,The patient has not taken Batatrim,The patient has overcome the crisis,,,,,,,,,,,,,,,,,,,,,,,,,,,,,,,,,,,,,,,,,,,,,,,,,,,,,,,,,,,,,,,,,,,,,,,,,,,,,,,,,,,,,,,
,,,,,,,,[(%PROLIFIC_PID,2,2025-05-08_11h27.27.709,CLTandFLE,2024.1.5,Win32,59.88023952,60317fc2c8f6320ecde4bcb3,67ffc4c40efe1bd1090b10ee,681c78ec2597faa9693aad27,,,,,,,,,,,,,,,,,,,,,,,,,,,,,,,,,,,,,,,,,,,169.0086,173.0588,4.0501,1,0,80.4708,-0.172222222,-0.024074074,0,0,0,0,13,13,24,1,c,The patient has not taken Batatrim,The patient has overcome the crisis,,,,,,,,,,,,,,,,,,,,,,,,,,,,,,,,,,,,,,,,,,,,,,,,,,,,,,,,,,,,,,,,,,,,,,,,,,,,,,,,,,,,,,,
,,,,,,,,[(%PROLIFIC_PID,2,2025-05-08_11h27.27.709,CLTandFLE,2024.1.5,Win32,59.88023952,60317fc2c8f6320ecde4bcb3,67ffc4c40efe1bd1090b10ee,681c78ec2597faa9693aad27,,,,,,,,,,,,,,,,,,,,,,,,,,,,,,,,,,,,,,,,,,,173.059,177.192,4.1328,1,0,84.6036,-0.156481481,-0.02962963,0,0,0,0,14,14,12,1,a,The patient has taken Batatrim,The patient has overcome the crisis,,,,,,,,,,,,,,,,,,,,,,,,,,,,,,,,,,,,,,,,,,,,,,,,,,,,,,,,,,,,,,,,,,,,,,,,,,,,,,,,,,,,,,,
,,,,,,,,[(%PROLIFIC_PID,2,2025-05-08_11h27.27.709,CLTandFLE,2024.1.5,Win32,59.88023952,60317fc2c8f6320ecde4bcb3,67ffc4c40efe1bd1090b10ee,681c78ec2597faa9693aad27,,,,,,,,,,,,,,,,,,,,,,,,,,,,,,,,,,,,,,,,,,,177.1921,181.3253,4.1331,1,0,88.7367,-0.051851852,-0.025,0,0,0,0,15,15,14,1,b,The patient has taken Batatrim,The patient has overcome the crisis,,,,,,,,,,,,,,,,,,,,,,,,,,,,,,,,,,,,,,,,,,,,,,,,,,,,,,,,,,,,,,,,,,,,,,,,,,,,,,,,,,,,,,,
,,,,,,,,[(%PROLIFIC_PID,2,2025-05-08_11h27.27.709,CLTandFLE,2024.1.5,Win32,59.88023952,60317fc2c8f6320ecde4bcb3,67ffc4c40efe1bd1090b10ee,681c78ec2597faa9693aad27,,,,,,,,,,,,,,,,,,,,,,,,,,,,,,,,,,,,,,,,,,,181.3255,186.0754,4.7498,0,1,93.4865,-0.131481481,-0.04537037,0,0,0,0,16,16,39,1,d,The patient has not taken Batatrim,The patient has not overcome the crisis,,,,,,,,,,,,,,,,,,,,,,,,,,,,,,,,,,,,,,,,,,,,,,,,,,,,,,,,,,,,,,,,,,,,,,,,,,,,,,,,,,,,,,,
,,,,,,,,[(%PROLIFIC_PID,2,2025-05-08_11h27.27.709,CLTandFLE,2024.1.5,Win32,59.88023952,60317fc2c8f6320ecde4bcb3,67ffc4c40efe1bd1090b10ee,681c78ec2597faa9693aad27,,,,,,,,,,,,,,,,,,,,,,,,,,,,,,,,,,,,,,,,,,,186.0756,189.9922,3.9165,1,0,97.403,-0.14537037,-0.048148148,0,0,0,0,17,17,1,1,a,The patient has taken Batatrim,The patient has overcome the crisis,,,,,,,,,,,,,,,,,,,,,,,,,,,,,,,,,,,,,,,,,,,,,,,,,,,,,,,,,,,,,,,,,,,,,,,,,,,,,,,,,,,,,,,
,,,,,,,,[(%PROLIFIC_PID,2,2025-05-08_11h27.27.709,CLTandFLE,2024.1.5,Win32,59.88023952,60317fc2c8f6320ecde4bcb3,67ffc4c40efe1bd1090b10ee,681c78ec2597faa9693aad27,,,,,,,,,,,,,,,,,,,,,,,,,,,,,,,,,,,,,,,,,,,189.9923,194.9589,4.9665,0,1,102.3695,-0.15,-0.034259259,0,0,0,0,18,18,32,1,c,The patient has not taken Batatrim,The patient has overcome the crisis,,,,,,,,,,,,,,,,,,,,,,,,,,,,,,,,,,,,,,,,,,,,,,,,,,,,,,,,,,,,,,,,,,,,,,,,,,,,,,,,,,,,,,,
,,,,,,,,[(%PROLIFIC_PID,2,2025-05-08_11h27.27.709,CLTandFLE,2024.1.5,Win32,59.88023952,60317fc2c8f6320ecde4bcb3,67ffc4c40efe1bd1090b10ee,681c78ec2597faa9693aad27,,,,,,,,,,,,,,,,,,,,,,,,,,,,,,,,,,,,,,,,,,,194.959,198.9589,3.9998,1,0,106.3693,-0.15,-0.034259259,0,0,0,0,19,19,11,1,a,The patient has taken Batatrim,The patient has overcome the crisis,,,,,,,,,,,,,,,,,,,,,,,,,,,,,,,,,,,,,,,,,,,,,,,,,,,,,,,,,,,,,,,,,,,,,,,,,,,,,,,,,,,,,,,
,,,,,,,,[(%PROLIFIC_PID,2,2025-05-08_11h27.27.709,CLTandFLE,2024.1.5,Win32,59.88023952,60317fc2c8f6320ecde4bcb3,67ffc4c40efe1bd1090b10ee,681c78ec2597faa9693aad27,,,,,,,,,,,,,,,,,,,,,,,,,,,,,,,,,,,,,,,,,,,198.9591,202.8923,3.9331,1,0,110.3024,-0.15,-0.034259259,0,0,0,0,20,20,20,1,c,The patient has not taken Batatrim,The patient has overcome the crisis,,,,,,,,,,,,,,,,,,,,,,,,,,,,,,,,,,,,,,,,,,,,,,,,,,,,,,,,,,,,,,,,,,,,,,,,,,,,,,,,,,,,,,,
,,,,,,,,[(%PROLIFIC_PID,2,2025-05-08_11h27.27.709,CLTandFLE,2024.1.5,Win32,59.88023952,60317fc2c8f6320ecde4bcb3,67ffc4c40efe1bd1090b10ee,681c78ec2597faa9693aad27,,,,,,,,,,,,,,,,,,,,,,,,,,,,,,,,,,,,,,,,,,,202.8925,207.3259,4.4333,1,0,114.7357,-0.15,-0.034259259,0,0,0,0,21,21,2,1,a,The patient has taken Batatrim,The patient has overcome the crisis,,,,,,,,,,,,,,,,,,,,,,,,,,,,,,,,,,,,,,,,,,,,,,,,,,,,,,,,,,,,,,,,,,,,,,,,,,,,,,,,,,,,,,,
,,,,,,,,[(%PROLIFIC_PID,2,2025-05-08_11h27.27.709,CLTandFLE,2024.1.5,Win32,59.88023952,60317fc2c8f6320ecde4bcb3,67ffc4c40efe1bd1090b10ee,681c78ec2597faa9693aad27,,,,,,,,,,,,,,,,,,,,,,,,,,,,,,,,,,,,,,,,,,,207.3261,212.2258,4.8997,1,0,119.6354,0.066666667,-0.026851852,0,0,0,0,22,22,19,1,b,The patient has taken Batatrim,The patient has not overcome the crisis,,,,,,,,,,,,,,,,,,,,,,,,,,,,,,,,,,,,,,,,,,,,,,,,,,,,,,,,,,,,,,,,,,,,,,,,,,,,,,,,,,,,,,,
,,,,,,,,[(%PROLIFIC_PID,2,2025-05-08_11h27.27.709,CLTandFLE,2024.1.5,Win32,59.88023952,60317fc2c8f6320ecde4bcb3,67ffc4c40efe1bd1090b10ee,681c78ec2597faa9693aad27,,,,,,,,,,,,,,,,,,,,,,,,,,,,,,,,,,,,,,,,,,,212.226,216.4926,4.2664,0,1,123.9018,0.026851852,-0.021296296,0,0,0,0,23,23,25,1,c,The patient has not taken Batatrim,The patient has overcome the crisis,,,,,,,,,,,,,,,,,,,,,,,,,,,,,,,,,,,,,,,,,,,,,,,,,,,,,,,,,,,,,,,,,,,,,,,,,,,,,,,,,,,,,,,
,,,,,,,,[(%PROLIFIC_PID,2,2025-05-08_11h27.27.709,CLTandFLE,2024.1.5,Win32,59.88023952,60317fc2c8f6320ecde4bcb3,67ffc4c40efe1bd1090b10ee,681c78ec2597faa9693aad27,,,,,,,,,,,,,,,,,,,,,,,,,,,,,,,,,,,,,,,,,,,216.4928,221.4425,4.9496,1,0,128.8514,-0.093518519,-0.027777778,0,0,0,0,24,24,13,1,a,The patient has taken Batatrim,The patient has overcome the crisis,,,,,,,,,,,,,,,,,,,,,,,,,,,,,,,,,,,,,,,,,,,,,,,,,,,,,,,,,,,,,,,,,,,,,,,,,,,,,,,,,,,,,,,
,,,,,,,,[(%PROLIFIC_PID,2,2025-05-08_11h27.27.709,CLTandFLE,2024.1.5,Win32,59.88023952,60317fc2c8f6320ecde4bcb3,67ffc4c40efe1bd1090b10ee,681c78ec2597faa9693aad27,,,,,,,,,,,,,,,,,,,,,,,,,,,,,,,,,,,,,,,,,,,221.4426,225.9593,4.5167,1,0,133.3681,-0.005555556,-0.031481481,0,0,0,0,25,25,4,1,a,The patient has taken Batatrim,The patient has overcome the crisis,,,,,,,,,,,,,,,,,,,,,,,,,,,,,,,,,,,,,,,,,,,,,,,,,,,,,,,,,,,,,,,,,,,,,,,,,,,,,,,,,,,,,,,
,,,,,,,,[(%PROLIFIC_PID,2,2025-05-08_11h27.27.709,CLTandFLE,2024.1.5,Win32,59.88023952,60317fc2c8f6320ecde4bcb3,67ffc4c40efe1bd1090b10ee,681c78ec2597faa9693aad27,,,,,,,,,,,,,,,,,,,,,,,,,,,,,,,,,,,,,,,,,,,225.9595,230.4761,4.5166,0,1,137.8847,-0.052777778,-0.026851852,0,0,0,0,26,26,28,1,c,The patient has not taken Batatrim,The patient has overcome the crisis,,,,,,,,,,,,,,,,,,,,,,,,,,,,,,,,,,,,,,,,,,,,,,,,,,,,,,,,,,,,,,,,,,,,,,,,,,,,,,,,,,,,,,,
,,,,,,,,[(%PROLIFIC_PID,2,2025-05-08_11h27.27.709,CLTandFLE,2024.1.5,Win32,59.88023952,60317fc2c8f6320ecde4bcb3,67ffc4c40efe1bd1090b10ee,681c78ec2597faa9693aad27,,,,,,,,,,,,,,,,,,,,,,,,,,,,,,,,,,,,,,,,,,,230.4763,235.5096,5.0331,1,0,142.9178,-0.125925926,-0.02037037,1,0,0,0,27,27,37,1,d,The patient has not taken Batatrim,The patient has not overcome the crisis,,,,,,,,,,,,,,,,,,,,,,,,,,,,,,,,,,,,,,,,,,,,,,,,,,,,,,,,,,,,,,,,,,,,,,,,,,,,,,,,,,,,,,,
,,,,,,,,[(%PROLIFIC_PID,2,2025-05-08_11h27.27.709,CLTandFLE,2024.1.5,Win32,59.88023952,60317fc2c8f6320ecde4bcb3,67ffc4c40efe1bd1090b10ee,681c78ec2597faa9693aad27,,,,,,,,,,,,,,,,,,,,,,,,,,,,,,,,,,,,,,,,,,,235.5096,240.8262,5.3166,1,0,148.2344,-0.090740741,-0.106481481,0,0,0,0,28,28,26,1,c,The patient has not taken Batatrim,The patient has overcome the crisis,,,,,,,,,,,,,,,,,,,,,,,,,,,,,,,,,,,,,,,,,,,,,,,,,,,,,,,,,,,,,,,,,,,,,,,,,,,,,,,,,,,,,,,
,,,,,,,,[(%PROLIFIC_PID,2,2025-05-08_11h27.27.709,CLTandFLE,2024.1.5,Win32,59.88023952,60317fc2c8f6320ecde4bcb3,67ffc4c40efe1bd1090b10ee,681c78ec2597faa9693aad27,,,,,,,,,,,,,,,,,,,,,,,,,,,,,,,,,,,,,,,,,,,240.8265,245.4264,4.5997,1,0,152.8341,-0.017592593,-0.032407407,1,0,0,0,29,29,27,1,c,The patient has not taken Batatrim,The patient has overcome the crisis,,,,,,,,,,,,,,,,,,,,,,,,,,,,,,,,,,,,,,,,,,,,,,,,,,,,,,,,,,,,,,,,,,,,,,,,,,,,,,,,,,,,,,,
,,,,,,,,[(%PROLIFIC_PID,2,2025-05-08_11h27.27.709,CLTandFLE,2024.1.5,Win32,59.88023952,60317fc2c8f6320ecde4bcb3,67ffc4c40efe1bd1090b10ee,681c78ec2597faa9693aad27,,,,,,,,,,,,,,,,,,,,,,,,,,,,,,,,,,,,,,,,,,,245.4267,249.3097,3.883,1,0,156.7171,0.018518519,-0.04537037,0,0,0,0,30,30,31,1,c,The patient has not taken Batatrim,The patient has overcome the crisis,,,,,,,,,,,,,,,,,,,,,,,,,,,,,,,,,,,,,,,,,,,,,,,,,,,,,,,,,,,,,,,,,,,,,,,,,,,,,,,,,,,,,,,
,,,,,,,,[(%PROLIFIC_PID,2,2025-05-08_11h27.27.709,CLTandFLE,2024.1.5,Win32,59.88023952,60317fc2c8f6320ecde4bcb3,67ffc4c40efe1bd1090b10ee,681c78ec2597faa9693aad27,,,,,,,,,,,,,,,,,,,,,,,,,,,,,,,,,,,,,,,,,,,249.3099,253.4265,4.1165,1,0,160.8336,0.014814815,-0.018518519,0,0,0,0,31,31,16,1,b,The patient has taken Batatrim,The patient has not overcome the crisis,,,,,,,,,,,,,,,,,,,,,,,,,,,,,,,,,,,,,,,,,,,,,,,,,,,,,,,,,,,,,,,,,,,,,,,,,,,,,,,,,,,,,,,
,,,,,,,,[(%PROLIFIC_PID,2,2025-05-08_11h27.27.709,CLTandFLE,2024.1.5,Win32,59.88023952,60317fc2c8f6320ecde4bcb3,67ffc4c40efe1bd1090b10ee,681c78ec2597faa9693aad27,,,,,,,,,,,,,,,,,,,,,,,,,,,,,,,,,,,,,,,,,,,253.4266,258.8932,5.4666,0,1,166.3002,0.041666667,-0.057407407,0,0,0,0,32,32,30,1,c,The patient has not taken Batatrim,The patient has overcome the crisis,,,,,,,,,,,,,,,,,,,,,,,,,,,,,,,,,,,,,,,,,,,,,,,,,,,,,,,,,,,,,,,,,,,,,,,,,,,,,,,,,,,,,,,
,,,,,,,,[(%PROLIFIC_PID,2,2025-05-08_11h27.27.709,CLTandFLE,2024.1.5,Win32,59.88023952,60317fc2c8f6320ecde4bcb3,67ffc4c40efe1bd1090b10ee,681c78ec2597faa9693aad27,,,,,,,,,,,,,,,,,,,,,,,,,,,,,,,,,,,,,,,,,,,258.8934,262.9766,4.0831,1,0,170.3833,-0.162962963,-0.057407407,0,0,0,0,33,33,7,1,a,The patient has taken Batatrim,The patient has overcome the crisis,,,,,,,,,,,,,,,,,,,,,,,,,,,,,,,,,,,,,,,,,,,,,,,,,,,,,,,,,,,,,,,,,,,,,,,,,,,,,,,,,,,,,,,
,,,,,,,,[(%PROLIFIC_PID,2,2025-05-08_11h27.27.709,CLTandFLE,2024.1.5,Win32,59.88023952,60317fc2c8f6320ecde4bcb3,67ffc4c40efe1bd1090b10ee,681c78ec2597faa9693aad27,,,,,,,,,,,,,,,,,,,,,,,,,,,,,,,,,,,,,,,,,,,262.9767,266.9433,3.9665,1,0,174.3498,-0.162962963,-0.056481481,0,0,0,0,34,34,10,1,a,The patient has taken Batatrim,The patient has overcome the crisis,,,,,,,,,,,,,,,,,,,,,,,,,,,,,,,,,,,,,,,,,,,,,,,,,,,,,,,,,,,,,,,,,,,,,,,,,,,,,,,,,,,,,,,
,,,,,,,,[(%PROLIFIC_PID,2,2025-05-08_11h27.27.709,CLTandFLE,2024.1.5,Win32,59.88023952,60317fc2c8f6320ecde4bcb3,67ffc4c40efe1bd1090b10ee,681c78ec2597faa9693aad27,,,,,,,,,,,,,,,,,,,,,,,,,,,,,,,,,,,,,,,,,,,266.9435,270.9601,4.0165,1,0,178.3663,-0.153703704,-0.05462963,0,0,0,0,35,35,38,1,d,The patient has not taken Batatrim,The patient has not overcome the crisis,,,,,,,,,,,,,,,,,,,,,,,,,,,,,,,,,,,,,,,,,,,,,,,,,,,,,,,,,,,,,,,,,,,,,,,,,,,,,,,,,,,,,,,
,,,,,,,,[(%PROLIFIC_PID,2,2025-05-08_11h27.27.709,CLTandFLE,2024.1.5,Win32,59.88023952,60317fc2c8f6320ecde4bcb3,67ffc4c40efe1bd1090b10ee,681c78ec2597faa9693aad27,,,,,,,,,,,,,,,,,,,,,,,,,,,,,,,,,,,,,,,,,,,270.9602,275.3269,4.3666,0,1,182.7329,-0.066666667,-0.02962963,0,0,0,0,36,36,22,1,c,The patient has not taken Batatrim,The patient has overcome the crisis,,,,,,,,,,,,,,,,,,,,,,,,,,,,,,,,,,,,,,,,,,,,,,,,,,,,,,,,,,,,,,,,,,,,,,,,,,,,,,,,,,,,,,,
,,,,,,,,[(%PROLIFIC_PID,2,2025-05-08_11h27.27.709,CLTandFLE,2024.1.5,Win32,59.88023952,60317fc2c8f6320ecde4bcb3,67ffc4c40efe1bd1090b10ee,681c78ec2597faa9693aad27,,,,,,,,,,,,,,,,,,,,,,,,,,,,,,,,,,,,,,,,,,,275.327,279.4769,4.1498,1,0,186.8827,-0.02962963,-0.025,0,0,0,0,37,37,8,1,a,The patient has taken Batatrim,The patient has overcome the crisis,,,,,,,,,,,,,,,,,,,,,,,,,,,,,,,,,,,,,,,,,,,,,,,,,,,,,,,,,,,,,,,,,,,,,,,,,,,,,,,,,,,,,,,
,,,,,,,,[(%PROLIFIC_PID,2,2025-05-08_11h27.27.709,CLTandFLE,2024.1.5,Win32,59.88023952,60317fc2c8f6320ecde4bcb3,67ffc4c40efe1bd1090b10ee,681c78ec2597faa9693aad27,,,,,,,,,,,,,,,,,,,,,,,,,,,,,,,,,,,,,,,,,,,279.477,283.6436,4.1666,1,0,191.0493,0.007407407,-0.021296296,0,0,0,0,38,38,15,1,b,The patient has taken Batatrim,The patient has not overcome the crisis,,,,,,,,,,,,,,,,,,,,,,,,,,,,,,,,,,,,,,,,,,,,,,,,,,,,,,,,,,,,,,,,,,,,,,,,,,,,,,,,,,,,,,,
,,,,,,,,[(%PROLIFIC_PID,2,2025-05-08_11h27.27.709,CLTandFLE,2024.1.5,Win32,59.88023952,60317fc2c8f6320ecde4bcb3,67ffc4c40efe1bd1090b10ee,681c78ec2597faa9693aad27,,,,,,,,,,,,,,,,,,,,,,,,,,,,,,,,,,,,,,,,,,,283.6438,289.9439,6.3,1,0,197.3493,0.013888889,-0.025925926,0,0,0,0,39,39,0,1,a,The patient has taken Batatrim,The patient has overcome the crisis,,,,,,,,,,,,,,,,,,,,,,,,,,,,,,,,,,,,,,,,,,,,,,,,,,,,,,,,,,,,,,,,,,,,,,,,,,,,,,,,,,,,,,,
,,,,,,,,[(%PROLIFIC_PID,2,2025-05-08_11h27.27.709,CLTandFLE,2024.1.5,Win32,59.88023952,60317fc2c8f6320ecde4bcb3,67ffc4c40efe1bd1090b10ee,681c78ec2597faa9693aad27,,317.8943,318.8941,,,,,,,,,,,,,,,,,,,,,,,,,,,,,,,,,,,,,,,,,,,,,,,,,,,,,,,,,,,290.9439,307.9609,17.0167,85,15.2749,0.032407407,-0.192592593,1,0,0,308.9608,317.8942,8.9333,75,7.4246,0.049074074,-0.200925926,1,0,0,6,10,15,13,0,0,0,0,1,,,,,,,,,,,,,,,,,,,,,,,,,,,,,,,,,,,,,,,,,,,,,,,,,,,,,,,,,,
,,,,,,,,[(%PROLIFIC_PID,2,2025-05-08_11h27.27.709,CLTandFLE,2024.1.5,Win32,59.88023952,60317fc2c8f6320ecde4bcb3,67ffc4c40efe1bd1090b10ee,681c78ec2597faa9693aad27,,443.758,444.746,,,,,,,,,,,,,,,,,,,,,,,,,,,,,,,,,,,,,,,,,,,,,,,,,,,,,,,,,,,,,,,,,,,,,,,,,,,,,,,,,,,,,,,,376.1619,383.6952,7.533,1,6.6698,0.00462963,-0.213888889,1,0,0,31,Femmina,Sì,15,"Sì, l'ho ottenuta negli ultimi due anni",C1 CEFR (7 - 8 IELTS),TRUE,FALSE,7,10,10,8,8,FALSE,Conferma,c1ok,c2ok,c3ok,c4ok,c5ok,c6ok,c7ok,c8ok,c9ok,c10ok,c11ok,c12err,c13ok,c14err2,c15ok,c16ok,c17ok,c18err2,c19ok,c20ok,c21ok,c22ok,c23ok,c24ok,c25ok,c26ok,674.197,681.0002,0,0,0,0,1
