﻿Alfa.started,Alfa.stopped,alfa_mouse.x,alfa_mouse.y,alfa_mouse.leftButton,alfa_mouse.midButton,alfa_mouse.rightButton,alfa_mouse.clicked_name,participant,group,date,expName,psychopyVersion,OS,frameRate,PROLIFIC_PID,STUDY_ID,SESSION_ID,)],ITI.started,ITI.stopped,B_consensoinformato.started,B_consensoinformato.stopped,tempo_consenso,cons_mouse.x,cons_mouse.y,cons_mouse.leftButton,cons_mouse.midButton,cons_mouse.rightButton,A_benvenuto.started,A_benvenuto.stopped,ben_mouse.x,ben_mouse.y,ben_mouse.leftButton,ben_mouse.midButton,ben_mouse.rightButton,B2_istruzioni.started,B2_istruzioni.stopped,tempo_istru,cons_mouse_2.x,cons_mouse_2.y,cons_mouse_2.leftButton,cons_mouse_2.midButton,cons_mouse_2.rightButton,SAMevaluation.started,SAMevaluation.stopped,temposam,sliderintensity.response,sliderintensity.rt,slidervalence.response,slidervalence.rt,mouse_sam.x,mouse_sam.y,mouse_sam.leftButton,mouse_sam.midButton,mouse_sam.rightButton,mouse_sam.time,mouse_sam.clicked_name,Loading.started,Loading.stopped,C_associative_task.started,C_associative_task.stopped,tempo_trial,hapremutosi,hapremutono,tempo_tasktot,mouse.x,mouse.y,mouse.leftButton,mouse.midButton,mouse.rightButton,trials.thisRepN,trials.thisTrialN,trials.thisN,trials.thisIndex,trials.ran,cond,causa,effetto,D_VD.started,D_VD.stopped,tempo_vd,vd.response,vd.rt,mouse_vd.x,mouse_vd.y,mouse_vd.leftButton,mouse_vd.midButton,mouse_vd.rightButton,Previous.started,Previous.stopped,tempo_vd1,previous.response,previous.rt,mouse_vd_2.x,mouse_vd_2.y,mouse_vd_2.leftButton,mouse_vd_2.midButton,mouse_vd_2.rightButton,EstENG.TrialSN,EstENG.TrialNN,EstENG.TrialSS,EstENG.TrialNS,ingesta.thisRepN,ingesta.thisTrialN,ingesta.thisN,ingesta.thisIndex,ingesta.ran,PF.started,PF.stopped,tempo_pf,processfluency.response,processfluency.rt,mouse_ch.x,mouse_ch.y,mouse_ch.leftButton,mouse_ch.midButton,mouse_ch.rightButton,Questionario_Lingua.Age,Questionario_Lingua.Sesso,Questionario_Lingua.StaiStudiando?,Questionario_Lingua.Anniscolarita,Questionario_Lingua.Diploma,Questionario_Lingua.ItaMADRE?,Questionario_Lingua.INGmadre?,Questionario_Lingua.Q5(AOAIng),Questionario_Lingua.INGLETTURA,Questionario_Lingua.INGCOMPRESO,Questionario_Lingua.INGSCRITTO,Questionario_Lingua.INGPARLATO,Questionario_Lingua.haivissutoestero,ProvaInglese.ProcediamoENg,ProvaInglese.C1,ProvaInglese.C2,ProvaInglese.C3,ProvaInglese.C4,ProvaInglese.C5,ProvaInglese.C6,ProvaInglese.C7,ProvaInglese.C8,ProvaInglese.C9,ProvaInglese.C10,ProvaInglese.C11,ProvaInglese.C12,ProvaInglese.C13,ProvaInglese.C14,ProvaInglese.C15,ProvaInglese.C16,ProvaInglese.C17,ProvaInglese.C18,ProvaInglese.C19,ProvaInglese.C20,ProvaInglese.C21,ProvaInglese.C22,ProvaInglese.C23,ProvaInglese.C24,ProvaInglese.C25,ProvaInglese.controlquestion,Ant_lastquestion.started,Ant_lastquestion.stopped,exp_loop.thisRepN,exp_loop.thisTrialN,exp_loop.thisN,exp_loop.thisIndex,exp_loop.ran
0.0004,20.3767,0.002777778,0.008333333,1,0,0,alfa_mask,[(%PROLIFIC_PID,2,2025-04-16_18h42.25.580,CLTandFLE,2024.1.5,Win32,3.752345216,5b22feee1eef1b00016f402d,67ffc4c40efe1bd1090b10ee,67ffddd0c1c442596f3f7381,,,,,,,,,,,,,,,,,,,,,,,,,,,,,,,,,,,,,,,,,,,,,,,,,,,,,,,,,,,,,,,,,,,,,,,,,,,,,,,,,,,,,,,,,,,,,,,,,,,,,,,,,,,,,,,,,,,,,,,,,,,,,,,,,,,,,,,,,,,,,,,,,,,
,,,,,,,,[(%PROLIFIC_PID,2,2025-04-16_18h42.25.580,CLTandFLE,2024.1.5,Win32,3.752345216,5b22feee1eef1b00016f402d,67ffc4c40efe1bd1090b10ee,67ffddd0c1c442596f3f7381,,20.3771,40.1934,,,,,,,,,,,,,,,,,,,,,,,,,,,,,,,,,,,,,,,,,,,,,,,,,,,,,,,,,,,,,,,,,,,,,,,,,,,,,,,,,,,,,,,,,,,,,,,,,,,,,,,,,,,,,,,,,,,,,,,,,,,,,,,,,,,,,,,,,,,,,,,,
,,,,,,,,[(%PROLIFIC_PID,2,2025-04-16_18h42.25.580,CLTandFLE,2024.1.5,Win32,3.752345216,5b22feee1eef1b00016f402d,67ffc4c40efe1bd1090b10ee,67ffddd0c1c442596f3f7381,,,,40.1938,776.4004,736.2057,0.188888889,-0.380555556,1,0,0,,,,,,,,,,,,,,,,,,,,,,,,,,,,,,,,,,,,,,,,,,,,,,,,,,,,,,,,,,,,,,,,,,,,,,,,,,,,,,,,,,,,,,,,,,,,,,,,,,,,,,,,,,,,,,,,,,,,,,,,,,,,,,,,,,,,,,,,
,,,,,,,,[(%PROLIFIC_PID,2,2025-04-16_18h42.25.580,CLTandFLE,2024.1.5,Win32,3.752345216,5b22feee1eef1b00016f402d,67ffc4c40efe1bd1090b10ee,67ffddd0c1c442596f3f7381,,1060.3239,1079.9762,,,,,,,,,797.1391,839.2384,0.188888889,-0.364814815,1,0,0,860.0704,942.4463,82.3751,0.009259259,-0.401851852,1,0,0,962.3677,1033.7544,71.3861,0.747685185,61.8758,0.315972222,58.2515,"[-0.010185185185185186,0.012962962962962963,-0.12407407407407407,0.12037037037037036,0.19537037037037036,-0.010185185185185186]","[0.1935185185185185,-0.000925925925925926,0.19074074074074074,0.004629629629629629,-0.000925925925925926,-0.1962962962962963]","[1,1,1,1,1,1]","[0,0,0,0,0,0]","[0,0,0,0,0,0]","[46.928699999988,53.65959999996414,57.32319999998788,59.62259999996411,61.41659999996398,71.37559999996404]","[""sliderintensity"",""sliderintensity"",""sliderintensity"",""rettoksam""]",1053.4759,1060.3237,1080.0151,1101.2958,21.2798,0,1,21.2798,0.252777778,-0.30462963,0,0,0,0,0,0,30,1,c,The patient has not taken Batatrim,The patient has overcome the crisis,,,,,,,,,,,,,,,,,,,,,,,,,,,,,,,,,,,,,,,,,,,,,,,,,,,,,,,,,,,,,,,,,,,,,,,,,,,,,,,,,,,,,,
,,,,,,,,[(%PROLIFIC_PID,2,2025-04-16_18h42.25.580,CLTandFLE,2024.1.5,Win32,3.752345216,5b22feee1eef1b00016f402d,67ffc4c40efe1bd1090b10ee,67ffddd0c1c442596f3f7381,,,,,,,,,,,,,,,,,,,,,,,,,,,,,,,,,,,,,,,,,,,1101.2967,1123.0294,21.7311,1,0,43.0109,-0.164814815,-0.048148148,0,0,0,0,1,1,6,1,a,The patient has taken Batatrim,The patient has overcome the crisis,,,,,,,,,,,,,,,,,,,,,,,,,,,,,,,,,,,,,,,,,,,,,,,,,,,,,,,,,,,,,,,,,,,,,,,,,,,,,,,,,,,,,,
,,,,,,,,[(%PROLIFIC_PID,2,2025-04-16_18h42.25.580,CLTandFLE,2024.1.5,Win32,3.752345216,5b22feee1eef1b00016f402d,67ffc4c40efe1bd1090b10ee,67ffddd0c1c442596f3f7381,,,,,,,,,,,,,,,,,,,,,,,,,,,,,,,,,,,,,,,,,,,1123.0299,1137.7339,14.7035,0,1,57.7144,0.233333333,-0.051851852,0,0,0,0,2,2,34,1,c,The patient has not taken Batatrim,The patient has overcome the crisis,,,,,,,,,,,,,,,,,,,,,,,,,,,,,,,,,,,,,,,,,,,,,,,,,,,,,,,,,,,,,,,,,,,,,,,,,,,,,,,,,,,,,,
,,,,,,,,[(%PROLIFIC_PID,2,2025-04-16_18h42.25.580,CLTandFLE,2024.1.5,Win32,3.752345216,5b22feee1eef1b00016f402d,67ffc4c40efe1bd1090b10ee,67ffddd0c1c442596f3f7381,,,,,,,,,,,,,,,,,,,,,,,,,,,,,,,,,,,,,,,,,,,1137.7346,1155.7225,17.9873,1,0,75.7017,0.240740741,-0.041666667,0,0,0,0,3,3,2,1,a,The patient has taken Batatrim,The patient has overcome the crisis,,,,,,,,,,,,,,,,,,,,,,,,,,,,,,,,,,,,,,,,,,,,,,,,,,,,,,,,,,,,,,,,,,,,,,,,,,,,,,,,,,,,,,
,,,,,,,,[(%PROLIFIC_PID,2,2025-04-16_18h42.25.580,CLTandFLE,2024.1.5,Win32,3.752345216,5b22feee1eef1b00016f402d,67ffc4c40efe1bd1090b10ee,67ffddd0c1c442596f3f7381,,,,,,,,,,,,,,,,,,,,,,,,,,,,,,,,,,,,,,,,,,,1155.723,1172.0237,16.3003,0,1,92.002,0.605555556,-0.107407407,0,0,0,0,4,4,36,1,d,The patient has not taken Batatrim,The patient has not overcome the crisis,,,,,,,,,,,,,,,,,,,,,,,,,,,,,,,,,,,,,,,,,,,,,,,,,,,,,,,,,,,,,,,,,,,,,,,,,,,,,,,,,,,,,,
,,,,,,,,[(%PROLIFIC_PID,2,2025-04-16_18h42.25.580,CLTandFLE,2024.1.5,Win32,3.752345216,5b22feee1eef1b00016f402d,67ffc4c40efe1bd1090b10ee,67ffddd0c1c442596f3f7381,,,,,,,,,,,,,,,,,,,,,,,,,,,,,,,,,,,,,,,,,,,1172.0241,1189.4102,17.3856,1,0,109.3876,0.539814815,-0.033333333,0,0,0,0,5,5,0,1,a,The patient has taken Batatrim,The patient has overcome the crisis,,,,,,,,,,,,,,,,,,,,,,,,,,,,,,,,,,,,,,,,,,,,,,,,,,,,,,,,,,,,,,,,,,,,,,,,,,,,,,,,,,,,,,
,,,,,,,,[(%PROLIFIC_PID,2,2025-04-16_18h42.25.580,CLTandFLE,2024.1.5,Win32,3.752345216,5b22feee1eef1b00016f402d,67ffc4c40efe1bd1090b10ee,67ffddd0c1c442596f3f7381,,,,,,,,,,,,,,,,,,,,,,,,,,,,,,,,,,,,,,,,,,,1189.411,1207.6818,18.2704,1,0,127.658,0.70462963,-0.07037037,0,0,0,0,6,6,19,1,b,The patient has taken Batatrim,The patient has not overcome the crisis,,,,,,,,,,,,,,,,,,,,,,,,,,,,,,,,,,,,,,,,,,,,,,,,,,,,,,,,,,,,,,,,,,,,,,,,,,,,,,,,,,,,,,
,,,,,,,,[(%PROLIFIC_PID,2,2025-04-16_18h42.25.580,CLTandFLE,2024.1.5,Win32,3.752345216,5b22feee1eef1b00016f402d,67ffc4c40efe1bd1090b10ee,67ffddd0c1c442596f3f7381,,,,,,,,,,,,,,,,,,,,,,,,,,,,,,,,,,,,,,,,,,,1207.6825,1223.9528,16.2699,1,0,143.9279,0.603703704,0.024074074,0,0,0,0,7,7,9,1,a,The patient has taken Batatrim,The patient has overcome the crisis,,,,,,,,,,,,,,,,,,,,,,,,,,,,,,,,,,,,,,,,,,,,,,,,,,,,,,,,,,,,,,,,,,,,,,,,,,,,,,,,,,,,,,
,,,,,,,,[(%PROLIFIC_PID,2,2025-04-16_18h42.25.580,CLTandFLE,2024.1.5,Win32,3.752345216,5b22feee1eef1b00016f402d,67ffc4c40efe1bd1090b10ee,67ffddd0c1c442596f3f7381,,,,,,,,,,,,,,,,,,,,,,,,,,,,,,,,,,,,,,,,,,,1223.9536,1239.8471,15.8931,0,1,159.821,0.197222222,-0.022222222,0,0,0,0,8,8,29,1,c,The patient has not taken Batatrim,The patient has overcome the crisis,,,,,,,,,,,,,,,,,,,,,,,,,,,,,,,,,,,,,,,,,,,,,,,,,,,,,,,,,,,,,,,,,,,,,,,,,,,,,,,,,,,,,,
,,,,,,,,[(%PROLIFIC_PID,2,2025-04-16_18h42.25.580,CLTandFLE,2024.1.5,Win32,3.752345216,5b22feee1eef1b00016f402d,67ffc4c40efe1bd1090b10ee,67ffddd0c1c442596f3f7381,,,,,,,,,,,,,,,,,,,,,,,,,,,,,,,,,,,,,,,,,,,1239.8478,1255.4991,15.6508,0,1,175.4718,0.611111111,0.012962963,0,0,0,0,9,9,28,1,c,The patient has not taken Batatrim,The patient has overcome the crisis,,,,,,,,,,,,,,,,,,,,,,,,,,,,,,,,,,,,,,,,,,,,,,,,,,,,,,,,,,,,,,,,,,,,,,,,,,,,,,,,,,,,,,
,,,,,,,,[(%PROLIFIC_PID,2,2025-04-16_18h42.25.580,CLTandFLE,2024.1.5,Win32,3.752345216,5b22feee1eef1b00016f402d,67ffc4c40efe1bd1090b10ee,67ffddd0c1c442596f3f7381,,,,,,,,,,,,,,,,,,,,,,,,,,,,,,,,,,,,,,,,,,,1255.4998,1269.5627,14.0625,0,1,189.5343,0.213888889,-0.034259259,0,0,0,0,10,10,35,1,d,The patient has not taken Batatrim,The patient has not overcome the crisis,,,,,,,,,,,,,,,,,,,,,,,,,,,,,,,,,,,,,,,,,,,,,,,,,,,,,,,,,,,,,,,,,,,,,,,,,,,,,,,,,,,,,,
,,,,,,,,[(%PROLIFIC_PID,2,2025-04-16_18h42.25.580,CLTandFLE,2024.1.5,Win32,3.752345216,5b22feee1eef1b00016f402d,67ffc4c40efe1bd1090b10ee,67ffddd0c1c442596f3f7381,,,,,,,,,,,,,,,,,,,,,,,,,,,,,,,,,,,,,,,,,,,1269.5635,1282.6811,13.1173,1,0,202.6516,0.517592593,0.031481481,0,0,0,0,11,11,3,1,a,The patient has taken Batatrim,The patient has overcome the crisis,,,,,,,,,,,,,,,,,,,,,,,,,,,,,,,,,,,,,,,,,,,,,,,,,,,,,,,,,,,,,,,,,,,,,,,,,,,,,,,,,,,,,,
,,,,,,,,[(%PROLIFIC_PID,2,2025-04-16_18h42.25.580,CLTandFLE,2024.1.5,Win32,3.752345216,5b22feee1eef1b00016f402d,67ffc4c40efe1bd1090b10ee,67ffddd0c1c442596f3f7381,,,,,,,,,,,,,,,,,,,,,,,,,,,,,,,,,,,,,,,,,,,1282.6816,1298.002,15.3201,1,0,217.9717,0.639814815,0.030555556,0,0,0,0,12,12,8,1,a,The patient has taken Batatrim,The patient has overcome the crisis,,,,,,,,,,,,,,,,,,,,,,,,,,,,,,,,,,,,,,,,,,,,,,,,,,,,,,,,,,,,,,,,,,,,,,,,,,,,,,,,,,,,,,
,,,,,,,,[(%PROLIFIC_PID,2,2025-04-16_18h42.25.580,CLTandFLE,2024.1.5,Win32,3.752345216,5b22feee1eef1b00016f402d,67ffc4c40efe1bd1090b10ee,67ffddd0c1c442596f3f7381,,,,,,,,,,,,,,,,,,,,,,,,,,,,,,,,,,,,,,,,,,,1298.0024,1313.4808,15.478,1,0,233.4497,-0.191666667,-0.048148148,0,0,0,0,13,13,18,1,b,The patient has taken Batatrim,The patient has not overcome the crisis,,,,,,,,,,,,,,,,,,,,,,,,,,,,,,,,,,,,,,,,,,,,,,,,,,,,,,,,,,,,,,,,,,,,,,,,,,,,,,,,,,,,,,
,,,,,,,,[(%PROLIFIC_PID,2,2025-04-16_18h42.25.580,CLTandFLE,2024.1.5,Win32,3.752345216,5b22feee1eef1b00016f402d,67ffc4c40efe1bd1090b10ee,67ffddd0c1c442596f3f7381,,,,,,,,,,,,,,,,,,,,,,,,,,,,,,,,,,,,,,,,,,,1313.4814,1327.3993,13.9176,0,1,247.3673,0.217592593,-0.039814815,0,0,0,0,14,14,25,1,c,The patient has not taken Batatrim,The patient has overcome the crisis,,,,,,,,,,,,,,,,,,,,,,,,,,,,,,,,,,,,,,,,,,,,,,,,,,,,,,,,,,,,,,,,,,,,,,,,,,,,,,,,,,,,,,
,,,,,,,,[(%PROLIFIC_PID,2,2025-04-16_18h42.25.580,CLTandFLE,2024.1.5,Win32,3.752345216,5b22feee1eef1b00016f402d,67ffc4c40efe1bd1090b10ee,67ffddd0c1c442596f3f7381,,,,,,,,,,,,,,,,,,,,,,,,,,,,,,,,,,,,,,,,,,,1327.4,1340.9968,13.5962,0,1,260.9635,0.475925926,-0.003703704,0,0,0,0,15,15,26,1,c,The patient has not taken Batatrim,The patient has overcome the crisis,,,,,,,,,,,,,,,,,,,,,,,,,,,,,,,,,,,,,,,,,,,,,,,,,,,,,,,,,,,,,,,,,,,,,,,,,,,,,,,,,,,,,,
,,,,,,,,[(%PROLIFIC_PID,2,2025-04-16_18h42.25.580,CLTandFLE,2024.1.5,Win32,3.752345216,5b22feee1eef1b00016f402d,67ffc4c40efe1bd1090b10ee,67ffddd0c1c442596f3f7381,,,,,,,,,,,,,,,,,,,,,,,,,,,,,,,,,,,,,,,,,,,1340.9973,1355.7191,14.7214,1,0,275.6849,0.680555556,0.032407407,0,0,0,0,16,16,10,1,a,The patient has taken Batatrim,The patient has overcome the crisis,,,,,,,,,,,,,,,,,,,,,,,,,,,,,,,,,,,,,,,,,,,,,,,,,,,,,,,,,,,,,,,,,,,,,,,,,,,,,,,,,,,,,,
,,,,,,,,[(%PROLIFIC_PID,2,2025-04-16_18h42.25.580,CLTandFLE,2024.1.5,Win32,3.752345216,5b22feee1eef1b00016f402d,67ffc4c40efe1bd1090b10ee,67ffddd0c1c442596f3f7381,,,,,,,,,,,,,,,,,,,,,,,,,,,,,,,,,,,,,,,,,,,1355.7197,1378.7158,22.9956,0,1,298.6805,0.50462963,-0.048148148,0,0,0,0,17,17,23,1,c,The patient has not taken Batatrim,The patient has overcome the crisis,,,,,,,,,,,,,,,,,,,,,,,,,,,,,,,,,,,,,,,,,,,,,,,,,,,,,,,,,,,,,,,,,,,,,,,,,,,,,,,,,,,,,,
,,,,,,,,[(%PROLIFIC_PID,2,2025-04-16_18h42.25.580,CLTandFLE,2024.1.5,Win32,3.752345216,5b22feee1eef1b00016f402d,67ffc4c40efe1bd1090b10ee,67ffddd0c1c442596f3f7381,,,,,,,,,,,,,,,,,,,,,,,,,,,,,,,,,,,,,,,,,,,1378.7167,1394.8614,16.1443,0,1,314.8248,0.636111111,0.017592593,0,0,0,0,18,18,38,1,d,The patient has not taken Batatrim,The patient has not overcome the crisis,,,,,,,,,,,,,,,,,,,,,,,,,,,,,,,,,,,,,,,,,,,,,,,,,,,,,,,,,,,,,,,,,,,,,,,,,,,,,,,,,,,,,,
,,,,,,,,[(%PROLIFIC_PID,2,2025-04-16_18h42.25.580,CLTandFLE,2024.1.5,Win32,3.752345216,5b22feee1eef1b00016f402d,67ffc4c40efe1bd1090b10ee,67ffddd0c1c442596f3f7381,,,,,,,,,,,,,,,,,,,,,,,,,,,,,,,,,,,,,,,,,,,1394.862,1409.2369,14.3743,0,1,329.1991,0.876851852,0.063888889,0,0,0,0,19,19,27,1,c,The patient has not taken Batatrim,The patient has overcome the crisis,,,,,,,,,,,,,,,,,,,,,,,,,,,,,,,,,,,,,,,,,,,,,,,,,,,,,,,,,,,,,,,,,,,,,,,,,,,,,,,,,,,,,,
,,,,,,,,[(%PROLIFIC_PID,2,2025-04-16_18h42.25.580,CLTandFLE,2024.1.5,Win32,3.752345216,5b22feee1eef1b00016f402d,67ffc4c40efe1bd1090b10ee,67ffddd0c1c442596f3f7381,,,,,,,,,,,,,,,,,,,,,,,,,,,,,,,,,,,,,,,,,,,1409.2373,1425.5131,16.2755,0,1,345.4746,0.20462963,-0.031481481,0,0,0,0,20,20,21,1,c,The patient has not taken Batatrim,The patient has overcome the crisis,,,,,,,,,,,,,,,,,,,,,,,,,,,,,,,,,,,,,,,,,,,,,,,,,,,,,,,,,,,,,,,,,,,,,,,,,,,,,,,,,,,,,,
,,,,,,,,[(%PROLIFIC_PID,2,2025-04-16_18h42.25.580,CLTandFLE,2024.1.5,Win32,3.752345216,5b22feee1eef1b00016f402d,67ffc4c40efe1bd1090b10ee,67ffddd0c1c442596f3f7381,,,,,,,,,,,,,,,,,,,,,,,,,,,,,,,,,,,,,,,,,,,1425.5138,1439.0371,13.523,0,1,358.9976,0.452777778,0.037037037,0,0,0,0,21,21,37,1,d,The patient has not taken Batatrim,The patient has not overcome the crisis,,,,,,,,,,,,,,,,,,,,,,,,,,,,,,,,,,,,,,,,,,,,,,,,,,,,,,,,,,,,,,,,,,,,,,,,,,,,,,,,,,,,,,
,,,,,,,,[(%PROLIFIC_PID,2,2025-04-16_18h42.25.580,CLTandFLE,2024.1.5,Win32,3.752345216,5b22feee1eef1b00016f402d,67ffc4c40efe1bd1090b10ee,67ffddd0c1c442596f3f7381,,,,,,,,,,,,,,,,,,,,,,,,,,,,,,,,,,,,,,,,,,,1439.038,1458.0608,19.0223,1,0,378.0199,0.648148148,0.080555556,0,0,0,0,22,22,17,1,b,The patient has taken Batatrim,The patient has not overcome the crisis,,,,,,,,,,,,,,,,,,,,,,,,,,,,,,,,,,,,,,,,,,,,,,,,,,,,,,,,,,,,,,,,,,,,,,,,,,,,,,,,,,,,,,
,,,,,,,,[(%PROLIFIC_PID,2,2025-04-16_18h42.25.580,CLTandFLE,2024.1.5,Win32,3.752345216,5b22feee1eef1b00016f402d,67ffc4c40efe1bd1090b10ee,67ffddd0c1c442596f3f7381,,,,,,,,,,,,,,,,,,,,,,,,,,,,,,,,,,,,,,,,,,,1458.0612,1472.034,13.9723,1,0,391.9922,0.615740741,0.051851852,0,0,0,0,23,23,13,1,a,The patient has taken Batatrim,The patient has overcome the crisis,,,,,,,,,,,,,,,,,,,,,,,,,,,,,,,,,,,,,,,,,,,,,,,,,,,,,,,,,,,,,,,,,,,,,,,,,,,,,,,,,,,,,,
,,,,,,,,[(%PROLIFIC_PID,2,2025-04-16_18h42.25.580,CLTandFLE,2024.1.5,Win32,3.752345216,5b22feee1eef1b00016f402d,67ffc4c40efe1bd1090b10ee,67ffddd0c1c442596f3f7381,,,,,,,,,,,,,,,,,,,,,,,,,,,,,,,,,,,,,,,,,,,1472.0348,1486.1403,14.1051,1,0,406.0973,0.580555556,-0.003703704,0,0,0,0,24,24,1,1,a,The patient has taken Batatrim,The patient has overcome the crisis,,,,,,,,,,,,,,,,,,,,,,,,,,,,,,,,,,,,,,,,,,,,,,,,,,,,,,,,,,,,,,,,,,,,,,,,,,,,,,,,,,,,,,
,,,,,,,,[(%PROLIFIC_PID,2,2025-04-16_18h42.25.580,CLTandFLE,2024.1.5,Win32,3.752345216,5b22feee1eef1b00016f402d,67ffc4c40efe1bd1090b10ee,67ffddd0c1c442596f3f7381,,,,,,,,,,,,,,,,,,,,,,,,,,,,,,,,,,,,,,,,,,,1486.1408,1506.0613,19.92,0,1,426.0173,0.518518519,-0.019444444,0,0,0,0,25,25,22,1,c,The patient has not taken Batatrim,The patient has overcome the crisis,,,,,,,,,,,,,,,,,,,,,,,,,,,,,,,,,,,,,,,,,,,,,,,,,,,,,,,,,,,,,,,,,,,,,,,,,,,,,,,,,,,,,,
,,,,,,,,[(%PROLIFIC_PID,2,2025-04-16_18h42.25.580,CLTandFLE,2024.1.5,Win32,3.752345216,5b22feee1eef1b00016f402d,67ffc4c40efe1bd1090b10ee,67ffddd0c1c442596f3f7381,,,,,,,,,,,,,,,,,,,,,,,,,,,,,,,,,,,,,,,,,,,1506.0618,1522.051,15.9888,1,0,442.0061,-0.201851852,-0.043518519,0,0,0,0,26,26,12,1,a,The patient has taken Batatrim,The patient has overcome the crisis,,,,,,,,,,,,,,,,,,,,,,,,,,,,,,,,,,,,,,,,,,,,,,,,,,,,,,,,,,,,,,,,,,,,,,,,,,,,,,,,,,,,,,
,,,,,,,,[(%PROLIFIC_PID,2,2025-04-16_18h42.25.580,CLTandFLE,2024.1.5,Win32,3.752345216,5b22feee1eef1b00016f402d,67ffc4c40efe1bd1090b10ee,67ffddd0c1c442596f3f7381,,,,,,,,,,,,,,,,,,,,,,,,,,,,,,,,,,,,,,,,,,,1522.0517,1536.5655,14.5133,0,1,456.5194,0.322222222,-0.036111111,0,0,0,0,27,27,33,1,c,The patient has not taken Batatrim,The patient has overcome the crisis,,,,,,,,,,,,,,,,,,,,,,,,,,,,,,,,,,,,,,,,,,,,,,,,,,,,,,,,,,,,,,,,,,,,,,,,,,,,,,,,,,,,,,
,,,,,,,,[(%PROLIFIC_PID,2,2025-04-16_18h42.25.580,CLTandFLE,2024.1.5,Win32,3.752345216,5b22feee1eef1b00016f402d,67ffc4c40efe1bd1090b10ee,67ffddd0c1c442596f3f7381,,,,,,,,,,,,,,,,,,,,,,,,,,,,,,,,,,,,,,,,,,,1536.5663,1553.8863,17.3193,1,0,473.8387,-0.201851852,-0.036111111,0,0,0,0,28,28,7,1,a,The patient has taken Batatrim,The patient has overcome the crisis,,,,,,,,,,,,,,,,,,,,,,,,,,,,,,,,,,,,,,,,,,,,,,,,,,,,,,,,,,,,,,,,,,,,,,,,,,,,,,,,,,,,,,
,,,,,,,,[(%PROLIFIC_PID,2,2025-04-16_18h42.25.580,CLTandFLE,2024.1.5,Win32,3.752345216,5b22feee1eef1b00016f402d,67ffc4c40efe1bd1090b10ee,67ffddd0c1c442596f3f7381,,,,,,,,,,,,,,,,,,,,,,,,,,,,,,,,,,,,,,,,,,,1553.887,1568.6302,14.7424,1,0,488.5811,-0.189814815,-0.036111111,0,0,0,0,29,29,14,1,b,The patient has taken Batatrim,The patient has overcome the crisis,,,,,,,,,,,,,,,,,,,,,,,,,,,,,,,,,,,,,,,,,,,,,,,,,,,,,,,,,,,,,,,,,,,,,,,,,,,,,,,,,,,,,,
,,,,,,,,[(%PROLIFIC_PID,2,2025-04-16_18h42.25.580,CLTandFLE,2024.1.5,Win32,3.752345216,5b22feee1eef1b00016f402d,67ffc4c40efe1bd1090b10ee,67ffddd0c1c442596f3f7381,,,,,,,,,,,,,,,,,,,,,,,,,,,,,,,,,,,,,,,,,,,1568.6311,1585.9376,17.3061,0,1,505.8872,0.226851852,-0.023148148,0,0,0,0,30,30,24,1,c,The patient has not taken Batatrim,The patient has overcome the crisis,,,,,,,,,,,,,,,,,,,,,,,,,,,,,,,,,,,,,,,,,,,,,,,,,,,,,,,,,,,,,,,,,,,,,,,,,,,,,,,,,,,,,,
,,,,,,,,[(%PROLIFIC_PID,2,2025-04-16_18h42.25.580,CLTandFLE,2024.1.5,Win32,3.752345216,5b22feee1eef1b00016f402d,67ffc4c40efe1bd1090b10ee,67ffddd0c1c442596f3f7381,,,,,,,,,,,,,,,,,,,,,,,,,,,,,,,,,,,,,,,,,,,1585.9383,1600.6786,14.7396,0,1,520.6268,-0.109259259,-0.013888889,0,0,0,0,31,31,39,1,d,The patient has not taken Batatrim,The patient has not overcome the crisis,,,,,,,,,,,,,,,,,,,,,,,,,,,,,,,,,,,,,,,,,,,,,,,,,,,,,,,,,,,,,,,,,,,,,,,,,,,,,,,,,,,,,,
,,,,,,,,[(%PROLIFIC_PID,2,2025-04-16_18h42.25.580,CLTandFLE,2024.1.5,Win32,3.752345216,5b22feee1eef1b00016f402d,67ffc4c40efe1bd1090b10ee,67ffddd0c1c442596f3f7381,,,,,,,,,,,,,,,,,,,,,,,,,,,,,,,,,,,,,,,,,,,1600.6789,1614.6122,13.9328,0,1,534.5596,0.171296296,-0.036111111,0,0,0,0,32,32,20,1,c,The patient has not taken Batatrim,The patient has overcome the crisis,,,,,,,,,,,,,,,,,,,,,,,,,,,,,,,,,,,,,,,,,,,,,,,,,,,,,,,,,,,,,,,,,,,,,,,,,,,,,,,,,,,,,,
,,,,,,,,[(%PROLIFIC_PID,2,2025-04-16_18h42.25.580,CLTandFLE,2024.1.5,Win32,3.752345216,5b22feee1eef1b00016f402d,67ffc4c40efe1bd1090b10ee,67ffddd0c1c442596f3f7381,,,,,,,,,,,,,,,,,,,,,,,,,,,,,,,,,,,,,,,,,,,1614.6129,1627.8798,13.2665,0,1,547.8261,0.177777778,-0.033333333,0,0,0,0,33,33,31,1,c,The patient has not taken Batatrim,The patient has overcome the crisis,,,,,,,,,,,,,,,,,,,,,,,,,,,,,,,,,,,,,,,,,,,,,,,,,,,,,,,,,,,,,,,,,,,,,,,,,,,,,,,,,,,,,,
,,,,,,,,[(%PROLIFIC_PID,2,2025-04-16_18h42.25.580,CLTandFLE,2024.1.5,Win32,3.752345216,5b22feee1eef1b00016f402d,67ffc4c40efe1bd1090b10ee,67ffddd0c1c442596f3f7381,,,,,,,,,,,,,,,,,,,,,,,,,,,,,,,,,,,,,,,,,,,1627.8805,1644.048,16.1672,1,0,563.9933,-0.211111111,-0.030555556,0,0,0,0,34,34,11,1,a,The patient has taken Batatrim,The patient has overcome the crisis,,,,,,,,,,,,,,,,,,,,,,,,,,,,,,,,,,,,,,,,,,,,,,,,,,,,,,,,,,,,,,,,,,,,,,,,,,,,,,,,,,,,,,
,,,,,,,,[(%PROLIFIC_PID,2,2025-04-16_18h42.25.580,CLTandFLE,2024.1.5,Win32,3.752345216,5b22feee1eef1b00016f402d,67ffc4c40efe1bd1090b10ee,67ffddd0c1c442596f3f7381,,,,,,,,,,,,,,,,,,,,,,,,,,,,,,,,,,,,,,,,,,,1644.0486,1660.3162,16.2672,1,0,580.2605,-0.125925926,-0.092592593,0,0,0,0,35,35,4,1,a,The patient has taken Batatrim,The patient has overcome the crisis,,,,,,,,,,,,,,,,,,,,,,,,,,,,,,,,,,,,,,,,,,,,,,,,,,,,,,,,,,,,,,,,,,,,,,,,,,,,,,,,,,,,,,
,,,,,,,,[(%PROLIFIC_PID,2,2025-04-16_18h42.25.580,CLTandFLE,2024.1.5,Win32,3.752345216,5b22feee1eef1b00016f402d,67ffc4c40efe1bd1090b10ee,67ffddd0c1c442596f3f7381,,,,,,,,,,,,,,,,,,,,,,,,,,,,,,,,,,,,,,,,,,,1660.3171,1674.345,14.0275,1,0,594.288,-0.17962963,-0.051851852,0,0,0,0,36,36,5,1,a,The patient has taken Batatrim,The patient has overcome the crisis,,,,,,,,,,,,,,,,,,,,,,,,,,,,,,,,,,,,,,,,,,,,,,,,,,,,,,,,,,,,,,,,,,,,,,,,,,,,,,,,,,,,,,
,,,,,,,,[(%PROLIFIC_PID,2,2025-04-16_18h42.25.580,CLTandFLE,2024.1.5,Win32,3.752345216,5b22feee1eef1b00016f402d,67ffc4c40efe1bd1090b10ee,67ffddd0c1c442596f3f7381,,,,,,,,,,,,,,,,,,,,,,,,,,,,,,,,,,,,,,,,,,,1674.3459,1688.894,14.5477,0,1,608.8357,0.202777778,-0.05,0,0,0,0,37,37,32,1,c,The patient has not taken Batatrim,The patient has overcome the crisis,,,,,,,,,,,,,,,,,,,,,,,,,,,,,,,,,,,,,,,,,,,,,,,,,,,,,,,,,,,,,,,,,,,,,,,,,,,,,,,,,,,,,,
,,,,,,,,[(%PROLIFIC_PID,2,2025-04-16_18h42.25.580,CLTandFLE,2024.1.5,Win32,3.752345216,5b22feee1eef1b00016f402d,67ffc4c40efe1bd1090b10ee,67ffddd0c1c442596f3f7381,,,,,,,,,,,,,,,,,,,,,,,,,,,,,,,,,,,,,,,,,,,1688.8948,1703.1319,14.2368,1,0,623.0725,-0.172222222,-0.037037037,0,0,0,0,38,38,16,1,b,The patient has taken Batatrim,The patient has not overcome the crisis,,,,,,,,,,,,,,,,,,,,,,,,,,,,,,,,,,,,,,,,,,,,,,,,,,,,,,,,,,,,,,,,,,,,,,,,,,,,,,,,,,,,,,
,,,,,,,,[(%PROLIFIC_PID,2,2025-04-16_18h42.25.580,CLTandFLE,2024.1.5,Win32,3.752345216,5b22feee1eef1b00016f402d,67ffc4c40efe1bd1090b10ee,67ffddd0c1c442596f3f7381,,,,,,,,,,,,,,,,,,,,,,,,,,,,,,,,,,,,,,,,,,,1703.1325,1717.5516,14.4188,1,0,637.4913,-0.200925926,-0.042592593,0,0,0,0,39,39,15,1,b,The patient has taken Batatrim,The patient has not overcome the crisis,,,,,,,,,,,,,,,,,,,,,,,,,,,,,,,,,,,,,,,,,,,,,,,,,,,,,,,,,,,,,,,,,,,,,,,,,,,,,,,,,,,,,,
,,,,,,,,[(%PROLIFIC_PID,2,2025-04-16_18h42.25.580,CLTandFLE,2024.1.5,Win32,3.752345216,5b22feee1eef1b00016f402d,67ffc4c40efe1bd1090b10ee,67ffddd0c1c442596f3f7381,,1839.3077,1859.3447,,,,,,,,,,,,,,,,,,,,,,,,,,,,,,,,,,,,,,,,,,,,,,,,,,,,,,,,,,,1737.5455,1764.9194,27.3732,56,14.5,0.002777778,-0.200925926,1,0,0,1784.7865,1839.3076,54.5205,89,22.3028,0.04537037,-0.208333333,1,0,0,5,5,15,14,0,0,0,0,1,,,,,,,,,,,,,,,,,,,,,,,,,,,,,,,,,,,,,,,,,,,,,,,,,,,,,,,,,
,,,,,,,,[(%PROLIFIC_PID,2,2025-04-16_18h42.25.580,CLTandFLE,2024.1.5,Win32,3.752345216,5b22feee1eef1b00016f402d,67ffc4c40efe1bd1090b10ee,67ffddd0c1c442596f3f7381,,2055.1832,2074.8433,,,,,,,,,,,,,,,,,,,,,,,,,,,,,,,,,,,,,,,,,,,,,,,,,,,,,,,,,,,,,,,,,,,,,,,,,,,,,,,,,,,,,,,,1927.8642,1934.1777,6.3131,2,4.0694,0.00462963,-0.237037037,1,0,0,46,Maschio,No,16,No,TRUE,FALSE,11,7,7,6,5,FALSE,Conferma,c1ok,c2ok,c3ok,c4ok,c5ok,c6ok,c7ok,c8ok,c9err,c10ok,c11err2,c12err,c13ok,c14err2,c15ok,c16err3,c17ok,c18err2,c19err2,c20err2,c21err,c22ok,c23ok,c24err,c25err3,c26ok,2319.0654,2325.9167,0,0,0,0,1
