﻿Alfa.started,Alfa.stopped,alfa_mouse.x,alfa_mouse.y,alfa_mouse.leftButton,alfa_mouse.midButton,alfa_mouse.rightButton,alfa_mouse.clicked_name,participant,group,date,expName,psychopyVersion,OS,frameRate,PROLIFIC_PID,STUDY_ID,SESSION_ID,)],ITI.started,ITI.stopped,B_consensoinformato.started,B_consensoinformato.stopped,tempo_consenso,cons_mouse.x,cons_mouse.y,cons_mouse.leftButton,cons_mouse.midButton,cons_mouse.rightButton,A_benvenuto.started,A_benvenuto.stopped,ben_mouse.x,ben_mouse.y,ben_mouse.leftButton,ben_mouse.midButton,ben_mouse.rightButton,B2_istruzioni.started,B2_istruzioni.stopped,tempo_istru,cons_mouse_2.x,cons_mouse_2.y,cons_mouse_2.leftButton,cons_mouse_2.midButton,cons_mouse_2.rightButton,SAMevaluation.started,SAMevaluation.stopped,temposam,sliderintensity.response,sliderintensity.rt,slidervalence.response,slidervalence.rt,mouse_sam.x,mouse_sam.y,mouse_sam.leftButton,mouse_sam.midButton,mouse_sam.rightButton,mouse_sam.time,mouse_sam.clicked_name,Loading.started,Loading.stopped,C_associative_task.started,C_associative_task.stopped,tempo_trial,hapremutosi,hapremutono,tempo_tasktot,mouse.x,mouse.y,mouse.leftButton,mouse.midButton,mouse.rightButton,trials.thisRepN,trials.thisTrialN,trials.thisN,trials.thisIndex,trials.ran,cond,causa,effetto,D_VD.started,D_VD.stopped,tempo_vd,vd.response,vd.rt,mouse_vd.x,mouse_vd.y,mouse_vd.leftButton,mouse_vd.midButton,mouse_vd.rightButton,Previous.started,Previous.stopped,tempo_vd1,previous.response,previous.rt,mouse_vd_2.x,mouse_vd_2.y,mouse_vd_2.leftButton,mouse_vd_2.midButton,mouse_vd_2.rightButton,EstITA.TrialNS,EstITA.TrialSS,EstITA.TrialD,EstITA.TrialSN,itaest.thisRepN,itaest.thisTrialN,itaest.thisN,itaest.thisIndex,itaest.ran,PF.started,PF.stopped,tempo_pf,processfluency.response,processfluency.rt,mouse_ch.x,mouse_ch.y,mouse_ch.leftButton,mouse_ch.midButton,mouse_ch.rightButton,Questionario_Lingua.Age,Questionario_Lingua.Sesso,Questionario_Lingua.StaiStudiando?,Questionario_Lingua.Anniscolarita,Questionario_Lingua.Diploma,Questionario_Lingua.ItaMADRE?,Questionario_Lingua.INGmadre?,Questionario_Lingua.Q5(AOAIng),Questionario_Lingua.INGLETTURA,Questionario_Lingua.INGCOMPRESO,Questionario_Lingua.INGSCRITTO,Questionario_Lingua.INGPARLATO,Questionario_Lingua.haivissutoestero,ProvaInglese.ProcediamoENg,ProvaInglese.C1,ProvaInglese.C2,ProvaInglese.C3,ProvaInglese.C4,ProvaInglese.C5,ProvaInglese.C6,ProvaInglese.C7,ProvaInglese.C8,ProvaInglese.C9,ProvaInglese.C10,ProvaInglese.C11,ProvaInglese.C12,ProvaInglese.C13,ProvaInglese.C14,ProvaInglese.C15,ProvaInglese.C16,ProvaInglese.C17,ProvaInglese.C18,ProvaInglese.C19,ProvaInglese.C20,ProvaInglese.C21,ProvaInglese.C22,ProvaInglese.C23,ProvaInglese.C24,ProvaInglese.C25,ProvaInglese.controlquestion,Ant_lastquestion.started,Ant_lastquestion.stopped,exp_loop.thisRepN,exp_loop.thisTrialN,exp_loop.thisN,exp_loop.thisIndex,exp_loop.ran
1E-04,9.9388,0.024415125,0.001513194,1,0,0,alfa_mask,[(%PROLIFIC_PID,1,2025-04-16_19h21.16.248,CLTandFLE,2024.1.5,MacIntel,59.88023952,5cac98a9aab6e30001e6f297,67ffc4c40efe1bd1090b10ee,67ffe6ec7798edce8cbbfc08,,,,,,,,,,,,,,,,,,,,,,,,,,,,,,,,,,,,,,,,,,,,,,,,,,,,,,,,,,,,,,,,,,,,,,,,,,,,,,,,,,,,,,,,,,,,,,,,,,,,,,,,,,,,,,,,,,,,,,,,,,,,,,,,,,,,,,,,,,,,,,,,,,,
,,,,,,,,[(%PROLIFIC_PID,1,2025-04-16_19h21.16.248,CLTandFLE,2024.1.5,MacIntel,59.88023952,5cac98a9aab6e30001e6f297,67ffc4c40efe1bd1090b10ee,67ffe6ec7798edce8cbbfc08,,9.9391,10.9378,,,,,,,,,,,,,,,,,,,,,,,,,,,,,,,,,,,,,,,,,,,,,,,,,,,,,,,,,,,,,,,,,,,,,,,,,,,,,,,,,,,,,,,,,,,,,,,,,,,,,,,,,,,,,,,,,,,,,,,,,,,,,,,,,,,,,,,,,,,,,,,,
,,,,,,,,[(%PROLIFIC_PID,1,2025-04-16_19h21.16.248,CLTandFLE,2024.1.5,MacIntel,59.88023952,5cac98a9aab6e30001e6f297,67ffc4c40efe1bd1090b10ee,67ffe6ec7798edce8cbbfc08,,,,10.938,15.505,4.5665,0.21203414,-0.392754523,1,0,0,,,,,,,,,,,,,,,,,,,,,,,,,,,,,,,,,,,,,,,,,,,,,,,,,,,,,,,,,,,,,,,,,,,,,,,,,,,,,,,,,,,,,,,,,,,,,,,,,,,,,,,,,,,,,,,,,,,,,,,,,,,,,,,,,,,,,,,,
,,,,,,,,[(%PROLIFIC_PID,1,2025-04-16_19h21.16.248,CLTandFLE,2024.1.5,MacIntel,59.88023952,5cac98a9aab6e30001e6f297,67ffc4c40efe1bd1090b10ee,67ffe6ec7798edce8cbbfc08,,81.5883,82.5879,,,,,,,,,16.5043,18.8712,0.038845722,-0.103084195,1,0,0,19.8708,63.1217,43.2502,0.030421144,-0.404171484,1,0,0,64.1216,73.5885,9.4661,0.87408507,6.3134,0.631713734,8.4459,"[0.00706865478781284,-0.004454570184983678,-0.007196171109902068]","[0.20211337051142547,0.00636731501632209,-0.20933079434167573]","[1,1,1]","[0,0,0]","[0,0,0]","[5.091699999999264,7.324699999999254,9.459000000000003]","[""sliderintensity"",""rettoksam""]",74.5884,81.5882,82.6071,93.9202,11.3128,0,1,11.3128,0.170599837,-0.034854461,0,0,0,0,0,0,28,1,c,Il paziente non ha preso il Batatrim,Il paziente ha superato la crisi,,,,,,,,,,,,,,,,,,,,,,,,,,,,,,,,,,,,,,,,,,,,,,,,,,,,,,,,,,,,,,,,,,,,,,,,,,,,,,,,,,,,,,
,,,,,,,,[(%PROLIFIC_PID,1,2025-04-16_19h21.16.248,CLTandFLE,2024.1.5,MacIntel,59.88023952,5cac98a9aab6e30001e6f297,67ffc4c40efe1bd1090b10ee,67ffe6ec7798edce8cbbfc08,,,,,,,,,,,,,,,,,,,,,,,,,,,,,,,,,,,,,,,,,,,93.9206,100.171,6.2503,1,0,17.5631,-0.180605618,-0.05046671,0,0,0,0,1,1,11,1,a,Il paziente ha preso il Batatrim,Il paziente ha superato la crisi,,,,,,,,,,,,,,,,,,,,,,,,,,,,,,,,,,,,,,,,,,,,,,,,,,,,,,,,,,,,,,,,,,,,,,,,,,,,,,,,,,,,,,
,,,,,,,,[(%PROLIFIC_PID,1,2025-04-16_19h21.16.248,CLTandFLE,2024.1.5,MacIntel,59.88023952,5cac98a9aab6e30001e6f297,67ffc4c40efe1bd1090b10ee,67ffe6ec7798edce8cbbfc08,,,,,,,,,,,,,,,,,,,,,,,,,,,,,,,,,,,,,,,,,,,100.1714,106.6701,6.4985,0,1,24.0616,-0.035747076,-0.034034106,0,0,0,0,2,2,29,1,c,Il paziente non ha preso il Batatrim,Il paziente ha superato la crisi,,,,,,,,,,,,,,,,,,,,,,,,,,,,,,,,,,,,,,,,,,,,,,,,,,,,,,,,,,,,,,,,,,,,,,,,,,,,,,,,,,,,,,
,,,,,,,,[(%PROLIFIC_PID,1,2025-04-16_19h21.16.248,CLTandFLE,2024.1.5,MacIntel,59.88023952,5cac98a9aab6e30001e6f297,67ffc4c40efe1bd1090b10ee,67ffe6ec7798edce8cbbfc08,,,,,,,,,,,,,,,,,,,,,,,,,,,,,,,,,,,,,,,,,,,106.6702,112.1544,5.4841,1,0,29.5457,0.004225041,-0.057433351,0,0,0,0,3,3,4,1,a,Il paziente ha preso il Batatrim,Il paziente ha superato la crisi,,,,,,,,,,,,,,,,,,,,,,,,,,,,,,,,,,,,,,,,,,,,,,,,,,,,,,,,,,,,,,,,,,,,,,,,,,,,,,,,,,,,,,
,,,,,,,,[(%PROLIFIC_PID,1,2025-04-16_19h21.16.248,CLTandFLE,2024.1.5,MacIntel,59.88023952,5cac98a9aab6e30001e6f297,67ffc4c40efe1bd1090b10ee,67ffe6ec7798edce8cbbfc08,,,,,,,,,,,,,,,,,,,,,,,,,,,,,,,,,,,,,,,,,,,112.1546,117.5877,5.433,1,0,34.9787,-0.161490921,-0.048009895,0,0,0,0,4,4,21,1,c,Il paziente non ha preso il Batatrim,Il paziente ha superato la crisi,,,,,,,,,,,,,,,,,,,,,,,,,,,,,,,,,,,,,,,,,,,,,,,,,,,,,,,,,,,,,,,,,,,,,,,,,,,,,,,,,,,,,,
,,,,,,,,[(%PROLIFIC_PID,1,2025-04-16_19h21.16.248,CLTandFLE,2024.1.5,MacIntel,59.88023952,5cac98a9aab6e30001e6f297,67ffc4c40efe1bd1090b10ee,67ffe6ec7798edce8cbbfc08,,,,,,,,,,,,,,,,,,,,,,,,,,,,,,,,,,,,,,,,,,,117.588,123.1043,5.5163,1,0,40.495,-0.176367825,-0.036261391,0,0,0,0,5,5,39,1,d,Il paziente non ha preso il Batatrim,Il paziente non ha superato la crisi,,,,,,,,,,,,,,,,,,,,,,,,,,,,,,,,,,,,,,,,,,,,,,,,,,,,,,,,,,,,,,,,,,,,,,,,,,,,,,,,,,,,,,
,,,,,,,,[(%PROLIFIC_PID,1,2025-04-16_19h21.16.248,CLTandFLE,2024.1.5,MacIntel,59.88023952,5cac98a9aab6e30001e6f297,67ffc4c40efe1bd1090b10ee,67ffe6ec7798edce8cbbfc08,,,,,,,,,,,,,,,,,,,,,,,,,,,,,,,,,,,,,,,,,,,123.1046,129.0044,5.8996,1,0,46.3946,-0.176367825,-0.036507923,0,0,0,0,6,6,34,1,c,Il paziente non ha preso il Batatrim,Il paziente ha superato la crisi,,,,,,,,,,,,,,,,,,,,,,,,,,,,,,,,,,,,,,,,,,,,,,,,,,,,,,,,,,,,,,,,,,,,,,,,,,,,,,,,,,,,,,
,,,,,,,,[(%PROLIFIC_PID,1,2025-04-16_19h21.16.248,CLTandFLE,2024.1.5,MacIntel,59.88023952,5cac98a9aab6e30001e6f297,67ffc4c40efe1bd1090b10ee,67ffe6ec7798edce8cbbfc08,,,,,,,,,,,,,,,,,,,,,,,,,,,,,,,,,,,,,,,,,,,129.0046,136.0866,7.0819,1,0,53.4765,-0.046777237,-0.030501904,0,0,0,0,7,7,9,1,a,Il paziente ha preso il Batatrim,Il paziente ha superato la crisi,,,,,,,,,,,,,,,,,,,,,,,,,,,,,,,,,,,,,,,,,,,,,,,,,,,,,,,,,,,,,,,,,,,,,,,,,,,,,,,,,,,,,,
,,,,,,,,[(%PROLIFIC_PID,1,2025-04-16_19h21.16.248,CLTandFLE,2024.1.5,MacIntel,59.88023952,5cac98a9aab6e30001e6f297,67ffc4c40efe1bd1090b10ee,67ffe6ec7798edce8cbbfc08,,,,,,,,,,,,,,,,,,,,,,,,,,,,,,,,,,,,,,,,,,,136.0869,142.5377,6.4507,1,0,59.9272,-0.023067703,-0.035322021,0,0,0,0,8,8,15,1,b,Il paziente ha preso il Batatrim,Il paziente non ha superato la crisi,,,,,,,,,,,,,,,,,,,,,,,,,,,,,,,,,,,,,,,,,,,,,,,,,,,,,,,,,,,,,,,,,,,,,,,,,,,,,,,,,,,,,,
,,,,,,,,[(%PROLIFIC_PID,1,2025-04-16_19h21.16.248,CLTandFLE,2024.1.5,MacIntel,59.88023952,5cac98a9aab6e30001e6f297,67ffc4c40efe1bd1090b10ee,67ffe6ec7798edce8cbbfc08,,,,,,,,,,,,,,,,,,,,,,,,,,,,,,,,,,,,,,,,,,,142.5379,148.0034,5.4653,1,0,65.3925,-0.091267682,-0.039644825,0,0,0,0,9,9,27,1,c,Il paziente non ha preso il Batatrim,Il paziente ha superato la crisi,,,,,,,,,,,,,,,,,,,,,,,,,,,,,,,,,,,,,,,,,,,,,,,,,,,,,,,,,,,,,,,,,,,,,,,,,,,,,,,,,,,,,,
,,,,,,,,[(%PROLIFIC_PID,1,2025-04-16_19h21.16.248,CLTandFLE,2024.1.5,MacIntel,59.88023952,5cac98a9aab6e30001e6f297,67ffc4c40efe1bd1090b10ee,67ffe6ec7798edce8cbbfc08,,,,,,,,,,,,,,,,,,,,,,,,,,,,,,,,,,,,,,,,,,,148.0036,153.3866,5.383,1,0,70.7755,-0.016271083,-0.02234511,0,0,0,0,10,10,16,1,b,Il paziente ha preso il Batatrim,Il paziente non ha superato la crisi,,,,,,,,,,,,,,,,,,,,,,,,,,,,,,,,,,,,,,,,,,,,,,,,,,,,,,,,,,,,,,,,,,,,,,,,,,,,,,,,,,,,,,
,,,,,,,,[(%PROLIFIC_PID,1,2025-04-16_19h21.16.248,CLTandFLE,2024.1.5,MacIntel,59.88023952,5cac98a9aab6e30001e6f297,67ffc4c40efe1bd1090b10ee,67ffe6ec7798edce8cbbfc08,,,,,,,,,,,,,,,,,,,,,,,,,,,,,,,,,,,,,,,,,,,153.3869,158.721,5.334,1,0,76.1095,-0.128366431,-0.036218886,0,0,0,0,11,11,30,1,c,Il paziente non ha preso il Batatrim,Il paziente ha superato la crisi,,,,,,,,,,,,,,,,,,,,,,,,,,,,,,,,,,,,,,,,,,,,,,,,,,,,,,,,,,,,,,,,,,,,,,,,,,,,,,,,,,,,,,
,,,,,,,,[(%PROLIFIC_PID,1,2025-04-16_19h21.16.248,CLTandFLE,2024.1.5,MacIntel,59.88023952,5cac98a9aab6e30001e6f297,67ffc4c40efe1bd1090b10ee,67ffe6ec7798edce8cbbfc08,,,,,,,,,,,,,,,,,,,,,,,,,,,,,,,,,,,,,,,,,,,158.7212,163.2534,4.532,0,1,80.6415,-0.087539955,-0.063898429,0,0,0,0,12,12,14,1,b,Il paziente ha preso il Batatrim,Il paziente ha superato la crisi,,,,,,,,,,,,,,,,,,,,,,,,,,,,,,,,,,,,,,,,,,,,,,,,,,,,,,,,,,,,,,,,,,,,,,,,,,,,,,,,,,,,,,
,,,,,,,,[(%PROLIFIC_PID,1,2025-04-16_19h21.16.248,CLTandFLE,2024.1.5,MacIntel,59.88023952,5cac98a9aab6e30001e6f297,67ffc4c40efe1bd1090b10ee,67ffe6ec7798edce8cbbfc08,,,,,,,,,,,,,,,,,,,,,,,,,,,,,,,,,,,,,,,,,,,163.2537,167.9033,4.6496,1,0,85.2911,-0.07117111,-0.042824232,0,0,0,0,13,13,23,1,c,Il paziente non ha preso il Batatrim,Il paziente ha superato la crisi,,,,,,,,,,,,,,,,,,,,,,,,,,,,,,,,,,,,,,,,,,,,,,,,,,,,,,,,,,,,,,,,,,,,,,,,,,,,,,,,,,,,,,
,,,,,,,,[(%PROLIFIC_PID,1,2025-04-16_19h21.16.248,CLTandFLE,2024.1.5,MacIntel,59.88023952,5cac98a9aab6e30001e6f297,67ffc4c40efe1bd1090b10ee,67ffe6ec7798edce8cbbfc08,,,,,,,,,,,,,,,,,,,,,,,,,,,,,,,,,,,,,,,,,,,167.9035,172.1367,4.233,1,0,89.5241,-0.1457044,-0.030255373,0,0,0,0,14,14,37,1,d,Il paziente non ha preso il Batatrim,Il paziente non ha superato la crisi,,,,,,,,,,,,,,,,,,,,,,,,,,,,,,,,,,,,,,,,,,,,,,,,,,,,,,,,,,,,,,,,,,,,,,,,,,,,,,,,,,,,,,
,,,,,,,,[(%PROLIFIC_PID,1,2025-04-16_19h21.16.248,CLTandFLE,2024.1.5,MacIntel,59.88023952,5cac98a9aab6e30001e6f297,67ffc4c40efe1bd1090b10ee,67ffe6ec7798edce8cbbfc08,,,,,,,,,,,,,,,,,,,,,,,,,,,,,,,,,,,,,,,,,,,172.1369,176.3543,4.2173,1,0,93.7414,-0.1457044,-0.030255373,0,0,0,0,15,15,3,1,a,Il paziente ha preso il Batatrim,Il paziente ha superato la crisi,,,,,,,,,,,,,,,,,,,,,,,,,,,,,,,,,,,,,,,,,,,,,,,,,,,,,,,,,,,,,,,,,,,,,,,,,,,,,,,,,,,,,,
,,,,,,,,[(%PROLIFIC_PID,1,2025-04-16_19h21.16.248,CLTandFLE,2024.1.5,MacIntel,59.88023952,5cac98a9aab6e30001e6f297,67ffc4c40efe1bd1090b10ee,67ffe6ec7798edce8cbbfc08,,,,,,,,,,,,,,,,,,,,,,,,,,,,,,,,,,,,,,,,,,,176.3546,180.82,4.4653,1,0,98.2067,-0.1457044,-0.030255373,0,0,0,0,16,16,31,1,c,Il paziente non ha preso il Batatrim,Il paziente ha superato la crisi,,,,,,,,,,,,,,,,,,,,,,,,,,,,,,,,,,,,,,,,,,,,,,,,,,,,,,,,,,,,,,,,,,,,,,,,,,,,,,,,,,,,,,
,,,,,,,,[(%PROLIFIC_PID,1,2025-04-16_19h21.16.248,CLTandFLE,2024.1.5,MacIntel,59.88023952,5cac98a9aab6e30001e6f297,67ffc4c40efe1bd1090b10ee,67ffe6ec7798edce8cbbfc08,,,,,,,,,,,,,,,,,,,,,,,,,,,,,,,,,,,,,,,,,,,180.8203,185.42,4.5997,1,0,102.8064,-0.1457044,-0.030255373,0,0,0,0,17,17,38,1,d,Il paziente non ha preso il Batatrim,Il paziente non ha superato la crisi,,,,,,,,,,,,,,,,,,,,,,,,,,,,,,,,,,,,,,,,,,,,,,,,,,,,,,,,,,,,,,,,,,,,,,,,,,,,,,,,,,,,,,
,,,,,,,,[(%PROLIFIC_PID,1,2025-04-16_19h21.16.248,CLTandFLE,2024.1.5,MacIntel,59.88023952,5cac98a9aab6e30001e6f297,67ffc4c40efe1bd1090b10ee,67ffe6ec7798edce8cbbfc08,,,,,,,,,,,,,,,,,,,,,,,,,,,,,,,,,,,,,,,,,,,185.4203,189.7709,4.3505,1,0,107.1569,-0.007838003,-0.024729665,0,0,0,0,18,18,18,1,b,Il paziente ha preso il Batatrim,Il paziente non ha superato la crisi,,,,,,,,,,,,,,,,,,,,,,,,,,,,,,,,,,,,,,,,,,,,,,,,,,,,,,,,,,,,,,,,,,,,,,,,,,,,,,,,,,,,,,
,,,,,,,,[(%PROLIFIC_PID,1,2025-04-16_19h21.16.248,CLTandFLE,2024.1.5,MacIntel,59.88023952,5cac98a9aab6e30001e6f297,67ffc4c40efe1bd1090b10ee,67ffe6ec7798edce8cbbfc08,,,,,,,,,,,,,,,,,,,,,,,,,,,,,,,,,,,,,,,,,,,189.7712,194.8709,5.0997,0,1,112.2566,-0.077223885,-0.035921348,0,0,0,0,19,19,32,1,c,Il paziente non ha preso il Batatrim,Il paziente ha superato la crisi,,,,,,,,,,,,,,,,,,,,,,,,,,,,,,,,,,,,,,,,,,,,,,,,,,,,,,,,,,,,,,,,,,,,,,,,,,,,,,,,,,,,,,
,,,,,,,,[(%PROLIFIC_PID,1,2025-04-16_19h21.16.248,CLTandFLE,2024.1.5,MacIntel,59.88023952,5cac98a9aab6e30001e6f297,67ffc4c40efe1bd1090b10ee,67ffe6ec7798edce8cbbfc08,,,,,,,,,,,,,,,,,,,,,,,,,,,,,,,,,,,,,,,,,,,194.8712,199.0043,4.133,1,0,116.3896,-0.147102829,-0.047572089,0,0,0,0,20,20,26,1,c,Il paziente non ha preso il Batatrim,Il paziente ha superato la crisi,,,,,,,,,,,,,,,,,,,,,,,,,,,,,,,,,,,,,,,,,,,,,,,,,,,,,,,,,,,,,,,,,,,,,,,,,,,,,,,,,,,,,,
,,,,,,,,[(%PROLIFIC_PID,1,2025-04-16_19h21.16.248,CLTandFLE,2024.1.5,MacIntel,59.88023952,5cac98a9aab6e30001e6f297,67ffc4c40efe1bd1090b10ee,67ffe6ec7798edce8cbbfc08,,,,,,,,,,,,,,,,,,,,,,,,,,,,,,,,,,,,,,,,,,,199.0046,203.3543,4.3497,1,0,120.7393,-0.147102829,-0.047572089,0,0,0,0,21,21,19,1,b,Il paziente ha preso il Batatrim,Il paziente non ha superato la crisi,,,,,,,,,,,,,,,,,,,,,,,,,,,,,,,,,,,,,,,,,,,,,,,,,,,,,,,,,,,,,,,,,,,,,,,,,,,,,,,,,,,,,,
,,,,,,,,[(%PROLIFIC_PID,1,2025-04-16_19h21.16.248,CLTandFLE,2024.1.5,MacIntel,59.88023952,5cac98a9aab6e30001e6f297,67ffc4c40efe1bd1090b10ee,67ffe6ec7798edce8cbbfc08,,,,,,,,,,,,,,,,,,,,,,,,,,,,,,,,,,,,,,,,,,,203.3546,207.5866,4.2319,1,0,124.9712,-0.147102829,-0.047572089,0,0,0,0,22,22,25,1,c,Il paziente non ha preso il Batatrim,Il paziente ha superato la crisi,,,,,,,,,,,,,,,,,,,,,,,,,,,,,,,,,,,,,,,,,,,,,,,,,,,,,,,,,,,,,,,,,,,,,,,,,,,,,,,,,,,,,,
,,,,,,,,[(%PROLIFIC_PID,1,2025-04-16_19h21.16.248,CLTandFLE,2024.1.5,MacIntel,59.88023952,5cac98a9aab6e30001e6f297,67ffc4c40efe1bd1090b10ee,67ffe6ec7798edce8cbbfc08,,,,,,,,,,,,,,,,,,,,,,,,,,,,,,,,,,,,,,,,,,,207.5869,212.5533,4.9664,1,0,129.9376,-0.147102829,-0.047572089,0,0,0,0,23,23,20,1,c,Il paziente non ha preso il Batatrim,Il paziente ha superato la crisi,,,,,,,,,,,,,,,,,,,,,,,,,,,,,,,,,,,,,,,,,,,,,,,,,,,,,,,,,,,,,,,,,,,,,,,,,,,,,,,,,,,,,,
,,,,,,,,[(%PROLIFIC_PID,1,2025-04-16_19h21.16.248,CLTandFLE,2024.1.5,MacIntel,59.88023952,5cac98a9aab6e30001e6f297,67ffc4c40efe1bd1090b10ee,67ffe6ec7798edce8cbbfc08,,,,,,,,,,,,,,,,,,,,,,,,,,,,,,,,,,,,,,,,,,,212.5536,217.0876,4.5339,1,0,134.4715,-0.147102829,-0.047572089,0,0,0,0,24,24,12,1,a,Il paziente ha preso il Batatrim,Il paziente ha superato la crisi,,,,,,,,,,,,,,,,,,,,,,,,,,,,,,,,,,,,,,,,,,,,,,,,,,,,,,,,,,,,,,,,,,,,,,,,,,,,,,,,,,,,,,
,,,,,,,,[(%PROLIFIC_PID,1,2025-04-16_19h21.16.248,CLTandFLE,2024.1.5,MacIntel,59.88023952,5cac98a9aab6e30001e6f297,67ffc4c40efe1bd1090b10ee,67ffe6ec7798edce8cbbfc08,,,,,,,,,,,,,,,,,,,,,,,,,,,,,,,,,,,,,,,,,,,217.088,221.5043,4.4162,0,1,138.8877,0.204727455,-0.022940186,0,0,0,0,25,25,13,1,a,Il paziente ha preso il Batatrim,Il paziente ha superato la crisi,,,,,,,,,,,,,,,,,,,,,,,,,,,,,,,,,,,,,,,,,,,,,,,,,,,,,,,,,,,,,,,,,,,,,,,,,,,,,,,,,,,,,,
,,,,,,,,[(%PROLIFIC_PID,1,2025-04-16_19h21.16.248,CLTandFLE,2024.1.5,MacIntel,59.88023952,5cac98a9aab6e30001e6f297,67ffc4c40efe1bd1090b10ee,67ffe6ec7798edce8cbbfc08,,,,,,,,,,,,,,,,,,,,,,,,,,,,,,,,,,,,,,,,,,,221.5044,226.3551,4.8506,1,0,143.7383,-0.167849735,-0.030824946,0,0,0,0,26,26,33,1,c,Il paziente non ha preso il Batatrim,Il paziente ha superato la crisi,,,,,,,,,,,,,,,,,,,,,,,,,,,,,,,,,,,,,,,,,,,,,,,,,,,,,,,,,,,,,,,,,,,,,,,,,,,,,,,,,,,,,,
,,,,,,,,[(%PROLIFIC_PID,1,2025-04-16_19h21.16.248,CLTandFLE,2024.1.5,MacIntel,59.88023952,5cac98a9aab6e30001e6f297,67ffc4c40efe1bd1090b10ee,67ffe6ec7798edce8cbbfc08,,,,,,,,,,,,,,,,,,,,,,,,,,,,,,,,,,,,,,,,,,,226.3553,230.521,4.1656,1,0,147.9039,-0.169651965,-0.030561412,0,0,0,0,27,27,8,1,a,Il paziente ha preso il Batatrim,Il paziente ha superato la crisi,,,,,,,,,,,,,,,,,,,,,,,,,,,,,,,,,,,,,,,,,,,,,,,,,,,,,,,,,,,,,,,,,,,,,,,,,,,,,,,,,,,,,,
,,,,,,,,[(%PROLIFIC_PID,1,2025-04-16_19h21.16.248,CLTandFLE,2024.1.5,MacIntel,59.88023952,5cac98a9aab6e30001e6f297,67ffc4c40efe1bd1090b10ee,67ffe6ec7798edce8cbbfc08,,,,,,,,,,,,,,,,,,,,,,,,,,,,,,,,,,,,,,,,,,,230.5213,235.821,5.2995,1,0,153.2034,-0.169430937,-0.030306379,0,0,0,0,28,28,6,1,a,Il paziente ha preso il Batatrim,Il paziente ha superato la crisi,,,,,,,,,,,,,,,,,,,,,,,,,,,,,,,,,,,,,,,,,,,,,,,,,,,,,,,,,,,,,,,,,,,,,,,,,,,,,,,,,,,,,,
,,,,,,,,[(%PROLIFIC_PID,1,2025-04-16_19h21.16.248,CLTandFLE,2024.1.5,MacIntel,59.88023952,5cac98a9aab6e30001e6f297,67ffc4c40efe1bd1090b10ee,67ffe6ec7798edce8cbbfc08,,,,,,,,,,,,,,,,,,,,,,,,,,,,,,,,,,,,,,,,,,,235.8213,239.6709,3.8496,1,0,157.053,-0.163883977,-0.03258042,0,0,0,0,29,29,10,1,a,Il paziente ha preso il Batatrim,Il paziente ha superato la crisi,,,,,,,,,,,,,,,,,,,,,,,,,,,,,,,,,,,,,,,,,,,,,,,,,,,,,,,,,,,,,,,,,,,,,,,,,,,,,,,,,,,,,,
,,,,,,,,[(%PROLIFIC_PID,1,2025-04-16_19h21.16.248,CLTandFLE,2024.1.5,MacIntel,59.88023952,5cac98a9aab6e30001e6f297,67ffc4c40efe1bd1090b10ee,67ffe6ec7798edce8cbbfc08,,,,,,,,,,,,,,,,,,,,,,,,,,,,,,,,,,,,,,,,,,,239.6713,243.7533,4.0819,1,0,161.1349,-0.138954536,-0.025762548,0,0,0,0,30,30,22,1,c,Il paziente non ha preso il Batatrim,Il paziente ha superato la crisi,,,,,,,,,,,,,,,,,,,,,,,,,,,,,,,,,,,,,,,,,,,,,,,,,,,,,,,,,,,,,,,,,,,,,,,,,,,,,,,,,,,,,,
,,,,,,,,[(%PROLIFIC_PID,1,2025-04-16_19h21.16.248,CLTandFLE,2024.1.5,MacIntel,59.88023952,5cac98a9aab6e30001e6f297,67ffc4c40efe1bd1090b10ee,67ffe6ec7798edce8cbbfc08,,,,,,,,,,,,,,,,,,,,,,,,,,,,,,,,,,,,,,,,,,,243.7536,249.6043,5.8506,1,0,166.9855,-0.179292199,-0.036350653,0,0,0,0,31,31,36,1,d,Il paziente non ha preso il Batatrim,Il paziente non ha superato la crisi,,,,,,,,,,,,,,,,,,,,,,,,,,,,,,,,,,,,,,,,,,,,,,,,,,,,,,,,,,,,,,,,,,,,,,,,,,,,,,,,,,,,,,
,,,,,,,,[(%PROLIFIC_PID,1,2025-04-16_19h21.16.248,CLTandFLE,2024.1.5,MacIntel,59.88023952,5cac98a9aab6e30001e6f297,67ffc4c40efe1bd1090b10ee,67ffe6ec7798edce8cbbfc08,,,,,,,,,,,,,,,,,,,,,,,,,,,,,,,,,,,,,,,,,,,249.6045,253.9878,4.3832,0,1,171.3687,0.123661079,-0.027960079,0,0,0,0,32,32,0,1,a,Il paziente ha preso il Batatrim,Il paziente ha superato la crisi,,,,,,,,,,,,,,,,,,,,,,,,,,,,,,,,,,,,,,,,,,,,,,,,,,,,,,,,,,,,,,,,,,,,,,,,,,,,,,,,,,,,,,
,,,,,,,,[(%PROLIFIC_PID,1,2025-04-16_19h21.16.248,CLTandFLE,2024.1.5,MacIntel,59.88023952,5cac98a9aab6e30001e6f297,67ffc4c40efe1bd1090b10ee,67ffe6ec7798edce8cbbfc08,,,,,,,,,,,,,,,,,,,,,,,,,,,,,,,,,,,,,,,,,,,253.988,258.3043,4.3162,1,0,175.6849,-0.154826068,-0.03125,0,0,0,0,33,33,1,1,a,Il paziente ha preso il Batatrim,Il paziente ha superato la crisi,,,,,,,,,,,,,,,,,,,,,,,,,,,,,,,,,,,,,,,,,,,,,,,,,,,,,,,,,,,,,,,,,,,,,,,,,,,,,,,,,,,,,,
,,,,,,,,[(%PROLIFIC_PID,1,2025-04-16_19h21.16.248,CLTandFLE,2024.1.5,MacIntel,59.88023952,5cac98a9aab6e30001e6f297,67ffc4c40efe1bd1090b10ee,67ffe6ec7798edce8cbbfc08,,,,,,,,,,,,,,,,,,,,,,,,,,,,,,,,,,,,,,,,,,,258.3046,262.4876,4.1829,1,0,179.8678,-0.154826068,-0.03125,0,0,0,0,34,34,5,1,a,Il paziente ha preso il Batatrim,Il paziente ha superato la crisi,,,,,,,,,,,,,,,,,,,,,,,,,,,,,,,,,,,,,,,,,,,,,,,,,,,,,,,,,,,,,,,,,,,,,,,,,,,,,,,,,,,,,,
,,,,,,,,[(%PROLIFIC_PID,1,2025-04-16_19h21.16.248,CLTandFLE,2024.1.5,MacIntel,59.88023952,5cac98a9aab6e30001e6f297,67ffc4c40efe1bd1090b10ee,67ffe6ec7798edce8cbbfc08,,,,,,,,,,,,,,,,,,,,,,,,,,,,,,,,,,,,,,,,,,,262.4878,266.3876,3.8997,1,0,183.7675,-0.154826068,-0.03125,0,0,0,0,35,35,17,1,b,Il paziente ha preso il Batatrim,Il paziente non ha superato la crisi,,,,,,,,,,,,,,,,,,,,,,,,,,,,,,,,,,,,,,,,,,,,,,,,,,,,,,,,,,,,,,,,,,,,,,,,,,,,,,,,,,,,,,
,,,,,,,,[(%PROLIFIC_PID,1,2025-04-16_19h21.16.248,CLTandFLE,2024.1.5,MacIntel,59.88023952,5cac98a9aab6e30001e6f297,67ffc4c40efe1bd1090b10ee,67ffe6ec7798edce8cbbfc08,,,,,,,,,,,,,,,,,,,,,,,,,,,,,,,,,,,,,,,,,,,266.3878,271.2376,4.8497,1,0,188.6172,-0.153389384,-0.031887582,0,0,0,0,36,36,35,1,d,Il paziente non ha preso il Batatrim,Il paziente non ha superato la crisi,,,,,,,,,,,,,,,,,,,,,,,,,,,,,,,,,,,,,,,,,,,,,,,,,,,,,,,,,,,,,,,,,,,,,,,,,,,,,,,,,,,,,,
,,,,,,,,[(%PROLIFIC_PID,1,2025-04-16_19h21.16.248,CLTandFLE,2024.1.5,MacIntel,59.88023952,5cac98a9aab6e30001e6f297,67ffc4c40efe1bd1090b10ee,67ffe6ec7798edce8cbbfc08,,,,,,,,,,,,,,,,,,,,,,,,,,,,,,,,,,,,,,,,,,,271.2379,275.571,4.3329,1,0,192.9501,-0.153389384,-0.031887582,0,0,0,0,37,37,7,1,a,Il paziente ha preso il Batatrim,Il paziente ha superato la crisi,,,,,,,,,,,,,,,,,,,,,,,,,,,,,,,,,,,,,,,,,,,,,,,,,,,,,,,,,,,,,,,,,,,,,,,,,,,,,,,,,,,,,,
,,,,,,,,[(%PROLIFIC_PID,1,2025-04-16_19h21.16.248,CLTandFLE,2024.1.5,MacIntel,59.88023952,5cac98a9aab6e30001e6f297,67ffc4c40efe1bd1090b10ee,67ffe6ec7798edce8cbbfc08,,,,,,,,,,,,,,,,,,,,,,,,,,,,,,,,,,,,,,,,,,,275.5712,280.0367,4.4654,1,0,197.4155,-0.153389384,-0.03116924,0,0,0,0,38,38,2,1,a,Il paziente ha preso il Batatrim,Il paziente ha superato la crisi,,,,,,,,,,,,,,,,,,,,,,,,,,,,,,,,,,,,,,,,,,,,,,,,,,,,,,,,,,,,,,,,,,,,,,,,,,,,,,,,,,,,,,
,,,,,,,,[(%PROLIFIC_PID,1,2025-04-16_19h21.16.248,CLTandFLE,2024.1.5,MacIntel,59.88023952,5cac98a9aab6e30001e6f297,67ffc4c40efe1bd1090b10ee,67ffe6ec7798edce8cbbfc08,,,,,,,,,,,,,,,,,,,,,,,,,,,,,,,,,,,,,,,,,,,280.0369,284.3201,4.283,1,0,201.6985,-0.153389384,-0.03116924,0,0,0,0,39,39,24,1,c,Il paziente non ha preso il Batatrim,Il paziente ha superato la crisi,,,,,,,,,,,,,,,,,,,,,,,,,,,,,,,,,,,,,,,,,,,,,,,,,,,,,,,,,,,,,,,,,,,,,,,,,,,,,,,,,,,,,,
,,,,,,,,[(%PROLIFIC_PID,1,2025-04-16_19h21.16.248,CLTandFLE,2024.1.5,MacIntel,59.88023952,5cac98a9aab6e30001e6f297,67ffc4c40efe1bd1090b10ee,67ffe6ec7798edce8cbbfc08,,306.2706,307.2712,,,,,,,,,,,,,,,,,,,,,,,,,,,,,,,,,,,,,,,,,,,,,,,,,,,,,,,,,,,285.3214,295.9212,10.5993,20,8.7287,0.075442907,-0.206567941,1,0,0,296.9215,306.2705,9.3485,85,8.2634,0.04437143,-0.189723035,1,0,0,25,25,7,10,0,0,0,0,1,,,,,,,,,,,,,,,,,,,,,,,,,,,,,,,,,,,,,,,,,,,,,,,,,,,,,,,,,
,,,,,,,,[(%PROLIFIC_PID,1,2025-04-16_19h21.16.248,CLTandFLE,2024.1.5,MacIntel,59.88023952,5cac98a9aab6e30001e6f297,67ffc4c40efe1bd1090b10ee,67ffe6ec7798edce8cbbfc08,,436.918,437.9044,,,,,,,,,,,,,,,,,,,,,,,,,,,,,,,,,,,,,,,,,,,,,,,,,,,,,,,,,,,,,,,,,,,,,,,,,,,,,,,,,,,,,,,,363.6549,367.6051,3.9496,1,3.2452,-0.041897613,-0.196727931,1,0,0,25,Maschio,Sì,18,No,TRUE,FALSE,5,7,6,4,5,FALSE,Conferma,c1ok,c2ok,c3ok,c4ok,c5ok,c6ok,c7err2,c8ok,c9ok,c10ok,c11ok,c12err,c13ok,c14ok,c15ok,c16err3,c17ok,c18err2,c19ok,c20err2,c21err3,c22ok,c23ok,c24err3,c25err3,c26ok,682.2011,689.0537,0,0,0,0,1
