﻿Alfa.started,Alfa.stopped,alfa_mouse.x,alfa_mouse.y,alfa_mouse.leftButton,alfa_mouse.midButton,alfa_mouse.rightButton,alfa_mouse.clicked_name,participant,group,date,expName,psychopyVersion,OS,frameRate,PROLIFIC_PID,STUDY_ID,SESSION_ID,)],ITI.started,ITI.stopped,B_consensoinformato.started,B_consensoinformato.stopped,tempo_consenso,cons_mouse.x,cons_mouse.y,cons_mouse.leftButton,cons_mouse.midButton,cons_mouse.rightButton,A_benvenuto.started,A_benvenuto.stopped,ben_mouse.x,ben_mouse.y,ben_mouse.leftButton,ben_mouse.midButton,ben_mouse.rightButton,B2_istruzioni.started,B2_istruzioni.stopped,tempo_istru,cons_mouse_2.x,cons_mouse_2.y,cons_mouse_2.leftButton,cons_mouse_2.midButton,cons_mouse_2.rightButton,SAMevaluation.started,SAMevaluation.stopped,temposam,sliderintensity.response,sliderintensity.rt,slidervalence.response,slidervalence.rt,mouse_sam.x,mouse_sam.y,mouse_sam.leftButton,mouse_sam.midButton,mouse_sam.rightButton,mouse_sam.time,mouse_sam.clicked_name,Loading.started,Loading.stopped,C_associative_task.started,C_associative_task.stopped,tempo_trial,hapremutosi,hapremutono,tempo_tasktot,mouse.x,mouse.y,mouse.leftButton,mouse.midButton,mouse.rightButton,trials.thisRepN,trials.thisTrialN,trials.thisN,trials.thisIndex,trials.ran,cond,causa,effetto,D_VD.started,D_VD.stopped,tempo_vd,vd.response,vd.rt,mouse_vd.x,mouse_vd.y,mouse_vd.leftButton,mouse_vd.midButton,mouse_vd.rightButton,Previous.started,Previous.stopped,tempo_vd1,previous.response,previous.rt,mouse_vd_2.x,mouse_vd_2.y,mouse_vd_2.leftButton,mouse_vd_2.midButton,mouse_vd_2.rightButton,EstENG.TrialNN,EstENG.TrialSN,EstENG.TrialNS,EstENG.TrialSS,ingesta.thisRepN,ingesta.thisTrialN,ingesta.thisN,ingesta.thisIndex,ingesta.ran,PF.started,PF.stopped,tempo_pf,processfluency.response,processfluency.rt,mouse_ch.x,mouse_ch.y,mouse_ch.leftButton,mouse_ch.midButton,mouse_ch.rightButton,Questionario_Lingua.Age,Questionario_Lingua.Sesso,Questionario_Lingua.StaiStudiando?,Questionario_Lingua.Anniscolarita,Questionario_Lingua.Diploma,Questionario_Lingua.ItaMADRE?,Questionario_Lingua.INGmadre?,Questionario_Lingua.Q5(AOAIng),Questionario_Lingua.INGLETTURA,Questionario_Lingua.INGCOMPRESO,Questionario_Lingua.INGSCRITTO,Questionario_Lingua.INGPARLATO,Questionario_Lingua.haivissutoestero,ProvaInglese.ProcediamoENg,ProvaInglese.C1,ProvaInglese.C2,ProvaInglese.C3,ProvaInglese.C4,ProvaInglese.C5,ProvaInglese.C6,ProvaInglese.C7,ProvaInglese.C8,ProvaInglese.C9,ProvaInglese.C10,ProvaInglese.C11,ProvaInglese.C12,ProvaInglese.C13,ProvaInglese.C14,ProvaInglese.C15,ProvaInglese.C16,ProvaInglese.C17,ProvaInglese.C18,ProvaInglese.C19,ProvaInglese.C20,ProvaInglese.C21,ProvaInglese.C22,ProvaInglese.C23,ProvaInglese.C24,ProvaInglese.C25,ProvaInglese.controlquestion,Ant_lastquestion.started,Ant_lastquestion.stopped,exp_loop.thisRepN,exp_loop.thisTrialN,exp_loop.thisN,exp_loop.thisIndex,exp_loop.ran
0.0003,8.3878,0.111656401,-0.001822931,1,0,0,alfa_mask,[(%PROLIFIC_PID,2,2025-04-16_20h02.10.294,CLTandFLE,2024.1.5,Linux armv81,121.9512195,602d3367986cfd11ee8b63b9,67ffc4c40efe1bd1090b10ee,67fff0886e63a12f02271dc5,,,,,,,,,,,,,,,,,,,,,,,,,,,,,,,,,,,,,,,,,,,,,,,,,,,,,,,,,,,,,,,,,,,,,,,,,,,,,,,,,,,,,,,,,,,,,,,,,,,,,,,,,,,,,,,,,,,,,,,,,,,,,,,,,,,,,,,,,,,,,,,,,,,
,,,,,,,,[(%PROLIFIC_PID,2,2025-04-16_20h02.10.294,CLTandFLE,2024.1.5,Linux armv81,121.9512195,602d3367986cfd11ee8b63b9,67ffc4c40efe1bd1090b10ee,67fff0886e63a12f02271dc5,,8.3881,8.8881,,,,,,,,,,,,,,,,,,,,,,,,,,,,,,,,,,,,,,,,,,,,,,,,,,,,,,,,,,,,,,,,,,,,,,,,,,,,,,,,,,,,,,,,,,,,,,,,,,,,,,,,,,,,,,,,,,,,,,,,,,,,,,,,,,,,,,,,,,,,,,,,
,,,,,,,,[(%PROLIFIC_PID,2,2025-04-16_20h02.10.294,CLTandFLE,2024.1.5,Linux armv81,121.9512195,602d3367986cfd11ee8b63b9,67ffc4c40efe1bd1090b10ee,67fff0886e63a12f02271dc5,,,,8.8889,15.0427,6.1534,0.242209258,-0.39792301,1,0,0,,,,,,,,,,,,,,,,,,,,,,,,,,,,,,,,,,,,,,,,,,,,,,,,,,,,,,,,,,,,,,,,,,,,,,,,,,,,,,,,,,,,,,,,,,,,,,,,,,,,,,,,,,,,,,,,,,,,,,,,,,,,,,,,,,,,,,,,
,,,,,,,,[(%PROLIFIC_PID,2,2025-04-16_20h02.10.294,CLTandFLE,2024.1.5,Linux armv81,121.9512195,602d3367986cfd11ee8b63b9,67ffc4c40efe1bd1090b10ee,67fff0886e63a12f02271dc5,,122.6803,123.2126,,,,,,,,,15.5562,17.8284,0.026821136,-0.115300426,1,0,0,18.3294,88.4651,70.135,0.020571108,-0.380910026,1,0,0,88.9645,115.1753,26.2101,0.551092153,15.486,0.443914064,12.9434,"[-0.006164056283456308,-0.023872446130823205,-0.011546028984917535,0.016057261714228877,-0.11594143620243778,-0.09244699831362124,-0.09829189159252026,0.005525730274341724,0.04383412113896123,-0.034693258780020254]","[0.18902269999186197,-0.035212304857042104,0.16153607545075593,0.19770237251564307,0.17195185908564814,0.18514537811279297,0.19376807742648655,-0.01594239694100839,-0.03908962673611111,-0.20105884693287038]","[1,1,1,1,1,1,1,1,1,1]","[0,0,0,0,0,0,0,0,0,0]","[0,0,0,0,0,0,0,0,0,0]","[4.507600000023842,8.655000000000001,10.241399999976153,10.878899999976156,11.539700000047674,12.223799999952305,12.744299999952318,13.896,24.818799999952304,26.185899999976158]","[""slidervalence"",""sliderintensity"",""sliderintensity"",""rettoksam""]",115.6748,122.6794,123.2961,135.0632,11.7661,0,1,11.7661,0.193772634,-0.052341037,0,0,0,0,0,0,23,1,c,The patient has not taken Batatrim,The patient has overcome the crisis,,,,,,,,,,,,,,,,,,,,,,,,,,,,,,,,,,,,,,,,,,,,,,,,,,,,,,,,,,,,,,,,,,,,,,,,,,,,,,,,,,,,,,
,,,,,,,,[(%PROLIFIC_PID,2,2025-04-16_20h02.10.294,CLTandFLE,2024.1.5,Linux armv81,121.9512195,602d3367986cfd11ee8b63b9,67ffc4c40efe1bd1090b10ee,67fff0886e63a12f02271dc5,,,,,,,,,,,,,,,,,,,,,,,,,,,,,,,,,,,,,,,,,,,135.0652,142.3236,7.2577,1,0,19.0238,-0.171553082,-0.035038701,0,0,0,0,1,1,2,1,a,The patient has taken Batatrim,The patient has overcome the crisis,,,,,,,,,,,,,,,,,,,,,,,,,,,,,,,,,,,,,,,,,,,,,,,,,,,,,,,,,,,,,,,,,,,,,,,,,,,,,,,,,,,,,,
,,,,,,,,[(%PROLIFIC_PID,2,2025-04-16_20h02.10.294,CLTandFLE,2024.1.5,Linux armv81,121.9512195,602d3367986cfd11ee8b63b9,67ffc4c40efe1bd1090b10ee,67fff0886e63a12f02271dc5,,,,,,,,,,,,,,,,,,,,,,,,,,,,,,,,,,,,,,,,,,,142.325,149.685,7.3595,1,0,26.3833,-0.210151743,-0.063277633,0,0,0,0,2,2,11,1,a,The patient has taken Batatrim,The patient has overcome the crisis,,,,,,,,,,,,,,,,,,,,,,,,,,,,,,,,,,,,,,,,,,,,,,,,,,,,,,,,,,,,,,,,,,,,,,,,,,,,,,,,,,,,,,
,,,,,,,,[(%PROLIFIC_PID,2,2025-04-16_20h02.10.294,CLTandFLE,2024.1.5,Linux armv81,121.9512195,602d3367986cfd11ee8b63b9,67ffc4c40efe1bd1090b10ee,67fff0886e63a12f02271dc5,,,,,,,,,,,,,,,,,,,,,,,,,,,,,,,,,,,,,,,,,,,149.686,154.8183,5.1316,1,0,31.5149,-0.199735924,-0.042908174,0,0,0,0,3,3,8,1,a,The patient has taken Batatrim,The patient has overcome the crisis,,,,,,,,,,,,,,,,,,,,,,,,,,,,,,,,,,,,,,,,,,,,,,,,,,,,,,,,,,,,,,,,,,,,,,,,,,,,,,,,,,,,,,
,,,,,,,,[(%PROLIFIC_PID,2,2025-04-16_20h02.10.294,CLTandFLE,2024.1.5,Linux armv81,121.9512195,602d3367986cfd11ee8b63b9,67ffc4c40efe1bd1090b10ee,67fff0886e63a12f02271dc5,,,,,,,,,,,,,,,,,,,,,,,,,,,,,,,,,,,,,,,,,,,154.8193,159.6007,4.7809,1,0,36.2958,-0.219005867,-0.055928089,0,0,0,0,4,4,15,1,b,The patient has taken Batatrim,The patient has not overcome the crisis,,,,,,,,,,,,,,,,,,,,,,,,,,,,,,,,,,,,,,,,,,,,,,,,,,,,,,,,,,,,,,,,,,,,,,,,,,,,,,,,,,,,,,
,,,,,,,,[(%PROLIFIC_PID,2,2025-04-16_20h02.10.294,CLTandFLE,2024.1.5,Linux armv81,121.9512195,602d3367986cfd11ee8b63b9,67ffc4c40efe1bd1090b10ee,67fff0886e63a12f02271dc5,,,,,,,,,,,,,,,,,,,,,,,,,,,,,,,,,,,,,,,,,,,159.6015,164.9131,5.3111,1,0,41.6069,-0.212524414,-0.041577163,0,0,0,0,5,5,37,1,d,The patient has not taken Batatrim,The patient has not overcome the crisis,,,,,,,,,,,,,,,,,,,,,,,,,,,,,,,,,,,,,,,,,,,,,,,,,,,,,,,,,,,,,,,,,,,,,,,,,,,,,,,,,,,,,,
,,,,,,,,[(%PROLIFIC_PID,2,2025-04-16_20h02.10.294,CLTandFLE,2024.1.5,Linux armv81,121.9512195,602d3367986cfd11ee8b63b9,67ffc4c40efe1bd1090b10ee,67fff0886e63a12f02271dc5,,,,,,,,,,,,,,,,,,,,,,,,,,,,,,,,,,,,,,,,,,,164.9139,169.6002,4.6857,1,0,46.2926,-0.210788303,-0.025316486,0,0,0,0,6,6,17,1,b,The patient has taken Batatrim,The patient has not overcome the crisis,,,,,,,,,,,,,,,,,,,,,,,,,,,,,,,,,,,,,,,,,,,,,,,,,,,,,,,,,,,,,,,,,,,,,,,,,,,,,,,,,,,,,,
,,,,,,,,[(%PROLIFIC_PID,2,2025-04-16_20h02.10.294,CLTandFLE,2024.1.5,Linux armv81,121.9512195,602d3367986cfd11ee8b63b9,67ffc4c40efe1bd1090b10ee,67fff0886e63a12f02271dc5,,,,,,,,,,,,,,,,,,,,,,,,,,,,,,,,,,,,,,,,,,,169.6014,176.1595,6.5576,1,0,52.8502,-0.194238239,-0.059921159,0,0,0,0,7,7,13,1,a,The patient has taken Batatrim,The patient has overcome the crisis,,,,,,,,,,,,,,,,,,,,,,,,,,,,,,,,,,,,,,,,,,,,,,,,,,,,,,,,,,,,,,,,,,,,,,,,,,,,,,,,,,,,,,
,,,,,,,,[(%PROLIFIC_PID,2,2025-04-16_20h02.10.294,CLTandFLE,2024.1.5,Linux armv81,121.9512195,602d3367986cfd11ee8b63b9,67ffc4c40efe1bd1090b10ee,67fff0886e63a12f02271dc5,,,,,,,,,,,,,,,,,,,,,,,,,,,,,,,,,,,,,,,,,,,176.1603,180.8584,4.6976,1,0,57.5478,-0.193717462,-0.035328053,0,0,0,0,8,8,16,1,b,The patient has taken Batatrim,The patient has not overcome the crisis,,,,,,,,,,,,,,,,,,,,,,,,,,,,,,,,,,,,,,,,,,,,,,,,,,,,,,,,,,,,,,,,,,,,,,,,,,,,,,,,,,,,,,
,,,,,,,,[(%PROLIFIC_PID,2,2025-04-16_20h02.10.294,CLTandFLE,2024.1.5,Linux armv81,121.9512195,602d3367986cfd11ee8b63b9,67ffc4c40efe1bd1090b10ee,67fff0886e63a12f02271dc5,,,,,,,,,,,,,,,,,,,,,,,,,,,,,,,,,,,,,,,,,,,180.8594,185.5238,4.6639,1,0,62.2117,-0.200314628,-0.036948416,0,0,0,0,9,9,4,1,a,The patient has taken Batatrim,The patient has overcome the crisis,,,,,,,,,,,,,,,,,,,,,,,,,,,,,,,,,,,,,,,,,,,,,,,,,,,,,,,,,,,,,,,,,,,,,,,,,,,,,,,,,,,,,,
,,,,,,,,[(%PROLIFIC_PID,2,2025-04-16_20h02.10.294,CLTandFLE,2024.1.5,Linux armv81,121.9512195,602d3367986cfd11ee8b63b9,67ffc4c40efe1bd1090b10ee,67fff0886e63a12f02271dc5,,,,,,,,,,,,,,,,,,,,,,,,,,,,,,,,,,,,,,,,,,,185.5244,190.5992,5.0743,0,1,67.286,0.206851394,-0.025663694,0,0,0,0,10,10,31,1,c,The patient has not taken Batatrim,The patient has overcome the crisis,,,,,,,,,,,,,,,,,,,,,,,,,,,,,,,,,,,,,,,,,,,,,,,,,,,,,,,,,,,,,,,,,,,,,,,,,,,,,,,,,,,,,,
,,,,,,,,[(%PROLIFIC_PID,2,2025-04-16_20h02.10.294,CLTandFLE,2024.1.5,Linux armv81,121.9512195,602d3367986cfd11ee8b63b9,67ffc4c40efe1bd1090b10ee,67fff0886e63a12f02271dc5,,,,,,,,,,,,,,,,,,,,,,,,,,,,,,,,,,,,,,,,,,,190.6003,195.3629,4.762,1,0,72.048,-0.23619341,-0.032203074,0,0,0,0,11,11,7,1,a,The patient has taken Batatrim,The patient has overcome the crisis,,,,,,,,,,,,,,,,,,,,,,,,,,,,,,,,,,,,,,,,,,,,,,,,,,,,,,,,,,,,,,,,,,,,,,,,,,,,,,,,,,,,,,
,,,,,,,,[(%PROLIFIC_PID,2,2025-04-16_20h02.10.294,CLTandFLE,2024.1.5,Linux armv81,121.9512195,602d3367986cfd11ee8b63b9,67ffc4c40efe1bd1090b10ee,67fff0886e63a12f02271dc5,,,,,,,,,,,,,,,,,,,,,,,,,,,,,,,,,,,,,,,,,,,195.3636,200.0016,4.6375,0,1,76.6855,0.206967107,-0.031335018,0,0,0,0,12,12,20,1,c,The patient has not taken Batatrim,The patient has overcome the crisis,,,,,,,,,,,,,,,,,,,,,,,,,,,,,,,,,,,,,,,,,,,,,,,,,,,,,,,,,,,,,,,,,,,,,,,,,,,,,,,,,,,,,,
,,,,,,,,[(%PROLIFIC_PID,2,2025-04-16_20h02.10.294,CLTandFLE,2024.1.5,Linux armv81,121.9512195,602d3367986cfd11ee8b63b9,67ffc4c40efe1bd1090b10ee,67fff0886e63a12f02271dc5,,,,,,,,,,,,,,,,,,,,,,,,,,,,,,,,,,,,,,,,,,,200.0023,206.1878,6.1851,1,0,82.8706,-0.189782249,-0.043081778,0,0,0,0,13,13,6,1,a,The patient has taken Batatrim,The patient has overcome the crisis,,,,,,,,,,,,,,,,,,,,,,,,,,,,,,,,,,,,,,,,,,,,,,,,,,,,,,,,,,,,,,,,,,,,,,,,,,,,,,,,,,,,,,
,,,,,,,,[(%PROLIFIC_PID,2,2025-04-16_20h02.10.294,CLTandFLE,2024.1.5,Linux armv81,121.9512195,602d3367986cfd11ee8b63b9,67ffc4c40efe1bd1090b10ee,67fff0886e63a12f02271dc5,,,,,,,,,,,,,,,,,,,,,,,,,,,,,,,,,,,,,,,,,,,206.1885,211.2522,5.0632,1,0,87.9338,-0.258414728,-0.039089627,0,0,0,0,14,14,38,1,d,The patient has not taken Batatrim,The patient has not overcome the crisis,,,,,,,,,,,,,,,,,,,,,,,,,,,,,,,,,,,,,,,,,,,,,,,,,,,,,,,,,,,,,,,,,,,,,,,,,,,,,,,,,,,,,,
,,,,,,,,[(%PROLIFIC_PID,2,2025-04-16_20h02.10.294,CLTandFLE,2024.1.5,Linux armv81,121.9512195,602d3367986cfd11ee8b63b9,67ffc4c40efe1bd1090b10ee,67fff0886e63a12f02271dc5,,,,,,,,,,,,,,,,,,,,,,,,,,,,,,,,,,,,,,,,,,,211.2531,216.7549,5.5013,1,0,93.4351,-0.174041536,-0.02219239,0,0,0,0,15,15,12,1,a,The patient has taken Batatrim,The patient has overcome the crisis,,,,,,,,,,,,,,,,,,,,,,,,,,,,,,,,,,,,,,,,,,,,,,,,,,,,,,,,,,,,,,,,,,,,,,,,,,,,,,,,,,,,,,
,,,,,,,,[(%PROLIFIC_PID,2,2025-04-16_20h02.10.294,CLTandFLE,2024.1.5,Linux armv81,121.9512195,602d3367986cfd11ee8b63b9,67ffc4c40efe1bd1090b10ee,67fff0886e63a12f02271dc5,,,,,,,,,,,,,,,,,,,,,,,,,,,,,,,,,,,,,,,,,,,216.7558,222.6156,5.8595,1,0,99.2946,-0.218600803,-0.044702141,0,0,0,0,16,16,32,1,c,The patient has not taken Batatrim,The patient has overcome the crisis,,,,,,,,,,,,,,,,,,,,,,,,,,,,,,,,,,,,,,,,,,,,,,,,,,,,,,,,,,,,,,,,,,,,,,,,,,,,,,,,,,,,,,
,,,,,,,,[(%PROLIFIC_PID,2,2025-04-16_20h02.10.294,CLTandFLE,2024.1.5,Linux armv81,121.9512195,602d3367986cfd11ee8b63b9,67ffc4c40efe1bd1090b10ee,67fff0886e63a12f02271dc5,,,,,,,,,,,,,,,,,,,,,,,,,,,,,,,,,,,,,,,,,,,222.6163,227.5532,4.9364,1,0,104.231,-0.196958189,-0.047827156,0,0,0,0,17,17,3,1,a,The patient has taken Batatrim,The patient has overcome the crisis,,,,,,,,,,,,,,,,,,,,,,,,,,,,,,,,,,,,,,,,,,,,,,,,,,,,,,,,,,,,,,,,,,,,,,,,,,,,,,,,,,,,,,
,,,,,,,,[(%PROLIFIC_PID,2,2025-04-16_20h02.10.294,CLTandFLE,2024.1.5,Linux armv81,121.9512195,602d3367986cfd11ee8b63b9,67ffc4c40efe1bd1090b10ee,67fff0886e63a12f02271dc5,,,,,,,,,,,,,,,,,,,,,,,,,,,,,,,,,,,,,,,,,,,227.5539,232.2845,4.7223,0,1,108.9533,0.193946273,-0.049968366,0,0,0,0,18,18,28,1,c,The patient has not taken Batatrim,The patient has overcome the crisis,,,,,,,,,,,,,,,,,,,,,,,,,,,,,,,,,,,,,,,,,,,,,,,,,,,,,,,,,,,,,,,,,,,,,,,,,,,,,,,,,,,,,,
,,,,,,,,[(%PROLIFIC_PID,2,2025-04-16_20h02.10.294,CLTandFLE,2024.1.5,Linux armv81,121.9512195,602d3367986cfd11ee8b63b9,67ffc4c40efe1bd1090b10ee,67fff0886e63a12f02271dc5,,,,,,,,,,,,,,,,,,,,,,,,,,,,,,,,,,,,,,,,,,,232.2853,236.8185,4.5329,1,0,113.4862,-0.259572135,-0.021671542,0,0,0,0,19,19,5,1,a,The patient has taken Batatrim,The patient has overcome the crisis,,,,,,,,,,,,,,,,,,,,,,,,,,,,,,,,,,,,,,,,,,,,,,,,,,,,,,,,,,,,,,,,,,,,,,,,,,,,,,,,,,,,,,
,,,,,,,,[(%PROLIFIC_PID,2,2025-04-16_20h02.10.294,CLTandFLE,2024.1.5,Linux armv81,121.9512195,602d3367986cfd11ee8b63b9,67ffc4c40efe1bd1090b10ee,67fff0886e63a12f02271dc5,,,,,,,,,,,,,,,,,,,,,,,,,,,,,,,,,,,,,,,,,,,236.8194,241.5335,4.7136,1,0,118.1998,-0.17652992,-0.034807241,0,0,0,0,20,20,10,1,a,The patient has taken Batatrim,The patient has overcome the crisis,,,,,,,,,,,,,,,,,,,,,,,,,,,,,,,,,,,,,,,,,,,,,,,,,,,,,,,,,,,,,,,,,,,,,,,,,,,,,,,,,,,,,,
,,,,,,,,[(%PROLIFIC_PID,2,2025-04-16_20h02.10.294,CLTandFLE,2024.1.5,Linux armv81,121.9512195,602d3367986cfd11ee8b63b9,67ffc4c40efe1bd1090b10ee,67fff0886e63a12f02271dc5,,,,,,,,,,,,,,,,,,,,,,,,,,,,,,,,,,,,,,,,,,,241.5342,247.6782,6.1435,0,1,124.3433,0.210844393,-0.034575745,0,0,0,0,21,21,33,1,c,The patient has not taken Batatrim,The patient has overcome the crisis,,,,,,,,,,,,,,,,,,,,,,,,,,,,,,,,,,,,,,,,,,,,,,,,,,,,,,,,,,,,,,,,,,,,,,,,,,,,,,,,,,,,,,
,,,,,,,,[(%PROLIFIC_PID,2,2025-04-16_20h02.10.294,CLTandFLE,2024.1.5,Linux armv81,121.9512195,602d3367986cfd11ee8b63b9,67ffc4c40efe1bd1090b10ee,67fff0886e63a12f02271dc5,,,,,,,,,,,,,,,,,,,,,,,,,,,,,,,,,,,,,,,,,,,247.6791,254.6552,6.9757,1,0,131.319,-0.241400825,-0.024332682,0,0,0,0,22,22,29,1,c,The patient has not taken Batatrim,The patient has overcome the crisis,,,,,,,,,,,,,,,,,,,,,,,,,,,,,,,,,,,,,,,,,,,,,,,,,,,,,,,,,,,,,,,,,,,,,,,,,,,,,,,,,,,,,,
,,,,,,,,[(%PROLIFIC_PID,2,2025-04-16_20h02.10.294,CLTandFLE,2024.1.5,Linux armv81,121.9512195,602d3367986cfd11ee8b63b9,67ffc4c40efe1bd1090b10ee,67fff0886e63a12f02271dc5,,,,,,,,,,,,,,,,,,,,,,,,,,,,,,,,,,,,,,,,,,,254.6561,259.3747,4.7181,1,0,136.0371,-0.171726721,-0.052341037,0,0,0,0,23,23,1,1,a,The patient has taken Batatrim,The patient has overcome the crisis,,,,,,,,,,,,,,,,,,,,,,,,,,,,,,,,,,,,,,,,,,,,,,,,,,,,,,,,,,,,,,,,,,,,,,,,,,,,,,,,,,,,,,
,,,,,,,,[(%PROLIFIC_PID,2,2025-04-16_20h02.10.294,CLTandFLE,2024.1.5,Linux armv81,121.9512195,602d3367986cfd11ee8b63b9,67ffc4c40efe1bd1090b10ee,67fff0886e63a12f02271dc5,,,,,,,,,,,,,,,,,,,,,,,,,,,,,,,,,,,,,,,,,,,259.3753,264.234,4.8581,1,0,140.8952,-0.212177206,-0.041056315,0,0,0,0,24,24,35,1,d,The patient has not taken Batatrim,The patient has not overcome the crisis,,,,,,,,,,,,,,,,,,,,,,,,,,,,,,,,,,,,,,,,,,,,,,,,,,,,,,,,,,,,,,,,,,,,,,,,,,,,,,,,,,,,,,
,,,,,,,,[(%PROLIFIC_PID,2,2025-04-16_20h02.10.294,CLTandFLE,2024.1.5,Linux armv81,121.9512195,602d3367986cfd11ee8b63b9,67ffc4c40efe1bd1090b10ee,67fff0886e63a12f02271dc5,,,,,,,,,,,,,,,,,,,,,,,,,,,,,,,,,,,,,,,,,,,264.2351,269.5435,5.3079,1,0,146.2031,-0.22948039,-0.033071129,0,0,0,0,25,25,36,1,d,The patient has not taken Batatrim,The patient has not overcome the crisis,,,,,,,,,,,,,,,,,,,,,,,,,,,,,,,,,,,,,,,,,,,,,,,,,,,,,,,,,,,,,,,,,,,,,,,,,,,,,,,,,,,,,,
,,,,,,,,[(%PROLIFIC_PID,2,2025-04-16_20h02.10.294,CLTandFLE,2024.1.5,Linux armv81,121.9512195,602d3367986cfd11ee8b63b9,67ffc4c40efe1bd1090b10ee,67fff0886e63a12f02271dc5,,,,,,,,,,,,,,,,,,,,,,,,,,,,,,,,,,,,,,,,,,,269.5442,274.796,5.2514,1,0,151.4545,-0.214260525,-0.043313274,0,0,0,0,26,26,30,1,c,The patient has not taken Batatrim,The patient has overcome the crisis,,,,,,,,,,,,,,,,,,,,,,,,,,,,,,,,,,,,,,,,,,,,,,,,,,,,,,,,,,,,,,,,,,,,,,,,,,,,,,,,,,,,,,
,,,,,,,,[(%PROLIFIC_PID,2,2025-04-16_20h02.10.294,CLTandFLE,2024.1.5,Linux armv81,121.9512195,602d3367986cfd11ee8b63b9,67ffc4c40efe1bd1090b10ee,67fff0886e63a12f02271dc5,,,,,,,,,,,,,,,,,,,,,,,,,,,,,,,,,,,,,,,,,,,274.7967,279.6632,4.866,0,1,156.3205,0.209976338,-0.014958594,0,0,0,0,27,27,34,1,c,The patient has not taken Batatrim,The patient has overcome the crisis,,,,,,,,,,,,,,,,,,,,,,,,,,,,,,,,,,,,,,,,,,,,,,,,,,,,,,,,,,,,,,,,,,,,,,,,,,,,,,,,,,,,,,
,,,,,,,,[(%PROLIFIC_PID,2,2025-04-16_20h02.10.294,CLTandFLE,2024.1.5,Linux armv81,121.9512195,602d3367986cfd11ee8b63b9,67ffc4c40efe1bd1090b10ee,67fff0886e63a12f02271dc5,,,,,,,,,,,,,,,,,,,,,,,,,,,,,,,,,,,,,,,,,,,279.664,285.207,5.5426,1,0,161.8631,-0.205811465,-0.037700759,0,0,0,0,28,28,18,1,b,The patient has taken Batatrim,The patient has not overcome the crisis,,,,,,,,,,,,,,,,,,,,,,,,,,,,,,,,,,,,,,,,,,,,,,,,,,,,,,,,,,,,,,,,,,,,,,,,,,,,,,,,,,,,,,
,,,,,,,,[(%PROLIFIC_PID,2,2025-04-16_20h02.10.294,CLTandFLE,2024.1.5,Linux armv81,121.9512195,602d3367986cfd11ee8b63b9,67ffc4c40efe1bd1090b10ee,67fff0886e63a12f02271dc5,,,,,,,,,,,,,,,,,,,,,,,,,,,,,,,,,,,,,,,,,,,285.2078,295.6366,10.4284,0,1,172.2915,0.212233226,-0.05118363,0,0,0,0,29,29,21,1,c,The patient has not taken Batatrim,The patient has overcome the crisis,,,,,,,,,,,,,,,,,,,,,,,,,,,,,,,,,,,,,,,,,,,,,,,,,,,,,,,,,,,,,,,,,,,,,,,,,,,,,,,,,,,,,,
,,,,,,,,[(%PROLIFIC_PID,2,2025-04-16_20h02.10.294,CLTandFLE,2024.1.5,Linux armv81,121.9512195,602d3367986cfd11ee8b63b9,67ffc4c40efe1bd1090b10ee,67fff0886e63a12f02271dc5,,,,,,,,,,,,,,,,,,,,,,,,,,,,,,,,,,,,,,,,,,,295.6376,308.6462,13.0082,1,0,185.2997,-0.217501252,-0.029193808,0,0,0,0,30,30,19,1,b,The patient has taken Batatrim,The patient has not overcome the crisis,,,,,,,,,,,,,,,,,,,,,,,,,,,,,,,,,,,,,,,,,,,,,,,,,,,,,,,,,,,,,,,,,,,,,,,,,,,,,,,,,,,,,,
,,,,,,,,[(%PROLIFIC_PID,2,2025-04-16_20h02.10.294,CLTandFLE,2024.1.5,Linux armv81,121.9512195,602d3367986cfd11ee8b63b9,67ffc4c40efe1bd1090b10ee,67fff0886e63a12f02271dc5,,,,,,,,,,,,,,,,,,,,,,,,,,,,,,,,,,,,,,,,,,,308.6469,321.2556,12.6081,1,0,197.9078,-0.19933086,-0.046206792,0,0,0,0,31,31,27,1,c,The patient has not taken Batatrim,The patient has overcome the crisis,,,,,,,,,,,,,,,,,,,,,,,,,,,,,,,,,,,,,,,,,,,,,,,,,,,,,,,,,,,,,,,,,,,,,,,,,,,,,,,,,,,,,,
,,,,,,,,[(%PROLIFIC_PID,2,2025-04-16_20h02.10.294,CLTandFLE,2024.1.5,Linux armv81,121.9512195,602d3367986cfd11ee8b63b9,67ffc4c40efe1bd1090b10ee,67fff0886e63a12f02271dc5,,,,,,,,,,,,,,,,,,,,,,,,,,,,,,,,,,,,,,,,,,,321.2562,326.2854,5.0286,1,0,202.9364,-0.218890155,-0.032029434,0,0,0,0,32,32,26,1,c,The patient has not taken Batatrim,The patient has overcome the crisis,,,,,,,,,,,,,,,,,,,,,,,,,,,,,,,,,,,,,,,,,,,,,,,,,,,,,,,,,,,,,,,,,,,,,,,,,,,,,,,,,,,,,,
,,,,,,,,[(%PROLIFIC_PID,2,2025-04-16_20h02.10.294,CLTandFLE,2024.1.5,Linux armv81,121.9512195,602d3367986cfd11ee8b63b9,67ffc4c40efe1bd1090b10ee,67fff0886e63a12f02271dc5,,,,,,,,,,,,,,,,,,,,,,,,,,,,,,,,,,,,,,,,,,,326.2863,330.6922,4.4054,1,0,207.3418,-0.211251224,-0.02867296,0,0,0,0,33,33,24,1,c,The patient has not taken Batatrim,The patient has overcome the crisis,,,,,,,,,,,,,,,,,,,,,,,,,,,,,,,,,,,,,,,,,,,,,,,,,,,,,,,,,,,,,,,,,,,,,,,,,,,,,,,,,,,,,,
,,,,,,,,[(%PROLIFIC_PID,2,2025-04-16_20h02.10.294,CLTandFLE,2024.1.5,Linux armv81,121.9512195,602d3367986cfd11ee8b63b9,67ffc4c40efe1bd1090b10ee,67fff0886e63a12f02271dc5,,,,,,,,,,,,,,,,,,,,,,,,,,,,,,,,,,,,,,,,,,,330.6929,335.4943,4.8008,0,1,212.1426,0.238852748,-0.030814171,0,0,0,0,34,34,39,1,d,The patient has not taken Batatrim,The patient has not overcome the crisis,,,,,,,,,,,,,,,,,,,,,,,,,,,,,,,,,,,,,,,,,,,,,,,,,,,,,,,,,,,,,,,,,,,,,,,,,,,,,,,,,,,,,,
,,,,,,,,[(%PROLIFIC_PID,2,2025-04-16_20h02.10.294,CLTandFLE,2024.1.5,Linux armv81,121.9512195,602d3367986cfd11ee8b63b9,67ffc4c40efe1bd1090b10ee,67fff0886e63a12f02271dc5,,,,,,,,,,,,,,,,,,,,,,,,,,,,,,,,,,,,,,,,,,,335.4952,340.0064,4.5107,1,0,216.6533,-0.216112349,-0.020456279,0,0,0,0,35,35,14,1,b,The patient has taken Batatrim,The patient has overcome the crisis,,,,,,,,,,,,,,,,,,,,,,,,,,,,,,,,,,,,,,,,,,,,,,,,,,,,,,,,,,,,,,,,,,,,,,,,,,,,,,,,,,,,,,
,,,,,,,,[(%PROLIFIC_PID,2,2025-04-16_20h02.10.294,CLTandFLE,2024.1.5,Linux armv81,121.9512195,602d3367986cfd11ee8b63b9,67ffc4c40efe1bd1090b10ee,67fff0886e63a12f02271dc5,,,,,,,,,,,,,,,,,,,,,,,,,,,,,,,,,,,,,,,,,,,340.0074,344.7226,4.7147,1,0,221.368,-0.256852185,-0.035675296,0,0,0,0,36,36,25,1,c,The patient has not taken Batatrim,The patient has overcome the crisis,,,,,,,,,,,,,,,,,,,,,,,,,,,,,,,,,,,,,,,,,,,,,,,,,,,,,,,,,,,,,,,,,,,,,,,,,,,,,,,,,,,,,,
,,,,,,,,[(%PROLIFIC_PID,2,2025-04-16_20h02.10.294,CLTandFLE,2024.1.5,Linux armv81,121.9512195,602d3367986cfd11ee8b63b9,67ffc4c40efe1bd1090b10ee,67fff0886e63a12f02271dc5,,,,,,,,,,,,,,,,,,,,,,,,,,,,,,,,,,,,,,,,,,,344.7233,349.1567,4.4331,1,0,225.8011,-0.200314628,-0.054829456,0,0,0,0,37,37,9,1,a,The patient has taken Batatrim,The patient has overcome the crisis,,,,,,,,,,,,,,,,,,,,,,,,,,,,,,,,,,,,,,,,,,,,,,,,,,,,,,,,,,,,,,,,,,,,,,,,,,,,,,,,,,,,,,
,,,,,,,,[(%PROLIFIC_PID,2,2025-04-16_20h02.10.294,CLTandFLE,2024.1.5,Linux armv81,121.9512195,602d3367986cfd11ee8b63b9,67ffc4c40efe1bd1090b10ee,67fff0886e63a12f02271dc5,,,,,,,,,,,,,,,,,,,,,,,,,,,,,,,,,,,,,,,,,,,349.1575,353.5344,4.3764,1,0,230.1775,-0.225834599,-0.031335018,0,0,0,0,38,38,0,1,a,The patient has taken Batatrim,The patient has overcome the crisis,,,,,,,,,,,,,,,,,,,,,,,,,,,,,,,,,,,,,,,,,,,,,,,,,,,,,,,,,,,,,,,,,,,,,,,,,,,,,,,,,,,,,,
,,,,,,,,[(%PROLIFIC_PID,2,2025-04-16_20h02.10.294,CLTandFLE,2024.1.5,Linux armv81,121.9512195,602d3367986cfd11ee8b63b9,67ffc4c40efe1bd1090b10ee,67fff0886e63a12f02271dc5,,,,,,,,,,,,,,,,,,,,,,,,,,,,,,,,,,,,,,,,,,,353.5352,358.7112,5.1755,1,0,235.353,-0.244120704,-0.03608036,0,0,0,0,39,39,22,1,c,The patient has not taken Batatrim,The patient has overcome the crisis,,,,,,,,,,,,,,,,,,,,,,,,,,,,,,,,,,,,,,,,,,,,,,,,,,,,,,,,,,,,,,,,,,,,,,,,,,,,,,,,,,,,,,
,,,,,,,,[(%PROLIFIC_PID,2,2025-04-16_20h02.10.294,CLTandFLE,2024.1.5,Linux armv81,121.9512195,602d3367986cfd11ee8b63b9,67ffc4c40efe1bd1090b10ee,67fff0886e63a12f02271dc5,,438.8449,439.3476,,,,,,,,,,,,,,,,,,,,,,,,,,,,,,,,,,,,,,,,,,,,,,,,,,,,,,,,,,,359.2815,395.9627,36.6807,73,35.2725,-0.026071478,-0.176697272,1,0,0,396.4608,438.8446,42.3828,71,41.4123,-0.038802041,-0.216393577,1,0,0,10,5,15,20,0,0,0,0,1,,,,,,,,,,,,,,,,,,,,,,,,,,,,,,,,,,,,,,,,,,,,,,,,,,,,,,,,,
,,,,,,,,[(%PROLIFIC_PID,2,2025-04-16_20h02.10.294,CLTandFLE,2024.1.5,Linux armv81,121.9512195,602d3367986cfd11ee8b63b9,67ffc4c40efe1bd1090b10ee,67fff0886e63a12f02271dc5,,598.4136,598.9318,,,,,,,,,,,,,,,,,,,,,,,,,,,,,,,,,,,,,,,,,,,,,,,,,,,,,,,,,,,,,,,,,,,,,,,,,,,,,,,,,,,,,,,,512.2514,523.1495,10.8977,1,6.8225,-0.000491884,-0.235843517,1,0,0,36,Maschio,No,15,No,TRUE,FALSE,7,8,6,7,5,FALSE,Conferma,c1ok,c2ok,c3ok,c4ok,c5err2,c6ok,c7ok,c8ok,c9ok,c10ok,c11ok,c12err,c13ok,c14err2,c15ok,c16ok,c17ok,c18ok,c19ok,c20err,c21err3,c22err2,c23ok,c24ok,c25err3,c26ok,900.2316,907.0485,0,0,0,0,1
