﻿Alfa.started,Alfa.stopped,alfa_mouse.x,alfa_mouse.y,alfa_mouse.leftButton,alfa_mouse.midButton,alfa_mouse.rightButton,alfa_mouse.clicked_name,participant,group,date,expName,psychopyVersion,OS,frameRate,PROLIFIC_PID,STUDY_ID,SESSION_ID,)],ITI.started,ITI.stopped,B_consensoinformato.started,B_consensoinformato.stopped,tempo_consenso,cons_mouse.x,cons_mouse.y,cons_mouse.leftButton,cons_mouse.midButton,cons_mouse.rightButton,A_benvenuto.started,A_benvenuto.stopped,ben_mouse.x,ben_mouse.y,ben_mouse.leftButton,ben_mouse.midButton,ben_mouse.rightButton,B2_istruzioni.started,B2_istruzioni.stopped,tempo_istru,cons_mouse_2.x,cons_mouse_2.y,cons_mouse_2.leftButton,cons_mouse_2.midButton,cons_mouse_2.rightButton,SAMevaluation.started,SAMevaluation.stopped,temposam,sliderintensity.response,sliderintensity.rt,slidervalence.response,slidervalence.rt,mouse_sam.x,mouse_sam.y,mouse_sam.leftButton,mouse_sam.midButton,mouse_sam.rightButton,mouse_sam.time,mouse_sam.clicked_name,Loading.started,Loading.stopped,C_associative_task.started,C_associative_task.stopped,tempo_trial,hapremutosi,hapremutono,tempo_tasktot,mouse.x,mouse.y,mouse.leftButton,mouse.midButton,mouse.rightButton,trials.thisRepN,trials.thisTrialN,trials.thisN,trials.thisIndex,trials.ran,cond,causa,effetto,D_VD.started,D_VD.stopped,tempo_vd,vd.response,vd.rt,mouse_vd.x,mouse_vd.y,mouse_vd.leftButton,mouse_vd.midButton,mouse_vd.rightButton,Previous.started,Previous.stopped,tempo_vd1,previous.response,previous.rt,mouse_vd_2.x,mouse_vd_2.y,mouse_vd_2.leftButton,mouse_vd_2.midButton,mouse_vd_2.rightButton,EstENG.TrialNS,EstENG.TrialSS,EstENG.TrialSN,EstENG.TrialNN,ingesta.thisRepN,ingesta.thisTrialN,ingesta.thisN,ingesta.thisIndex,ingesta.ran,PF.started,PF.stopped,tempo_pf,processfluency.response,processfluency.rt,mouse_ch.x,mouse_ch.y,mouse_ch.leftButton,mouse_ch.midButton,mouse_ch.rightButton,Questionario_Lingua.Age,Questionario_Lingua.Sesso,Questionario_Lingua.StaiStudiando?,Questionario_Lingua.Anniscolarita,Questionario_Lingua.Diploma,Questionario_Lingua.ItaMADRE?,Questionario_Lingua.INGmadre?,Questionario_Lingua.Q5(AOAIng),Questionario_Lingua.INGLETTURA,Questionario_Lingua.INGCOMPRESO,Questionario_Lingua.INGSCRITTO,Questionario_Lingua.INGPARLATO,Questionario_Lingua.haivissutoestero,ProvaInglese.ProcediamoENg,ProvaInglese.C1,ProvaInglese.C2,ProvaInglese.C3,ProvaInglese.C4,ProvaInglese.C5,ProvaInglese.C6,ProvaInglese.C7,ProvaInglese.C8,ProvaInglese.C9,ProvaInglese.C10,ProvaInglese.C11,ProvaInglese.C12,ProvaInglese.C13,ProvaInglese.C14,ProvaInglese.C15,ProvaInglese.C16,ProvaInglese.C17,ProvaInglese.C18,ProvaInglese.C19,ProvaInglese.C20,ProvaInglese.C21,ProvaInglese.C22,ProvaInglese.C23,ProvaInglese.C24,ProvaInglese.C25,ProvaInglese.controlquestion,Ant_lastquestion.started,Ant_lastquestion.stopped,exp_loop.thisRepN,exp_loop.thisTrialN,exp_loop.thisN,exp_loop.thisIndex,exp_loop.ran
0,5.73,-0.019381936,-0.011854321,1,0,0,alfa_mask,[(%PROLIFIC_PID,2,2025-04-17_14h01.05.554,CLTandFLE,2024.1.5,Linux x86_64,62.18905473,5fe223488fd71dd5e57e4c2e,67ffc4c40efe1bd1090b10ee,6800eda502cf28b32aae5da0,,,,,,,,,,,,,,,,,,,,,,,,,,,,,,,,,,,,,,,,,,,,,,,,,,,,,,,,,,,,,,,,,,,,,,,,,,,,,,,,,,,,,,,,,,,,,,,,,,,,,,,,,,,,,,,,,,,,,,,,,,,,,,,,,,,,,,,,,,,,,,,,,,,
,,,,,,,,[(%PROLIFIC_PID,2,2025-04-17_14h01.05.554,CLTandFLE,2024.1.5,Linux x86_64,62.18905473,5fe223488fd71dd5e57e4c2e,67ffc4c40efe1bd1090b10ee,6800eda502cf28b32aae5da0,,5.731,6.729,,,,,,,,,,,,,,,,,,,,,,,,,,,,,,,,,,,,,,,,,,,,,,,,,,,,,,,,,,,,,,,,,,,,,,,,,,,,,,,,,,,,,,,,,,,,,,,,,,,,,,,,,,,,,,,,,,,,,,,,,,,,,,,,,,,,,,,,,,,,,,,,
,,,,,,,,[(%PROLIFIC_PID,2,2025-04-17_14h01.05.554,CLTandFLE,2024.1.5,Linux x86_64,62.18905473,5fe223488fd71dd5e57e4c2e,67ffc4c40efe1bd1090b10ee,6800eda502cf28b32aae5da0,,,,6.729,31.017,24.288,0.189006639,-0.401280364,1,0,0,,,,,,,,,,,,,,,,,,,,,,,,,,,,,,,,,,,,,,,,,,,,,,,,,,,,,,,,,,,,,,,,,,,,,,,,,,,,,,,,,,,,,,,,,,,,,,,,,,,,,,,,,,,,,,,,,,,,,,,,,,,,,,,,,,,,,,,,
,,,,,,,,[(%PROLIFIC_PID,2,2025-04-17_14h01.05.554,CLTandFLE,2024.1.5,Linux x86_64,62.18905473,5fe223488fd71dd5e57e4c2e,67ffc4c40efe1bd1090b10ee,6800eda502cf28b32aae5da0,,115.54,116.538,,,,,,,,,32.016,34.931,-0.020684289,-0.090000016,1,0,0,35.932,88.555,52.621,0.013178824,-0.423421655,1,0,0,89.553,107.544,17.99,0.053739602,17.243,0.496317976,8.216,"[0.00015448766038907285,-0.006357599725786424,-0.30721855921461094,0.08220748396109272]","[0.19523177999534355,0.008984536682533113,0.002472408875724338,-0.23587193773282283]","[1,1,1,1]","[0,0,0,0]","[0,0,0,0]","[5.510000000000005,9.891000000000005,16.403999999999996,17.953000000000003]","[""slidervalence"",""rettoksam""]",108.543,115.54,116.562,122.435,5.873,1,0,5.873,-0.105342153,-0.1785651,0,0,0,0,0,0,7,1,a,The patient has taken Batatrim,The patient has overcome the crisis,,,,,,,,,,,,,,,,,,,,,,,,,,,,,,,,,,,,,,,,,,,,,,,,,,,,,,,,,,,,,,,,,,,,,,,,,,,,,,,,,,,,,,
,,,,,,,,[(%PROLIFIC_PID,2,2025-04-17_14h01.05.554,CLTandFLE,2024.1.5,Linux x86_64,62.18905473,5fe223488fd71dd5e57e4c2e,67ffc4c40efe1bd1090b10ee,6800eda502cf28b32aae5da0,,,,,,,,,,,,,,,,,,,,,,,,,,,,,,,,,,,,,,,,,,,122.437,130.548,8.11,1,0,13.983,-0.032406192,-0.140794686,0,0,0,0,1,1,39,1,d,The patient has not taken Batatrim,The patient has not overcome the crisis,,,,,,,,,,,,,,,,,,,,,,,,,,,,,,,,,,,,,,,,,,,,,,,,,,,,,,,,,,,,,,,,,,,,,,,,,,,,,,,,,,,,,,
,,,,,,,,[(%PROLIFIC_PID,2,2025-04-17_14h01.05.554,CLTandFLE,2024.1.5,Linux x86_64,62.18905473,5fe223488fd71dd5e57e4c2e,67ffc4c40efe1bd1090b10ee,6800eda502cf28b32aae5da0,,,,,,,,,,,,,,,,,,,,,,,,,,,,,,,,,,,,,,,,,,,130.549,136.213,5.663,0,1,19.646,0.084812351,-0.114746134,0,0,0,0,2,2,23,1,c,The patient has not taken Batatrim,The patient has overcome the crisis,,,,,,,,,,,,,,,,,,,,,,,,,,,,,,,,,,,,,,,,,,,,,,,,,,,,,,,,,,,,,,,,,,,,,,,,,,,,,,,,,,,,,,
,,,,,,,,[(%PROLIFIC_PID,2,2025-04-17_14h01.05.554,CLTandFLE,2024.1.5,Linux x86_64,62.18905473,5fe223488fd71dd5e57e4c2e,67ffc4c40efe1bd1090b10ee,6800eda502cf28b32aae5da0,,,,,,,,,,,,,,,,,,,,,,,,,,,,,,,,,,,,,,,,,,,136.217,140.976,4.759,1,0,24.405,-0.083200861,-0.174657839,0,0,0,0,3,3,1,1,a,The patient has taken Batatrim,The patient has overcome the crisis,,,,,,,,,,,,,,,,,,,,,,,,,,,,,,,,,,,,,,,,,,,,,,,,,,,,,,,,,,,,,,,,,,,,,,,,,,,,,,,,,,,,,,
,,,,,,,,[(%PROLIFIC_PID,2,2025-04-17_14h01.05.554,CLTandFLE,2024.1.5,Linux x86_64,62.18905473,5fe223488fd71dd5e57e4c2e,67ffc4c40efe1bd1090b10ee,6800eda502cf28b32aae5da0,,,,,,,,,,,,,,,,,,,,,,,,,,,,,,,,,,,,,,,,,,,140.977,146.473,5.496,1,0,29.901,-0.067571739,-0.157726283,0,0,0,0,4,4,17,1,b,The patient has taken Batatrim,The patient has not overcome the crisis,,,,,,,,,,,,,,,,,,,,,,,,,,,,,,,,,,,,,,,,,,,,,,,,,,,,,,,,,,,,,,,,,,,,,,,,,,,,,,,,,,,,,,
,,,,,,,,[(%PROLIFIC_PID,2,2025-04-17_14h01.05.554,CLTandFLE,2024.1.5,Linux x86_64,62.18905473,5fe223488fd71dd5e57e4c2e,67ffc4c40efe1bd1090b10ee,6800eda502cf28b32aae5da0,,,,,,,,,,,,,,,,,,,,,,,,,,,,,,,,,,,,,,,,,,,146.475,151.387,4.911,1,0,34.812,-0.10794702,-0.10953644,0,0,0,0,5,5,8,1,a,The patient has taken Batatrim,The patient has overcome the crisis,,,,,,,,,,,,,,,,,,,,,,,,,,,,,,,,,,,,,,,,,,,,,,,,,,,,,,,,,,,,,,,,,,,,,,,,,,,,,,,,,,,,,,
,,,,,,,,[(%PROLIFIC_PID,2,2025-04-17_14h01.05.554,CLTandFLE,2024.1.5,Linux x86_64,62.18905473,5fe223488fd71dd5e57e4c2e,67ffc4c40efe1bd1090b10ee,6800eda502cf28b32aae5da0,,,,,,,,,,,,,,,,,,,,,,,,,,,,,,,,,,,,,,,,,,,151.387,156.818,5.431,1,0,40.243,-0.091015463,-0.135584992,0,0,0,0,6,6,4,1,a,The patient has taken Batatrim,The patient has overcome the crisis,,,,,,,,,,,,,,,,,,,,,,,,,,,,,,,,,,,,,,,,,,,,,,,,,,,,,,,,,,,,,,,,,,,,,,,,,,,,,,,,,,,,,,
,,,,,,,,[(%PROLIFIC_PID,2,2025-04-17_14h01.05.554,CLTandFLE,2024.1.5,Linux x86_64,62.18905473,5fe223488fd71dd5e57e4c2e,67ffc4c40efe1bd1090b10ee,6800eda502cf28b32aae5da0,,,,,,,,,,,,,,,,,,,,,,,,,,,,,,,,,,,,,,,,,,,156.819,161.898,5.079,1,0,45.322,-0.088410596,-0.135584992,0,0,0,0,7,7,2,1,a,The patient has taken Batatrim,The patient has overcome the crisis,,,,,,,,,,,,,,,,,,,,,,,,,,,,,,,,,,,,,,,,,,,,,,,,,,,,,,,,,,,,,,,,,,,,,,,,,,,,,,,,,,,,,,
,,,,,,,,[(%PROLIFIC_PID,2,2025-04-17_14h01.05.554,CLTandFLE,2024.1.5,Linux x86_64,62.18905473,5fe223488fd71dd5e57e4c2e,67ffc4c40efe1bd1090b10ee,6800eda502cf28b32aae5da0,,,,,,,,,,,,,,,,,,,,,,,,,,,,,,,,,,,,,,,,,,,161.899,166.679,4.78,0,1,50.102,0.054856539,-0.122560696,0,0,0,0,8,8,36,1,d,The patient has not taken Batatrim,The patient has not overcome the crisis,,,,,,,,,,,,,,,,,,,,,,,,,,,,,,,,,,,,,,,,,,,,,,,,,,,,,,,,,,,,,,,,,,,,,,,,,,,,,,,,,,,,,,
,,,,,,,,[(%PROLIFIC_PID,2,2025-04-17_14h01.05.554,CLTandFLE,2024.1.5,Linux x86_64,62.18905473,5fe223488fd71dd5e57e4c2e,67ffc4c40efe1bd1090b10ee,6800eda502cf28b32aae5da0,,,,,,,,,,,,,,,,,,,,,,,,,,,,,,,,,,,,,,,,,,,166.683,171.26,4.577,0,1,54.679,0.057461406,-0.108234006,0,0,0,0,9,9,29,1,c,The patient has not taken Batatrim,The patient has overcome the crisis,,,,,,,,,,,,,,,,,,,,,,,,,,,,,,,,,,,,,,,,,,,,,,,,,,,,,,,,,,,,,,,,,,,,,,,,,,,,,,,,,,,,,,
,,,,,,,,[(%PROLIFIC_PID,2,2025-04-17_14h01.05.554,CLTandFLE,2024.1.5,Linux x86_64,62.18905473,5fe223488fd71dd5e57e4c2e,67ffc4c40efe1bd1090b10ee,6800eda502cf28b32aae5da0,,,,,,,,,,,,,,,,,,,,,,,,,,,,,,,,,,,,,,,,,,,171.262,176.425,5.162,1,0,59.841,-0.025894024,-0.117351001,0,0,0,0,10,10,16,1,b,The patient has taken Batatrim,The patient has not overcome the crisis,,,,,,,,,,,,,,,,,,,,,,,,,,,,,,,,,,,,,,,,,,,,,,,,,,,,,,,,,,,,,,,,,,,,,,,,,,,,,,,,,,,,,,
,,,,,,,,[(%PROLIFIC_PID,2,2025-04-17_14h01.05.554,CLTandFLE,2024.1.5,Linux x86_64,62.18905473,5fe223488fd71dd5e57e4c2e,67ffc4c40efe1bd1090b10ee,6800eda502cf28b32aae5da0,,,,,,,,,,,,,,,,,,,,,,,,,,,,,,,,,,,,,,,,,,,176.426,188.184,11.758,0,1,71.599,-0.025894024,-0.149911681,0,0,0,0,11,11,27,1,c,The patient has not taken Batatrim,The patient has overcome the crisis,,,,,,,,,,,,,,,,,,,,,,,,,,,,,,,,,,,,,,,,,,,,,,,,,,,,,,,,,,,,,,,,,,,,,,,,,,,,,,,,,,,,,,
,,,,,,,,[(%PROLIFIC_PID,2,2025-04-17_14h01.05.554,CLTandFLE,2024.1.5,Linux x86_64,62.18905473,5fe223488fd71dd5e57e4c2e,67ffc4c40efe1bd1090b10ee,6800eda502cf28b32aae5da0,,,,,,,,,,,,,,,,,,,,,,,,,,,,,,,,,,,,,,,,,,,188.186,193.632,5.447,1,0,77.046,-0.067571739,-0.135584992,0,0,0,0,12,12,19,1,b,The patient has taken Batatrim,The patient has not overcome the crisis,,,,,,,,,,,,,,,,,,,,,,,,,,,,,,,,,,,,,,,,,,,,,,,,,,,,,,,,,,,,,,,,,,,,,,,,,,,,,,,,,,,,,,
,,,,,,,,[(%PROLIFIC_PID,2,2025-04-17_14h01.05.554,CLTandFLE,2024.1.5,Linux x86_64,62.18905473,5fe223488fd71dd5e57e4c2e,67ffc4c40efe1bd1090b10ee,6800eda502cf28b32aae5da0,,,,,,,,,,,,,,,,,,,,,,,,,,,,,,,,,,,,,,,,,,,193.633,198.833,5.198,1,0,82.244,-0.070176606,-0.155121415,0,0,0,0,13,13,13,1,a,The patient has taken Batatrim,The patient has overcome the crisis,,,,,,,,,,,,,,,,,,,,,,,,,,,,,,,,,,,,,,,,,,,,,,,,,,,,,,,,,,,,,,,,,,,,,,,,,,,,,,,,,,,,,,
,,,,,,,,[(%PROLIFIC_PID,2,2025-04-17_14h01.05.554,CLTandFLE,2024.1.5,Linux x86_64,62.18905473,5fe223488fd71dd5e57e4c2e,67ffc4c40efe1bd1090b10ee,6800eda502cf28b32aae5da0,,,,,,,,,,,,,,,,,,,,,,,,,,,,,,,,,,,,,,,,,,,198.838,204.31,5.472,0,1,87.716,0.015783691,-0.113443701,1,0,0,0,14,14,34,1,c,The patient has not taken Batatrim,The patient has overcome the crisis,,,,,,,,,,,,,,,,,,,,,,,,,,,,,,,,,,,,,,,,,,,,,,,,,,,,,,,,,,,,,,,,,,,,,,,,,,,,,,,,,,,,,,
,,,,,,,,[(%PROLIFIC_PID,2,2025-04-17_14h01.05.554,CLTandFLE,2024.1.5,Linux x86_64,62.18905473,5fe223488fd71dd5e57e4c2e,67ffc4c40efe1bd1090b10ee,6800eda502cf28b32aae5da0,,,,,,,,,,,,,,,,,,,,,,,,,,,,,,,,,,,,,,,,,,,204.311,209.274,4.962,1,0,92.678,-0.05715235,-0.142097119,0,0,0,0,15,15,11,1,a,The patient has taken Batatrim,The patient has overcome the crisis,,,,,,,,,,,,,,,,,,,,,,,,,,,,,,,,,,,,,,,,,,,,,,,,,,,,,,,,,,,,,,,,,,,,,,,,,,,,,,,,,,,,,,
,,,,,,,,[(%PROLIFIC_PID,2,2025-04-17_14h01.05.554,CLTandFLE,2024.1.5,Linux x86_64,62.18905473,5fe223488fd71dd5e57e4c2e,67ffc4c40efe1bd1090b10ee,6800eda502cf28b32aae5da0,,,,,,,,,,,,,,,,,,,,,,,,,,,,,,,,,,,,,,,,,,,209.275,214.422,5.146,0,1,97.824,0.00796909,-0.117351001,0,0,0,0,16,16,20,1,c,The patient has not taken Batatrim,The patient has overcome the crisis,,,,,,,,,,,,,,,,,,,,,,,,,,,,,,,,,,,,,,,,,,,,,,,,,,,,,,,,,,,,,,,,,,,,,,,,,,,,,,,,,,,,,,
,,,,,,,,[(%PROLIFIC_PID,2,2025-04-17_14h01.05.554,CLTandFLE,2024.1.5,Linux x86_64,62.18905473,5fe223488fd71dd5e57e4c2e,67ffc4c40efe1bd1090b10ee,6800eda502cf28b32aae5da0,,,,,,,,,,,,,,,,,,,,,,,,,,,,,,,,,,,,,,,,,,,214.422,219.168,4.746,0,1,102.57,0.027505513,-0.116048568,0,0,0,0,17,17,37,1,d,The patient has not taken Batatrim,The patient has not overcome the crisis,,,,,,,,,,,,,,,,,,,,,,,,,,,,,,,,,,,,,,,,,,,,,,,,,,,,,,,,,,,,,,,,,,,,,,,,,,,,,,,,,,,,,,
,,,,,,,,[(%PROLIFIC_PID,2,2025-04-17_14h01.05.554,CLTandFLE,2024.1.5,Linux x86_64,62.18905473,5fe223488fd71dd5e57e4c2e,67ffc4c40efe1bd1090b10ee,6800eda502cf28b32aae5da0,,,,,,,,,,,,,,,,,,,,,,,,,,,,,,,,,,,,,,,,,,,219.17,224.083,4.912,0,1,107.482,0.058763759,-0.136887425,0,0,0,0,18,18,25,1,c,The patient has not taken Batatrim,The patient has overcome the crisis,,,,,,,,,,,,,,,,,,,,,,,,,,,,,,,,,,,,,,,,,,,,,,,,,,,,,,,,,,,,,,,,,,,,,,,,,,,,,,,,,,,,,,
,,,,,,,,[(%PROLIFIC_PID,2,2025-04-17_14h01.05.554,CLTandFLE,2024.1.5,Linux x86_64,62.18905473,5fe223488fd71dd5e57e4c2e,67ffc4c40efe1bd1090b10ee,6800eda502cf28b32aae5da0,,,,,,,,,,,,,,,,,,,,,,,,,,,,,,,,,,,,,,,,,,,224.083,228.847,4.764,1,0,112.246,-0.171766026,-0.114746134,0,0,0,0,19,19,6,1,a,The patient has taken Batatrim,The patient has overcome the crisis,,,,,,,,,,,,,,,,,,,,,,,,,,,,,,,,,,,,,,,,,,,,,,,,,,,,,,,,,,,,,,,,,,,,,,,,,,,,,,,,,,,,,,
,,,,,,,,[(%PROLIFIC_PID,2,2025-04-17_14h01.05.554,CLTandFLE,2024.1.5,Linux x86_64,62.18905473,5fe223488fd71dd5e57e4c2e,67ffc4c40efe1bd1090b10ee,6800eda502cf28b32aae5da0,,,,,,,,,,,,,,,,,,,,,,,,,,,,,,,,,,,,,,,,,,,228.848,233.728,4.879,1,0,117.125,-0.170463592,-0.14600442,0,0,0,0,20,20,18,1,b,The patient has taken Batatrim,The patient has not overcome the crisis,,,,,,,,,,,,,,,,,,,,,,,,,,,,,,,,,,,,,,,,,,,,,,,,,,,,,,,,,,,,,,,,,,,,,,,,,,,,,,,,,,,,,,
,,,,,,,,[(%PROLIFIC_PID,2,2025-04-17_14h01.05.554,CLTandFLE,2024.1.5,Linux x86_64,62.18905473,5fe223488fd71dd5e57e4c2e,67ffc4c40efe1bd1090b10ee,6800eda502cf28b32aae5da0,,,,,,,,,,,,,,,,,,,,,,,,,,,,,,,,,,,,,,,,,,,233.731,239.009,5.277,1,0,122.402,-0.133995612,-0.117351001,0,0,0,0,21,21,32,1,c,The patient has not taken Batatrim,The patient has overcome the crisis,,,,,,,,,,,,,,,,,,,,,,,,,,,,,,,,,,,,,,,,,,,,,,,,,,,,,,,,,,,,,,,,,,,,,,,,,,,,,,,,,,,,,,
,,,,,,,,[(%PROLIFIC_PID,2,2025-04-17_14h01.05.554,CLTandFLE,2024.1.5,Linux x86_64,62.18905473,5fe223488fd71dd5e57e4c2e,67ffc4c40efe1bd1090b10ee,6800eda502cf28b32aae5da0,,,,,,,,,,,,,,,,,,,,,,,,,,,,,,,,,,,,,,,,,,,239.009,244.722,5.712,0,1,128.114,-0.0063576,-0.129072864,0,0,0,0,22,22,24,1,c,The patient has not taken Batatrim,The patient has overcome the crisis,,,,,,,,,,,,,,,,,,,,,,,,,,,,,,,,,,,,,,,,,,,,,,,,,,,,,,,,,,,,,,,,,,,,,,,,,,,,,,,,,,,,,,
,,,,,,,,[(%PROLIFIC_PID,2,2025-04-17_14h01.05.554,CLTandFLE,2024.1.5,Linux x86_64,62.18905473,5fe223488fd71dd5e57e4c2e,67ffc4c40efe1bd1090b10ee,6800eda502cf28b32aae5da0,,,,,,,,,,,,,,,,,,,,,,,,,,,,,,,,,,,,,,,,,,,244.723,249.552,4.829,0,1,132.943,0.00796909,-0.112141267,0,0,0,0,23,23,21,1,c,The patient has not taken Batatrim,The patient has overcome the crisis,,,,,,,,,,,,,,,,,,,,,,,,,,,,,,,,,,,,,,,,,,,,,,,,,,,,,,,,,,,,,,,,,,,,,,,,,,,,,,,,,,,,,,
,,,,,,,,[(%PROLIFIC_PID,2,2025-04-17_14h01.05.554,CLTandFLE,2024.1.5,Linux x86_64,62.18905473,5fe223488fd71dd5e57e4c2e,67ffc4c40efe1bd1090b10ee,6800eda502cf28b32aae5da0,,,,,,,,,,,,,,,,,,,,,,,,,,,,,,,,,,,,,,,,,,,249.554,254.451,4.896,0,1,137.839,0.022295779,-0.117351001,0,0,0,0,24,24,33,1,c,The patient has not taken Batatrim,The patient has overcome the crisis,,,,,,,,,,,,,,,,,,,,,,,,,,,,,,,,,,,,,,,,,,,,,,,,,,,,,,,,,,,,,,,,,,,,,,,,,,,,,,,,,,,,,,
,,,,,,,,[(%PROLIFIC_PID,2,2025-04-17_14h01.05.554,CLTandFLE,2024.1.5,Linux x86_64,62.18905473,5fe223488fd71dd5e57e4c2e,67ffc4c40efe1bd1090b10ee,6800eda502cf28b32aae5da0,,,,,,,,,,,,,,,,,,,,,,,,,,,,,,,,,,,,,,,,,,,254.451,259.214,4.762,0,1,142.601,0.023598212,-0.100419445,0,0,0,0,25,25,26,1,c,The patient has not taken Batatrim,The patient has overcome the crisis,,,,,,,,,,,,,,,,,,,,,,,,,,,,,,,,,,,,,,,,,,,,,,,,,,,,,,,,,,,,,,,,,,,,,,,,,,,,,,,,,,,,,,
,,,,,,,,[(%PROLIFIC_PID,2,2025-04-17_14h01.05.554,CLTandFLE,2024.1.5,Linux x86_64,62.18905473,5fe223488fd71dd5e57e4c2e,67ffc4c40efe1bd1090b10ee,6800eda502cf28b32aae5da0,,,,,,,,,,,,,,,,,,,,,,,,,,,,,,,,,,,,,,,,,,,259.214,263.861,4.647,1,0,147.248,-0.123576143,-0.105629139,0,0,0,0,26,26,3,1,a,The patient has taken Batatrim,The patient has overcome the crisis,,,,,,,,,,,,,,,,,,,,,,,,,,,,,,,,,,,,,,,,,,,,,,,,,,,,,,,,,,,,,,,,,,,,,,,,,,,,,,,,,,,,,,
,,,,,,,,[(%PROLIFIC_PID,2,2025-04-17_14h01.05.554,CLTandFLE,2024.1.5,Linux x86_64,62.18905473,5fe223488fd71dd5e57e4c2e,67ffc4c40efe1bd1090b10ee,6800eda502cf28b32aae5da0,,,,,,,,,,,,,,,,,,,,,,,,,,,,,,,,,,,,,,,,,,,263.863,268.496,4.632,1,0,151.88,-0.118366408,-0.044415,0,0,0,0,27,27,15,1,b,The patient has taken Batatrim,The patient has not overcome the crisis,,,,,,,,,,,,,,,,,,,,,,,,,,,,,,,,,,,,,,,,,,,,,,,,,,,,,,,,,,,,,,,,,,,,,,,,,,,,,,,,,,,,,,
,,,,,,,,[(%PROLIFIC_PID,2,2025-04-17_14h01.05.554,CLTandFLE,2024.1.5,Linux x86_64,62.18905473,5fe223488fd71dd5e57e4c2e,67ffc4c40efe1bd1090b10ee,6800eda502cf28b32aae5da0,,,,,,,,,,,,,,,,,,,,,,,,,,,,,,,,,,,,,,,,,,,268.498,273.274,4.776,1,0,156.656,-0.079293561,-0.122560696,0,0,0,0,28,28,14,1,b,The patient has taken Batatrim,The patient has overcome the crisis,,,,,,,,,,,,,,,,,,,,,,,,,,,,,,,,,,,,,,,,,,,,,,,,,,,,,,,,,,,,,,,,,,,,,,,,,,,,,,,,,,,,,,
,,,,,,,,[(%PROLIFIC_PID,2,2025-04-17_14h01.05.554,CLTandFLE,2024.1.5,Linux x86_64,62.18905473,5fe223488fd71dd5e57e4c2e,67ffc4c40efe1bd1090b10ee,6800eda502cf28b32aae5da0,,,,,,,,,,,,,,,,,,,,,,,,,,,,,,,,,,,,,,,,,,,273.275,278.005,4.73,1,0,161.386,-0.050640182,-0.149911681,0,0,0,0,29,29,0,1,a,The patient has taken Batatrim,The patient has overcome the crisis,,,,,,,,,,,,,,,,,,,,,,,,,,,,,,,,,,,,,,,,,,,,,,,,,,,,,,,,,,,,,,,,,,,,,,,,,,,,,,,,,,,,,,
,,,,,,,,[(%PROLIFIC_PID,2,2025-04-17_14h01.05.554,CLTandFLE,2024.1.5,Linux x86_64,62.18905473,5fe223488fd71dd5e57e4c2e,67ffc4c40efe1bd1090b10ee,6800eda502cf28b32aae5da0,,,,,,,,,,,,,,,,,,,,,,,,,,,,,,,,,,,,,,,,,,,278.008,283.218,5.21,0,1,166.596,-0.058454784,-0.139492293,0,0,0,0,30,30,28,1,c,The patient has not taken Batatrim,The patient has overcome the crisis,,,,,,,,,,,,,,,,,,,,,,,,,,,,,,,,,,,,,,,,,,,,,,,,,,,,,,,,,,,,,,,,,,,,,,,,,,,,,,,,,,,,,,
,,,,,,,,[(%PROLIFIC_PID,2,2025-04-17_14h01.05.554,CLTandFLE,2024.1.5,Linux x86_64,62.18905473,5fe223488fd71dd5e57e4c2e,67ffc4c40efe1bd1090b10ee,6800eda502cf28b32aae5da0,,,,,,,,,,,,,,,,,,,,,,,,,,,,,,,,,,,,,,,,,,,283.219,288.529,5.31,1,0,171.906,-0.10794702,-0.139492293,0,0,0,0,31,31,12,1,a,The patient has taken Batatrim,The patient has overcome the crisis,,,,,,,,,,,,,,,,,,,,,,,,,,,,,,,,,,,,,,,,,,,,,,,,,,,,,,,,,,,,,,,,,,,,,,,,,,,,,,,,,,,,,,
,,,,,,,,[(%PROLIFIC_PID,2,2025-04-17_14h01.05.554,CLTandFLE,2024.1.5,Linux x86_64,62.18905473,5fe223488fd71dd5e57e4c2e,67ffc4c40efe1bd1090b10ee,6800eda502cf28b32aae5da0,,,,,,,,,,,,,,,,,,,,,,,,,,,,,,,,,,,,,,,,,,,288.529,294.279,5.75,1,0,177.656,-0.076688774,-0.142097119,0,0,0,0,32,32,31,1,c,The patient has not taken Batatrim,The patient has overcome the crisis,,,,,,,,,,,,,,,,,,,,,,,,,,,,,,,,,,,,,,,,,,,,,,,,,,,,,,,,,,,,,,,,,,,,,,,,,,,,,,,,,,,,,,
,,,,,,,,[(%PROLIFIC_PID,2,2025-04-17_14h01.05.554,CLTandFLE,2024.1.5,Linux x86_64,62.18905473,5fe223488fd71dd5e57e4c2e,67ffc4c40efe1bd1090b10ee,6800eda502cf28b32aae5da0,,,,,,,,,,,,,,,,,,,,,,,,,,,,,,,,,,,,,,,,,,,294.28,298.977,4.696,1,0,182.352,-0.094922764,-0.14600442,0,0,0,0,33,33,5,1,a,The patient has taken Batatrim,The patient has overcome the crisis,,,,,,,,,,,,,,,,,,,,,,,,,,,,,,,,,,,,,,,,,,,,,,,,,,,,,,,,,,,,,,,,,,,,,,,,,,,,,,,,,,,,,,
,,,,,,,,[(%PROLIFIC_PID,2,2025-04-17_14h01.05.554,CLTandFLE,2024.1.5,Linux x86_64,62.18905473,5fe223488fd71dd5e57e4c2e,67ffc4c40efe1bd1090b10ee,6800eda502cf28b32aae5da0,,,,,,,,,,,,,,,,,,,,,,,,,,,,,,,,,,,,,,,,,,,298.98,303.686,4.706,1,0,187.058,-0.087108162,-0.149911681,0,0,0,0,34,34,10,1,a,The patient has taken Batatrim,The patient has overcome the crisis,,,,,,,,,,,,,,,,,,,,,,,,,,,,,,,,,,,,,,,,,,,,,,,,,,,,,,,,,,,,,,,,,,,,,,,,,,,,,,,,,,,,,,
,,,,,,,,[(%PROLIFIC_PID,2,2025-04-17_14h01.05.554,CLTandFLE,2024.1.5,Linux x86_64,62.18905473,5fe223488fd71dd5e57e4c2e,67ffc4c40efe1bd1090b10ee,6800eda502cf28b32aae5da0,,,,,,,,,,,,,,,,,,,,,,,,,,,,,,,,,,,,,,,,,,,303.687,308.123,4.436,1,0,191.494,-0.100132418,-0.110838833,0,0,0,0,35,35,9,1,a,The patient has taken Batatrim,The patient has overcome the crisis,,,,,,,,,,,,,,,,,,,,,,,,,,,,,,,,,,,,,,,,,,,,,,,,,,,,,,,,,,,,,,,,,,,,,,,,,,,,,,,,,,,,,,
,,,,,,,,[(%PROLIFIC_PID,2,2025-04-17_14h01.05.554,CLTandFLE,2024.1.5,Linux x86_64,62.18905473,5fe223488fd71dd5e57e4c2e,67ffc4c40efe1bd1090b10ee,6800eda502cf28b32aae5da0,,,,,,,,,,,,,,,,,,,,,,,,,,,,,,,,,,,,,,,,,,,308.123,312.72,4.596,0,1,196.09,-0.041523146,-0.104326705,0,0,0,0,36,36,22,1,c,The patient has not taken Batatrim,The patient has overcome the crisis,,,,,,,,,,,,,,,,,,,,,,,,,,,,,,,,,,,,,,,,,,,,,,,,,,,,,,,,,,,,,,,,,,,,,,,,,,,,,,,,,,,,,,
,,,,,,,,[(%PROLIFIC_PID,2,2025-04-17_14h01.05.554,CLTandFLE,2024.1.5,Linux x86_64,62.18905473,5fe223488fd71dd5e57e4c2e,67ffc4c40efe1bd1090b10ee,6800eda502cf28b32aae5da0,,,,,,,,,,,,,,,,,,,,,,,,,,,,,,,,,,,,,,,,,,,312.721,317.517,4.796,0,1,200.886,-0.001147865,-0.103024272,0,0,0,0,37,37,35,1,d,The patient has not taken Batatrim,The patient has not overcome the crisis,,,,,,,,,,,,,,,,,,,,,,,,,,,,,,,,,,,,,,,,,,,,,,,,,,,,,,,,,,,,,,,,,,,,,,,,,,,,,,,,,,,,,,
,,,,,,,,[(%PROLIFIC_PID,2,2025-04-17_14h01.05.554,CLTandFLE,2024.1.5,Linux x86_64,62.18905473,5fe223488fd71dd5e57e4c2e,67ffc4c40efe1bd1090b10ee,6800eda502cf28b32aae5da0,,,,,,,,,,,,,,,,,,,,,,,,,,,,,,,,,,,,,,,,,,,317.518,323.681,6.163,0,1,207.049,0.010573957,-0.125165563,0,0,0,0,38,38,30,1,c,The patient has not taken Batatrim,The patient has overcome the crisis,,,,,,,,,,,,,,,,,,,,,,,,,,,,,,,,,,,,,,,,,,,,,,,,,,,,,,,,,,,,,,,,,,,,,,,,,,,,,,,,,,,,,,
,,,,,,,,[(%PROLIFIC_PID,2,2025-04-17_14h01.05.554,CLTandFLE,2024.1.5,Linux x86_64,62.18905473,5fe223488fd71dd5e57e4c2e,67ffc4c40efe1bd1090b10ee,6800eda502cf28b32aae5da0,,,,,,,,,,,,,,,,,,,,,,,,,,,,,,,,,,,,,,,,,,,323.682,328.478,4.796,1,0,211.845,-0.137902832,-0.056136863,0,0,0,0,39,39,38,1,d,The patient has not taken Batatrim,The patient has not overcome the crisis,,,,,,,,,,,,,,,,,,,,,,,,,,,,,,,,,,,,,,,,,,,,,,,,,,,,,,,,,,,,,,,,,,,,,,,,,,,,,,,,,,,,,,
,,,,,,,,[(%PROLIFIC_PID,2,2025-04-17_14h01.05.554,CLTandFLE,2024.1.5,Linux x86_64,62.18905473,5fe223488fd71dd5e57e4c2e,67ffc4c40efe1bd1090b10ee,6800eda502cf28b32aae5da0,,350.5,351.501,,,,,,,,,,,,,,,,,,,,,,,,,,,,,,,,,,,,,,,,,,,,,,,,,,,,,,,,,,,329.478,341.405,11.927,40,9.785,-0.021986723,-0.212428294,1,0,0,342.405,350.5,8.095,85,6.501,0.053554105,-0.195496656,1,0,0,15,20,5,6,0,0,0,0,1,,,,,,,,,,,,,,,,,,,,,,,,,,,,,,,,,,,,,,,,,,,,,,,,,,,,,,,,,
,,,,,,,,[(%PROLIFIC_PID,2,2025-04-17_14h01.05.554,CLTandFLE,2024.1.5,Linux x86_64,62.18905473,5fe223488fd71dd5e57e4c2e,67ffc4c40efe1bd1090b10ee,6800eda502cf28b32aae5da0,,488.612,489.595,,,,,,,,,,,,,,,,,,,,,,,,,,,,,,,,,,,,,,,,,,,,,,,,,,,,,,,,,,,,,,,,,,,,,,,,,,,,,,,,,,,,,,,,393.163,400.642,7.478,1,5.959,-0.0063576,-0.248896274,1,0,0,32,Maschio,Sì,16,No,TRUE,FALSE,6,10,9,7,6,FALSE,Conferma,c1ok,c2ok,c3ok,c4ok,c5ok,c6ok,c7ok,c8ok,c9ok,c10ok,c11ok,c12err,c13ok,c14ok,c15ok,c16ok,c17ok,c18ok,c19ok,c20err2,c21ok,c22ok,c23ok,c24ok,c25ok,c26ok,788.228,795.02,0,0,0,0,1
