﻿Alfa.started,Alfa.stopped,alfa_mouse.x,alfa_mouse.y,alfa_mouse.leftButton,alfa_mouse.midButton,alfa_mouse.rightButton,alfa_mouse.clicked_name,participant,group,date,expName,psychopyVersion,OS,frameRate,PROLIFIC_PID,STUDY_ID,SESSION_ID,)],ITI.started,ITI.stopped,B_consensoinformato.started,B_consensoinformato.stopped,tempo_consenso,cons_mouse.x,cons_mouse.y,cons_mouse.leftButton,cons_mouse.midButton,cons_mouse.rightButton,A_benvenuto.started,A_benvenuto.stopped,ben_mouse.x,ben_mouse.y,ben_mouse.leftButton,ben_mouse.midButton,ben_mouse.rightButton,B2_istruzioni.started,B2_istruzioni.stopped,tempo_istru,cons_mouse_2.x,cons_mouse_2.y,cons_mouse_2.leftButton,cons_mouse_2.midButton,cons_mouse_2.rightButton,SAMevaluation.started,SAMevaluation.stopped,temposam,sliderintensity.response,sliderintensity.rt,slidervalence.response,slidervalence.rt,mouse_sam.x,mouse_sam.y,mouse_sam.leftButton,mouse_sam.midButton,mouse_sam.rightButton,mouse_sam.time,mouse_sam.clicked_name,Loading.started,Loading.stopped,C_associative_task.started,C_associative_task.stopped,tempo_trial,hapremutosi,hapremutono,tempo_tasktot,mouse.x,mouse.y,mouse.leftButton,mouse.midButton,mouse.rightButton,trials.thisRepN,trials.thisTrialN,trials.thisN,trials.thisIndex,trials.ran,cond,causa,effetto,D_VD.started,D_VD.stopped,tempo_vd,vd.response,vd.rt,mouse_vd.x,mouse_vd.y,mouse_vd.leftButton,mouse_vd.midButton,mouse_vd.rightButton,Previous.started,Previous.stopped,tempo_vd1,previous.response,previous.rt,mouse_vd_2.x,mouse_vd_2.y,mouse_vd_2.leftButton,mouse_vd_2.midButton,mouse_vd_2.rightButton,EstENG.TrialSN,EstENG.TrialSS,EstENG.TrialNS,EstENG.TrialNN,ingesta.thisRepN,ingesta.thisTrialN,ingesta.thisN,ingesta.thisIndex,ingesta.ran,PF.started,PF.stopped,tempo_pf,processfluency.response,processfluency.rt,mouse_ch.x,mouse_ch.y,mouse_ch.leftButton,mouse_ch.midButton,mouse_ch.rightButton,Questionario_Lingua.Age,Questionario_Lingua.Sesso,Questionario_Lingua.StaiStudiando?,Questionario_Lingua.Anniscolarita,Questionario_Lingua.Diploma,Questionario_Lingua.Punteggiodiploma,Questionario_Lingua.ItaMADRE?,Questionario_Lingua.INGmadre?,Questionario_Lingua.Q5(AOAIng),Questionario_Lingua.INGLETTURA,Questionario_Lingua.INGCOMPRESO,Questionario_Lingua.INGSCRITTO,Questionario_Lingua.INGPARLATO,Questionario_Lingua.haivissutoestero,ProvaInglese.ProcediamoENg,ProvaInglese.C1,ProvaInglese.C2,ProvaInglese.C3,ProvaInglese.C4,ProvaInglese.C5,ProvaInglese.C6,ProvaInglese.C7,ProvaInglese.C8,ProvaInglese.C9,ProvaInglese.C10,ProvaInglese.C11,ProvaInglese.C12,ProvaInglese.C13,ProvaInglese.C14,ProvaInglese.C15,ProvaInglese.C16,ProvaInglese.C17,ProvaInglese.C18,ProvaInglese.C19,ProvaInglese.C20,ProvaInglese.C21,ProvaInglese.C22,ProvaInglese.C23,ProvaInglese.C24,ProvaInglese.C25,ProvaInglese.controlquestion,Ant_lastquestion.started,Ant_lastquestion.stopped,exp_loop.thisRepN,exp_loop.thisTrialN,exp_loop.thisN,exp_loop.thisIndex,exp_loop.ran
0.0003,4.3332,-0.031481496,0.002777771,1,0,0,alfa_mask,[(%PROLIFIC_PID,2,2025-04-16_18h50.52.368,CLTandFLE,2024.1.5,Win32,144.9275362,5f1c21d9bfb35348529f81c7,67ffc4c40efe1bd1090b10ee,67ffdfdc207737d87d38d8ff,,,,,,,,,,,,,,,,,,,,,,,,,,,,,,,,,,,,,,,,,,,,,,,,,,,,,,,,,,,,,,,,,,,,,,,,,,,,,,,,,,,,,,,,,,,,,,,,,,,,,,,,,,,,,,,,,,,,,,,,,,,,,,,,,,,,,,,,,,,,,,,,,,,,
,,,,,,,,[(%PROLIFIC_PID,2,2025-04-16_18h50.52.368,CLTandFLE,2024.1.5,Win32,144.9275362,5f1c21d9bfb35348529f81c7,67ffc4c40efe1bd1090b10ee,67ffdfdc207737d87d38d8ff,,4.3335,4.8293,,,,,,,,,,,,,,,,,,,,,,,,,,,,,,,,,,,,,,,,,,,,,,,,,,,,,,,,,,,,,,,,,,,,,,,,,,,,,,,,,,,,,,,,,,,,,,,,,,,,,,,,,,,,,,,,,,,,,,,,,,,,,,,,,,,,,,,,,,,,,,,,,
,,,,,,,,[(%PROLIFIC_PID,2,2025-04-16_18h50.52.368,CLTandFLE,2024.1.5,Win32,144.9275362,5f1c21d9bfb35348529f81c7,67ffc4c40efe1bd1090b10ee,67ffdfdc207737d87d38d8ff,,,,4.8296,14.6155,9.7845,0.244444459,-0.390740783,1,0,0,,,,,,,,,,,,,,,,,,,,,,,,,,,,,,,,,,,,,,,,,,,,,,,,,,,,,,,,,,,,,,,,,,,,,,,,,,,,,,,,,,,,,,,,,,,,,,,,,,,,,,,,,,,,,,,,,,,,,,,,,,,,,,,,,,,,,,,,,
,,,,,,,,[(%PROLIFIC_PID,2,2025-04-16_18h50.52.368,CLTandFLE,2024.1.5,Win32,144.9275362,5f1c21d9bfb35348529f81c7,67ffc4c40efe1bd1090b10ee,67ffdfdc207737d87d38d8ff,,72.5776,73.1407,,,,,,,,,15.0367,17.3138,0.01944443,-0.10555557,1,0,0,17.7336,55.4504,37.716,0.02870369,-0.40370369,1,0,0,55.8652,65.1632,9.2971,0.662037037,4.6829,0.390046296,7.7414,"[0.00740743566442419,0,0]","[0.19351849732575593,-0.006481488545735677,-0.19074072661223235]","[1,1,1]","[0,0,0]","[0,0,0]","[3.3329999999999913,5.954200000002977,9.289900000005964]","[""sliderintensity"",""slidervalence"",""rettoksam""]",65.5771,72.5774,73.161,85.2579,12.0964,1,0,12.0964,0.287962949,-0.0074074,0,0,0,0,0,0,17,1,b,The patient has taken Batatrim,The patient has not overcome the crisis,,,,,,,,,,,,,,,,,,,,,,,,,,,,,,,,,,,,,,,,,,,,,,,,,,,,,,,,,,,,,,,,,,,,,,,,,,,,,,,,,,,,,,,
,,,,,,,,[(%PROLIFIC_PID,2,2025-04-16_18h50.52.368,CLTandFLE,2024.1.5,Win32,144.9275362,5f1c21d9bfb35348529f81c7,67ffc4c40efe1bd1090b10ee,67ffdfdc207737d87d38d8ff,,,,,,,,,,,,,,,,,,,,,,,,,,,,,,,,,,,,,,,,,,,85.2584,91.9593,6.7007,0,1,18.7971,0.087962963,-0.22129631,0,0,0,0,1,1,30,1,c,The patient has not taken Batatrim,The patient has overcome the crisis,,,,,,,,,,,,,,,,,,,,,,,,,,,,,,,,,,,,,,,,,,,,,,,,,,,,,,,,,,,,,,,,,,,,,,,,,,,,,,,,,,,,,,,
,,,,,,,,[(%PROLIFIC_PID,2,2025-04-16_18h50.52.368,CLTandFLE,2024.1.5,Win32,144.9275362,5f1c21d9bfb35348529f81c7,67ffc4c40efe1bd1090b10ee,67ffdfdc207737d87d38d8ff,,,,,,,,,,,,,,,,,,,,,,,,,,,,,,,,,,,,,,,,,,,91.9596,96.6216,4.6618,0,1,23.4589,-0.17314812,-0.236111111,0,0,0,0,2,2,14,1,b,The patient has taken Batatrim,The patient has overcome the crisis,,,,,,,,,,,,,,,,,,,,,,,,,,,,,,,,,,,,,,,,,,,,,,,,,,,,,,,,,,,,,,,,,,,,,,,,,,,,,,,,,,,,,,,
,,,,,,,,[(%PROLIFIC_PID,2,2025-04-16_18h50.52.368,CLTandFLE,2024.1.5,Win32,144.9275362,5f1c21d9bfb35348529f81c7,67ffc4c40efe1bd1090b10ee,67ffdfdc207737d87d38d8ff,,,,,,,,,,,,,,,,,,,,,,,,,,,,,,,,,,,,,,,,,,,96.6218,102.0076,5.3856,1,0,28.8445,-0.054629644,-0.173148191,0,0,0,0,3,3,38,1,d,The patient has not taken Batatrim,The patient has not overcome the crisis,,,,,,,,,,,,,,,,,,,,,,,,,,,,,,,,,,,,,,,,,,,,,,,,,,,,,,,,,,,,,,,,,,,,,,,,,,,,,,,,,,,,,,,
,,,,,,,,[(%PROLIFIC_PID,2,2025-04-16_18h50.52.368,CLTandFLE,2024.1.5,Win32,144.9275362,5f1c21d9bfb35348529f81c7,67ffc4c40efe1bd1090b10ee,67ffdfdc207737d87d38d8ff,,,,,,,,,,,,,,,,,,,,,,,,,,,,,,,,,,,,,,,,,,,102.0081,106.8373,4.8291,1,0,33.6736,-0.25462963,-0.038888896,0,0,0,0,4,4,5,1,a,The patient has taken Batatrim,The patient has overcome the crisis,,,,,,,,,,,,,,,,,,,,,,,,,,,,,,,,,,,,,,,,,,,,,,,,,,,,,,,,,,,,,,,,,,,,,,,,,,,,,,,,,,,,,,,
,,,,,,,,[(%PROLIFIC_PID,2,2025-04-16_18h50.52.368,CLTandFLE,2024.1.5,Win32,144.9275362,5f1c21d9bfb35348529f81c7,67ffc4c40efe1bd1090b10ee,67ffdfdc207737d87d38d8ff,,,,,,,,,,,,,,,,,,,,,,,,,,,,,,,,,,,,,,,,,,,106.8377,112.191,5.3532,0,1,39.0268,0.059259273,-0.203703704,0,0,0,0,5,5,27,1,c,The patient has not taken Batatrim,The patient has overcome the crisis,,,,,,,,,,,,,,,,,,,,,,,,,,,,,,,,,,,,,,,,,,,,,,,,,,,,,,,,,,,,,,,,,,,,,,,,,,,,,,,,,,,,,,,
,,,,,,,,[(%PROLIFIC_PID,2,2025-04-16_18h50.52.368,CLTandFLE,2024.1.5,Win32,144.9275362,5f1c21d9bfb35348529f81c7,67ffc4c40efe1bd1090b10ee,67ffdfdc207737d87d38d8ff,,,,,,,,,,,,,,,,,,,,,,,,,,,,,,,,,,,,,,,,,,,112.1913,116.617,4.4256,1,0,43.4524,-0.195370356,-0.063888903,0,0,0,0,6,6,13,1,a,The patient has taken Batatrim,The patient has overcome the crisis,,,,,,,,,,,,,,,,,,,,,,,,,,,,,,,,,,,,,,,,,,,,,,,,,,,,,,,,,,,,,,,,,,,,,,,,,,,,,,,,,,,,,,,
,,,,,,,,[(%PROLIFIC_PID,2,2025-04-16_18h50.52.368,CLTandFLE,2024.1.5,Win32,144.9275362,5f1c21d9bfb35348529f81c7,67ffc4c40efe1bd1090b10ee,67ffdfdc207737d87d38d8ff,,,,,,,,,,,,,,,,,,,,,,,,,,,,,,,,,,,,,,,,,,,116.6173,120.5692,3.9517,1,0,47.4041,-0.195370356,-0.036111125,0,0,0,0,7,7,7,1,a,The patient has taken Batatrim,The patient has overcome the crisis,,,,,,,,,,,,,,,,,,,,,,,,,,,,,,,,,,,,,,,,,,,,,,,,,,,,,,,,,,,,,,,,,,,,,,,,,,,,,,,,,,,,,,,
,,,,,,,,[(%PROLIFIC_PID,2,2025-04-16_18h50.52.368,CLTandFLE,2024.1.5,Win32,144.9275362,5f1c21d9bfb35348529f81c7,67ffc4c40efe1bd1090b10ee,67ffdfdc207737d87d38d8ff,,,,,,,,,,,,,,,,,,,,,,,,,,,,,,,,,,,,,,,,,,,120.5693,125.5269,4.9575,1,0,52.3616,-0.195370356,-0.036111125,0,0,0,0,8,8,26,1,c,The patient has not taken Batatrim,The patient has overcome the crisis,,,,,,,,,,,,,,,,,,,,,,,,,,,,,,,,,,,,,,,,,,,,,,,,,,,,,,,,,,,,,,,,,,,,,,,,,,,,,,,,,,,,,,,
,,,,,,,,[(%PROLIFIC_PID,2,2025-04-16_18h50.52.368,CLTandFLE,2024.1.5,Win32,144.9275362,5f1c21d9bfb35348529f81c7,67ffc4c40efe1bd1090b10ee,67ffdfdc207737d87d38d8ff,,,,,,,,,,,,,,,,,,,,,,,,,,,,,,,,,,,,,,,,,,,125.5272,129.6657,4.1383,1,0,56.4999,-0.195370356,-0.036111125,0,0,0,0,9,9,3,1,a,The patient has taken Batatrim,The patient has overcome the crisis,,,,,,,,,,,,,,,,,,,,,,,,,,,,,,,,,,,,,,,,,,,,,,,,,,,,,,,,,,,,,,,,,,,,,,,,,,,,,,,,,,,,,,,
,,,,,,,,[(%PROLIFIC_PID,2,2025-04-16_18h50.52.368,CLTandFLE,2024.1.5,Win32,144.9275362,5f1c21d9bfb35348529f81c7,67ffc4c40efe1bd1090b10ee,67ffdfdc207737d87d38d8ff,,,,,,,,,,,,,,,,,,,,,,,,,,,,,,,,,,,,,,,,,,,129.666,133.9103,4.2442,1,0,60.7441,-0.017592607,0.010185171,0,0,0,0,10,10,11,1,a,The patient has taken Batatrim,The patient has overcome the crisis,,,,,,,,,,,,,,,,,,,,,,,,,,,,,,,,,,,,,,,,,,,,,,,,,,,,,,,,,,,,,,,,,,,,,,,,,,,,,,,,,,,,,,,
,,,,,,,,[(%PROLIFIC_PID,2,2025-04-16_18h50.52.368,CLTandFLE,2024.1.5,Win32,144.9275362,5f1c21d9bfb35348529f81c7,67ffc4c40efe1bd1090b10ee,67ffdfdc207737d87d38d8ff,,,,,,,,,,,,,,,,,,,,,,,,,,,,,,,,,,,,,,,,,,,133.9107,139.1343,5.2235,1,0,65.9676,-0.232407393,-0.037037037,0,0,0,0,11,11,23,1,c,The patient has not taken Batatrim,The patient has overcome the crisis,,,,,,,,,,,,,,,,,,,,,,,,,,,,,,,,,,,,,,,,,,,,,,,,,,,,,,,,,,,,,,,,,,,,,,,,,,,,,,,,,,,,,,,
,,,,,,,,[(%PROLIFIC_PID,2,2025-04-16_18h50.52.368,CLTandFLE,2024.1.5,Win32,144.9275362,5f1c21d9bfb35348529f81c7,67ffc4c40efe1bd1090b10ee,67ffdfdc207737d87d38d8ff,,,,,,,,,,,,,,,,,,,,,,,,,,,,,,,,,,,,,,,,,,,139.1346,143.2228,4.0881,1,0,70.0557,-0.194444444,-0.040740755,0,0,0,0,12,12,31,1,c,The patient has not taken Batatrim,The patient has overcome the crisis,,,,,,,,,,,,,,,,,,,,,,,,,,,,,,,,,,,,,,,,,,,,,,,,,,,,,,,,,,,,,,,,,,,,,,,,,,,,,,,,,,,,,,,
,,,,,,,,[(%PROLIFIC_PID,2,2025-04-16_18h50.52.368,CLTandFLE,2024.1.5,Win32,144.9275362,5f1c21d9bfb35348529f81c7,67ffc4c40efe1bd1090b10ee,67ffdfdc207737d87d38d8ff,,,,,,,,,,,,,,,,,,,,,,,,,,,,,,,,,,,,,,,,,,,143.2231,147.0424,3.8191,1,0,73.8748,-0.194444444,-0.040740755,0,0,0,0,13,13,28,1,c,The patient has not taken Batatrim,The patient has overcome the crisis,,,,,,,,,,,,,,,,,,,,,,,,,,,,,,,,,,,,,,,,,,,,,,,,,,,,,,,,,,,,,,,,,,,,,,,,,,,,,,,,,,,,,,,
,,,,,,,,[(%PROLIFIC_PID,2,2025-04-16_18h50.52.368,CLTandFLE,2024.1.5,Win32,144.9275362,5f1c21d9bfb35348529f81c7,67ffc4c40efe1bd1090b10ee,67ffdfdc207737d87d38d8ff,,,,,,,,,,,,,,,,,,,,,,,,,,,,,,,,,,,,,,,,,,,147.0427,150.8083,3.7655,1,0,77.6403,0.061111097,-0.183333362,0,0,0,0,14,14,15,1,b,The patient has taken Batatrim,The patient has not overcome the crisis,,,,,,,,,,,,,,,,,,,,,,,,,,,,,,,,,,,,,,,,,,,,,,,,,,,,,,,,,,,,,,,,,,,,,,,,,,,,,,,,,,,,,,,
,,,,,,,,[(%PROLIFIC_PID,2,2025-04-16_18h50.52.368,CLTandFLE,2024.1.5,Win32,144.9275362,5f1c21d9bfb35348529f81c7,67ffc4c40efe1bd1090b10ee,67ffdfdc207737d87d38d8ff,,,,,,,,,,,,,,,,,,,,,,,,,,,,,,,,,,,,,,,,,,,150.8085,155.1164,4.3079,0,1,81.9482,-0.162962949,-0.063888903,0,0,0,0,15,15,33,1,c,The patient has not taken Batatrim,The patient has overcome the crisis,,,,,,,,,,,,,,,,,,,,,,,,,,,,,,,,,,,,,,,,,,,,,,,,,,,,,,,,,,,,,,,,,,,,,,,,,,,,,,,,,,,,,,,
,,,,,,,,[(%PROLIFIC_PID,2,2025-04-16_18h50.52.368,CLTandFLE,2024.1.5,Win32,144.9275362,5f1c21d9bfb35348529f81c7,67ffc4c40efe1bd1090b10ee,67ffdfdc207737d87d38d8ff,,,,,,,,,,,,,,,,,,,,,,,,,,,,,,,,,,,,,,,,,,,155.1167,159.9748,4.8579,1,0,86.8061,-0.189814815,-0.058333326,0,0,0,0,16,16,29,1,c,The patient has not taken Batatrim,The patient has overcome the crisis,,,,,,,,,,,,,,,,,,,,,,,,,,,,,,,,,,,,,,,,,,,,,,,,,,,,,,,,,,,,,,,,,,,,,,,,,,,,,,,,,,,,,,,
,,,,,,,,[(%PROLIFIC_PID,2,2025-04-16_18h50.52.368,CLTandFLE,2024.1.5,Win32,144.9275362,5f1c21d9bfb35348529f81c7,67ffc4c40efe1bd1090b10ee,67ffdfdc207737d87d38d8ff,,,,,,,,,,,,,,,,,,,,,,,,,,,,,,,,,,,,,,,,,,,159.975,164.3124,4.3372,1,0,91.1433,-0.187962921,0.006481489,0,0,0,0,17,17,35,1,d,The patient has not taken Batatrim,The patient has not overcome the crisis,,,,,,,,,,,,,,,,,,,,,,,,,,,,,,,,,,,,,,,,,,,,,,,,,,,,,,,,,,,,,,,,,,,,,,,,,,,,,,,,,,,,,,,
,,,,,,,,[(%PROLIFIC_PID,2,2025-04-16_18h50.52.368,CLTandFLE,2024.1.5,Win32,144.9275362,5f1c21d9bfb35348529f81c7,67ffc4c40efe1bd1090b10ee,67ffdfdc207737d87d38d8ff,,,,,,,,,,,,,,,,,,,,,,,,,,,,,,,,,,,,,,,,,,,164.3125,168.7293,4.4167,1,0,95.56,-0.188888903,-0.015740748,0,0,0,0,18,18,9,1,a,The patient has taken Batatrim,The patient has overcome the crisis,,,,,,,,,,,,,,,,,,,,,,,,,,,,,,,,,,,,,,,,,,,,,,,,,,,,,,,,,,,,,,,,,,,,,,,,,,,,,,,,,,,,,,,
,,,,,,,,[(%PROLIFIC_PID,2,2025-04-16_18h50.52.368,CLTandFLE,2024.1.5,Win32,144.9275362,5f1c21d9bfb35348529f81c7,67ffc4c40efe1bd1090b10ee,67ffdfdc207737d87d38d8ff,,,,,,,,,,,,,,,,,,,,,,,,,,,,,,,,,,,,,,,,,,,168.7295,173.5313,4.8017,0,1,100.3617,0.210185228,-0.025000007,0,0,0,0,19,19,6,1,a,The patient has taken Batatrim,The patient has overcome the crisis,,,,,,,,,,,,,,,,,,,,,,,,,,,,,,,,,,,,,,,,,,,,,,,,,,,,,,,,,,,,,,,,,,,,,,,,,,,,,,,,,,,,,,,
,,,,,,,,[(%PROLIFIC_PID,2,2025-04-16_18h50.52.368,CLTandFLE,2024.1.5,Win32,144.9275362,5f1c21d9bfb35348529f81c7,67ffc4c40efe1bd1090b10ee,67ffdfdc207737d87d38d8ff,,,,,,,,,,,,,,,,,,,,,,,,,,,,,,,,,,,,,,,,,,,173.5316,177.3155,3.7837,1,0,104.1454,-0.162037037,-0.043518526,0,0,0,0,20,20,18,1,b,The patient has taken Batatrim,The patient has not overcome the crisis,,,,,,,,,,,,,,,,,,,,,,,,,,,,,,,,,,,,,,,,,,,,,,,,,,,,,,,,,,,,,,,,,,,,,,,,,,,,,,,,,,,,,,,
,,,,,,,,[(%PROLIFIC_PID,2,2025-04-16_18h50.52.368,CLTandFLE,2024.1.5,Win32,144.9275362,5f1c21d9bfb35348529f81c7,67ffc4c40efe1bd1090b10ee,67ffdfdc207737d87d38d8ff,,,,,,,,,,,,,,,,,,,,,,,,,,,,,,,,,,,,,,,,,,,177.3158,181.0442,3.7283,1,0,107.8737,-0.162037037,-0.043518526,0,0,0,0,21,21,24,1,c,The patient has not taken Batatrim,The patient has overcome the crisis,,,,,,,,,,,,,,,,,,,,,,,,,,,,,,,,,,,,,,,,,,,,,,,,,,,,,,,,,,,,,,,,,,,,,,,,,,,,,,,,,,,,,,,
,,,,,,,,[(%PROLIFIC_PID,2,2025-04-16_18h50.52.368,CLTandFLE,2024.1.5,Win32,144.9275362,5f1c21d9bfb35348529f81c7,67ffc4c40efe1bd1090b10ee,67ffdfdc207737d87d38d8ff,,,,,,,,,,,,,,,,,,,,,,,,,,,,,,,,,,,,,,,,,,,181.0445,184.8058,3.7611,1,0,111.6348,-0.162037037,-0.043518526,0,0,0,0,22,22,0,1,a,The patient has taken Batatrim,The patient has overcome the crisis,,,,,,,,,,,,,,,,,,,,,,,,,,,,,,,,,,,,,,,,,,,,,,,,,,,,,,,,,,,,,,,,,,,,,,,,,,,,,,,,,,,,,,,
,,,,,,,,[(%PROLIFIC_PID,2,2025-04-16_18h50.52.368,CLTandFLE,2024.1.5,Win32,144.9275362,5f1c21d9bfb35348529f81c7,67ffc4c40efe1bd1090b10ee,67ffdfdc207737d87d38d8ff,,,,,,,,,,,,,,,,,,,,,,,,,,,,,,,,,,,,,,,,,,,184.8059,188.5994,3.7935,1,0,115.4283,-0.162037037,-0.043518526,0,0,0,0,23,23,4,1,a,The patient has taken Batatrim,The patient has overcome the crisis,,,,,,,,,,,,,,,,,,,,,,,,,,,,,,,,,,,,,,,,,,,,,,,,,,,,,,,,,,,,,,,,,,,,,,,,,,,,,,,,,,,,,,,
,,,,,,,,[(%PROLIFIC_PID,2,2025-04-16_18h50.52.368,CLTandFLE,2024.1.5,Win32,144.9275362,5f1c21d9bfb35348529f81c7,67ffc4c40efe1bd1090b10ee,67ffdfdc207737d87d38d8ff,,,,,,,,,,,,,,,,,,,,,,,,,,,,,,,,,,,,,,,,,,,188.5997,192.398,3.7981,1,0,119.2264,-0.162037037,-0.043518526,0,0,0,0,24,24,25,1,c,The patient has not taken Batatrim,The patient has overcome the crisis,,,,,,,,,,,,,,,,,,,,,,,,,,,,,,,,,,,,,,,,,,,,,,,,,,,,,,,,,,,,,,,,,,,,,,,,,,,,,,,,,,,,,,,
,,,,,,,,[(%PROLIFIC_PID,2,2025-04-16_18h50.52.368,CLTandFLE,2024.1.5,Win32,144.9275362,5f1c21d9bfb35348529f81c7,67ffc4c40efe1bd1090b10ee,67ffdfdc207737d87d38d8ff,,,,,,,,,,,,,,,,,,,,,,,,,,,,,,,,,,,,,,,,,,,192.3983,196.5164,4.1181,1,0,123.3445,0.047222208,-0.178703732,0,0,0,0,25,25,32,1,c,The patient has not taken Batatrim,The patient has overcome the crisis,,,,,,,,,,,,,,,,,,,,,,,,,,,,,,,,,,,,,,,,,,,,,,,,,,,,,,,,,,,,,,,,,,,,,,,,,,,,,,,,,,,,,,,
,,,,,,,,[(%PROLIFIC_PID,2,2025-04-16_18h50.52.368,CLTandFLE,2024.1.5,Win32,144.9275362,5f1c21d9bfb35348529f81c7,67ffc4c40efe1bd1090b10ee,67ffdfdc207737d87d38d8ff,,,,,,,,,,,,,,,,,,,,,,,,,,,,,,,,,,,,,,,,,,,196.5167,200.7912,4.2741,0,1,127.6186,-0.131481453,-0.255555541,0,0,0,0,26,26,10,1,a,The patient has taken Batatrim,The patient has overcome the crisis,,,,,,,,,,,,,,,,,,,,,,,,,,,,,,,,,,,,,,,,,,,,,,,,,,,,,,,,,,,,,,,,,,,,,,,,,,,,,,,,,,,,,,,
,,,,,,,,[(%PROLIFIC_PID,2,2025-04-16_18h50.52.368,CLTandFLE,2024.1.5,Win32,144.9275362,5f1c21d9bfb35348529f81c7,67ffc4c40efe1bd1090b10ee,67ffdfdc207737d87d38d8ff,,,,,,,,,,,,,,,,,,,,,,,,,,,,,,,,,,,,,,,,,,,200.7916,206.0599,5.2681,1,0,132.8867,-0.203703704,-0.048148155,0,0,0,0,27,27,34,1,c,The patient has not taken Batatrim,The patient has overcome the crisis,,,,,,,,,,,,,,,,,,,,,,,,,,,,,,,,,,,,,,,,,,,,,,,,,,,,,,,,,,,,,,,,,,,,,,,,,,,,,,,,,,,,,,,
,,,,,,,,[(%PROLIFIC_PID,2,2025-04-16_18h50.52.368,CLTandFLE,2024.1.5,Win32,144.9275362,5f1c21d9bfb35348529f81c7,67ffc4c40efe1bd1090b10ee,67ffdfdc207737d87d38d8ff,,,,,,,,,,,,,,,,,,,,,,,,,,,,,,,,,,,,,,,,,,,206.0602,210.0587,3.9985,1,0,136.8852,0.239814829,-0.032407407,0,0,0,0,28,28,36,1,d,The patient has not taken Batatrim,The patient has not overcome the crisis,,,,,,,,,,,,,,,,,,,,,,,,,,,,,,,,,,,,,,,,,,,,,,,,,,,,,,,,,,,,,,,,,,,,,,,,,,,,,,,,,,,,,,,
,,,,,,,,[(%PROLIFIC_PID,2,2025-04-16_18h50.52.368,CLTandFLE,2024.1.5,Win32,144.9275362,5f1c21d9bfb35348529f81c7,67ffc4c40efe1bd1090b10ee,67ffdfdc207737d87d38d8ff,,,,,,,,,,,,,,,,,,,,,,,,,,,,,,,,,,,,,,,,,,,210.0592,214.1448,4.0852,0,1,140.9704,0.238888917,-0.032407407,0,0,0,0,29,29,20,1,c,The patient has not taken Batatrim,The patient has overcome the crisis,,,,,,,,,,,,,,,,,,,,,,,,,,,,,,,,,,,,,,,,,,,,,,,,,,,,,,,,,,,,,,,,,,,,,,,,,,,,,,,,,,,,,,,
,,,,,,,,[(%PROLIFIC_PID,2,2025-04-16_18h50.52.368,CLTandFLE,2024.1.5,Win32,144.9275362,5f1c21d9bfb35348529f81c7,67ffc4c40efe1bd1090b10ee,67ffdfdc207737d87d38d8ff,,,,,,,,,,,,,,,,,,,,,,,,,,,,,,,,,,,,,,,,,,,214.1451,218.0591,3.9138,1,0,144.8842,-0.170370384,-0.043518526,0,0,0,0,30,30,1,1,a,The patient has taken Batatrim,The patient has overcome the crisis,,,,,,,,,,,,,,,,,,,,,,,,,,,,,,,,,,,,,,,,,,,,,,,,,,,,,,,,,,,,,,,,,,,,,,,,,,,,,,,,,,,,,,,
,,,,,,,,[(%PROLIFIC_PID,2,2025-04-16_18h50.52.368,CLTandFLE,2024.1.5,Win32,144.9275362,5f1c21d9bfb35348529f81c7,67ffc4c40efe1bd1090b10ee,67ffdfdc207737d87d38d8ff,,,,,,,,,,,,,,,,,,,,,,,,,,,,,,,,,,,,,,,,,,,218.0593,223.2007,5.1413,0,1,150.0255,0.228703746,-0.068518533,0,0,0,0,31,31,22,1,c,The patient has not taken Batatrim,The patient has overcome the crisis,,,,,,,,,,,,,,,,,,,,,,,,,,,,,,,,,,,,,,,,,,,,,,,,,,,,,,,,,,,,,,,,,,,,,,,,,,,,,,,,,,,,,,,
,,,,,,,,[(%PROLIFIC_PID,2,2025-04-16_18h50.52.368,CLTandFLE,2024.1.5,Win32,144.9275362,5f1c21d9bfb35348529f81c7,67ffc4c40efe1bd1090b10ee,67ffdfdc207737d87d38d8ff,,,,,,,,,,,,,,,,,,,,,,,,,,,,,,,,,,,,,,,,,,,223.2011,227.579,4.3778,1,0,154.4033,-0.16851849,0.137962942,0,0,0,0,32,32,16,1,b,The patient has taken Batatrim,The patient has not overcome the crisis,,,,,,,,,,,,,,,,,,,,,,,,,,,,,,,,,,,,,,,,,,,,,,,,,,,,,,,,,,,,,,,,,,,,,,,,,,,,,,,,,,,,,,,
,,,,,,,,[(%PROLIFIC_PID,2,2025-04-16_18h50.52.368,CLTandFLE,2024.1.5,Win32,144.9275362,5f1c21d9bfb35348529f81c7,67ffc4c40efe1bd1090b10ee,67ffdfdc207737d87d38d8ff,,,,,,,,,,,,,,,,,,,,,,,,,,,,,,,,,,,,,,,,,,,227.5794,232.653,5.0735,1,0,159.4768,-0.194444444,-0.043518526,0,0,0,0,33,33,19,1,b,The patient has taken Batatrim,The patient has not overcome the crisis,,,,,,,,,,,,,,,,,,,,,,,,,,,,,,,,,,,,,,,,,,,,,,,,,,,,,,,,,,,,,,,,,,,,,,,,,,,,,,,,,,,,,,,
,,,,,,,,[(%PROLIFIC_PID,2,2025-04-16_18h50.52.368,CLTandFLE,2024.1.5,Win32,144.9275362,5f1c21d9bfb35348529f81c7,67ffc4c40efe1bd1090b10ee,67ffdfdc207737d87d38d8ff,,,,,,,,,,,,,,,,,,,,,,,,,,,,,,,,,,,,,,,,,,,232.6532,237.2312,4.5779,0,1,164.0547,0.162962949,-0.051851873,0,0,0,0,34,34,8,1,a,The patient has taken Batatrim,The patient has overcome the crisis,,,,,,,,,,,,,,,,,,,,,,,,,,,,,,,,,,,,,,,,,,,,,,,,,,,,,,,,,,,,,,,,,,,,,,,,,,,,,,,,,,,,,,,
,,,,,,,,[(%PROLIFIC_PID,2,2025-04-16_18h50.52.368,CLTandFLE,2024.1.5,Win32,144.9275362,5f1c21d9bfb35348529f81c7,67ffc4c40efe1bd1090b10ee,67ffdfdc207737d87d38d8ff,,,,,,,,,,,,,,,,,,,,,,,,,,,,,,,,,,,,,,,,,,,237.2315,242.0596,4.8279,1,0,168.8826,-0.169444402,-0.047222243,0,0,0,0,35,35,12,1,a,The patient has taken Batatrim,The patient has overcome the crisis,,,,,,,,,,,,,,,,,,,,,,,,,,,,,,,,,,,,,,,,,,,,,,,,,,,,,,,,,,,,,,,,,,,,,,,,,,,,,,,,,,,,,,,
,,,,,,,,[(%PROLIFIC_PID,2,2025-04-16_18h50.52.368,CLTandFLE,2024.1.5,Win32,144.9275362,5f1c21d9bfb35348529f81c7,67ffc4c40efe1bd1090b10ee,67ffdfdc207737d87d38d8ff,,,,,,,,,,,,,,,,,,,,,,,,,,,,,,,,,,,,,,,,,,,242.0598,248.1769,6.1169,1,0,174.9995,0.131481524,-0.027777778,0,0,0,0,36,36,39,1,d,The patient has not taken Batatrim,The patient has not overcome the crisis,,,,,,,,,,,,,,,,,,,,,,,,,,,,,,,,,,,,,,,,,,,,,,,,,,,,,,,,,,,,,,,,,,,,,,,,,,,,,,,,,,,,,,,
,,,,,,,,[(%PROLIFIC_PID,2,2025-04-16_18h50.52.368,CLTandFLE,2024.1.5,Win32,144.9275362,5f1c21d9bfb35348529f81c7,67ffc4c40efe1bd1090b10ee,67ffdfdc207737d87d38d8ff,,,,,,,,,,,,,,,,,,,,,,,,,,,,,,,,,,,,,,,,,,,248.1772,252.7299,4.5526,0,1,179.5521,0.196296339,-0.029629637,0,0,0,0,37,37,21,1,c,The patient has not taken Batatrim,The patient has overcome the crisis,,,,,,,,,,,,,,,,,,,,,,,,,,,,,,,,,,,,,,,,,,,,,,,,,,,,,,,,,,,,,,,,,,,,,,,,,,,,,,,,,,,,,,,
,,,,,,,,[(%PROLIFIC_PID,2,2025-04-16_18h50.52.368,CLTandFLE,2024.1.5,Win32,144.9275362,5f1c21d9bfb35348529f81c7,67ffc4c40efe1bd1090b10ee,67ffdfdc207737d87d38d8ff,,,,,,,,,,,,,,,,,,,,,,,,,,,,,,,,,,,,,,,,,,,252.7301,257.0643,4.3341,1,0,183.8862,0.223148134,-0.034259266,0,0,0,0,38,38,37,1,d,The patient has not taken Batatrim,The patient has not overcome the crisis,,,,,,,,,,,,,,,,,,,,,,,,,,,,,,,,,,,,,,,,,,,,,,,,,,,,,,,,,,,,,,,,,,,,,,,,,,,,,,,,,,,,,,,
,,,,,,,,[(%PROLIFIC_PID,2,2025-04-16_18h50.52.368,CLTandFLE,2024.1.5,Win32,144.9275362,5f1c21d9bfb35348529f81c7,67ffc4c40efe1bd1090b10ee,67ffdfdc207737d87d38d8ff,,,,,,,,,,,,,,,,,,,,,,,,,,,,,,,,,,,,,,,,,,,257.0647,260.9512,3.8865,0,1,187.7727,0.222222222,-0.034259266,0,0,0,0,39,39,2,1,a,The patient has taken Batatrim,The patient has overcome the crisis,,,,,,,,,,,,,,,,,,,,,,,,,,,,,,,,,,,,,,,,,,,,,,,,,,,,,,,,,,,,,,,,,,,,,,,,,,,,,,,,,,,,,,,
,,,,,,,,[(%PROLIFIC_PID,2,2025-04-16_18h50.52.368,CLTandFLE,2024.1.5,Win32,144.9275362,5f1c21d9bfb35348529f81c7,67ffc4c40efe1bd1090b10ee,67ffdfdc207737d87d38d8ff,,287.7613,288.1765,,,,,,,,,,,,,,,,,,,,,,,,,,,,,,,,,,,,,,,,,,,,,,,,,,,,,,,,,,,261.3993,275.9038,14.504,80,11.8321,0.023148148,-0.212037051,1,0,0,276.3546,287.7613,11.4062,80,10.3294,0.021296325,-0.184259273,1,0,0,20,80,0,0,0,0,0,0,1,,,,,,,,,,,,,,,,,,,,,,,,,,,,,,,,,,,,,,,,,,,,,,,,,,,,,,,,,,
,,,,,,,,[(%PROLIFIC_PID,2,2025-04-16_18h50.52.368,CLTandFLE,2024.1.5,Win32,144.9275362,5f1c21d9bfb35348529f81c7,67ffc4c40efe1bd1090b10ee,67ffdfdc207737d87d38d8ff,,451.5035,451.94,,,,,,,,,,,,,,,,,,,,,,,,,,,,,,,,,,,,,,,,,,,,,,,,,,,,,,,,,,,,,,,,,,,,,,,,,,,,,,,,,,,,,,,,354.9682,360.5948,5.6258,5,4.1102,0.066666709,-0.195370356,1,0,0,25,Femmina,No,13,"Sì, l'ho ottenuta più di due anni fa",B2 CEFR (5.5 - 6 IELTS),TRUE,FALSE,5,9,8,8,9,FALSE,Conferma,c1ok,c2ok,c3ok,c4ok,c5ok,c6ok,c7err2,c8ok,c9ok,c10ok,c11ok,c12ok,c13ok,c14ok,c15ok,c16ok,c17ok,c18ok,c19err2,c20ok,c21ok,c22ok,c23ok,c24ok,c25ok,c26ok,626.7918,633.6442,0,0,0,0,1
