﻿Alfa.started,Alfa.stopped,alfa_mouse.x,alfa_mouse.y,alfa_mouse.leftButton,alfa_mouse.midButton,alfa_mouse.rightButton,alfa_mouse.clicked_name,participant,group,date,expName,psychopyVersion,OS,frameRate,PROLIFIC_PID,STUDY_ID,SESSION_ID,)],ITI.started,ITI.stopped,B_consensoinformato.started,B_consensoinformato.stopped,tempo_consenso,cons_mouse.x,cons_mouse.y,cons_mouse.leftButton,cons_mouse.midButton,cons_mouse.rightButton,A_benvenuto.started,A_benvenuto.stopped,ben_mouse.x,ben_mouse.y,ben_mouse.leftButton,ben_mouse.midButton,ben_mouse.rightButton,B2_istruzioni.started,B2_istruzioni.stopped,tempo_istru,cons_mouse_2.x,cons_mouse_2.y,cons_mouse_2.leftButton,cons_mouse_2.midButton,cons_mouse_2.rightButton,SAMevaluation.started,SAMevaluation.stopped,temposam,sliderintensity.response,sliderintensity.rt,slidervalence.response,slidervalence.rt,mouse_sam.x,mouse_sam.y,mouse_sam.leftButton,mouse_sam.midButton,mouse_sam.rightButton,mouse_sam.time,mouse_sam.clicked_name,Loading.started,Loading.stopped,C_associative_task.started,C_associative_task.stopped,tempo_trial,hapremutosi,hapremutono,tempo_tasktot,mouse.x,mouse.y,mouse.leftButton,mouse.midButton,mouse.rightButton,trials.thisRepN,trials.thisTrialN,trials.thisN,trials.thisIndex,trials.ran,cond,causa,effetto,D_VD.started,D_VD.stopped,tempo_vd,vd.response,vd.rt,mouse_vd.x,mouse_vd.y,mouse_vd.leftButton,mouse_vd.midButton,mouse_vd.rightButton,Previous.started,Previous.stopped,tempo_vd1,previous.response,previous.rt,mouse_vd_2.x,mouse_vd_2.y,mouse_vd_2.leftButton,mouse_vd_2.midButton,mouse_vd_2.rightButton,EstENG.TrialNN,EstENG.TrialNS,EstENG.TrialSN,EstENG.TrialSS,ingesta.thisRepN,ingesta.thisTrialN,ingesta.thisN,ingesta.thisIndex,ingesta.ran,PF.started,PF.stopped,tempo_pf,processfluency.response,processfluency.rt,mouse_ch.x,mouse_ch.y,mouse_ch.leftButton,mouse_ch.midButton,mouse_ch.rightButton,Questionario_Lingua.Age,Questionario_Lingua.Sesso,Questionario_Lingua.StaiStudiando?,Questionario_Lingua.Anniscolarita,Questionario_Lingua.Diploma,Questionario_Lingua.ItaMADRE?,Questionario_Lingua.INGmadre?,Questionario_Lingua.Q5(AOAIng),Questionario_Lingua.INGLETTURA,Questionario_Lingua.INGCOMPRESO,Questionario_Lingua.INGSCRITTO,Questionario_Lingua.INGPARLATO,Questionario_Lingua.haivissutoestero,ProvaInglese.ProcediamoENg,ProvaInglese.C1,ProvaInglese.C2,ProvaInglese.C3,ProvaInglese.C4,ProvaInglese.C5,ProvaInglese.C6,ProvaInglese.C7,ProvaInglese.C8,ProvaInglese.C9,ProvaInglese.C10,ProvaInglese.C11,ProvaInglese.C12,ProvaInglese.C13,ProvaInglese.C14,ProvaInglese.C15,ProvaInglese.C16,ProvaInglese.C17,ProvaInglese.C18,ProvaInglese.C19,ProvaInglese.C20,ProvaInglese.C21,ProvaInglese.C22,ProvaInglese.C23,ProvaInglese.C24,ProvaInglese.C25,ProvaInglese.controlquestion,Ant_lastquestion.started,Ant_lastquestion.stopped,exp_loop.thisRepN,exp_loop.thisTrialN,exp_loop.thisN,exp_loop.thisIndex,exp_loop.ran
0.0004,10.1881,-0.00625,0.001302083,1,0,0,alfa_mask,[(%PROLIFIC_PID,2,2025-04-16_19h48.14.464,CLTandFLE,2024.1.5,Win32,60.97560976,5e830913ff38e3016d1a69f2,67ffc4c40efe1bd1090b10ee,67ffed350e190dff1ec9be98,,,,,,,,,,,,,,,,,,,,,,,,,,,,,,,,,,,,,,,,,,,,,,,,,,,,,,,,,,,,,,,,,,,,,,,,,,,,,,,,,,,,,,,,,,,,,,,,,,,,,,,,,,,,,,,,,,,,,,,,,,,,,,,,,,,,,,,,,,,,,,,,,,,
,,,,,,,,[(%PROLIFIC_PID,2,2025-04-16_19h48.14.464,CLTandFLE,2024.1.5,Win32,60.97560976,5e830913ff38e3016d1a69f2,67ffc4c40efe1bd1090b10ee,67ffed350e190dff1ec9be98,,10.1882,11.1842,,,,,,,,,,,,,,,,,,,,,,,,,,,,,,,,,,,,,,,,,,,,,,,,,,,,,,,,,,,,,,,,,,,,,,,,,,,,,,,,,,,,,,,,,,,,,,,,,,,,,,,,,,,,,,,,,,,,,,,,,,,,,,,,,,,,,,,,,,,,,,,,
,,,,,,,,[(%PROLIFIC_PID,2,2025-04-16_19h48.14.464,CLTandFLE,2024.1.5,Win32,60.97560976,5e830913ff38e3016d1a69f2,67ffc4c40efe1bd1090b10ee,67ffed350e190dff1ec9be98,,,,11.1849,25.5733,14.3881,0.190364583,-0.40625,1,0,0,,,,,,,,,,,,,,,,,,,,,,,,,,,,,,,,,,,,,,,,,,,,,,,,,,,,,,,,,,,,,,,,,,,,,,,,,,,,,,,,,,,,,,,,,,,,,,,,,,,,,,,,,,,,,,,,,,,,,,,,,,,,,,,,,,,,,,,,
,,,,,,,,[(%PROLIFIC_PID,2,2025-04-16_19h48.14.464,CLTandFLE,2024.1.5,Win32,60.97560976,5e830913ff38e3016d1a69f2,67ffc4c40efe1bd1090b10ee,67ffed350e190dff1ec9be98,,96.9904,97.99,,,,,,,,,26.5751,28.8751,-0.00234375,-0.100260417,1,0,0,29.8756,62.7401,32.8641,0.015885417,-0.388020833,1,0,0,63.7416,88.9857,25.2434,0.831729046,14.8593,0.514484234,8.2287,"[-0.007552083333333333,-0.00234375,0.00546875,0.16302083333333334,0.03802083333333333]","[0.19791666666666666,0.005208333333333333,0.203125,0.19921875,-0.22526041666666666]","[1,1,1,1,1]","[0,0,0,0,0]","[0,0,0,0,0]","[4.638200000002982,7.252499999999998,10.353899999991057,12.923299999997013,25.22720000000298]","[""sliderintensity"",""sliderintensity"",""rettoksam""]",89.9871,96.99,98.0259,106.7162,8.6899,0,1,8.6899,0.170833333,-0.040364583,0,0,0,0,0,0,36,1,d,The patient has not taken Batatrim,The patient has not overcome the crisis,,,,,,,,,,,,,,,,,,,,,,,,,,,,,,,,,,,,,,,,,,,,,,,,,,,,,,,,,,,,,,,,,,,,,,,,,,,,,,,,,,,,,,
,,,,,,,,[(%PROLIFIC_PID,2,2025-04-16_19h48.14.464,CLTandFLE,2024.1.5,Win32,60.97560976,5e830913ff38e3016d1a69f2,67ffc4c40efe1bd1090b10ee,67ffed350e190dff1ec9be98,,,,,,,,,,,,,,,,,,,,,,,,,,,,,,,,,,,,,,,,,,,106.7167,114.5804,7.8636,0,1,16.5535,0.4703125,-0.139322917,0,0,0,0,1,1,17,1,b,The patient has taken Batatrim,The patient has not overcome the crisis,,,,,,,,,,,,,,,,,,,,,,,,,,,,,,,,,,,,,,,,,,,,,,,,,,,,,,,,,,,,,,,,,,,,,,,,,,,,,,,,,,,,,,
,,,,,,,,[(%PROLIFIC_PID,2,2025-04-16_19h48.14.464,CLTandFLE,2024.1.5,Win32,60.97560976,5e830913ff38e3016d1a69f2,67ffc4c40efe1bd1090b10ee,67ffed350e190dff1ec9be98,,,,,,,,,,,,,,,,,,,,,,,,,,,,,,,,,,,,,,,,,,,114.5807,122.1171,7.5362,0,1,24.0897,0.21640625,-0.046875,0,0,0,0,2,2,28,1,c,The patient has not taken Batatrim,The patient has overcome the crisis,,,,,,,,,,,,,,,,,,,,,,,,,,,,,,,,,,,,,,,,,,,,,,,,,,,,,,,,,,,,,,,,,,,,,,,,,,,,,,,,,,,,,,
,,,,,,,,[(%PROLIFIC_PID,2,2025-04-16_19h48.14.464,CLTandFLE,2024.1.5,Win32,60.97560976,5e830913ff38e3016d1a69f2,67ffc4c40efe1bd1090b10ee,67ffed350e190dff1ec9be98,,,,,,,,,,,,,,,,,,,,,,,,,,,,,,,,,,,,,,,,,,,122.1173,128.7438,6.6263,0,1,30.716,0.2359375,-0.041666667,0,0,0,0,3,3,35,1,d,The patient has not taken Batatrim,The patient has not overcome the crisis,,,,,,,,,,,,,,,,,,,,,,,,,,,,,,,,,,,,,,,,,,,,,,,,,,,,,,,,,,,,,,,,,,,,,,,,,,,,,,,,,,,,,,
,,,,,,,,[(%PROLIFIC_PID,2,2025-04-16_19h48.14.464,CLTandFLE,2024.1.5,Win32,60.97560976,5e830913ff38e3016d1a69f2,67ffc4c40efe1bd1090b10ee,67ffed350e190dff1ec9be98,,,,,,,,,,,,,,,,,,,,,,,,,,,,,,,,,,,,,,,,,,,128.7442,135.8744,7.1295,1,0,37.8455,-0.167708333,-0.040364583,0,0,0,0,4,4,37,1,d,The patient has not taken Batatrim,The patient has not overcome the crisis,,,,,,,,,,,,,,,,,,,,,,,,,,,,,,,,,,,,,,,,,,,,,,,,,,,,,,,,,,,,,,,,,,,,,,,,,,,,,,,,,,,,,,
,,,,,,,,[(%PROLIFIC_PID,2,2025-04-16_19h48.14.464,CLTandFLE,2024.1.5,Win32,60.97560976,5e830913ff38e3016d1a69f2,67ffc4c40efe1bd1090b10ee,67ffed350e190dff1ec9be98,,,,,,,,,,,,,,,,,,,,,,,,,,,,,,,,,,,,,,,,,,,135.8752,141.3933,5.5177,1,0,43.3632,0.359635417,-0.248697917,0,0,0,0,5,5,18,1,b,The patient has taken Batatrim,The patient has not overcome the crisis,,,,,,,,,,,,,,,,,,,,,,,,,,,,,,,,,,,,,,,,,,,,,,,,,,,,,,,,,,,,,,,,,,,,,,,,,,,,,,,,,,,,,,
,,,,,,,,[(%PROLIFIC_PID,2,2025-04-16_19h48.14.464,CLTandFLE,2024.1.5,Win32,60.97560976,5e830913ff38e3016d1a69f2,67ffc4c40efe1bd1090b10ee,67ffed350e190dff1ec9be98,,,,,,,,,,,,,,,,,,,,,,,,,,,,,,,,,,,,,,,,,,,141.3938,146.6117,5.2178,1,0,48.581,0.397395833,-0.235677083,0,0,0,0,6,6,24,1,c,The patient has not taken Batatrim,The patient has overcome the crisis,,,,,,,,,,,,,,,,,,,,,,,,,,,,,,,,,,,,,,,,,,,,,,,,,,,,,,,,,,,,,,,,,,,,,,,,,,,,,,,,,,,,,,
,,,,,,,,[(%PROLIFIC_PID,2,2025-04-16_19h48.14.464,CLTandFLE,2024.1.5,Win32,60.97560976,5e830913ff38e3016d1a69f2,67ffc4c40efe1bd1090b10ee,67ffed350e190dff1ec9be98,,,,,,,,,,,,,,,,,,,,,,,,,,,,,,,,,,,,,,,,,,,146.6119,151.5479,4.9354,0,1,53.5164,0.2125,-0.0390625,0,0,0,0,7,7,15,1,b,The patient has taken Batatrim,The patient has not overcome the crisis,,,,,,,,,,,,,,,,,,,,,,,,,,,,,,,,,,,,,,,,,,,,,,,,,,,,,,,,,,,,,,,,,,,,,,,,,,,,,,,,,,,,,,
,,,,,,,,[(%PROLIFIC_PID,2,2025-04-16_19h48.14.464,CLTandFLE,2024.1.5,Win32,60.97560976,5e830913ff38e3016d1a69f2,67ffc4c40efe1bd1090b10ee,67ffed350e190dff1ec9be98,,,,,,,,,,,,,,,,,,,,,,,,,,,,,,,,,,,,,,,,,,,151.5487,156.1363,4.5872,0,1,58.1036,0.2125,-0.0390625,0,0,0,0,8,8,26,1,c,The patient has not taken Batatrim,The patient has overcome the crisis,,,,,,,,,,,,,,,,,,,,,,,,,,,,,,,,,,,,,,,,,,,,,,,,,,,,,,,,,,,,,,,,,,,,,,,,,,,,,,,,,,,,,,
,,,,,,,,[(%PROLIFIC_PID,2,2025-04-16_19h48.14.464,CLTandFLE,2024.1.5,Win32,60.97560976,5e830913ff38e3016d1a69f2,67ffc4c40efe1bd1090b10ee,67ffed350e190dff1ec9be98,,,,,,,,,,,,,,,,,,,,,,,,,,,,,,,,,,,,,,,,,,,156.1367,160.8683,4.7314,1,0,62.835,-0.146875,-0.11328125,0,0,0,0,9,9,5,1,a,The patient has taken Batatrim,The patient has overcome the crisis,,,,,,,,,,,,,,,,,,,,,,,,,,,,,,,,,,,,,,,,,,,,,,,,,,,,,,,,,,,,,,,,,,,,,,,,,,,,,,,,,,,,,,
,,,,,,,,[(%PROLIFIC_PID,2,2025-04-16_19h48.14.464,CLTandFLE,2024.1.5,Win32,60.97560976,5e830913ff38e3016d1a69f2,67ffc4c40efe1bd1090b10ee,67ffed350e190dff1ec9be98,,,,,,,,,,,,,,,,,,,,,,,,,,,,,,,,,,,,,,,,,,,160.8684,165.2755,4.4069,1,0,67.2419,-0.196354167,-0.03515625,0,0,0,0,10,10,39,1,d,The patient has not taken Batatrim,The patient has not overcome the crisis,,,,,,,,,,,,,,,,,,,,,,,,,,,,,,,,,,,,,,,,,,,,,,,,,,,,,,,,,,,,,,,,,,,,,,,,,,,,,,,,,,,,,,
,,,,,,,,[(%PROLIFIC_PID,2,2025-04-16_19h48.14.464,CLTandFLE,2024.1.5,Win32,60.97560976,5e830913ff38e3016d1a69f2,67ffc4c40efe1bd1090b10ee,67ffed350e190dff1ec9be98,,,,,,,,,,,,,,,,,,,,,,,,,,,,,,,,,,,,,,,,,,,165.2757,169.9222,4.6464,0,1,71.8883,0.238541667,-0.03125,0,0,0,0,11,11,20,1,c,The patient has not taken Batatrim,The patient has overcome the crisis,,,,,,,,,,,,,,,,,,,,,,,,,,,,,,,,,,,,,,,,,,,,,,,,,,,,,,,,,,,,,,,,,,,,,,,,,,,,,,,,,,,,,,
,,,,,,,,[(%PROLIFIC_PID,2,2025-04-16_19h48.14.464,CLTandFLE,2024.1.5,Win32,60.97560976,5e830913ff38e3016d1a69f2,67ffc4c40efe1bd1090b10ee,67ffed350e190dff1ec9be98,,,,,,,,,,,,,,,,,,,,,,,,,,,,,,,,,,,,,,,,,,,169.9225,174.1091,4.1865,0,1,76.0748,0.238541667,-0.03125,0,0,0,0,12,12,34,1,c,The patient has not taken Batatrim,The patient has overcome the crisis,,,,,,,,,,,,,,,,,,,,,,,,,,,,,,,,,,,,,,,,,,,,,,,,,,,,,,,,,,,,,,,,,,,,,,,,,,,,,,,,,,,,,,
,,,,,,,,[(%PROLIFIC_PID,2,2025-04-16_19h48.14.464,CLTandFLE,2024.1.5,Win32,60.97560976,5e830913ff38e3016d1a69f2,67ffc4c40efe1bd1090b10ee,67ffed350e190dff1ec9be98,,,,,,,,,,,,,,,,,,,,,,,,,,,,,,,,,,,,,,,,,,,174.1094,178.2927,4.1832,0,1,80.258,0.238541667,-0.03125,0,0,0,0,13,13,19,1,b,The patient has taken Batatrim,The patient has not overcome the crisis,,,,,,,,,,,,,,,,,,,,,,,,,,,,,,,,,,,,,,,,,,,,,,,,,,,,,,,,,,,,,,,,,,,,,,,,,,,,,,,,,,,,,,
,,,,,,,,[(%PROLIFIC_PID,2,2025-04-16_19h48.14.464,CLTandFLE,2024.1.5,Win32,60.97560976,5e830913ff38e3016d1a69f2,67ffc4c40efe1bd1090b10ee,67ffed350e190dff1ec9be98,,,,,,,,,,,,,,,,,,,,,,,,,,,,,,,,,,,,,,,,,,,178.293,182.5118,4.2183,0,1,84.4763,0.238541667,-0.03125,0,0,0,0,14,14,21,1,c,The patient has not taken Batatrim,The patient has overcome the crisis,,,,,,,,,,,,,,,,,,,,,,,,,,,,,,,,,,,,,,,,,,,,,,,,,,,,,,,,,,,,,,,,,,,,,,,,,,,,,,,,,,,,,,
,,,,,,,,[(%PROLIFIC_PID,2,2025-04-16_19h48.14.464,CLTandFLE,2024.1.5,Win32,60.97560976,5e830913ff38e3016d1a69f2,67ffc4c40efe1bd1090b10ee,67ffed350e190dff1ec9be98,,,,,,,,,,,,,,,,,,,,,,,,,,,,,,,,,,,,,,,,,,,182.5126,186.6797,4.1669,0,1,88.6432,0.238541667,-0.03125,0,0,0,0,15,15,30,1,c,The patient has not taken Batatrim,The patient has overcome the crisis,,,,,,,,,,,,,,,,,,,,,,,,,,,,,,,,,,,,,,,,,,,,,,,,,,,,,,,,,,,,,,,,,,,,,,,,,,,,,,,,,,,,,,
,,,,,,,,[(%PROLIFIC_PID,2,2025-04-16_19h48.14.464,CLTandFLE,2024.1.5,Win32,60.97560976,5e830913ff38e3016d1a69f2,67ffc4c40efe1bd1090b10ee,67ffed350e190dff1ec9be98,,,,,,,,,,,,,,,,,,,,,,,,,,,,,,,,,,,,,,,,,,,186.6798,190.8163,4.1363,0,1,92.7795,0.238541667,-0.03125,0,0,0,0,16,16,1,1,a,The patient has taken Batatrim,The patient has overcome the crisis,,,,,,,,,,,,,,,,,,,,,,,,,,,,,,,,,,,,,,,,,,,,,,,,,,,,,,,,,,,,,,,,,,,,,,,,,,,,,,,,,,,,,,
,,,,,,,,[(%PROLIFIC_PID,2,2025-04-16_19h48.14.464,CLTandFLE,2024.1.5,Win32,60.97560976,5e830913ff38e3016d1a69f2,67ffc4c40efe1bd1090b10ee,67ffed350e190dff1ec9be98,,,,,,,,,,,,,,,,,,,,,,,,,,,,,,,,,,,,,,,,,,,190.8164,195.0009,4.1841,0,1,96.9636,0.238541667,-0.03125,0,0,0,0,17,17,7,1,a,The patient has taken Batatrim,The patient has overcome the crisis,,,,,,,,,,,,,,,,,,,,,,,,,,,,,,,,,,,,,,,,,,,,,,,,,,,,,,,,,,,,,,,,,,,,,,,,,,,,,,,,,,,,,,
,,,,,,,,[(%PROLIFIC_PID,2,2025-04-16_19h48.14.464,CLTandFLE,2024.1.5,Win32,60.97560976,5e830913ff38e3016d1a69f2,67ffc4c40efe1bd1090b10ee,67ffed350e190dff1ec9be98,,,,,,,,,,,,,,,,,,,,,,,,,,,,,,,,,,,,,,,,,,,195.0018,199.1686,4.1666,0,1,101.1302,0.238541667,-0.03125,0,0,0,0,18,18,38,1,d,The patient has not taken Batatrim,The patient has not overcome the crisis,,,,,,,,,,,,,,,,,,,,,,,,,,,,,,,,,,,,,,,,,,,,,,,,,,,,,,,,,,,,,,,,,,,,,,,,,,,,,,,,,,,,,,
,,,,,,,,[(%PROLIFIC_PID,2,2025-04-16_19h48.14.464,CLTandFLE,2024.1.5,Win32,60.97560976,5e830913ff38e3016d1a69f2,67ffc4c40efe1bd1090b10ee,67ffed350e190dff1ec9be98,,,,,,,,,,,,,,,,,,,,,,,,,,,,,,,,,,,,,,,,,,,199.1688,203.9405,4.7715,1,0,105.9017,-0.18203125,-0.037760417,0,0,0,0,19,19,6,1,a,The patient has taken Batatrim,The patient has overcome the crisis,,,,,,,,,,,,,,,,,,,,,,,,,,,,,,,,,,,,,,,,,,,,,,,,,,,,,,,,,,,,,,,,,,,,,,,,,,,,,,,,,,,,,,
,,,,,,,,[(%PROLIFIC_PID,2,2025-04-16_19h48.14.464,CLTandFLE,2024.1.5,Win32,60.97560976,5e830913ff38e3016d1a69f2,67ffc4c40efe1bd1090b10ee,67ffed350e190dff1ec9be98,,,,,,,,,,,,,,,,,,,,,,,,,,,,,,,,,,,,,,,,,,,203.9408,208.3559,4.4149,0,1,110.3166,0.229427083,-0.041666667,0,0,0,0,20,20,31,1,c,The patient has not taken Batatrim,The patient has overcome the crisis,,,,,,,,,,,,,,,,,,,,,,,,,,,,,,,,,,,,,,,,,,,,,,,,,,,,,,,,,,,,,,,,,,,,,,,,,,,,,,,,,,,,,,
,,,,,,,,[(%PROLIFIC_PID,2,2025-04-16_19h48.14.464,CLTandFLE,2024.1.5,Win32,60.97560976,5e830913ff38e3016d1a69f2,67ffc4c40efe1bd1090b10ee,67ffed350e190dff1ec9be98,,,,,,,,,,,,,,,,,,,,,,,,,,,,,,,,,,,,,,,,,,,208.3562,212.5013,4.1448,0,1,114.4614,0.229427083,-0.041666667,0,0,0,0,21,21,16,1,b,The patient has taken Batatrim,The patient has not overcome the crisis,,,,,,,,,,,,,,,,,,,,,,,,,,,,,,,,,,,,,,,,,,,,,,,,,,,,,,,,,,,,,,,,,,,,,,,,,,,,,,,,,,,,,,
,,,,,,,,[(%PROLIFIC_PID,2,2025-04-16_19h48.14.464,CLTandFLE,2024.1.5,Win32,60.97560976,5e830913ff38e3016d1a69f2,67ffc4c40efe1bd1090b10ee,67ffed350e190dff1ec9be98,,,,,,,,,,,,,,,,,,,,,,,,,,,,,,,,,,,,,,,,,,,212.5016,216.8465,4.3447,0,1,118.8061,0.229427083,-0.041666667,0,0,0,0,22,22,33,1,c,The patient has not taken Batatrim,The patient has overcome the crisis,,,,,,,,,,,,,,,,,,,,,,,,,,,,,,,,,,,,,,,,,,,,,,,,,,,,,,,,,,,,,,,,,,,,,,,,,,,,,,,,,,,,,,
,,,,,,,,[(%PROLIFIC_PID,2,2025-04-16_19h48.14.464,CLTandFLE,2024.1.5,Win32,60.97560976,5e830913ff38e3016d1a69f2,67ffc4c40efe1bd1090b10ee,67ffed350e190dff1ec9be98,,,,,,,,,,,,,,,,,,,,,,,,,,,,,,,,,,,,,,,,,,,216.8466,221.1117,4.265,0,1,123.0711,0.229427083,-0.041666667,0,0,0,0,23,23,9,1,a,The patient has taken Batatrim,The patient has overcome the crisis,,,,,,,,,,,,,,,,,,,,,,,,,,,,,,,,,,,,,,,,,,,,,,,,,,,,,,,,,,,,,,,,,,,,,,,,,,,,,,,,,,,,,,
,,,,,,,,[(%PROLIFIC_PID,2,2025-04-16_19h48.14.464,CLTandFLE,2024.1.5,Win32,60.97560976,5e830913ff38e3016d1a69f2,67ffc4c40efe1bd1090b10ee,67ffed350e190dff1ec9be98,,,,,,,,,,,,,,,,,,,,,,,,,,,,,,,,,,,,,,,,,,,221.1119,225.3875,4.2754,1,0,127.3465,-0.176822917,-0.0390625,0,0,0,0,24,24,8,1,a,The patient has taken Batatrim,The patient has overcome the crisis,,,,,,,,,,,,,,,,,,,,,,,,,,,,,,,,,,,,,,,,,,,,,,,,,,,,,,,,,,,,,,,,,,,,,,,,,,,,,,,,,,,,,,
,,,,,,,,[(%PROLIFIC_PID,2,2025-04-16_19h48.14.464,CLTandFLE,2024.1.5,Win32,60.97560976,5e830913ff38e3016d1a69f2,67ffc4c40efe1bd1090b10ee,67ffed350e190dff1ec9be98,,,,,,,,,,,,,,,,,,,,,,,,,,,,,,,,,,,,,,,,,,,225.3879,229.4989,4.1108,1,0,131.4573,0.252864583,-0.0234375,0,0,0,0,25,25,22,1,c,The patient has not taken Batatrim,The patient has overcome the crisis,,,,,,,,,,,,,,,,,,,,,,,,,,,,,,,,,,,,,,,,,,,,,,,,,,,,,,,,,,,,,,,,,,,,,,,,,,,,,,,,,,,,,,
,,,,,,,,[(%PROLIFIC_PID,2,2025-04-16_19h48.14.464,CLTandFLE,2024.1.5,Win32,60.97560976,5e830913ff38e3016d1a69f2,67ffc4c40efe1bd1090b10ee,67ffed350e190dff1ec9be98,,,,,,,,,,,,,,,,,,,,,,,,,,,,,,,,,,,,,,,,,,,229.499,234.0258,4.5267,0,1,135.984,0.151302083,-0.0390625,0,0,0,0,26,26,3,1,a,The patient has taken Batatrim,The patient has overcome the crisis,,,,,,,,,,,,,,,,,,,,,,,,,,,,,,,,,,,,,,,,,,,,,,,,,,,,,,,,,,,,,,,,,,,,,,,,,,,,,,,,,,,,,,
,,,,,,,,[(%PROLIFIC_PID,2,2025-04-16_19h48.14.464,CLTandFLE,2024.1.5,Win32,60.97560976,5e830913ff38e3016d1a69f2,67ffc4c40efe1bd1090b10ee,67ffed350e190dff1ec9be98,,,,,,,,,,,,,,,,,,,,,,,,,,,,,,,,,,,,,,,,,,,234.0262,238.1363,4.1099,0,1,140.0939,0.151302083,-0.0390625,0,0,0,0,27,27,13,1,a,The patient has taken Batatrim,The patient has overcome the crisis,,,,,,,,,,,,,,,,,,,,,,,,,,,,,,,,,,,,,,,,,,,,,,,,,,,,,,,,,,,,,,,,,,,,,,,,,,,,,,,,,,,,,,
,,,,,,,,[(%PROLIFIC_PID,2,2025-04-16_19h48.14.464,CLTandFLE,2024.1.5,Win32,60.97560976,5e830913ff38e3016d1a69f2,67ffc4c40efe1bd1090b10ee,67ffed350e190dff1ec9be98,,,,,,,,,,,,,,,,,,,,,,,,,,,,,,,,,,,,,,,,,,,238.1366,242.2381,4.1012,0,1,144.1951,0.151302083,-0.0390625,0,0,0,0,28,28,10,1,a,The patient has taken Batatrim,The patient has overcome the crisis,,,,,,,,,,,,,,,,,,,,,,,,,,,,,,,,,,,,,,,,,,,,,,,,,,,,,,,,,,,,,,,,,,,,,,,,,,,,,,,,,,,,,,
,,,,,,,,[(%PROLIFIC_PID,2,2025-04-16_19h48.14.464,CLTandFLE,2024.1.5,Win32,60.97560976,5e830913ff38e3016d1a69f2,67ffc4c40efe1bd1090b10ee,67ffed350e190dff1ec9be98,,,,,,,,,,,,,,,,,,,,,,,,,,,,,,,,,,,,,,,,,,,242.2383,246.3731,4.1347,0,1,148.3298,0.151302083,-0.0390625,0,0,0,0,29,29,29,1,c,The patient has not taken Batatrim,The patient has overcome the crisis,,,,,,,,,,,,,,,,,,,,,,,,,,,,,,,,,,,,,,,,,,,,,,,,,,,,,,,,,,,,,,,,,,,,,,,,,,,,,,,,,,,,,,
,,,,,,,,[(%PROLIFIC_PID,2,2025-04-16_19h48.14.464,CLTandFLE,2024.1.5,Win32,60.97560976,5e830913ff38e3016d1a69f2,67ffc4c40efe1bd1090b10ee,67ffed350e190dff1ec9be98,,,,,,,,,,,,,,,,,,,,,,,,,,,,,,,,,,,,,,,,,,,246.3734,250.4917,4.1181,0,1,152.4479,0.151302083,-0.0390625,0,0,0,0,30,30,23,1,c,The patient has not taken Batatrim,The patient has overcome the crisis,,,,,,,,,,,,,,,,,,,,,,,,,,,,,,,,,,,,,,,,,,,,,,,,,,,,,,,,,,,,,,,,,,,,,,,,,,,,,,,,,,,,,,
,,,,,,,,[(%PROLIFIC_PID,2,2025-04-16_19h48.14.464,CLTandFLE,2024.1.5,Win32,60.97560976,5e830913ff38e3016d1a69f2,67ffc4c40efe1bd1090b10ee,67ffed350e190dff1ec9be98,,,,,,,,,,,,,,,,,,,,,,,,,,,,,,,,,,,,,,,,,,,250.492,254.6773,4.1851,0,1,156.633,0.151302083,-0.0390625,0,0,0,0,31,31,27,1,c,The patient has not taken Batatrim,The patient has overcome the crisis,,,,,,,,,,,,,,,,,,,,,,,,,,,,,,,,,,,,,,,,,,,,,,,,,,,,,,,,,,,,,,,,,,,,,,,,,,,,,,,,,,,,,,
,,,,,,,,[(%PROLIFIC_PID,2,2025-04-16_19h48.14.464,CLTandFLE,2024.1.5,Win32,60.97560976,5e830913ff38e3016d1a69f2,67ffc4c40efe1bd1090b10ee,67ffed350e190dff1ec9be98,,,,,,,,,,,,,,,,,,,,,,,,,,,,,,,,,,,,,,,,,,,254.6775,258.8493,4.1716,0,1,160.8046,0.151302083,-0.0390625,0,0,0,0,32,32,25,1,c,The patient has not taken Batatrim,The patient has overcome the crisis,,,,,,,,,,,,,,,,,,,,,,,,,,,,,,,,,,,,,,,,,,,,,,,,,,,,,,,,,,,,,,,,,,,,,,,,,,,,,,,,,,,,,,
,,,,,,,,[(%PROLIFIC_PID,2,2025-04-16_19h48.14.464,CLTandFLE,2024.1.5,Win32,60.97560976,5e830913ff38e3016d1a69f2,67ffc4c40efe1bd1090b10ee,67ffed350e190dff1ec9be98,,,,,,,,,,,,,,,,,,,,,,,,,,,,,,,,,,,,,,,,,,,258.8494,262.7305,3.881,0,1,164.6856,0.151302083,-0.0390625,0,0,0,0,33,33,4,1,a,The patient has taken Batatrim,The patient has overcome the crisis,,,,,,,,,,,,,,,,,,,,,,,,,,,,,,,,,,,,,,,,,,,,,,,,,,,,,,,,,,,,,,,,,,,,,,,,,,,,,,,,,,,,,,
,,,,,,,,[(%PROLIFIC_PID,2,2025-04-16_19h48.14.464,CLTandFLE,2024.1.5,Win32,60.97560976,5e830913ff38e3016d1a69f2,67ffc4c40efe1bd1090b10ee,67ffed350e190dff1ec9be98,,,,,,,,,,,,,,,,,,,,,,,,,,,,,,,,,,,,,,,,,,,262.7307,266.9158,4.185,0,1,168.8706,0.151302083,-0.0390625,0,0,0,0,34,34,14,1,b,The patient has taken Batatrim,The patient has overcome the crisis,,,,,,,,,,,,,,,,,,,,,,,,,,,,,,,,,,,,,,,,,,,,,,,,,,,,,,,,,,,,,,,,,,,,,,,,,,,,,,,,,,,,,,
,,,,,,,,[(%PROLIFIC_PID,2,2025-04-16_19h48.14.464,CLTandFLE,2024.1.5,Win32,60.97560976,5e830913ff38e3016d1a69f2,67ffc4c40efe1bd1090b10ee,67ffed350e190dff1ec9be98,,,,,,,,,,,,,,,,,,,,,,,,,,,,,,,,,,,,,,,,,,,266.916,271.0847,4.1686,0,1,173.0392,0.151302083,-0.0390625,0,0,0,0,35,35,2,1,a,The patient has taken Batatrim,The patient has overcome the crisis,,,,,,,,,,,,,,,,,,,,,,,,,,,,,,,,,,,,,,,,,,,,,,,,,,,,,,,,,,,,,,,,,,,,,,,,,,,,,,,,,,,,,,
,,,,,,,,[(%PROLIFIC_PID,2,2025-04-16_19h48.14.464,CLTandFLE,2024.1.5,Win32,60.97560976,5e830913ff38e3016d1a69f2,67ffc4c40efe1bd1090b10ee,67ffed350e190dff1ec9be98,,,,,,,,,,,,,,,,,,,,,,,,,,,,,,,,,,,,,,,,,,,271.0848,275.1879,4.1028,0,1,177.142,0.151302083,-0.0390625,0,0,0,0,36,36,32,1,c,The patient has not taken Batatrim,The patient has overcome the crisis,,,,,,,,,,,,,,,,,,,,,,,,,,,,,,,,,,,,,,,,,,,,,,,,,,,,,,,,,,,,,,,,,,,,,,,,,,,,,,,,,,,,,,
,,,,,,,,[(%PROLIFIC_PID,2,2025-04-16_19h48.14.464,CLTandFLE,2024.1.5,Win32,60.97560976,5e830913ff38e3016d1a69f2,67ffc4c40efe1bd1090b10ee,67ffed350e190dff1ec9be98,,,,,,,,,,,,,,,,,,,,,,,,,,,,,,,,,,,,,,,,,,,275.1882,279.3715,4.1831,0,1,181.3251,0.151302083,-0.0390625,0,0,0,0,37,37,0,1,a,The patient has taken Batatrim,The patient has overcome the crisis,,,,,,,,,,,,,,,,,,,,,,,,,,,,,,,,,,,,,,,,,,,,,,,,,,,,,,,,,,,,,,,,,,,,,,,,,,,,,,,,,,,,,,
,,,,,,,,[(%PROLIFIC_PID,2,2025-04-16_19h48.14.464,CLTandFLE,2024.1.5,Win32,60.97560976,5e830913ff38e3016d1a69f2,67ffc4c40efe1bd1090b10ee,67ffed350e190dff1ec9be98,,,,,,,,,,,,,,,,,,,,,,,,,,,,,,,,,,,,,,,,,,,279.3717,283.5402,4.1683,0,1,185.4934,-0.0921875,-0.141927083,0,0,0,0,38,38,11,1,a,The patient has taken Batatrim,The patient has overcome the crisis,,,,,,,,,,,,,,,,,,,,,,,,,,,,,,,,,,,,,,,,,,,,,,,,,,,,,,,,,,,,,,,,,,,,,,,,,,,,,,,,,,,,,,
,,,,,,,,[(%PROLIFIC_PID,2,2025-04-16_19h48.14.464,CLTandFLE,2024.1.5,Win32,60.97560976,5e830913ff38e3016d1a69f2,67ffc4c40efe1bd1090b10ee,67ffed350e190dff1ec9be98,,,,,,,,,,,,,,,,,,,,,,,,,,,,,,,,,,,,,,,,,,,283.5407,288.4425,4.9017,1,0,190.3951,-0.19375,-0.053385417,0,0,0,0,39,39,12,1,a,The patient has taken Batatrim,The patient has overcome the crisis,,,,,,,,,,,,,,,,,,,,,,,,,,,,,,,,,,,,,,,,,,,,,,,,,,,,,,,,,,,,,,,,,,,,,,,,,,,,,,,,,,,,,,
,,,,,,,,[(%PROLIFIC_PID,2,2025-04-16_19h48.14.464,CLTandFLE,2024.1.5,Win32,60.97560976,5e830913ff38e3016d1a69f2,67ffc4c40efe1bd1090b10ee,67ffed350e190dff1ec9be98,,318.0058,319.0068,,,,,,,,,,,,,,,,,,,,,,,,,,,,,,,,,,,,,,,,,,,,,,,,,,,,,,,,,,,289.4434,302.1984,12.7548,58,6.9251,0.02890625,-0.19140625,1,0,0,303.1996,318.0057,14.8058,80,13.211,0.041927083,-0.188802083,1,0,0,47,53,0,0,0,0,0,0,1,,,,,,,,,,,,,,,,,,,,,,,,,,,,,,,,,,,,,,,,,,,,,,,,,,,,,,,,,
,,,,,,,,[(%PROLIFIC_PID,2,2025-04-16_19h48.14.464,CLTandFLE,2024.1.5,Win32,60.97560976,5e830913ff38e3016d1a69f2,67ffc4c40efe1bd1090b10ee,67ffed350e190dff1ec9be98,,474.1207,475.1106,,,,,,,,,,,,,,,,,,,,,,,,,,,,,,,,,,,,,,,,,,,,,,,,,,,,,,,,,,,,,,,,,,,,,,,,,,,,,,,,,,,,,,,,382.0858,390.5551,8.469,1,7.0158,0.030208333,-0.252604167,1,0,0,51,Femmina,Sì,18,No,TRUE,FALSE,11,9,9,7,3,FALSE,Conferma,c1ok,c2ok,c3ok,c4ok,c5ok,c6ok,c7err2,c8ok,c9ok,c10ok,c11ok,c12ok,c13ok,c14ok,c15ok,c16ok,c17ok,c18ok,c19err2,c20ok,c21err3,c22err2,c23ok,c24ok,c25err3,c26ok,862.2977,869.1725,0,0,0,0,1
