﻿Alfa.started,Alfa.stopped,alfa_mouse.x,alfa_mouse.y,alfa_mouse.leftButton,alfa_mouse.midButton,alfa_mouse.rightButton,alfa_mouse.clicked_name,participant,group,date,expName,psychopyVersion,OS,frameRate,PROLIFIC_PID,STUDY_ID,SESSION_ID,)],ITI.started,ITI.stopped,B_consensoinformato.started,B_consensoinformato.stopped,tempo_consenso,cons_mouse.x,cons_mouse.y,cons_mouse.leftButton,cons_mouse.midButton,cons_mouse.rightButton,A_benvenuto.started,A_benvenuto.stopped,ben_mouse.x,ben_mouse.y,ben_mouse.leftButton,ben_mouse.midButton,ben_mouse.rightButton,B2_istruzioni.started,B2_istruzioni.stopped,tempo_istru,cons_mouse_2.x,cons_mouse_2.y,cons_mouse_2.leftButton,cons_mouse_2.midButton,cons_mouse_2.rightButton,SAMevaluation.started,SAMevaluation.stopped,temposam,sliderintensity.response,sliderintensity.rt,slidervalence.response,slidervalence.rt,mouse_sam.x,mouse_sam.y,mouse_sam.leftButton,mouse_sam.midButton,mouse_sam.rightButton,mouse_sam.time,mouse_sam.clicked_name,Loading.started,Loading.stopped,C_associative_task.started,C_associative_task.stopped,tempo_trial,hapremutosi,hapremutono,tempo_tasktot,mouse.x,mouse.y,mouse.leftButton,mouse.midButton,mouse.rightButton,trials.thisRepN,trials.thisTrialN,trials.thisN,trials.thisIndex,trials.ran,cond,causa,effetto,D_VD.started,D_VD.stopped,tempo_vd,vd.response,vd.rt,mouse_vd.x,mouse_vd.y,mouse_vd.leftButton,mouse_vd.midButton,mouse_vd.rightButton,Previous.started,Previous.stopped,tempo_vd1,previous.response,previous.rt,mouse_vd_2.x,mouse_vd_2.y,mouse_vd_2.leftButton,mouse_vd_2.midButton,mouse_vd_2.rightButton,EstITA.TrialSS,EstITA.TrialD,EstITA.TrialNS,EstITA.TrialSN,itaest.thisRepN,itaest.thisTrialN,itaest.thisN,itaest.thisIndex,itaest.ran,PF.started,PF.stopped,tempo_pf,processfluency.response,processfluency.rt,mouse_ch.x,mouse_ch.y,mouse_ch.leftButton,mouse_ch.midButton,mouse_ch.rightButton,Questionario_Lingua.Age,Questionario_Lingua.Sesso,Questionario_Lingua.StaiStudiando?,Questionario_Lingua.Anniscolarita,Questionario_Lingua.Diploma,Questionario_Lingua.ItaMADRE?,Questionario_Lingua.INGmadre?,Questionario_Lingua.Q5(AOAIng),Questionario_Lingua.INGLETTURA,Questionario_Lingua.INGCOMPRESO,Questionario_Lingua.INGSCRITTO,Questionario_Lingua.INGPARLATO,Questionario_Lingua.haivissutoestero,ProvaInglese.ProcediamoENg,ProvaInglese.C1,ProvaInglese.C2,ProvaInglese.C3,ProvaInglese.C4,ProvaInglese.C5,ProvaInglese.C6,ProvaInglese.C7,ProvaInglese.C8,ProvaInglese.C9,ProvaInglese.C10,ProvaInglese.C11,ProvaInglese.C12,ProvaInglese.C13,ProvaInglese.C14,ProvaInglese.C15,ProvaInglese.C16,ProvaInglese.C17,ProvaInglese.C18,ProvaInglese.C19,ProvaInglese.C20,ProvaInglese.C21,ProvaInglese.C22,ProvaInglese.C23,ProvaInglese.C24,ProvaInglese.C25,ProvaInglese.controlquestion,Ant_lastquestion.started,Ant_lastquestion.stopped,exp_loop.thisRepN,exp_loop.thisTrialN,exp_loop.thisN,exp_loop.thisIndex,exp_loop.ran
0.0006,9.8862,-0.059259259,-0.016666667,1,0,0,alfa_mask,[(%PROLIFIC_PID,1,2025-04-16_18h49.54.480,CLTandFLE,2024.1.5,Win32,60.24096386,5fde3414c274b3586b2e26b8,67ffc4c40efe1bd1090b10ee,67ffdf781a397dae49cad03b,,,,,,,,,,,,,,,,,,,,,,,,,,,,,,,,,,,,,,,,,,,,,,,,,,,,,,,,,,,,,,,,,,,,,,,,,,,,,,,,,,,,,,,,,,,,,,,,,,,,,,,,,,,,,,,,,,,,,,,,,,,,,,,,,,,,,,,,,,,,,,,,,,,
,,,,,,,,[(%PROLIFIC_PID,1,2025-04-16_18h49.54.480,CLTandFLE,2024.1.5,Win32,60.24096386,5fde3414c274b3586b2e26b8,67ffc4c40efe1bd1090b10ee,67ffdf781a397dae49cad03b,,9.8865,10.8825,,,,,,,,,,,,,,,,,,,,,,,,,,,,,,,,,,,,,,,,,,,,,,,,,,,,,,,,,,,,,,,,,,,,,,,,,,,,,,,,,,,,,,,,,,,,,,,,,,,,,,,,,,,,,,,,,,,,,,,,,,,,,,,,,,,,,,,,,,,,,,,,
,,,,,,,,[(%PROLIFIC_PID,1,2025-04-16_18h49.54.480,CLTandFLE,2024.1.5,Win32,60.24096386,5fde3414c274b3586b2e26b8,67ffc4c40efe1bd1090b10ee,67ffdf781a397dae49cad03b,,,,10.883,24.7338,13.8503,0.225925926,-0.389814815,1,0,0,,,,,,,,,,,,,,,,,,,,,,,,,,,,,,,,,,,,,,,,,,,,,,,,,,,,,,,,,,,,,,,,,,,,,,,,,,,,,,,,,,,,,,,,,,,,,,,,,,,,,,,,,,,,,,,,,,,,,,,,,,,,,,,,,,,,,,,,
,,,,,,,,[(%PROLIFIC_PID,1,2025-04-16_18h49.54.480,CLTandFLE,2024.1.5,Win32,60.24096386,5fde3414c274b3586b2e26b8,67ffc4c40efe1bd1090b10ee,67ffdf781a397dae49cad03b,,85.7467,86.7465,,,,,,,,,25.7329,28.7293,0.026851852,-0.07962963,1,0,0,29.7289,64.7012,34.9718,0.021296296,-0.390740741,1,0,0,65.7005,77.7467,12.0458,0.498842593,8.8446,0.487268519,4.9513,"[-0.002777777777777778,-0.000925925925925926,-0.024074074074074074]","[0.20833333333333334,-0.007407407407407408,-0.20185185185185187]","[1,1,1]","[0,0,0]","[0,0,0]","[2.091099999999628,8.656899999998501,12.040199999999246]","[""rettoksam""]",78.7469,85.7465,86.7605,114.7688,28.0079,1,0,28.0079,-0.019444444,-0.143518519,0,0,0,0,0,0,32,1,c,Il paziente non ha preso il Batatrim,Il paziente ha superato la crisi,,,,,,,,,,,,,,,,,,,,,,,,,,,,,,,,,,,,,,,,,,,,,,,,,,,,,,,,,,,,,,,,,,,,,,,,,,,,,,,,,,,,,,
,,,,,,,,[(%PROLIFIC_PID,1,2025-04-16_18h49.54.480,CLTandFLE,2024.1.5,Win32,60.24096386,5fde3414c274b3586b2e26b8,67ffc4c40efe1bd1090b10ee,67ffdf781a397dae49cad03b,,,,,,,,,,,,,,,,,,,,,,,,,,,,,,,,,,,,,,,,,,,114.7699,124.6979,9.9274,0,1,37.9353,-0.068518519,0.023148148,0,0,0,0,1,1,5,1,a,Il paziente ha preso il Batatrim,Il paziente ha superato la crisi,,,,,,,,,,,,,,,,,,,,,,,,,,,,,,,,,,,,,,,,,,,,,,,,,,,,,,,,,,,,,,,,,,,,,,,,,,,,,,,,,,,,,,
,,,,,,,,[(%PROLIFIC_PID,1,2025-04-16_18h49.54.480,CLTandFLE,2024.1.5,Win32,60.24096386,5fde3414c274b3586b2e26b8,67ffc4c40efe1bd1090b10ee,67ffdf781a397dae49cad03b,,,,,,,,,,,,,,,,,,,,,,,,,,,,,,,,,,,,,,,,,,,124.6985,130.0144,5.3156,1,0,43.2509,-0.081481481,-0.016666667,0,0,0,0,2,2,30,1,c,Il paziente non ha preso il Batatrim,Il paziente ha superato la crisi,,,,,,,,,,,,,,,,,,,,,,,,,,,,,,,,,,,,,,,,,,,,,,,,,,,,,,,,,,,,,,,,,,,,,,,,,,,,,,,,,,,,,,
,,,,,,,,[(%PROLIFIC_PID,1,2025-04-16_18h49.54.480,CLTandFLE,2024.1.5,Win32,60.24096386,5fde3414c274b3586b2e26b8,67ffc4c40efe1bd1090b10ee,67ffdf781a397dae49cad03b,,,,,,,,,,,,,,,,,,,,,,,,,,,,,,,,,,,,,,,,,,,130.0146,136.4144,6.3995,1,0,49.6504,-0.017592593,0.042592593,0,0,0,0,3,3,37,1,d,Il paziente non ha preso il Batatrim,Il paziente non ha superato la crisi,,,,,,,,,,,,,,,,,,,,,,,,,,,,,,,,,,,,,,,,,,,,,,,,,,,,,,,,,,,,,,,,,,,,,,,,,,,,,,,,,,,,,,
,,,,,,,,[(%PROLIFIC_PID,1,2025-04-16_18h49.54.480,CLTandFLE,2024.1.5,Win32,60.24096386,5fde3414c274b3586b2e26b8,67ffc4c40efe1bd1090b10ee,67ffdf781a397dae49cad03b,,,,,,,,,,,,,,,,,,,,,,,,,,,,,,,,,,,,,,,,,,,136.4149,141.3311,4.916,1,0,54.5664,-0.176851852,-0.030555556,0,0,0,0,4,4,6,1,a,Il paziente ha preso il Batatrim,Il paziente ha superato la crisi,,,,,,,,,,,,,,,,,,,,,,,,,,,,,,,,,,,,,,,,,,,,,,,,,,,,,,,,,,,,,,,,,,,,,,,,,,,,,,,,,,,,,,
,,,,,,,,[(%PROLIFIC_PID,1,2025-04-16_18h49.54.480,CLTandFLE,2024.1.5,Win32,60.24096386,5fde3414c274b3586b2e26b8,67ffc4c40efe1bd1090b10ee,67ffdf781a397dae49cad03b,,,,,,,,,,,,,,,,,,,,,,,,,,,,,,,,,,,,,,,,,,,141.3316,146.7647,5.4328,1,0,59.9992,-0.176851852,-0.030555556,0,0,0,0,5,5,24,1,c,Il paziente non ha preso il Batatrim,Il paziente ha superato la crisi,,,,,,,,,,,,,,,,,,,,,,,,,,,,,,,,,,,,,,,,,,,,,,,,,,,,,,,,,,,,,,,,,,,,,,,,,,,,,,,,,,,,,,
,,,,,,,,[(%PROLIFIC_PID,1,2025-04-16_18h49.54.480,CLTandFLE,2024.1.5,Win32,60.24096386,5fde3414c274b3586b2e26b8,67ffc4c40efe1bd1090b10ee,67ffdf781a397dae49cad03b,,,,,,,,,,,,,,,,,,,,,,,,,,,,,,,,,,,,,,,,,,,146.765,153.4529,6.6878,1,0,66.687,-0.175,-0.037962963,0,0,0,0,6,6,19,1,b,Il paziente ha preso il Batatrim,Il paziente non ha superato la crisi,,,,,,,,,,,,,,,,,,,,,,,,,,,,,,,,,,,,,,,,,,,,,,,,,,,,,,,,,,,,,,,,,,,,,,,,,,,,,,,,,,,,,,
,,,,,,,,[(%PROLIFIC_PID,1,2025-04-16_18h49.54.480,CLTandFLE,2024.1.5,Win32,60.24096386,5fde3414c274b3586b2e26b8,67ffc4c40efe1bd1090b10ee,67ffdf781a397dae49cad03b,,,,,,,,,,,,,,,,,,,,,,,,,,,,,,,,,,,,,,,,,,,153.4533,160.5149,7.0615,1,0,73.7485,-0.174074074,-0.037962963,0,0,0,0,7,7,28,1,c,Il paziente non ha preso il Batatrim,Il paziente ha superato la crisi,,,,,,,,,,,,,,,,,,,,,,,,,,,,,,,,,,,,,,,,,,,,,,,,,,,,,,,,,,,,,,,,,,,,,,,,,,,,,,,,,,,,,,
,,,,,,,,[(%PROLIFIC_PID,1,2025-04-16_18h49.54.480,CLTandFLE,2024.1.5,Win32,60.24096386,5fde3414c274b3586b2e26b8,67ffc4c40efe1bd1090b10ee,67ffdf781a397dae49cad03b,,,,,,,,,,,,,,,,,,,,,,,,,,,,,,,,,,,,,,,,,,,160.5156,166.0484,5.5326,0,1,79.2811,0.02037037,0.003703704,0,0,0,0,8,8,31,1,c,Il paziente non ha preso il Batatrim,Il paziente ha superato la crisi,,,,,,,,,,,,,,,,,,,,,,,,,,,,,,,,,,,,,,,,,,,,,,,,,,,,,,,,,,,,,,,,,,,,,,,,,,,,,,,,,,,,,,
,,,,,,,,[(%PROLIFIC_PID,1,2025-04-16_18h49.54.480,CLTandFLE,2024.1.5,Win32,60.24096386,5fde3414c274b3586b2e26b8,67ffc4c40efe1bd1090b10ee,67ffdf781a397dae49cad03b,,,,,,,,,,,,,,,,,,,,,,,,,,,,,,,,,,,,,,,,,,,166.0487,171.2318,5.1829,1,0,84.464,0.066666667,0.091666667,0,0,0,0,9,9,25,1,c,Il paziente non ha preso il Batatrim,Il paziente ha superato la crisi,,,,,,,,,,,,,,,,,,,,,,,,,,,,,,,,,,,,,,,,,,,,,,,,,,,,,,,,,,,,,,,,,,,,,,,,,,,,,,,,,,,,,,
,,,,,,,,[(%PROLIFIC_PID,1,2025-04-16_18h49.54.480,CLTandFLE,2024.1.5,Win32,60.24096386,5fde3414c274b3586b2e26b8,67ffc4c40efe1bd1090b10ee,67ffdf781a397dae49cad03b,,,,,,,,,,,,,,,,,,,,,,,,,,,,,,,,,,,,,,,,,,,171.2322,176.2131,4.9808,1,0,89.4448,-0.107407407,0.056481481,0,0,0,0,10,10,34,1,c,Il paziente non ha preso il Batatrim,Il paziente ha superato la crisi,,,,,,,,,,,,,,,,,,,,,,,,,,,,,,,,,,,,,,,,,,,,,,,,,,,,,,,,,,,,,,,,,,,,,,,,,,,,,,,,,,,,,,
,,,,,,,,[(%PROLIFIC_PID,1,2025-04-16_18h49.54.480,CLTandFLE,2024.1.5,Win32,60.24096386,5fde3414c274b3586b2e26b8,67ffc4c40efe1bd1090b10ee,67ffdf781a397dae49cad03b,,,,,,,,,,,,,,,,,,,,,,,,,,,,,,,,,,,,,,,,,,,176.2134,180.505,4.2914,0,1,93.7362,-0.021296296,0.078703704,0,0,0,0,11,11,9,1,a,Il paziente ha preso il Batatrim,Il paziente ha superato la crisi,,,,,,,,,,,,,,,,,,,,,,,,,,,,,,,,,,,,,,,,,,,,,,,,,,,,,,,,,,,,,,,,,,,,,,,,,,,,,,,,,,,,,,
,,,,,,,,[(%PROLIFIC_PID,1,2025-04-16_18h49.54.480,CLTandFLE,2024.1.5,Win32,60.24096386,5fde3414c274b3586b2e26b8,67ffc4c40efe1bd1090b10ee,67ffdf781a397dae49cad03b,,,,,,,,,,,,,,,,,,,,,,,,,,,,,,,,,,,,,,,,,,,180.5054,184.7065,4.2008,1,0,97.937,-0.084259259,0.056481481,0,0,0,0,12,12,17,1,b,Il paziente ha preso il Batatrim,Il paziente non ha superato la crisi,,,,,,,,,,,,,,,,,,,,,,,,,,,,,,,,,,,,,,,,,,,,,,,,,,,,,,,,,,,,,,,,,,,,,,,,,,,,,,,,,,,,,,
,,,,,,,,[(%PROLIFIC_PID,1,2025-04-16_18h49.54.480,CLTandFLE,2024.1.5,Win32,60.24096386,5fde3414c274b3586b2e26b8,67ffc4c40efe1bd1090b10ee,67ffdf781a397dae49cad03b,,,,,,,,,,,,,,,,,,,,,,,,,,,,,,,,,,,,,,,,,,,184.7068,188.7556,4.0486,1,0,101.9856,-0.02962963,0.013888889,0,0,0,0,13,13,21,1,c,Il paziente non ha preso il Batatrim,Il paziente ha superato la crisi,,,,,,,,,,,,,,,,,,,,,,,,,,,,,,,,,,,,,,,,,,,,,,,,,,,,,,,,,,,,,,,,,,,,,,,,,,,,,,,,,,,,,,
,,,,,,,,[(%PROLIFIC_PID,1,2025-04-16_18h49.54.480,CLTandFLE,2024.1.5,Win32,60.24096386,5fde3414c274b3586b2e26b8,67ffc4c40efe1bd1090b10ee,67ffdf781a397dae49cad03b,,,,,,,,,,,,,,,,,,,,,,,,,,,,,,,,,,,,,,,,,,,188.756,192.8157,4.0594,1,0,106.045,-0.101851852,0.077777778,0,0,0,0,14,14,18,1,b,Il paziente ha preso il Batatrim,Il paziente non ha superato la crisi,,,,,,,,,,,,,,,,,,,,,,,,,,,,,,,,,,,,,,,,,,,,,,,,,,,,,,,,,,,,,,,,,,,,,,,,,,,,,,,,,,,,,,
,,,,,,,,[(%PROLIFIC_PID,1,2025-04-16_18h49.54.480,CLTandFLE,2024.1.5,Win32,60.24096386,5fde3414c274b3586b2e26b8,67ffc4c40efe1bd1090b10ee,67ffdf781a397dae49cad03b,,,,,,,,,,,,,,,,,,,,,,,,,,,,,,,,,,,,,,,,,,,192.8161,196.9054,4.0891,1,0,110.1341,-0.030555556,0.096296296,0,0,0,0,15,15,2,1,a,Il paziente ha preso il Batatrim,Il paziente ha superato la crisi,,,,,,,,,,,,,,,,,,,,,,,,,,,,,,,,,,,,,,,,,,,,,,,,,,,,,,,,,,,,,,,,,,,,,,,,,,,,,,,,,,,,,,
,,,,,,,,[(%PROLIFIC_PID,1,2025-04-16_18h49.54.480,CLTandFLE,2024.1.5,Win32,60.24096386,5fde3414c274b3586b2e26b8,67ffc4c40efe1bd1090b10ee,67ffdf781a397dae49cad03b,,,,,,,,,,,,,,,,,,,,,,,,,,,,,,,,,,,,,,,,,,,196.9057,201.49,4.5841,1,0,114.7182,-0.118518519,0.071296296,0,0,0,0,16,16,38,1,d,Il paziente non ha preso il Batatrim,Il paziente non ha superato la crisi,,,,,,,,,,,,,,,,,,,,,,,,,,,,,,,,,,,,,,,,,,,,,,,,,,,,,,,,,,,,,,,,,,,,,,,,,,,,,,,,,,,,,,
,,,,,,,,[(%PROLIFIC_PID,1,2025-04-16_18h49.54.480,CLTandFLE,2024.1.5,Win32,60.24096386,5fde3414c274b3586b2e26b8,67ffc4c40efe1bd1090b10ee,67ffdf781a397dae49cad03b,,,,,,,,,,,,,,,,,,,,,,,,,,,,,,,,,,,,,,,,,,,201.4906,207.2828,5.792,1,0,120.5102,-0.001851852,0.00462963,0,0,0,0,17,17,23,1,c,Il paziente non ha preso il Batatrim,Il paziente ha superato la crisi,,,,,,,,,,,,,,,,,,,,,,,,,,,,,,,,,,,,,,,,,,,,,,,,,,,,,,,,,,,,,,,,,,,,,,,,,,,,,,,,,,,,,,
,,,,,,,,[(%PROLIFIC_PID,1,2025-04-16_18h49.54.480,CLTandFLE,2024.1.5,Win32,60.24096386,5fde3414c274b3586b2e26b8,67ffc4c40efe1bd1090b10ee,67ffdf781a397dae49cad03b,,,,,,,,,,,,,,,,,,,,,,,,,,,,,,,,,,,,,,,,,,,207.2835,213.702,6.4184,1,0,126.9286,-0.164814815,-0.025,0,0,0,0,18,18,14,1,b,Il paziente ha preso il Batatrim,Il paziente ha superato la crisi,,,,,,,,,,,,,,,,,,,,,,,,,,,,,,,,,,,,,,,,,,,,,,,,,,,,,,,,,,,,,,,,,,,,,,,,,,,,,,,,,,,,,,
,,,,,,,,[(%PROLIFIC_PID,1,2025-04-16_18h49.54.480,CLTandFLE,2024.1.5,Win32,60.24096386,5fde3414c274b3586b2e26b8,67ffc4c40efe1bd1090b10ee,67ffdf781a397dae49cad03b,,,,,,,,,,,,,,,,,,,,,,,,,,,,,,,,,,,,,,,,,,,213.7025,221.5163,7.8136,1,0,134.7422,-0.075,0.025,0,0,0,0,19,19,16,1,b,Il paziente ha preso il Batatrim,Il paziente non ha superato la crisi,,,,,,,,,,,,,,,,,,,,,,,,,,,,,,,,,,,,,,,,,,,,,,,,,,,,,,,,,,,,,,,,,,,,,,,,,,,,,,,,,,,,,,
,,,,,,,,[(%PROLIFIC_PID,1,2025-04-16_18h49.54.480,CLTandFLE,2024.1.5,Win32,60.24096386,5fde3414c274b3586b2e26b8,67ffc4c40efe1bd1090b10ee,67ffdf781a397dae49cad03b,,,,,,,,,,,,,,,,,,,,,,,,,,,,,,,,,,,,,,,,,,,221.5167,237.8168,16.2998,1,0,151.042,-0.160185185,0.14537037,0,0,0,0,20,20,29,1,c,Il paziente non ha preso il Batatrim,Il paziente ha superato la crisi,,,,,,,,,,,,,,,,,,,,,,,,,,,,,,,,,,,,,,,,,,,,,,,,,,,,,,,,,,,,,,,,,,,,,,,,,,,,,,,,,,,,,,
,,,,,,,,[(%PROLIFIC_PID,1,2025-04-16_18h49.54.480,CLTandFLE,2024.1.5,Win32,60.24096386,5fde3414c274b3586b2e26b8,67ffc4c40efe1bd1090b10ee,67ffdf781a397dae49cad03b,,,,,,,,,,,,,,,,,,,,,,,,,,,,,,,,,,,,,,,,,,,237.8174,242.6002,4.7826,1,0,155.8246,-0.205555556,0.087962963,0,0,0,0,21,21,0,1,a,Il paziente ha preso il Batatrim,Il paziente ha superato la crisi,,,,,,,,,,,,,,,,,,,,,,,,,,,,,,,,,,,,,,,,,,,,,,,,,,,,,,,,,,,,,,,,,,,,,,,,,,,,,,,,,,,,,,
,,,,,,,,[(%PROLIFIC_PID,1,2025-04-16_18h49.54.480,CLTandFLE,2024.1.5,Win32,60.24096386,5fde3414c274b3586b2e26b8,67ffc4c40efe1bd1090b10ee,67ffdf781a397dae49cad03b,,,,,,,,,,,,,,,,,,,,,,,,,,,,,,,,,,,,,,,,,,,242.6009,248.9336,6.3325,1,0,162.1571,-0.181481481,-0.013888889,0,0,0,0,22,22,4,1,a,Il paziente ha preso il Batatrim,Il paziente ha superato la crisi,,,,,,,,,,,,,,,,,,,,,,,,,,,,,,,,,,,,,,,,,,,,,,,,,,,,,,,,,,,,,,,,,,,,,,,,,,,,,,,,,,,,,,
,,,,,,,,[(%PROLIFIC_PID,1,2025-04-16_18h49.54.480,CLTandFLE,2024.1.5,Win32,60.24096386,5fde3414c274b3586b2e26b8,67ffc4c40efe1bd1090b10ee,67ffdf781a397dae49cad03b,,,,,,,,,,,,,,,,,,,,,,,,,,,,,,,,,,,,,,,,,,,248.9341,253.8003,4.866,1,0,167.0231,-0.043518519,0.024074074,0,0,0,0,23,23,3,1,a,Il paziente ha preso il Batatrim,Il paziente ha superato la crisi,,,,,,,,,,,,,,,,,,,,,,,,,,,,,,,,,,,,,,,,,,,,,,,,,,,,,,,,,,,,,,,,,,,,,,,,,,,,,,,,,,,,,,
,,,,,,,,[(%PROLIFIC_PID,1,2025-04-16_18h49.54.480,CLTandFLE,2024.1.5,Win32,60.24096386,5fde3414c274b3586b2e26b8,67ffc4c40efe1bd1090b10ee,67ffdf781a397dae49cad03b,,,,,,,,,,,,,,,,,,,,,,,,,,,,,,,,,,,,,,,,,,,253.8008,258.5005,4.6995,1,0,171.7226,-0.043518519,0.027777778,0,0,0,0,24,24,8,1,a,Il paziente ha preso il Batatrim,Il paziente ha superato la crisi,,,,,,,,,,,,,,,,,,,,,,,,,,,,,,,,,,,,,,,,,,,,,,,,,,,,,,,,,,,,,,,,,,,,,,,,,,,,,,,,,,,,,,
,,,,,,,,[(%PROLIFIC_PID,1,2025-04-16_18h49.54.480,CLTandFLE,2024.1.5,Win32,60.24096386,5fde3414c274b3586b2e26b8,67ffc4c40efe1bd1090b10ee,67ffdf781a397dae49cad03b,,,,,,,,,,,,,,,,,,,,,,,,,,,,,,,,,,,,,,,,,,,258.5011,268.2509,9.7495,1,0,181.4721,-0.057407407,0.026851852,0,0,0,0,25,25,10,1,a,Il paziente ha preso il Batatrim,Il paziente ha superato la crisi,,,,,,,,,,,,,,,,,,,,,,,,,,,,,,,,,,,,,,,,,,,,,,,,,,,,,,,,,,,,,,,,,,,,,,,,,,,,,,,,,,,,,,
,,,,,,,,[(%PROLIFIC_PID,1,2025-04-16_18h49.54.480,CLTandFLE,2024.1.5,Win32,60.24096386,5fde3414c274b3586b2e26b8,67ffc4c40efe1bd1090b10ee,67ffdf781a397dae49cad03b,,,,,,,,,,,,,,,,,,,,,,,,,,,,,,,,,,,,,,,,,,,268.2515,276.1843,7.9327,0,1,189.4048,0.065740741,0.017592593,0,0,0,0,26,26,33,1,c,Il paziente non ha preso il Batatrim,Il paziente ha superato la crisi,,,,,,,,,,,,,,,,,,,,,,,,,,,,,,,,,,,,,,,,,,,,,,,,,,,,,,,,,,,,,,,,,,,,,,,,,,,,,,,,,,,,,,
,,,,,,,,[(%PROLIFIC_PID,1,2025-04-16_18h49.54.480,CLTandFLE,2024.1.5,Win32,60.24096386,5fde3414c274b3586b2e26b8,67ffc4c40efe1bd1090b10ee,67ffdf781a397dae49cad03b,,,,,,,,,,,,,,,,,,,,,,,,,,,,,,,,,,,,,,,,,,,276.1848,281.3176,5.1327,1,0,194.5375,-0.059259259,-0.030555556,0,0,0,0,27,27,13,1,a,Il paziente ha preso il Batatrim,Il paziente ha superato la crisi,,,,,,,,,,,,,,,,,,,,,,,,,,,,,,,,,,,,,,,,,,,,,,,,,,,,,,,,,,,,,,,,,,,,,,,,,,,,,,,,,,,,,,
,,,,,,,,[(%PROLIFIC_PID,1,2025-04-16_18h49.54.480,CLTandFLE,2024.1.5,Win32,60.24096386,5fde3414c274b3586b2e26b8,67ffc4c40efe1bd1090b10ee,67ffdf781a397dae49cad03b,,,,,,,,,,,,,,,,,,,,,,,,,,,,,,,,,,,,,,,,,,,281.3181,287.6186,6.3003,1,0,200.8378,-0.149075082,-0.016866159,0,0,0,0,28,28,20,1,c,Il paziente non ha preso il Batatrim,Il paziente ha superato la crisi,,,,,,,,,,,,,,,,,,,,,,,,,,,,,,,,,,,,,,,,,,,,,,,,,,,,,,,,,,,,,,,,,,,,,,,,,,,,,,,,,,,,,,
,,,,,,,,[(%PROLIFIC_PID,1,2025-04-16_18h49.54.480,CLTandFLE,2024.1.5,Win32,60.24096386,5fde3414c274b3586b2e26b8,67ffc4c40efe1bd1090b10ee,67ffdf781a397dae49cad03b,,,,,,,,,,,,,,,,,,,,,,,,,,,,,,,,,,,,,,,,,,,287.6189,329.053,41.4336,1,0,242.2714,-0.082698585,0.175734494,0,0,0,0,29,29,35,1,d,Il paziente non ha preso il Batatrim,Il paziente non ha superato la crisi,,,,,,,,,,,,,,,,,,,,,,,,,,,,,,,,,,,,,,,,,,,,,,,,,,,,,,,,,,,,,,,,,,,,,,,,,,,,,,,,,,,,,,
,,,,,,,,[(%PROLIFIC_PID,1,2025-04-16_18h49.54.480,CLTandFLE,2024.1.5,Win32,60.24096386,5fde3414c274b3586b2e26b8,67ffc4c40efe1bd1090b10ee,67ffdf781a397dae49cad03b,,,,,,,,,,,,,,,,,,,,,,,,,,,,,,,,,,,,,,,,,,,329.0532,337.0876,8.0342,1,0,250.3056,0.010881393,0.24211099,0,0,0,0,30,30,27,1,c,Il paziente non ha preso il Batatrim,Il paziente ha superato la crisi,,,,,,,,,,,,,,,,,,,,,,,,,,,,,,,,,,,,,,,,,,,,,,,,,,,,,,,,,,,,,,,,,,,,,,,,,,,,,,,,,,,,,,
,,,,,,,,[(%PROLIFIC_PID,1,2025-04-16_18h49.54.480,CLTandFLE,2024.1.5,Win32,60.24096386,5fde3414c274b3586b2e26b8,67ffc4c40efe1bd1090b10ee,67ffdf781a397dae49cad03b,,,,,,,,,,,,,,,,,,,,,,,,,,,,,,,,,,,,,,,,,,,337.0882,342.0868,4.9983,1,0,255.3039,-0.023939064,0.058215452,0,0,0,0,31,31,26,1,c,Il paziente non ha preso il Batatrim,Il paziente ha superato la crisi,,,,,,,,,,,,,,,,,,,,,,,,,,,,,,,,,,,,,,,,,,,,,,,,,,,,,,,,,,,,,,,,,,,,,,,,,,,,,,,,,,,,,,
,,,,,,,,[(%PROLIFIC_PID,1,2025-04-16_18h49.54.480,CLTandFLE,2024.1.5,Win32,60.24096386,5fde3414c274b3586b2e26b8,67ffc4c40efe1bd1090b10ee,67ffdf781a397dae49cad03b,,,,,,,,,,,,,,,,,,,,,,,,,,,,,,,,,,,,,,,,,,,342.0875,346.6869,4.5993,1,0,259.9032,-0.200217628,0.115886834,0,0,0,0,32,32,7,1,a,Il paziente ha preso il Batatrim,Il paziente ha superato la crisi,,,,,,,,,,,,,,,,,,,,,,,,,,,,,,,,,,,,,,,,,,,,,,,,,,,,,,,,,,,,,,,,,,,,,,,,,,,,,,,,,,,,,,
,,,,,,,,[(%PROLIFIC_PID,1,2025-04-16_18h49.54.480,CLTandFLE,2024.1.5,Win32,60.24096386,5fde3414c274b3586b2e26b8,67ffc4c40efe1bd1090b10ee,67ffdf781a397dae49cad03b,,,,,,,,,,,,,,,,,,,,,,,,,,,,,,,,,,,,,,,,,,,346.6876,351.5198,4.8321,1,0,264.7353,-0.176278564,-0.027747552,0,0,0,0,33,33,22,1,c,Il paziente non ha preso il Batatrim,Il paziente ha superato la crisi,,,,,,,,,,,,,,,,,,,,,,,,,,,,,,,,,,,,,,,,,,,,,,,,,,,,,,,,,,,,,,,,,,,,,,,,,,,,,,,,,,,,,,
,,,,,,,,[(%PROLIFIC_PID,1,2025-04-16_18h49.54.480,CLTandFLE,2024.1.5,Win32,60.24096386,5fde3414c274b3586b2e26b8,67ffc4c40efe1bd1090b10ee,67ffdf781a397dae49cad03b,,,,,,,,,,,,,,,,,,,,,,,,,,,,,,,,,,,,,,,,,,,351.5205,356.3872,4.8664,1,0,269.6017,-0.173014146,0.036452666,0,0,0,0,34,34,12,1,a,Il paziente ha preso il Batatrim,Il paziente ha superato la crisi,,,,,,,,,,,,,,,,,,,,,,,,,,,,,,,,,,,,,,,,,,,,,,,,,,,,,,,,,,,,,,,,,,,,,,,,,,,,,,,,,,,,,,
,,,,,,,,[(%PROLIFIC_PID,1,2025-04-16_18h49.54.480,CLTandFLE,2024.1.5,Win32,60.24096386,5fde3414c274b3586b2e26b8,67ffc4c40efe1bd1090b10ee,67ffdf781a397dae49cad03b,,,,,,,,,,,,,,,,,,,,,,,,,,,,,,,,,,,,,,,,,,,356.3876,362.1041,5.7163,1,0,275.318,-0.18171926,-0.047334059,0,0,0,0,35,35,1,1,a,Il paziente ha preso il Batatrim,Il paziente ha superato la crisi,,,,,,,,,,,,,,,,,,,,,,,,,,,,,,,,,,,,,,,,,,,,,,,,,,,,,,,,,,,,,,,,,,,,,,,,,,,,,,,,,,,,,,
,,,,,,,,[(%PROLIFIC_PID,1,2025-04-16_18h49.54.480,CLTandFLE,2024.1.5,Win32,60.24096386,5fde3414c274b3586b2e26b8,67ffc4c40efe1bd1090b10ee,67ffdf781a397dae49cad03b,,,,,,,,,,,,,,,,,,,,,,,,,,,,,,,,,,,,,,,,,,,362.1046,367.5041,5.3993,1,0,280.7173,-0.18171926,-0.047334059,0,0,0,0,36,36,11,1,a,Il paziente ha preso il Batatrim,Il paziente ha superato la crisi,,,,,,,,,,,,,,,,,,,,,,,,,,,,,,,,,,,,,,,,,,,,,,,,,,,,,,,,,,,,,,,,,,,,,,,,,,,,,,,,,,,,,,
,,,,,,,,[(%PROLIFIC_PID,1,2025-04-16_18h49.54.480,CLTandFLE,2024.1.5,Win32,60.24096386,5fde3414c274b3586b2e26b8,67ffc4c40efe1bd1090b10ee,67ffdf781a397dae49cad03b,,,,,,,,,,,,,,,,,,,,,,,,,,,,,,,,,,,,,,,,,,,367.5047,375.0876,7.5826,1,0,288.2999,-0.18171926,-0.047334059,0,0,0,0,37,37,39,1,d,Il paziente non ha preso il Batatrim,Il paziente non ha superato la crisi,,,,,,,,,,,,,,,,,,,,,,,,,,,,,,,,,,,,,,,,,,,,,,,,,,,,,,,,,,,,,,,,,,,,,,,,,,,,,,,,,,,,,,
,,,,,,,,[(%PROLIFIC_PID,1,2025-04-16_18h49.54.480,CLTandFLE,2024.1.5,Win32,60.24096386,5fde3414c274b3586b2e26b8,67ffc4c40efe1bd1090b10ee,67ffdf781a397dae49cad03b,,,,,,,,,,,,,,,,,,,,,,,,,,,,,,,,,,,,,,,,,,,375.088,379.7204,4.6323,1,0,292.9322,-0.18171926,-0.047334059,0,0,0,0,38,38,36,1,d,Il paziente non ha preso il Batatrim,Il paziente non ha superato la crisi,,,,,,,,,,,,,,,,,,,,,,,,,,,,,,,,,,,,,,,,,,,,,,,,,,,,,,,,,,,,,,,,,,,,,,,,,,,,,,,,,,,,,,
,,,,,,,,[(%PROLIFIC_PID,1,2025-04-16_18h49.54.480,CLTandFLE,2024.1.5,Win32,60.24096386,5fde3414c274b3586b2e26b8,67ffc4c40efe1bd1090b10ee,67ffdf781a397dae49cad03b,,,,,,,,,,,,,,,,,,,,,,,,,,,,,,,,,,,,,,,,,,,379.7209,387.2709,7.5496,1,0,300.4818,-0.18171926,-0.047334059,0,0,0,0,39,39,15,1,b,Il paziente ha preso il Batatrim,Il paziente non ha superato la crisi,,,,,,,,,,,,,,,,,,,,,,,,,,,,,,,,,,,,,,,,,,,,,,,,,,,,,,,,,,,,,,,,,,,,,,,,,,,,,,,,,,,,,,
,,,,,,,,[(%PROLIFIC_PID,1,2025-04-16_18h49.54.480,CLTandFLE,2024.1.5,Win32,60.24096386,5fde3414c274b3586b2e26b8,67ffc4c40efe1bd1090b10ee,67ffdf781a397dae49cad03b,,425.4721,426.4719,,,,,,,,,,,,,,,,,,,,,,,,,,,,,,,,,,,,,,,,,,,,,,,,,,,,,,,,,,,388.271,409.1552,20.8838,30,18.8805,-0.047878128,-0.186615887,1,0,0,410.1552,425.4719,15.3164,78,14.3042,0.041349293,-0.176822633,1,0,0,10,2,20,5,0,0,0,0,1,,,,,,,,,,,,,,,,,,,,,,,,,,,,,,,,,,,,,,,,,,,,,,,,,,,,,,,,,
,,,,,,,,[(%PROLIFIC_PID,1,2025-04-16_18h49.54.480,CLTandFLE,2024.1.5,Win32,60.24096386,5fde3414c274b3586b2e26b8,67ffc4c40efe1bd1090b10ee,67ffdf781a397dae49cad03b,,572.2607,573.2576,,,,,,,,,,,,,,,,,,,,,,,,,,,,,,,,,,,,,,,,,,,,,,,,,,,,,,,,,,,,,,,,,,,,,,,,,,,,,,,,,,,,,,,,469.9055,483.9066,14.0006,2,12.3145,0.007616975,-0.213819369,1,0,0,22,Maschio,Sì,15,No,TRUE,FALSE,6,9,9,7,6,FALSE,Conferma,c1ok,c2ok,c3ok,c4ok,c5ok,c6ok,c7ok,c8ok,c9ok,c10ok,c11ok,c12ok,c13ok,c14err2,c15err,c16err3,c17ok,c18ok,c19ok,c20ok,c21err2,c22ok,c23ok,c24ok,c25ok,c26ok,845.5851,852.3975,0,0,0,0,1
