﻿Alfa.started,Alfa.stopped,alfa_mouse.x,alfa_mouse.y,alfa_mouse.leftButton,alfa_mouse.midButton,alfa_mouse.rightButton,alfa_mouse.clicked_name,participant,group,date,expName,psychopyVersion,OS,frameRate,PROLIFIC_PID,STUDY_ID,SESSION_ID,)],ITI.started,ITI.stopped,B_consensoinformato.started,B_consensoinformato.stopped,tempo_consenso,cons_mouse.x,cons_mouse.y,cons_mouse.leftButton,cons_mouse.midButton,cons_mouse.rightButton,A_benvenuto.started,A_benvenuto.stopped,ben_mouse.x,ben_mouse.y,ben_mouse.leftButton,ben_mouse.midButton,ben_mouse.rightButton,B2_istruzioni.started,B2_istruzioni.stopped,tempo_istru,cons_mouse_2.x,cons_mouse_2.y,cons_mouse_2.leftButton,cons_mouse_2.midButton,cons_mouse_2.rightButton,SAMevaluation.started,SAMevaluation.stopped,temposam,sliderintensity.response,sliderintensity.rt,slidervalence.response,slidervalence.rt,mouse_sam.x,mouse_sam.y,mouse_sam.leftButton,mouse_sam.midButton,mouse_sam.rightButton,mouse_sam.time,mouse_sam.clicked_name,Loading.started,Loading.stopped,C_associative_task.started,C_associative_task.stopped,tempo_trial,hapremutosi,hapremutono,tempo_tasktot,mouse.x,mouse.y,mouse.leftButton,mouse.midButton,mouse.rightButton,trials.thisRepN,trials.thisTrialN,trials.thisN,trials.thisIndex,trials.ran,cond,causa,effetto,D_VD.started,D_VD.stopped,tempo_vd,vd.response,vd.rt,mouse_vd.x,mouse_vd.y,mouse_vd.leftButton,mouse_vd.midButton,mouse_vd.rightButton,Previous.started,Previous.stopped,tempo_vd1,previous.response,previous.rt,mouse_vd_2.x,mouse_vd_2.y,mouse_vd_2.leftButton,mouse_vd_2.midButton,mouse_vd_2.rightButton,EstENG.TrialNS,EstENG.TrialSN,EstENG.TrialNN,EstENG.TrialSS,ingesta.thisRepN,ingesta.thisTrialN,ingesta.thisN,ingesta.thisIndex,ingesta.ran,PF.started,PF.stopped,tempo_pf,processfluency.response,processfluency.rt,mouse_ch.x,mouse_ch.y,mouse_ch.leftButton,mouse_ch.midButton,mouse_ch.rightButton,Questionario_Lingua.Age,Questionario_Lingua.Sesso,Questionario_Lingua.StaiStudiando?,Questionario_Lingua.Anniscolarita,Questionario_Lingua.Diploma,Questionario_Lingua.Punteggiodiploma,Questionario_Lingua.ItaMADRE?,Questionario_Lingua.INGmadre?,Questionario_Lingua.Q5(AOAIng),Questionario_Lingua.INGLETTURA,Questionario_Lingua.INGCOMPRESO,Questionario_Lingua.INGSCRITTO,Questionario_Lingua.INGPARLATO,Questionario_Lingua.haivissutoestero,ProvaInglese.ProcediamoENg,ProvaInglese.C1,ProvaInglese.C2,ProvaInglese.C3,ProvaInglese.C4,ProvaInglese.C5,ProvaInglese.C6,ProvaInglese.C7,ProvaInglese.C8,ProvaInglese.C9,ProvaInglese.C10,ProvaInglese.C11,ProvaInglese.C12,ProvaInglese.C13,ProvaInglese.C14,ProvaInglese.C15,ProvaInglese.C16,ProvaInglese.C17,ProvaInglese.C18,ProvaInglese.C19,ProvaInglese.C20,ProvaInglese.C21,ProvaInglese.C22,ProvaInglese.C23,ProvaInglese.C24,ProvaInglese.C25,ProvaInglese.controlquestion,Ant_lastquestion.started,Ant_lastquestion.stopped,exp_loop.thisRepN,exp_loop.thisTrialN,exp_loop.thisN,exp_loop.thisIndex,exp_loop.ran
0.0005,9.0145,0.0384326,0.00528812,1,0,0,alfa_mask,[(%PROLIFIC_PID,2,2025-04-16_18h57.31.813,CLTandFLE,2024.1.5,Win32,7.501875469,610187cc7c160e699ed70c7f,67ffc4c40efe1bd1090b10ee,67ffe160e5f56329e3a164ed,,,,,,,,,,,,,,,,,,,,,,,,,,,,,,,,,,,,,,,,,,,,,,,,,,,,,,,,,,,,,,,,,,,,,,,,,,,,,,,,,,,,,,,,,,,,,,,,,,,,,,,,,,,,,,,,,,,,,,,,,,,,,,,,,,,,,,,,,,,,,,,,,,,,
,,,,,,,,[(%PROLIFIC_PID,2,2025-04-16_18h57.31.813,CLTandFLE,2024.1.5,Win32,7.501875469,610187cc7c160e699ed70c7f,67ffc4c40efe1bd1090b10ee,67ffe160e5f56329e3a164ed,,9.0148,18.8827,,,,,,,,,,,,,,,,,,,,,,,,,,,,,,,,,,,,,,,,,,,,,,,,,,,,,,,,,,,,,,,,,,,,,,,,,,,,,,,,,,,,,,,,,,,,,,,,,,,,,,,,,,,,,,,,,,,,,,,,,,,,,,,,,,,,,,,,,,,,,,,,,
,,,,,,,,[(%PROLIFIC_PID,2,2025-04-16_18h57.31.813,CLTandFLE,2024.1.5,Win32,7.501875469,610187cc7c160e699ed70c7f,67ffc4c40efe1bd1090b10ee,67ffe160e5f56329e3a164ed,,,,18.8831,34.3781,15.4942,0.208576507,-0.390481418,1,0,0,,,,,,,,,,,,,,,,,,,,,,,,,,,,,,,,,,,,,,,,,,,,,,,,,,,,,,,,,,,,,,,,,,,,,,,,,,,,,,,,,,,,,,,,,,,,,,,,,,,,,,,,,,,,,,,,,,,,,,,,,,,,,,,,,,,,,,,,,
,,,,,,,,[(%PROLIFIC_PID,2,2025-04-16_18h57.31.813,CLTandFLE,2024.1.5,Win32,7.501875469,610187cc7c160e699ed70c7f,67ffc4c40efe1bd1090b10ee,67ffe160e5f56329e3a164ed,,273.0626,284.6276,,,,,,,,,44.6309,117.8421,0.069872279,-0.105675288,1,0,0,129.185,212.2753,83.0891,-0.034618287,-0.391406079,1,0,0,224.1747,255.0343,30.8591,0.718503838,8.6378,0.511697556,20.0654,"[0.007917668269230769,-0.0041033551409527975,0.013465892018138113]","[0.012685666384396853,0.1893024364551464,-0.20924114947552447]","[1,1,1]","[0,0,0]","[0,0,0]","[6.261300000011914,19.14530000001193,30.852100000023825]","[""sliderintensity"",""rettoksam""]",266.1817,273.0625,284.6676,300.9907,16.3221,1,0,16.3221,0.054152439,0.151389937,0,0,0,0,0,0,5,1,a,The patient has taken Batatrim,The patient has overcome the crisis,,,,,,,,,,,,,,,,,,,,,,,,,,,,,,,,,,,,,,,,,,,,,,,,,,,,,,,,,,,,,,,,,,,,,,,,,,,,,,,,,,,,,,,
,,,,,,,,[(%PROLIFIC_PID,2,2025-04-16_18h57.31.813,CLTandFLE,2024.1.5,Win32,7.501875469,610187cc7c160e699ed70c7f,67ffc4c40efe1bd1090b10ee,67ffe160e5f56329e3a164ed,,,,,,,,,,,,,,,,,,,,,,,,,,,,,,,,,,,,,,,,,,,300.9915,315.4593,14.4673,0,1,30.7894,0.227070415,-0.085332014,0,0,0,0,1,1,34,1,c,The patient has not taken Batatrim,The patient has overcome the crisis,,,,,,,,,,,,,,,,,,,,,,,,,,,,,,,,,,,,,,,,,,,,,,,,,,,,,,,,,,,,,,,,,,,,,,,,,,,,,,,,,,,,,,,
,,,,,,,,[(%PROLIFIC_PID,2,2025-04-16_18h57.31.813,CLTandFLE,2024.1.5,Win32,7.501875469,610187cc7c160e699ed70c7f,67ffc4c40efe1bd1090b10ee,67ffe160e5f56329e3a164ed,,,,,,,,,,,,,,,,,,,,,,,,,,,,,,,,,,,,,,,,,,,315.4604,364.8293,49.3686,1,0,80.158,0.357452435,-0.061289925,0,0,0,0,2,2,19,1,b,The patient has taken Batatrim,The patient has not overcome the crisis,,,,,,,,,,,,,,,,,,,,,,,,,,,,,,,,,,,,,,,,,,,,,,,,,,,,,,,,,,,,,,,,,,,,,,,,,,,,,,,,,,,,,,,
,,,,,,,,[(%PROLIFIC_PID,2,2025-04-16_18h57.31.813,CLTandFLE,2024.1.5,Win32,7.501875469,610187cc7c160e699ed70c7f,67ffc4c40efe1bd1090b10ee,67ffe160e5f56329e3a164ed,,,,,,,,,,,,,,,,,,,,,,,,,,,,,,,,,,,,,,,,,,,364.8299,385.892,21.0615,0,1,101.2195,0.081893302,0.021932621,0,0,0,0,3,3,33,1,c,The patient has not taken Batatrim,The patient has overcome the crisis,,,,,,,,,,,,,,,,,,,,,,,,,,,,,,,,,,,,,,,,,,,,,,,,,,,,,,,,,,,,,,,,,,,,,,,,,,,,,,,,,,,,,,,
,,,,,,,,[(%PROLIFIC_PID,2,2025-04-16_18h57.31.813,CLTandFLE,2024.1.5,Win32,7.501875469,610187cc7c160e699ed70c7f,67ffc4c40efe1bd1090b10ee,67ffe160e5f56329e3a164ed,,,,,,,,,,,,,,,,,,,,,,,,,,,,,,,,,,,,,,,,,,,385.8925,397.794,11.9011,0,1,113.1206,0.003294191,-0.182424991,0,0,0,0,4,4,30,1,c,The patient has not taken Batatrim,The patient has overcome the crisis,,,,,,,,,,,,,,,,,,,,,,,,,,,,,,,,,,,,,,,,,,,,,,,,,,,,,,,,,,,,,,,,,,,,,,,,,,,,,,,,,,,,,,,
,,,,,,,,[(%PROLIFIC_PID,2,2025-04-16_18h57.31.813,CLTandFLE,2024.1.5,Win32,7.501875469,610187cc7c160e699ed70c7f,67ffc4c40efe1bd1090b10ee,67ffe160e5f56329e3a164ed,,,,,,,,,,,,,,,,,,,,,,,,,,,,,,,,,,,,,,,,,,,397.7943,411.8945,14.0998,1,0,127.2204,-0.168699123,-0.045570128,0,0,0,0,5,5,24,1,c,The patient has not taken Batatrim,The patient has overcome the crisis,,,,,,,,,,,,,,,,,,,,,,,,,,,,,,,,,,,,,,,,,,,,,,,,,,,,,,,,,,,,,,,,,,,,,,,,,,,,,,,,,,,,,,,
,,,,,,,,[(%PROLIFIC_PID,2,2025-04-16_18h57.31.813,CLTandFLE,2024.1.5,Win32,7.501875469,610187cc7c160e699ed70c7f,67ffc4c40efe1bd1090b10ee,67ffe160e5f56329e3a164ed,,,,,,,,,,,,,,,,,,,,,,,,,,,,,,,,,,,,,,,,,,,411.8948,455.5885,43.6929,0,1,170.9133,0.064324055,0.11440212,0,0,0,0,6,6,21,1,c,The patient has not taken Batatrim,The patient has overcome the crisis,,,,,,,,,,,,,,,,,,,,,,,,,,,,,,,,,,,,,,,,,,,,,,,,,,,,,,,,,,,,,,,,,,,,,,,,,,,,,,,,,,,,,,,
,,,,,,,,[(%PROLIFIC_PID,2,2025-04-16_18h57.31.813,CLTandFLE,2024.1.5,Win32,7.501875469,610187cc7c160e699ed70c7f,67ffc4c40efe1bd1090b10ee,67ffe160e5f56329e3a164ed,,,,,,,,,,,,,,,,,,,,,,,,,,,,,,,,,,,,,,,,,,,455.5888,465.1883,9.599,1,0,180.5123,-0.064208558,0.026556098,0,0,0,0,7,7,7,1,a,The patient has taken Batatrim,The patient has overcome the crisis,,,,,,,,,,,,,,,,,,,,,,,,,,,,,,,,,,,,,,,,,,,,,,,,,,,,,,,,,,,,,,,,,,,,,,,,,,,,,,,,,,,,,,,
,,,,,,,,[(%PROLIFIC_PID,2,2025-04-16_18h57.31.813,CLTandFLE,2024.1.5,Win32,7.501875469,610187cc7c160e699ed70c7f,67ffc4c40efe1bd1090b10ee,67ffe160e5f56329e3a164ed,,,,,,,,,,,,,,,,,,,,,,,,,,,,,,,,,,,,,,,,,,,465.1887,493.1938,28.0047,1,0,208.517,0.227070415,-0.195370718,0,0,0,0,8,8,1,1,a,The patient has taken Batatrim,The patient has overcome the crisis,,,,,,,,,,,,,,,,,,,,,,,,,,,,,,,,,,,,,,,,,,,,,,,,,,,,,,,,,,,,,,,,,,,,,,,,,,,,,,,,,,,,,,,
,,,,,,,,[(%PROLIFIC_PID,2,2025-04-16_18h57.31.813,CLTandFLE,2024.1.5,Win32,7.501875469,610187cc7c160e699ed70c7f,67ffc4c40efe1bd1090b10ee,67ffe160e5f56329e3a164ed,,,,,,,,,,,,,,,,,,,,,,,,,,,,,,,,,,,,,,,,,,,493.1943,503.1031,9.9086,0,1,218.4256,0.210425914,-0.049268901,0,0,0,0,9,9,38,1,d,The patient has not taken Batatrim,The patient has not overcome the crisis,,,,,,,,,,,,,,,,,,,,,,,,,,,,,,,,,,,,,,,,,,,,,,,,,,,,,,,,,,,,,,,,,,,,,,,,,,,,,,,,,,,,,,,
,,,,,,,,[(%PROLIFIC_PID,2,2025-04-16_18h57.31.813,CLTandFLE,2024.1.5,Win32,7.501875469,610187cc7c160e699ed70c7f,67ffc4c40efe1bd1090b10ee,67ffe160e5f56329e3a164ed,,,,,,,,,,,,,,,,,,,,,,,,,,,,,,,,,,,,,,,,,,,503.1037,525.6285,22.5242,0,1,240.9498,0.376871005,-0.146361878,0,0,0,0,10,10,25,1,c,The patient has not taken Batatrim,The patient has overcome the crisis,,,,,,,,,,,,,,,,,,,,,,,,,,,,,,,,,,,,,,,,,,,,,,,,,,,,,,,,,,,,,,,,,,,,,,,,,,,,,,,,,,,,,,,
,,,,,,,,[(%PROLIFIC_PID,2,2025-04-16_18h57.31.813,CLTandFLE,2024.1.5,Win32,7.501875469,610187cc7c160e699ed70c7f,67ffc4c40efe1bd1090b10ee,67ffe160e5f56329e3a164ed,,,,,,,,,,,,,,,,,,,,,,,,,,,,,,,,,,,,,,,,,,,525.6289,536.2818,10.6524,0,1,251.6022,0.240016185,-0.03539847,0,0,0,0,11,11,16,1,b,The patient has taken Batatrim,The patient has not overcome the crisis,,,,,,,,,,,,,,,,,,,,,,,,,,,,,,,,,,,,,,,,,,,,,,,,,,,,,,,,,,,,,,,,,,,,,,,,,,,,,,,,,,,,,,,
,,,,,,,,[(%PROLIFIC_PID,2,2025-04-16_18h57.31.813,CLTandFLE,2024.1.5,Win32,7.501875469,610187cc7c160e699ed70c7f,67ffc4c40efe1bd1090b10ee,67ffe160e5f56329e3a164ed,,,,,,,,,,,,,,,,,,,,,,,,,,,,,,,,,,,,,,,,,,,536.2825,547.7942,11.5113,1,0,263.1135,0.033809123,-0.074235652,0,0,0,0,12,12,22,1,c,The patient has not taken Batatrim,The patient has overcome the crisis,,,,,,,,,,,,,,,,,,,,,,,,,,,,,,,,,,,,,,,,,,,,,,,,,,,,,,,,,,,,,,,,,,,,,,,,,,,,,,,,,,,,,,,
,,,,,,,,[(%PROLIFIC_PID,2,2025-04-16_18h57.31.813,CLTandFLE,2024.1.5,Win32,7.501875469,610187cc7c160e699ed70c7f,67ffc4c40efe1bd1090b10ee,67ffe160e5f56329e3a164ed,,,,,,,,,,,,,,,,,,,,,,,,,,,,,,,,,,,,,,,,,,,547.7947,564.1526,16.3567,0,1,279.4702,0.071721687,-0.026151516,0,0,0,0,13,13,2,1,a,The patient has taken Batatrim,The patient has overcome the crisis,,,,,,,,,,,,,,,,,,,,,,,,,,,,,,,,,,,,,,,,,,,,,,,,,,,,,,,,,,,,,,,,,,,,,,,,,,,,,,,,,,,,,,,
,,,,,,,,[(%PROLIFIC_PID,2,2025-04-16_18h57.31.813,CLTandFLE,2024.1.5,Win32,7.501875469,610187cc7c160e699ed70c7f,67ffc4c40efe1bd1090b10ee,67ffe160e5f56329e3a164ed,,,,,,,,,,,,,,,,,,,,,,,,,,,,,,,,,,,,,,,,,,,564.1529,590.8473,26.694,1,0,306.1642,0.118881119,-0.497746053,0,0,0,0,14,14,12,1,a,The patient has taken Batatrim,The patient has overcome the crisis,,,,,,,,,,,,,,,,,,,,,,,,,,,,,,,,,,,,,,,,,,,,,,,,,,,,,,,,,,,,,,,,,,,,,,,,,,,,,,,,,,,,,,,
,,,,,,,,[(%PROLIFIC_PID,2,2025-04-16_18h57.31.813,CLTandFLE,2024.1.5,Win32,7.501875469,610187cc7c160e699ed70c7f,67ffc4c40efe1bd1090b10ee,67ffe160e5f56329e3a164ed,,,,,,,,,,,,,,,,,,,,,,,,,,,,,,,,,,,,,,,,,,,590.8478,633.9384,43.0902,1,0,349.2544,0.056926509,-0.160232309,0,0,0,0,15,15,31,1,c,The patient has not taken Batatrim,The patient has overcome the crisis,,,,,,,,,,,,,,,,,,,,,,,,,,,,,,,,,,,,,,,,,,,,,,,,,,,,,,,,,,,,,,,,,,,,,,,,,,,,,,,,,,,,,,,
,,,,,,,,[(%PROLIFIC_PID,2,2025-04-16_18h57.31.813,CLTandFLE,2024.1.5,Win32,7.501875469,610187cc7c160e699ed70c7f,67ffc4c40efe1bd1090b10ee,67ffe160e5f56329e3a164ed,,,,,,,,,,,,,,,,,,,,,,,,,,,,,,,,,,,,,,,,,,,633.9389,645.3074,11.3683,0,1,360.6227,0.047679554,-0.012281084,0,0,0,0,16,16,13,1,a,The patient has taken Batatrim,The patient has overcome the crisis,,,,,,,,,,,,,,,,,,,,,,,,,,,,,,,,,,,,,,,,,,,,,,,,,,,,,,,,,,,,,,,,,,,,,,,,,,,,,,,,,,,,,,,
,,,,,,,,[(%PROLIFIC_PID,2,2025-04-16_18h57.31.813,CLTandFLE,2024.1.5,Win32,7.501875469,610187cc7c160e699ed70c7f,67ffc4c40efe1bd1090b10ee,67ffe160e5f56329e3a164ed,,,,,,,,,,,,,,,,,,,,,,,,,,,,,,,,,,,,,,,,,,,645.3079,655.1821,9.8739,0,1,370.4966,0.150320712,0.048748779,0,0,0,0,17,17,8,1,a,The patient has taken Batatrim,The patient has overcome the crisis,,,,,,,,,,,,,,,,,,,,,,,,,,,,,,,,,,,,,,,,,,,,,,,,,,,,,,,,,,,,,,,,,,,,,,,,,,,,,,,,,,,,,,,
,,,,,,,,[(%PROLIFIC_PID,2,2025-04-16_18h57.31.813,CLTandFLE,2024.1.5,Win32,7.501875469,610187cc7c160e699ed70c7f,67ffc4c40efe1bd1090b10ee,67ffe160e5f56329e3a164ed,,,,,,,,,,,,,,,,,,,,,,,,,,,,,,,,,,,,,,,,,,,655.1826,708.3174,53.1345,1,0,423.6311,0.059700578,0.085736596,0,0,0,0,18,18,15,1,b,The patient has taken Batatrim,The patient has not overcome the crisis,,,,,,,,,,,,,,,,,,,,,,,,,,,,,,,,,,,,,,,,,,,,,,,,,,,,,,,,,,,,,,,,,,,,,,,,,,,,,,,,,,,,,,,
,,,,,,,,[(%PROLIFIC_PID,2,2025-04-16_18h57.31.813,CLTandFLE,2024.1.5,Win32,7.501875469,610187cc7c160e699ed70c7f,67ffc4c40efe1bd1090b10ee,67ffe160e5f56329e3a164ed,,,,,,,,,,,,,,,,,,,,,,,,,,,,,,,,,,,,,,,,,,,708.3179,719.1957,10.8773,0,1,434.5084,0.134600958,-0.039097243,0,0,0,0,19,19,17,1,b,The patient has taken Batatrim,The patient has not overcome the crisis,,,,,,,,,,,,,,,,,,,,,,,,,,,,,,,,,,,,,,,,,,,,,,,,,,,,,,,,,,,,,,,,,,,,,,,,,,,,,,,,,,,,,,,
,,,,,,,,[(%PROLIFIC_PID,2,2025-04-16_18h57.31.813,CLTandFLE,2024.1.5,Win32,7.501875469,610187cc7c160e699ed70c7f,67ffc4c40efe1bd1090b10ee,67ffe160e5f56329e3a164ed,,,,,,,,,,,,,,,,,,,,,,,,,,,,,,,,,,,,,,,,,,,719.1964,744.0894,24.8926,0,1,459.401,0.25296187,-0.02707622,0,0,0,0,20,20,36,1,d,The patient has not taken Batatrim,The patient has not overcome the crisis,,,,,,,,,,,,,,,,,,,,,,,,,,,,,,,,,,,,,,,,,,,,,,,,,,,,,,,,,,,,,,,,,,,,,,,,,,,,,,,,,,,,,,,
,,,,,,,,[(%PROLIFIC_PID,2,2025-04-16_18h57.31.813,CLTandFLE,2024.1.5,Win32,7.501875469,610187cc7c160e699ed70c7f,67ffc4c40efe1bd1090b10ee,67ffe160e5f56329e3a164ed,,,,,,,,,,,,,,,,,,,,,,,,,,,,,,,,,,,,,,,,,,,744.09,757.5185,13.4281,1,0,472.8291,0.818875314,-0.3035601,0,0,0,0,21,21,37,1,d,The patient has not taken Batatrim,The patient has not overcome the crisis,,,,,,,,,,,,,,,,,,,,,,,,,,,,,,,,,,,,,,,,,,,,,,,,,,,,,,,,,,,,,,,,,,,,,,,,,,,,,,,,,,,,,,,
,,,,,,,,[(%PROLIFIC_PID,2,2025-04-16_18h57.31.813,CLTandFLE,2024.1.5,Win32,7.501875469,610187cc7c160e699ed70c7f,67ffc4c40efe1bd1090b10ee,67ffe160e5f56329e3a164ed,,,,,,,,,,,,,,,,,,,,,,,,,,,,,,,,,,,,,,,,,,,757.519,773.5285,16.0091,1,0,488.8382,0.157718258,-0.359966486,0,0,0,0,22,22,20,1,c,The patient has not taken Batatrim,The patient has overcome the crisis,,,,,,,,,,,,,,,,,,,,,,,,,,,,,,,,,,,,,,,,,,,,,,,,,,,,,,,,,,,,,,,,,,,,,,,,,,,,,,,,,,,,,,,
,,,,,,,,[(%PROLIFIC_PID,2,2025-04-16_18h57.31.813,CLTandFLE,2024.1.5,Win32,7.501875469,610187cc7c160e699ed70c7f,67ffc4c40efe1bd1090b10ee,67ffe160e5f56329e3a164ed,,,,,,,,,,,,,,,,,,,,,,,,,,,,,,,,,,,,,,,,,,,773.5289,796.9981,23.4688,0,1,512.307,-0.234352421,-0.026151516,0,0,0,0,23,23,9,1,a,The patient has taken Batatrim,The patient has overcome the crisis,,,,,,,,,,,,,,,,,,,,,,,,,,,,,,,,,,,,,,,,,,,,,,,,,,,,,,,,,,,,,,,,,,,,,,,,,,,,,,,,,,,,,,,
,,,,,,,,[(%PROLIFIC_PID,2,2025-04-16_18h57.31.813,CLTandFLE,2024.1.5,Win32,7.501875469,610187cc7c160e699ed70c7f,67ffc4c40efe1bd1090b10ee,67ffe160e5f56329e3a164ed,,,,,,,,,,,,,,,,,,,,,,,,,,,,,,,,,,,,,,,,,,,796.9986,811.6384,14.639,1,0,526.946,0.248338393,-0.142663105,0,0,0,0,24,24,32,1,c,The patient has not taken Batatrim,The patient has overcome the crisis,,,,,,,,,,,,,,,,,,,,,,,,,,,,,,,,,,,,,,,,,,,,,,,,,,,,,,,,,,,,,,,,,,,,,,,,,,,,,,,,,,,,,,,
,,,,,,,,[(%PROLIFIC_PID,2,2025-04-16_18h57.31.813,CLTandFLE,2024.1.5,Win32,7.501875469,610187cc7c160e699ed70c7f,67ffc4c40efe1bd1090b10ee,67ffe160e5f56329e3a164ed,,,,,,,,,,,,,,,,,,,,,,,,,,,,,,,,,,,,,,,,,,,811.6388,826.5772,14.938,0,1,541.884,-0.418366759,0.021007917,0,0,0,0,25,25,4,1,a,The patient has taken Batatrim,The patient has overcome the crisis,,,,,,,,,,,,,,,,,,,,,,,,,,,,,,,,,,,,,,,,,,,,,,,,,,,,,,,,,,,,,,,,,,,,,,,,,,,,,,,,,,,,,,,
,,,,,,,,[(%PROLIFIC_PID,2,2025-04-16_18h57.31.813,CLTandFLE,2024.1.5,Win32,7.501875469,610187cc7c160e699ed70c7f,67ffc4c40efe1bd1090b10ee,67ffe160e5f56329e3a164ed,,,,,,,,,,,,,,,,,,,,,,,,,,,,,,,,,,,,,,,,,,,826.5775,838.6814,12.1036,1,0,553.9876,-0.14095826,-0.042796016,0,0,0,0,26,26,27,1,c,The patient has not taken Batatrim,The patient has overcome the crisis,,,,,,,,,,,,,,,,,,,,,,,,,,,,,,,,,,,,,,,,,,,,,,,,,,,,,,,,,,,,,,,,,,,,,,,,,,,,,,,,,,,,,,,
,,,,,,,,[(%PROLIFIC_PID,2,2025-04-16_18h57.31.813,CLTandFLE,2024.1.5,Win32,7.501875469,610187cc7c160e699ed70c7f,67ffc4c40efe1bd1090b10ee,67ffe160e5f56329e3a164ed,,,,,,,,,,,,,,,,,,,,,,,,,,,,,,,,,,,,,,,,,,,838.6821,850.8449,12.1625,0,1,566.1501,0.204877776,0.009911597,0,0,0,0,27,27,0,1,a,The patient has taken Batatrim,The patient has overcome the crisis,,,,,,,,,,,,,,,,,,,,,,,,,,,,,,,,,,,,,,,,,,,,,,,,,,,,,,,,,,,,,,,,,,,,,,,,,,,,,,,,,,,,,,,
,,,,,,,,[(%PROLIFIC_PID,2,2025-04-16_18h57.31.813,CLTandFLE,2024.1.5,Win32,7.501875469,610187cc7c160e699ed70c7f,67ffc4c40efe1bd1090b10ee,67ffe160e5f56329e3a164ed,,,,,,,,,,,,,,,,,,,,,,,,,,,,,,,,,,,,,,,,,,,850.8454,862.5599,11.714,1,0,577.8641,0.575680521,0.172657936,0,0,0,0,28,28,35,1,d,The patient has not taken Batatrim,The patient has not overcome the crisis,,,,,,,,,,,,,,,,,,,,,,,,,,,,,,,,,,,,,,,,,,,,,,,,,,,,,,,,,,,,,,,,,,,,,,,,,,,,,,,,,,,,,,,
,,,,,,,,[(%PROLIFIC_PID,2,2025-04-16_18h57.31.813,CLTandFLE,2024.1.5,Win32,7.501875469,610187cc7c160e699ed70c7f,67ffc4c40efe1bd1090b10ee,67ffe160e5f56329e3a164ed,,,,,,,,,,,,,,,,,,,,,,,,,,,,,,,,,,,,,,,,,,,862.5605,876.8964,14.3354,0,1,592.1995,-0.149280468,-0.013205788,0,0,0,0,29,29,23,1,c,The patient has not taken Batatrim,The patient has overcome the crisis,,,,,,,,,,,,,,,,,,,,,,,,,,,,,,,,,,,,,,,,,,,,,,,,,,,,,,,,,,,,,,,,,,,,,,,,,,,,,,,,,,,,,,,
,,,,,,,,[(%PROLIFIC_PID,2,2025-04-16_18h57.31.813,CLTandFLE,2024.1.5,Win32,7.501875469,610187cc7c160e699ed70c7f,67ffc4c40efe1bd1090b10ee,67ffe160e5f56329e3a164ed,,,,,,,,,,,,,,,,,,,,,,,,,,,,,,,,,,,,,,,,,,,876.8968,888.0605,11.1634,1,0,603.3629,-0.145581738,0.011760962,0,0,0,0,30,30,6,1,a,The patient has taken Batatrim,The patient has overcome the crisis,,,,,,,,,,,,,,,,,,,,,,,,,,,,,,,,,,,,,,,,,,,,,,,,,,,,,,,,,,,,,,,,,,,,,,,,,,,,,,,,,,,,,,,
,,,,,,,,[(%PROLIFIC_PID,2,2025-04-16_18h57.31.813,CLTandFLE,2024.1.5,Win32,7.501875469,610187cc7c160e699ed70c7f,67ffc4c40efe1bd1090b10ee,67ffe160e5f56329e3a164ed,,,,,,,,,,,,,,,,,,,,,,,,,,,,,,,,,,,,,,,,,,,888.061,900.0399,11.9785,0,1,615.3414,-0.176096627,-0.036323174,0,0,0,0,31,31,28,1,c,The patient has not taken Batatrim,The patient has overcome the crisis,,,,,,,,,,,,,,,,,,,,,,,,,,,,,,,,,,,,,,,,,,,,,,,,,,,,,,,,,,,,,,,,,,,,,,,,,,,,,,,,,,,,,,,
,,,,,,,,[(%PROLIFIC_PID,2,2025-04-16_18h57.31.813,CLTandFLE,2024.1.5,Win32,7.501875469,610187cc7c160e699ed70c7f,67ffc4c40efe1bd1090b10ee,67ffe160e5f56329e3a164ed,,,,,,,,,,,,,,,,,,,,,,,,,,,,,,,,,,,,,,,,,,,900.0404,910.6988,10.658,1,0,625.9994,-0.152979284,-0.077009764,0,0,0,0,32,32,3,1,a,The patient has taken Batatrim,The patient has overcome the crisis,,,,,,,,,,,,,,,,,,,,,,,,,,,,,,,,,,,,,,,,,,,,,,,,,,,,,,,,,,,,,,,,,,,,,,,,,,,,,,,,,,,,,,,
,,,,,,,,[(%PROLIFIC_PID,2,2025-04-16_18h57.31.813,CLTandFLE,2024.1.5,Win32,7.501875469,610187cc7c160e699ed70c7f,67ffc4c40efe1bd1090b10ee,67ffe160e5f56329e3a164ed,,,,,,,,,,,,,,,,,,,,,,,,,,,,,,,,,,,,,,,,,,,910.6992,920.8161,10.1165,1,0,636.1159,-0.136334783,-0.247153628,0,0,0,0,33,33,29,1,c,The patient has not taken Batatrim,The patient has overcome the crisis,,,,,,,,,,,,,,,,,,,,,,,,,,,,,,,,,,,,,,,,,,,,,,,,,,,,,,,,,,,,,,,,,,,,,,,,,,,,,,,,,,,,,,,
,,,,,,,,[(%PROLIFIC_PID,2,2025-04-16_18h57.31.813,CLTandFLE,2024.1.5,Win32,7.501875469,610187cc7c160e699ed70c7f,67ffc4c40efe1bd1090b10ee,67ffe160e5f56329e3a164ed,,,,,,,,,,,,,,,,,,,,,,,,,,,,,,,,,,,,,,,,,,,920.8164,936.4778,15.6603,1,0,651.7762,-0.223256102,-0.028925628,0,0,0,0,34,34,26,1,c,The patient has not taken Batatrim,The patient has overcome the crisis,,,,,,,,,,,,,,,,,,,,,,,,,,,,,,,,,,,,,,,,,,,,,,,,,,,,,,,,,,,,,,,,,,,,,,,,,,,,,,,,,,,,,,,
,,,,,,,,[(%PROLIFIC_PID,2,2025-04-16_18h57.31.813,CLTandFLE,2024.1.5,Win32,7.501875469,610187cc7c160e699ed70c7f,67ffc4c40efe1bd1090b10ee,67ffe160e5f56329e3a164ed,,,,,,,,,,,,,,,,,,,,,,,,,,,,,,,,,,,,,,,,,,,936.4781,960.5446,24.0662,0,1,675.8424,0.190082598,-0.03539847,0,0,0,0,35,35,14,1,b,The patient has taken Batatrim,The patient has overcome the crisis,,,,,,,,,,,,,,,,,,,,,,,,,,,,,,,,,,,,,,,,,,,,,,,,,,,,,,,,,,,,,,,,,,,,,,,,,,,,,,,,,,,,,,,
,,,,,,,,[(%PROLIFIC_PID,2,2025-04-16_18h57.31.813,CLTandFLE,2024.1.5,Win32,7.501875469,610187cc7c160e699ed70c7f,67ffc4c40efe1bd1090b10ee,67ffe160e5f56329e3a164ed,,,,,,,,,,,,,,,,,,,,,,,,,,,,,,,,,,,,,,,,,,,960.5451,1020.6733,60.1273,0,1,735.9697,0.041206669,0.14954055,0,0,0,0,36,36,11,1,a,The patient has taken Batatrim,The patient has overcome the crisis,,,,,,,,,,,,,,,,,,,,,,,,,,,,,,,,,,,,,,,,,,,,,,,,,,,,,,,,,,,,,,,,,,,,,,,,,,,,,,,,,,,,,,,
,,,,,,,,[(%PROLIFIC_PID,2,2025-04-16_18h57.31.813,CLTandFLE,2024.1.5,Win32,7.501875469,610187cc7c160e699ed70c7f,67ffc4c40efe1bd1090b10ee,67ffe160e5f56329e3a164ed,,,,,,,,,,,,,,,,,,,,,,,,,,,,,,,,,,,,,,,,,,,1020.6738,1033.9628,13.2887,0,1,749.2584,0.020863438,0.027480802,0,0,0,0,37,37,18,1,b,The patient has taken Batatrim,The patient has not overcome the crisis,,,,,,,,,,,,,,,,,,,,,,,,,,,,,,,,,,,,,,,,,,,,,,,,,,,,,,,,,,,,,,,,,,,,,,,,,,,,,,,,,,,,,,,
,,,,,,,,[(%PROLIFIC_PID,2,2025-04-16_18h57.31.813,CLTandFLE,2024.1.5,Win32,7.501875469,610187cc7c160e699ed70c7f,67ffc4c40efe1bd1090b10ee,67ffe160e5f56329e3a164ed,,,,,,,,,,,,,,,,,,,,,,,,,,,,,,,,,,,,,,,,,,,1033.9633,1043.731,9.7675,0,1,759.0259,0.197480144,-0.202768307,0,0,0,0,38,38,10,1,a,The patient has taken Batatrim,The patient has overcome the crisis,,,,,,,,,,,,,,,,,,,,,,,,,,,,,,,,,,,,,,,,,,,,,,,,,,,,,,,,,,,,,,,,,,,,,,,,,,,,,,,,,,,,,,,
,,,,,,,,[(%PROLIFIC_PID,2,2025-04-16_18h57.31.813,CLTandFLE,2024.1.5,Win32,7.501875469,610187cc7c160e699ed70c7f,67ffc4c40efe1bd1090b10ee,67ffe160e5f56329e3a164ed,,,,,,,,,,,,,,,,,,,,,,,,,,,,,,,,,,,,,,,,,,,1043.7315,1054.3556,10.6238,1,0,769.6497,0.064324055,-0.154684128,0,0,0,0,39,39,39,1,d,The patient has not taken Batatrim,The patient has not overcome the crisis,,,,,,,,,,,,,,,,,,,,,,,,,,,,,,,,,,,,,,,,,,,,,,,,,,,,,,,,,,,,,,,,,,,,,,,,,,,,,,,,,,,,,,,
,,,,,,,,[(%PROLIFIC_PID,2,2025-04-16_18h57.31.813,CLTandFLE,2024.1.5,Win32,7.501875469,610187cc7c160e699ed70c7f,67ffc4c40efe1bd1090b10ee,67ffe160e5f56329e3a164ed,,1102.2349,1114.0401,,,,,,,,,,,,,,,,,,,,,,,,,,,,,,,,,,,,,,,,,,,,,,,,,,,,,,,,,,,1065.9765,1076.3681,10.3912,65,8.9178,0.00606826,-0.186123764,1,0,0,1087.5824,1102.2348,14.6519,53,13.3119,0.013465892,-0.212939923,1,0,0,26,15,7,10,0,0,0,0,1,,,,,,,,,,,,,,,,,,,,,,,,,,,,,,,,,,,,,,,,,,,,,,,,,,,,,,,,,,
,,,,,,,,[(%PROLIFIC_PID,2,2025-04-16_18h57.31.813,CLTandFLE,2024.1.5,Win32,7.501875469,610187cc7c160e699ed70c7f,67ffc4c40efe1bd1090b10ee,67ffe160e5f56329e3a164ed,,1286.8441,1299.4161,,,,,,,,,,,,,,,,,,,,,,,,,,,,,,,,,,,,,,,,,,,,,,,,,,,,,,,,,,,,,,,,,,,,,,,,,,,,,,,,,,,,,,,,1178.2814,1193.7559,15.4739,4,9.1418,-0.012425648,-0.219412765,1,0,0,23,Femmina,Sì,17,"Sì, l'ho ottenuta più di due anni fa",B2 CEFR (5.5 - 6 IELTS),TRUE,FALSE,7,7,9,6,4,FALSE,Conferma,c1ok,c2ok,c3ok,c4ok,c5ok,c6ok,c7ok,c8err3,c9err,c10ok,c11err3,c12ok,c13err2,c14err3,c15err,c16ok,c17err2,c18err3,c19err2,c20err,c21err3,c22err3,c23ok,c24err3,c25ok,c26ok,1436.1773,1443.0747,0,0,0,0,1
