﻿Alfa.started,Alfa.stopped,alfa_mouse.x,alfa_mouse.y,alfa_mouse.leftButton,alfa_mouse.midButton,alfa_mouse.rightButton,alfa_mouse.clicked_name,participant,group,date,expName,psychopyVersion,OS,frameRate,PROLIFIC_PID,STUDY_ID,SESSION_ID,)],ITI.started,ITI.stopped,B_consensoinformato.started,B_consensoinformato.stopped,tempo_consenso,cons_mouse.x,cons_mouse.y,cons_mouse.leftButton,cons_mouse.midButton,cons_mouse.rightButton,A_benvenuto.started,A_benvenuto.stopped,ben_mouse.x,ben_mouse.y,ben_mouse.leftButton,ben_mouse.midButton,ben_mouse.rightButton,B2_istruzioni.started,B2_istruzioni.stopped,tempo_istru,cons_mouse_2.x,cons_mouse_2.y,cons_mouse_2.leftButton,cons_mouse_2.midButton,cons_mouse_2.rightButton,SAMevaluation.started,SAMevaluation.stopped,temposam,sliderintensity.response,sliderintensity.rt,slidervalence.response,slidervalence.rt,mouse_sam.x,mouse_sam.y,mouse_sam.leftButton,mouse_sam.midButton,mouse_sam.rightButton,mouse_sam.time,mouse_sam.clicked_name,Loading.started,Loading.stopped,C_associative_task.started,C_associative_task.stopped,tempo_trial,hapremutosi,hapremutono,tempo_tasktot,mouse.x,mouse.y,mouse.leftButton,mouse.midButton,mouse.rightButton,trials.thisRepN,trials.thisTrialN,trials.thisN,trials.thisIndex,trials.ran,cond,causa,effetto,D_VD.started,D_VD.stopped,tempo_vd,vd.response,vd.rt,mouse_vd.x,mouse_vd.y,mouse_vd.leftButton,mouse_vd.midButton,mouse_vd.rightButton,Previous.started,Previous.stopped,tempo_vd1,previous.response,previous.rt,mouse_vd_2.x,mouse_vd_2.y,mouse_vd_2.leftButton,mouse_vd_2.midButton,mouse_vd_2.rightButton,EstENG.TrialNN,EstENG.TrialSN,EstENG.TrialSS,EstENG.TrialNS,ingesta.thisRepN,ingesta.thisTrialN,ingesta.thisN,ingesta.thisIndex,ingesta.ran,PF.started,PF.stopped,tempo_pf,processfluency.response,processfluency.rt,mouse_ch.x,mouse_ch.y,mouse_ch.leftButton,mouse_ch.midButton,mouse_ch.rightButton,Questionario_Lingua.Age,Questionario_Lingua.Sesso,Questionario_Lingua.StaiStudiando?,Questionario_Lingua.Anniscolarita,Questionario_Lingua.Diploma,Questionario_Lingua.ItaMADRE?,Questionario_Lingua.INGmadre?,Questionario_Lingua.Q5(AOAIng),Questionario_Lingua.INGLETTURA,Questionario_Lingua.INGCOMPRESO,Questionario_Lingua.INGSCRITTO,Questionario_Lingua.INGPARLATO,Questionario_Lingua.haivissutoestero,ProvaInglese.ProcediamoENg,ProvaInglese.C1,ProvaInglese.C2,ProvaInglese.C3,ProvaInglese.C4,ProvaInglese.C5,ProvaInglese.C6,ProvaInglese.C7,ProvaInglese.C8,ProvaInglese.C9,ProvaInglese.C10,ProvaInglese.C11,ProvaInglese.C12,ProvaInglese.C13,ProvaInglese.C14,ProvaInglese.C15,ProvaInglese.C16,ProvaInglese.C17,ProvaInglese.C18,ProvaInglese.C19,ProvaInglese.C20,ProvaInglese.C21,ProvaInglese.C22,ProvaInglese.C23,ProvaInglese.C24,ProvaInglese.C25,ProvaInglese.controlquestion,Ant_lastquestion.started,Ant_lastquestion.stopped,exp_loop.thisRepN,exp_loop.thisTrialN,exp_loop.thisN,exp_loop.thisIndex,exp_loop.ran
0.004,47.579,-0.06340819,0.074636724,1,0,0,alfa_mask,[(%PROLIFIC_PID,2,2025-04-16_19h27.15.786,CLTandFLE,2024.1.5,Win32,59.95203837,5db43b6a2f45e7000bb7ab5c,67ffc4c40efe1bd1090b10ee,67ffe86b0fa43603b0fcac2a,,,,,,,,,,,,,,,,,,,,,,,,,,,,,,,,,,,,,,,,,,,,,,,,,,,,,,,,,,,,,,,,,,,,,,,,,,,,,,,,,,,,,,,,,,,,,,,,,,,,,,,,,,,,,,,,,,,,,,,,,,,,,,,,,,,,,,,,,,,,,,,,,,,
,,,,,,,,[(%PROLIFIC_PID,2,2025-04-16_19h27.15.786,CLTandFLE,2024.1.5,Win32,59.95203837,5db43b6a2f45e7000bb7ab5c,67ffc4c40efe1bd1090b10ee,67ffe86b0fa43603b0fcac2a,,47.579,48.579,,,,,,,,,,,,,,,,,,,,,,,,,,,,,,,,,,,,,,,,,,,,,,,,,,,,,,,,,,,,,,,,,,,,,,,,,,,,,,,,,,,,,,,,,,,,,,,,,,,,,,,,,,,,,,,,,,,,,,,,,,,,,,,,,,,,,,,,,,,,,,,,
,,,,,,,,[(%PROLIFIC_PID,2,2025-04-16_19h27.15.786,CLTandFLE,2024.1.5,Win32,59.95203837,5db43b6a2f45e7000bb7ab5c,67ffc4c40efe1bd1090b10ee,67ffe86b0fa43603b0fcac2a,,,,48.579,70.178,21.599,0.193518519,-0.40462963,1,0,0,,,,,,,,,,,,,,,,,,,,,,,,,,,,,,,,,,,,,,,,,,,,,,,,,,,,,,,,,,,,,,,,,,,,,,,,,,,,,,,,,,,,,,,,,,,,,,,,,,,,,,,,,,,,,,,,,,,,,,,,,,,,,,,,,,,,,,,,
,,,,,,,,[(%PROLIFIC_PID,2,2025-04-16_19h27.15.786,CLTandFLE,2024.1.5,Win32,59.95203837,5db43b6a2f45e7000bb7ab5c,67ffc4c40efe1bd1090b10ee,67ffe86b0fa43603b0fcac2a,,194.394,195.393,,,,,,,,,71.179,73.761,0.014814815,0.003703704,1,0,0,74.761,150.477,75.716,-0.07037037,-0.423148148,1,0,0,151.477,186.394,34.916,0,33.841,0.373842593,32.649,"[0.03611111111111111,0.000925925925925926,-0.030555555555555555]","[0.19166666666666668,-0.012037037037037037,-0.21944444444444444]","[1,1,1]","[0,0,0]","[0,0,0]","[31.694000000000017,33.394000000000005,34.910000000000025]","[""slidervalence"",""sliderintensity"",""rettoksam""]",187.393,194.394,195.403,203.483,8.079,1,0,8.079,-0.160185185,-0.043518519,0,0,0,0,0,0,0,1,a,The patient has taken Batatrim,The patient has overcome the crisis,,,,,,,,,,,,,,,,,,,,,,,,,,,,,,,,,,,,,,,,,,,,,,,,,,,,,,,,,,,,,,,,,,,,,,,,,,,,,,,,,,,,,,
,,,,,,,,[(%PROLIFIC_PID,2,2025-04-16_19h27.15.786,CLTandFLE,2024.1.5,Win32,59.95203837,5db43b6a2f45e7000bb7ab5c,67ffc4c40efe1bd1090b10ee,67ffe86b0fa43603b0fcac2a,,,,,,,,,,,,,,,,,,,,,,,,,,,,,,,,,,,,,,,,,,,203.483,208.011,4.528,0,1,12.607,0.086111111,0.00462963,0,0,0,0,1,1,19,1,b,The patient has taken Batatrim,The patient has not overcome the crisis,,,,,,,,,,,,,,,,,,,,,,,,,,,,,,,,,,,,,,,,,,,,,,,,,,,,,,,,,,,,,,,,,,,,,,,,,,,,,,,,,,,,,,
,,,,,,,,[(%PROLIFIC_PID,2,2025-04-16_19h27.15.786,CLTandFLE,2024.1.5,Win32,59.95203837,5db43b6a2f45e7000bb7ab5c,67ffc4c40efe1bd1090b10ee,67ffe86b0fa43603b0fcac2a,,,,,,,,,,,,,,,,,,,,,,,,,,,,,,,,,,,,,,,,,,,208.012,212.859,4.847,0,1,17.454,-0.132407407,-0.033333333,0,0,0,0,2,2,8,1,a,The patient has taken Batatrim,The patient has overcome the crisis,,,,,,,,,,,,,,,,,,,,,,,,,,,,,,,,,,,,,,,,,,,,,,,,,,,,,,,,,,,,,,,,,,,,,,,,,,,,,,,,,,,,,,
,,,,,,,,[(%PROLIFIC_PID,2,2025-04-16_19h27.15.786,CLTandFLE,2024.1.5,Win32,59.95203837,5db43b6a2f45e7000bb7ab5c,67ffc4c40efe1bd1090b10ee,67ffe86b0fa43603b0fcac2a,,,,,,,,,,,,,,,,,,,,,,,,,,,,,,,,,,,,,,,,,,,212.861,217.063,4.202,1,0,21.656,-0.137962963,-0.028703704,0,0,0,0,3,3,10,1,a,The patient has taken Batatrim,The patient has overcome the crisis,,,,,,,,,,,,,,,,,,,,,,,,,,,,,,,,,,,,,,,,,,,,,,,,,,,,,,,,,,,,,,,,,,,,,,,,,,,,,,,,,,,,,,
,,,,,,,,[(%PROLIFIC_PID,2,2025-04-16_19h27.15.786,CLTandFLE,2024.1.5,Win32,59.95203837,5db43b6a2f45e7000bb7ab5c,67ffc4c40efe1bd1090b10ee,67ffe86b0fa43603b0fcac2a,,,,,,,,,,,,,,,,,,,,,,,,,,,,,,,,,,,,,,,,,,,217.063,221.043,3.98,1,0,25.636,-0.002777778,-0.059259259,0,0,0,0,4,4,18,1,b,The patient has taken Batatrim,The patient has not overcome the crisis,,,,,,,,,,,,,,,,,,,,,,,,,,,,,,,,,,,,,,,,,,,,,,,,,,,,,,,,,,,,,,,,,,,,,,,,,,,,,,,,,,,,,,
,,,,,,,,[(%PROLIFIC_PID,2,2025-04-16_19h27.15.786,CLTandFLE,2024.1.5,Win32,59.95203837,5db43b6a2f45e7000bb7ab5c,67ffc4c40efe1bd1090b10ee,67ffe86b0fa43603b0fcac2a,,,,,,,,,,,,,,,,,,,,,,,,,,,,,,,,,,,,,,,,,,,221.043,225.46,4.416,0,1,30.052,-0.068518519,-0.04537037,0,0,0,0,5,5,37,1,d,The patient has not taken Batatrim,The patient has not overcome the crisis,,,,,,,,,,,,,,,,,,,,,,,,,,,,,,,,,,,,,,,,,,,,,,,,,,,,,,,,,,,,,,,,,,,,,,,,,,,,,,,,,,,,,,
,,,,,,,,[(%PROLIFIC_PID,2,2025-04-16_19h27.15.786,CLTandFLE,2024.1.5,Win32,59.95203837,5db43b6a2f45e7000bb7ab5c,67ffc4c40efe1bd1090b10ee,67ffe86b0fa43603b0fcac2a,,,,,,,,,,,,,,,,,,,,,,,,,,,,,,,,,,,,,,,,,,,225.46,229.778,4.318,0,1,34.37,-0.606481481,-0.02037037,0,0,0,0,6,6,29,1,c,The patient has not taken Batatrim,The patient has overcome the crisis,,,,,,,,,,,,,,,,,,,,,,,,,,,,,,,,,,,,,,,,,,,,,,,,,,,,,,,,,,,,,,,,,,,,,,,,,,,,,,,,,,,,,,
,,,,,,,,[(%PROLIFIC_PID,2,2025-04-16_19h27.15.786,CLTandFLE,2024.1.5,Win32,59.95203837,5db43b6a2f45e7000bb7ab5c,67ffc4c40efe1bd1090b10ee,67ffe86b0fa43603b0fcac2a,,,,,,,,,,,,,,,,,,,,,,,,,,,,,,,,,,,,,,,,,,,229.778,233.627,3.849,1,0,38.219,-0.09537037,-0.138888889,0,0,0,0,7,7,14,1,b,The patient has taken Batatrim,The patient has overcome the crisis,,,,,,,,,,,,,,,,,,,,,,,,,,,,,,,,,,,,,,,,,,,,,,,,,,,,,,,,,,,,,,,,,,,,,,,,,,,,,,,,,,,,,,
,,,,,,,,[(%PROLIFIC_PID,2,2025-04-16_19h27.15.786,CLTandFLE,2024.1.5,Win32,59.95203837,5db43b6a2f45e7000bb7ab5c,67ffc4c40efe1bd1090b10ee,67ffe86b0fa43603b0fcac2a,,,,,,,,,,,,,,,,,,,,,,,,,,,,,,,,,,,,,,,,,,,233.628,238.96,5.332,0,1,43.551,-0.905555556,-0.134259259,0,0,0,0,8,8,27,1,c,The patient has not taken Batatrim,The patient has overcome the crisis,,,,,,,,,,,,,,,,,,,,,,,,,,,,,,,,,,,,,,,,,,,,,,,,,,,,,,,,,,,,,,,,,,,,,,,,,,,,,,,,,,,,,,
,,,,,,,,[(%PROLIFIC_PID,2,2025-04-16_19h27.15.786,CLTandFLE,2024.1.5,Win32,59.95203837,5db43b6a2f45e7000bb7ab5c,67ffc4c40efe1bd1090b10ee,67ffe86b0fa43603b0fcac2a,,,,,,,,,,,,,,,,,,,,,,,,,,,,,,,,,,,,,,,,,,,238.961,244.377,5.416,1,0,48.967,-0.215740741,-0.159259259,0,0,0,0,9,9,26,1,c,The patient has not taken Batatrim,The patient has overcome the crisis,,,,,,,,,,,,,,,,,,,,,,,,,,,,,,,,,,,,,,,,,,,,,,,,,,,,,,,,,,,,,,,,,,,,,,,,,,,,,,,,,,,,,,
,,,,,,,,[(%PROLIFIC_PID,2,2025-04-16_19h27.15.786,CLTandFLE,2024.1.5,Win32,59.95203837,5db43b6a2f45e7000bb7ab5c,67ffc4c40efe1bd1090b10ee,67ffe86b0fa43603b0fcac2a,,,,,,,,,,,,,,,,,,,,,,,,,,,,,,,,,,,,,,,,,,,244.378,248.477,4.098,1,0,53.065,-0.894444444,-0.219444444,0,0,0,0,10,10,32,1,c,The patient has not taken Batatrim,The patient has overcome the crisis,,,,,,,,,,,,,,,,,,,,,,,,,,,,,,,,,,,,,,,,,,,,,,,,,,,,,,,,,,,,,,,,,,,,,,,,,,,,,,,,,,,,,,
,,,,,,,,[(%PROLIFIC_PID,2,2025-04-16_19h27.15.786,CLTandFLE,2024.1.5,Win32,59.95203837,5db43b6a2f45e7000bb7ab5c,67ffc4c40efe1bd1090b10ee,67ffe86b0fa43603b0fcac2a,,,,,,,,,,,,,,,,,,,,,,,,,,,,,,,,,,,,,,,,,,,248.477,253.81,5.333,0,1,58.398,-0.890740741,-0.37962963,0,0,0,0,11,11,24,1,c,The patient has not taken Batatrim,The patient has overcome the crisis,,,,,,,,,,,,,,,,,,,,,,,,,,,,,,,,,,,,,,,,,,,,,,,,,,,,,,,,,,,,,,,,,,,,,,,,,,,,,,,,,,,,,,
,,,,,,,,[(%PROLIFIC_PID,2,2025-04-16_19h27.15.786,CLTandFLE,2024.1.5,Win32,59.95203837,5db43b6a2f45e7000bb7ab5c,67ffc4c40efe1bd1090b10ee,67ffe86b0fa43603b0fcac2a,,,,,,,,,,,,,,,,,,,,,,,,,,,,,,,,,,,,,,,,,,,253.81,264.193,10.383,1,0,68.781,-0.890740741,-0.140740741,0,0,0,0,12,12,34,1,c,The patient has not taken Batatrim,The patient has overcome the crisis,,,,,,,,,,,,,,,,,,,,,,,,,,,,,,,,,,,,,,,,,,,,,,,,,,,,,,,,,,,,,,,,,,,,,,,,,,,,,,,,,,,,,,
,,,,,,,,[(%PROLIFIC_PID,2,2025-04-16_19h27.15.786,CLTandFLE,2024.1.5,Win32,59.95203837,5db43b6a2f45e7000bb7ab5c,67ffc4c40efe1bd1090b10ee,67ffe86b0fa43603b0fcac2a,,,,,,,,,,,,,,,,,,,,,,,,,,,,,,,,,,,,,,,,,,,264.193,269.426,5.233,1,0,74.014,-0.139814815,-0.062037037,0,0,0,0,13,13,2,1,a,The patient has taken Batatrim,The patient has overcome the crisis,,,,,,,,,,,,,,,,,,,,,,,,,,,,,,,,,,,,,,,,,,,,,,,,,,,,,,,,,,,,,,,,,,,,,,,,,,,,,,,,,,,,,,
,,,,,,,,[(%PROLIFIC_PID,2,2025-04-16_19h27.15.786,CLTandFLE,2024.1.5,Win32,59.95203837,5db43b6a2f45e7000bb7ab5c,67ffc4c40efe1bd1090b10ee,67ffe86b0fa43603b0fcac2a,,,,,,,,,,,,,,,,,,,,,,,,,,,,,,,,,,,,,,,,,,,269.426,275.445,6.019,0,1,80.033,-0.212962963,-0.012037037,0,0,0,0,14,14,21,1,c,The patient has not taken Batatrim,The patient has overcome the crisis,,,,,,,,,,,,,,,,,,,,,,,,,,,,,,,,,,,,,,,,,,,,,,,,,,,,,,,,,,,,,,,,,,,,,,,,,,,,,,,,,,,,,,
,,,,,,,,[(%PROLIFIC_PID,2,2025-04-16_19h27.15.786,CLTandFLE,2024.1.5,Win32,59.95203837,5db43b6a2f45e7000bb7ab5c,67ffc4c40efe1bd1090b10ee,67ffe86b0fa43603b0fcac2a,,,,,,,,,,,,,,,,,,,,,,,,,,,,,,,,,,,,,,,,,,,275.446,279.299,3.853,1,0,83.886,-0.896296296,-0.030555556,0,0,0,0,15,15,3,1,a,The patient has taken Batatrim,The patient has overcome the crisis,,,,,,,,,,,,,,,,,,,,,,,,,,,,,,,,,,,,,,,,,,,,,,,,,,,,,,,,,,,,,,,,,,,,,,,,,,,,,,,,,,,,,,
,,,,,,,,[(%PROLIFIC_PID,2,2025-04-16_19h27.15.786,CLTandFLE,2024.1.5,Win32,59.95203837,5db43b6a2f45e7000bb7ab5c,67ffc4c40efe1bd1090b10ee,67ffe86b0fa43603b0fcac2a,,,,,,,,,,,,,,,,,,,,,,,,,,,,,,,,,,,,,,,,,,,279.299,284.043,4.743,1,0,88.629,-0.099074074,-0.087037037,0,0,0,0,16,16,16,1,b,The patient has taken Batatrim,The patient has not overcome the crisis,,,,,,,,,,,,,,,,,,,,,,,,,,,,,,,,,,,,,,,,,,,,,,,,,,,,,,,,,,,,,,,,,,,,,,,,,,,,,,,,,,,,,,
,,,,,,,,[(%PROLIFIC_PID,2,2025-04-16_19h27.15.786,CLTandFLE,2024.1.5,Win32,59.95203837,5db43b6a2f45e7000bb7ab5c,67ffc4c40efe1bd1090b10ee,67ffe86b0fa43603b0fcac2a,,,,,,,,,,,,,,,,,,,,,,,,,,,,,,,,,,,,,,,,,,,284.043,288.142,4.099,0,1,92.728,-0.052777778,-0.180555556,0,0,0,0,17,17,31,1,c,The patient has not taken Batatrim,The patient has overcome the crisis,,,,,,,,,,,,,,,,,,,,,,,,,,,,,,,,,,,,,,,,,,,,,,,,,,,,,,,,,,,,,,,,,,,,,,,,,,,,,,,,,,,,,,
,,,,,,,,[(%PROLIFIC_PID,2,2025-04-16_19h27.15.786,CLTandFLE,2024.1.5,Win32,59.95203837,5db43b6a2f45e7000bb7ab5c,67ffc4c40efe1bd1090b10ee,67ffe86b0fa43603b0fcac2a,,,,,,,,,,,,,,,,,,,,,,,,,,,,,,,,,,,,,,,,,,,288.143,292.176,4.033,1,0,96.761,-0.077777778,-0.116666667,0,0,0,0,18,18,13,1,a,The patient has taken Batatrim,The patient has overcome the crisis,,,,,,,,,,,,,,,,,,,,,,,,,,,,,,,,,,,,,,,,,,,,,,,,,,,,,,,,,,,,,,,,,,,,,,,,,,,,,,,,,,,,,,
,,,,,,,,[(%PROLIFIC_PID,2,2025-04-16_19h27.15.786,CLTandFLE,2024.1.5,Win32,59.95203837,5db43b6a2f45e7000bb7ab5c,67ffc4c40efe1bd1090b10ee,67ffe86b0fa43603b0fcac2a,,,,,,,,,,,,,,,,,,,,,,,,,,,,,,,,,,,,,,,,,,,292.177,296.776,4.599,0,1,101.36,-0.146296296,-0.057407407,1,0,0,0,19,19,38,1,d,The patient has not taken Batatrim,The patient has not overcome the crisis,,,,,,,,,,,,,,,,,,,,,,,,,,,,,,,,,,,,,,,,,,,,,,,,,,,,,,,,,,,,,,,,,,,,,,,,,,,,,,,,,,,,,,
,,,,,,,,[(%PROLIFIC_PID,2,2025-04-16_19h27.15.786,CLTandFLE,2024.1.5,Win32,59.95203837,5db43b6a2f45e7000bb7ab5c,67ffc4c40efe1bd1090b10ee,67ffe86b0fa43603b0fcac2a,,,,,,,,,,,,,,,,,,,,,,,,,,,,,,,,,,,,,,,,,,,296.776,301.325,4.549,1,0,105.909,-0.908333333,-0.233333333,0,0,0,0,20,20,12,1,a,The patient has taken Batatrim,The patient has overcome the crisis,,,,,,,,,,,,,,,,,,,,,,,,,,,,,,,,,,,,,,,,,,,,,,,,,,,,,,,,,,,,,,,,,,,,,,,,,,,,,,,,,,,,,,
,,,,,,,,[(%PROLIFIC_PID,2,2025-04-16_19h27.15.786,CLTandFLE,2024.1.5,Win32,59.95203837,5db43b6a2f45e7000bb7ab5c,67ffc4c40efe1bd1090b10ee,67ffe86b0fa43603b0fcac2a,,,,,,,,,,,,,,,,,,,,,,,,,,,,,,,,,,,,,,,,,,,301.326,307.059,5.733,1,0,111.642,-0.912037037,-0.215740741,0,0,0,0,21,21,17,1,b,The patient has taken Batatrim,The patient has not overcome the crisis,,,,,,,,,,,,,,,,,,,,,,,,,,,,,,,,,,,,,,,,,,,,,,,,,,,,,,,,,,,,,,,,,,,,,,,,,,,,,,,,,,,,,,
,,,,,,,,[(%PROLIFIC_PID,2,2025-04-16_19h27.15.786,CLTandFLE,2024.1.5,Win32,59.95203837,5db43b6a2f45e7000bb7ab5c,67ffc4c40efe1bd1090b10ee,67ffe86b0fa43603b0fcac2a,,,,,,,,,,,,,,,,,,,,,,,,,,,,,,,,,,,,,,,,,,,307.06,322.175,15.115,0,1,126.757,-0.889814815,-0.20462963,0,0,0,0,22,22,28,1,c,The patient has not taken Batatrim,The patient has overcome the crisis,,,,,,,,,,,,,,,,,,,,,,,,,,,,,,,,,,,,,,,,,,,,,,,,,,,,,,,,,,,,,,,,,,,,,,,,,,,,,,,,,,,,,,
,,,,,,,,[(%PROLIFIC_PID,2,2025-04-16_19h27.15.786,CLTandFLE,2024.1.5,Win32,59.95203837,5db43b6a2f45e7000bb7ab5c,67ffc4c40efe1bd1090b10ee,67ffe86b0fa43603b0fcac2a,,,,,,,,,,,,,,,,,,,,,,,,,,,,,,,,,,,,,,,,,,,322.176,327.292,5.116,1,0,131.873,-0.899074074,-0.15462963,0,0,0,0,23,23,9,1,a,The patient has taken Batatrim,The patient has overcome the crisis,,,,,,,,,,,,,,,,,,,,,,,,,,,,,,,,,,,,,,,,,,,,,,,,,,,,,,,,,,,,,,,,,,,,,,,,,,,,,,,,,,,,,,
,,,,,,,,[(%PROLIFIC_PID,2,2025-04-16_19h27.15.786,CLTandFLE,2024.1.5,Win32,59.95203837,5db43b6a2f45e7000bb7ab5c,67ffc4c40efe1bd1090b10ee,67ffe86b0fa43603b0fcac2a,,,,,,,,,,,,,,,,,,,,,,,,,,,,,,,,,,,,,,,,,,,327.293,346.517,19.224,1,0,151.097,-0.890740741,0.067592593,0,0,0,0,24,24,7,1,a,The patient has taken Batatrim,The patient has overcome the crisis,,,,,,,,,,,,,,,,,,,,,,,,,,,,,,,,,,,,,,,,,,,,,,,,,,,,,,,,,,,,,,,,,,,,,,,,,,,,,,,,,,,,,,
,,,,,,,,[(%PROLIFIC_PID,2,2025-04-16_19h27.15.786,CLTandFLE,2024.1.5,Win32,59.95203837,5db43b6a2f45e7000bb7ab5c,67ffc4c40efe1bd1090b10ee,67ffe86b0fa43603b0fcac2a,,,,,,,,,,,,,,,,,,,,,,,,,,,,,,,,,,,,,,,,,,,346.518,351.193,4.674,1,0,155.771,-0.112037037,-0.025925926,0,0,0,0,25,25,6,1,a,The patient has taken Batatrim,The patient has overcome the crisis,,,,,,,,,,,,,,,,,,,,,,,,,,,,,,,,,,,,,,,,,,,,,,,,,,,,,,,,,,,,,,,,,,,,,,,,,,,,,,,,,,,,,,
,,,,,,,,[(%PROLIFIC_PID,2,2025-04-16_19h27.15.786,CLTandFLE,2024.1.5,Win32,59.95203837,5db43b6a2f45e7000bb7ab5c,67ffc4c40efe1bd1090b10ee,67ffe86b0fa43603b0fcac2a,,,,,,,,,,,,,,,,,,,,,,,,,,,,,,,,,,,,,,,,,,,351.193,359.294,8.1,0,1,163.871,0.068518519,-0.05462963,0,0,0,0,26,26,22,1,c,The patient has not taken Batatrim,The patient has overcome the crisis,,,,,,,,,,,,,,,,,,,,,,,,,,,,,,,,,,,,,,,,,,,,,,,,,,,,,,,,,,,,,,,,,,,,,,,,,,,,,,,,,,,,,,
,,,,,,,,[(%PROLIFIC_PID,2,2025-04-16_19h27.15.786,CLTandFLE,2024.1.5,Win32,59.95203837,5db43b6a2f45e7000bb7ab5c,67ffc4c40efe1bd1090b10ee,67ffe86b0fa43603b0fcac2a,,,,,,,,,,,,,,,,,,,,,,,,,,,,,,,,,,,,,,,,,,,359.294,399.725,40.431,0,1,204.302,-0.9,-0.100925926,0,0,0,0,27,27,36,1,d,The patient has not taken Batatrim,The patient has not overcome the crisis,,,,,,,,,,,,,,,,,,,,,,,,,,,,,,,,,,,,,,,,,,,,,,,,,,,,,,,,,,,,,,,,,,,,,,,,,,,,,,,,,,,,,,
,,,,,,,,[(%PROLIFIC_PID,2,2025-04-16_19h27.15.786,CLTandFLE,2024.1.5,Win32,59.95203837,5db43b6a2f45e7000bb7ab5c,67ffc4c40efe1bd1090b10ee,67ffe86b0fa43603b0fcac2a,,,,,,,,,,,,,,,,,,,,,,,,,,,,,,,,,,,,,,,,,,,399.726,414.691,14.965,0,1,219.267,-0.897222222,-0.131481481,0,0,0,0,28,28,25,1,c,The patient has not taken Batatrim,The patient has overcome the crisis,,,,,,,,,,,,,,,,,,,,,,,,,,,,,,,,,,,,,,,,,,,,,,,,,,,,,,,,,,,,,,,,,,,,,,,,,,,,,,,,,,,,,,
,,,,,,,,[(%PROLIFIC_PID,2,2025-04-16_19h27.15.786,CLTandFLE,2024.1.5,Win32,59.95203837,5db43b6a2f45e7000bb7ab5c,67ffc4c40efe1bd1090b10ee,67ffe86b0fa43603b0fcac2a,,,,,,,,,,,,,,,,,,,,,,,,,,,,,,,,,,,,,,,,,,,414.692,421.691,6.998,1,0,226.265,-0.889814815,-0.001851852,0,0,0,0,29,29,15,1,b,The patient has taken Batatrim,The patient has not overcome the crisis,,,,,,,,,,,,,,,,,,,,,,,,,,,,,,,,,,,,,,,,,,,,,,,,,,,,,,,,,,,,,,,,,,,,,,,,,,,,,,,,,,,,,,
,,,,,,,,[(%PROLIFIC_PID,2,2025-04-16_19h27.15.786,CLTandFLE,2024.1.5,Win32,59.95203837,5db43b6a2f45e7000bb7ab5c,67ffc4c40efe1bd1090b10ee,67ffe86b0fa43603b0fcac2a,,,,,,,,,,,,,,,,,,,,,,,,,,,,,,,,,,,,,,,,,,,421.692,426.53,4.838,1,0,231.103,-0.9,-0.168518519,0,0,0,0,30,30,5,1,a,The patient has taken Batatrim,The patient has overcome the crisis,,,,,,,,,,,,,,,,,,,,,,,,,,,,,,,,,,,,,,,,,,,,,,,,,,,,,,,,,,,,,,,,,,,,,,,,,,,,,,,,,,,,,,
,,,,,,,,[(%PROLIFIC_PID,2,2025-04-16_19h27.15.786,CLTandFLE,2024.1.5,Win32,59.95203837,5db43b6a2f45e7000bb7ab5c,67ffc4c40efe1bd1090b10ee,67ffe86b0fa43603b0fcac2a,,,,,,,,,,,,,,,,,,,,,,,,,,,,,,,,,,,,,,,,,,,426.53,446.863,20.333,1,0,251.436,-0.036111111,0.017592593,0,0,0,0,31,31,4,1,a,The patient has taken Batatrim,The patient has overcome the crisis,,,,,,,,,,,,,,,,,,,,,,,,,,,,,,,,,,,,,,,,,,,,,,,,,,,,,,,,,,,,,,,,,,,,,,,,,,,,,,,,,,,,,,
,,,,,,,,[(%PROLIFIC_PID,2,2025-04-16_19h27.15.786,CLTandFLE,2024.1.5,Win32,59.95203837,5db43b6a2f45e7000bb7ab5c,67ffc4c40efe1bd1090b10ee,67ffe86b0fa43603b0fcac2a,,,,,,,,,,,,,,,,,,,,,,,,,,,,,,,,,,,,,,,,,,,446.864,451.126,4.261,0,1,255.697,0.017592593,-0.041666667,0,0,0,0,32,32,33,1,c,The patient has not taken Batatrim,The patient has overcome the crisis,,,,,,,,,,,,,,,,,,,,,,,,,,,,,,,,,,,,,,,,,,,,,,,,,,,,,,,,,,,,,,,,,,,,,,,,,,,,,,,,,,,,,,
,,,,,,,,[(%PROLIFIC_PID,2,2025-04-16_19h27.15.786,CLTandFLE,2024.1.5,Win32,59.95203837,5db43b6a2f45e7000bb7ab5c,67ffc4c40efe1bd1090b10ee,67ffe86b0fa43603b0fcac2a,,,,,,,,,,,,,,,,,,,,,,,,,,,,,,,,,,,,,,,,,,,451.126,455.457,4.331,1,0,260.028,-0.890740741,-0.030555556,0,0,0,0,33,33,1,1,a,The patient has taken Batatrim,The patient has overcome the crisis,,,,,,,,,,,,,,,,,,,,,,,,,,,,,,,,,,,,,,,,,,,,,,,,,,,,,,,,,,,,,,,,,,,,,,,,,,,,,,,,,,,,,,
,,,,,,,,[(%PROLIFIC_PID,2,2025-04-16_19h27.15.786,CLTandFLE,2024.1.5,Win32,59.95203837,5db43b6a2f45e7000bb7ab5c,67ffc4c40efe1bd1090b10ee,67ffe86b0fa43603b0fcac2a,,,,,,,,,,,,,,,,,,,,,,,,,,,,,,,,,,,,,,,,,,,455.458,460.442,4.984,0,1,265.012,-0.901851852,0.058333333,0,0,0,0,34,34,23,1,c,The patient has not taken Batatrim,The patient has overcome the crisis,,,,,,,,,,,,,,,,,,,,,,,,,,,,,,,,,,,,,,,,,,,,,,,,,,,,,,,,,,,,,,,,,,,,,,,,,,,,,,,,,,,,,,
,,,,,,,,[(%PROLIFIC_PID,2,2025-04-16_19h27.15.786,CLTandFLE,2024.1.5,Win32,59.95203837,5db43b6a2f45e7000bb7ab5c,67ffc4c40efe1bd1090b10ee,67ffe86b0fa43603b0fcac2a,,,,,,,,,,,,,,,,,,,,,,,,,,,,,,,,,,,,,,,,,,,460.442,474.158,13.715,0,1,278.727,-0.087962963,-0.037037037,0,0,0,0,35,35,39,1,d,The patient has not taken Batatrim,The patient has not overcome the crisis,,,,,,,,,,,,,,,,,,,,,,,,,,,,,,,,,,,,,,,,,,,,,,,,,,,,,,,,,,,,,,,,,,,,,,,,,,,,,,,,,,,,,,
,,,,,,,,[(%PROLIFIC_PID,2,2025-04-16_19h27.15.786,CLTandFLE,2024.1.5,Win32,59.95203837,5db43b6a2f45e7000bb7ab5c,67ffc4c40efe1bd1090b10ee,67ffe86b0fa43603b0fcac2a,,,,,,,,,,,,,,,,,,,,,,,,,,,,,,,,,,,,,,,,,,,474.159,481.092,6.933,0,1,285.66,-0.889814815,-0.04537037,0,0,0,0,36,36,30,1,c,The patient has not taken Batatrim,The patient has overcome the crisis,,,,,,,,,,,,,,,,,,,,,,,,,,,,,,,,,,,,,,,,,,,,,,,,,,,,,,,,,,,,,,,,,,,,,,,,,,,,,,,,,,,,,,
,,,,,,,,[(%PROLIFIC_PID,2,2025-04-16_19h27.15.786,CLTandFLE,2024.1.5,Win32,59.95203837,5db43b6a2f45e7000bb7ab5c,67ffc4c40efe1bd1090b10ee,67ffe86b0fa43603b0fcac2a,,,,,,,,,,,,,,,,,,,,,,,,,,,,,,,,,,,,,,,,,,,481.092,496.79,15.698,1,0,301.358,-0.172222222,0.058333333,0,0,0,0,37,37,11,1,a,The patient has taken Batatrim,The patient has overcome the crisis,,,,,,,,,,,,,,,,,,,,,,,,,,,,,,,,,,,,,,,,,,,,,,,,,,,,,,,,,,,,,,,,,,,,,,,,,,,,,,,,,,,,,,
,,,,,,,,[(%PROLIFIC_PID,2,2025-04-16_19h27.15.786,CLTandFLE,2024.1.5,Win32,59.95203837,5db43b6a2f45e7000bb7ab5c,67ffc4c40efe1bd1090b10ee,67ffe86b0fa43603b0fcac2a,,,,,,,,,,,,,,,,,,,,,,,,,,,,,,,,,,,,,,,,,,,496.791,501.407,4.616,0,1,305.974,-0.663888889,-0.148148148,0,0,0,0,38,38,35,1,d,The patient has not taken Batatrim,The patient has not overcome the crisis,,,,,,,,,,,,,,,,,,,,,,,,,,,,,,,,,,,,,,,,,,,,,,,,,,,,,,,,,,,,,,,,,,,,,,,,,,,,,,,,,,,,,,
,,,,,,,,[(%PROLIFIC_PID,2,2025-04-16_19h27.15.786,CLTandFLE,2024.1.5,Win32,59.95203837,5db43b6a2f45e7000bb7ab5c,67ffc4c40efe1bd1090b10ee,67ffe86b0fa43603b0fcac2a,,,,,,,,,,,,,,,,,,,,,,,,,,,,,,,,,,,,,,,,,,,501.407,506.135,4.728,0,1,310.702,-0.022222222,-0.038888889,0,0,0,0,39,39,20,1,c,The patient has not taken Batatrim,The patient has overcome the crisis,,,,,,,,,,,,,,,,,,,,,,,,,,,,,,,,,,,,,,,,,,,,,,,,,,,,,,,,,,,,,,,,,,,,,,,,,,,,,,,,,,,,,,
,,,,,,,,[(%PROLIFIC_PID,2,2025-04-16_19h27.15.786,CLTandFLE,2024.1.5,Win32,59.95203837,5db43b6a2f45e7000bb7ab5c,67ffc4c40efe1bd1090b10ee,67ffe86b0fa43603b0fcac2a,,516.624,517.623,,,,,,,,,,,,,,,,,,,,,,,,,,,,,,,,,,,,,,,,,,,,,,,,,,,,,,,,,,,507.124,510.707,3.583,75,1.954,0.018518519,-0.196296296,1,0,0,511.707,516.624,4.916,82,3.956,0.048148148,-0.183333333,1,0,0,10,5,40,10,0,0,0,0,1,,,,,,,,,,,,,,,,,,,,,,,,,,,,,,,,,,,,,,,,,,,,,,,,,,,,,,,,,
,,,,,,,,[(%PROLIFIC_PID,2,2025-04-16_19h27.15.786,CLTandFLE,2024.1.5,Win32,59.95203837,5db43b6a2f45e7000bb7ab5c,67ffc4c40efe1bd1090b10ee,67ffe86b0fa43603b0fcac2a,,631.483,632.472,,,,,,,,,,,,,,,,,,,,,,,,,,,,,,,,,,,,,,,,,,,,,,,,,,,,,,,,,,,,,,,,,,,,,,,,,,,,,,,,,,,,,,,,549.107,575.706,26.599,1,25.78,0.007407407,-0.20462963,1,0,0,37,Maschio,No,18,No,TRUE,FALSE,6,9,9,8,7,FALSE,Conferma,c1ok,c2ok,c3err2,c4err,c5ok,c6ok,c7ok,c8ok,c9ok,c10ok,c11ok,c12err,c13ok,c14err2,c15ok,c16ok,c17ok,c18ok,c19ok,c20ok,c21ok,c22ok,c23ok,c24ok,c25ok,c26ok,779.599,786.47,0,0,0,0,1
