﻿Alfa.started,Alfa.stopped,alfa_mouse.x,alfa_mouse.y,alfa_mouse.leftButton,alfa_mouse.midButton,alfa_mouse.rightButton,alfa_mouse.clicked_name,participant,group,date,expName,psychopyVersion,OS,frameRate,PROLIFIC_PID,STUDY_ID,SESSION_ID,)],ITI.started,ITI.stopped,B_consensoinformato.started,B_consensoinformato.stopped,tempo_consenso,cons_mouse.x,cons_mouse.y,cons_mouse.leftButton,cons_mouse.midButton,cons_mouse.rightButton,A_benvenuto.started,A_benvenuto.stopped,ben_mouse.x,ben_mouse.y,ben_mouse.leftButton,ben_mouse.midButton,ben_mouse.rightButton,B2_istruzioni.started,B2_istruzioni.stopped,tempo_istru,cons_mouse_2.x,cons_mouse_2.y,cons_mouse_2.leftButton,cons_mouse_2.midButton,cons_mouse_2.rightButton,SAMevaluation.started,SAMevaluation.stopped,temposam,sliderintensity.response,sliderintensity.rt,slidervalence.response,slidervalence.rt,mouse_sam.x,mouse_sam.y,mouse_sam.leftButton,mouse_sam.midButton,mouse_sam.rightButton,mouse_sam.time,mouse_sam.clicked_name,Loading.started,Loading.stopped,C_associative_task.started,C_associative_task.stopped,tempo_trial,hapremutosi,hapremutono,tempo_tasktot,mouse.x,mouse.y,mouse.leftButton,mouse.midButton,mouse.rightButton,trials.thisRepN,trials.thisTrialN,trials.thisN,trials.thisIndex,trials.ran,cond,causa,effetto,D_VD.started,D_VD.stopped,tempo_vd,vd.response,vd.rt,mouse_vd.x,mouse_vd.y,mouse_vd.leftButton,mouse_vd.midButton,mouse_vd.rightButton,Previous.started,Previous.stopped,tempo_vd1,previous.response,previous.rt,mouse_vd_2.x,mouse_vd_2.y,mouse_vd_2.leftButton,mouse_vd_2.midButton,mouse_vd_2.rightButton,EstENG.TrialSN,EstENG.TrialNN,EstENG.TrialSS,EstENG.TrialNS,ingesta.thisRepN,ingesta.thisTrialN,ingesta.thisN,ingesta.thisIndex,ingesta.ran,PF.started,PF.stopped,tempo_pf,processfluency.response,processfluency.rt,mouse_ch.x,mouse_ch.y,mouse_ch.leftButton,mouse_ch.midButton,mouse_ch.rightButton,Questionario_Lingua.Age,Questionario_Lingua.Sesso,Questionario_Lingua.StaiStudiando?,Questionario_Lingua.Anniscolarita,Questionario_Lingua.Diploma,Questionario_Lingua.ItaMADRE?,Questionario_Lingua.INGmadre?,Questionario_Lingua.Q5(AOAIng),Questionario_Lingua.INGLETTURA,Questionario_Lingua.INGCOMPRESO,Questionario_Lingua.INGSCRITTO,Questionario_Lingua.INGPARLATO,Questionario_Lingua.haivissutoestero,ProvaInglese.ProcediamoENg,ProvaInglese.C1,ProvaInglese.C2,ProvaInglese.C3,ProvaInglese.C4,ProvaInglese.C5,ProvaInglese.C6,ProvaInglese.C7,ProvaInglese.C8,ProvaInglese.C9,ProvaInglese.C10,ProvaInglese.C11,ProvaInglese.C12,ProvaInglese.C13,ProvaInglese.C14,ProvaInglese.C15,ProvaInglese.C16,ProvaInglese.C17,ProvaInglese.C18,ProvaInglese.C19,ProvaInglese.C20,ProvaInglese.C21,ProvaInglese.C22,ProvaInglese.C23,ProvaInglese.C24,ProvaInglese.C25,ProvaInglese.controlquestion,Ant_lastquestion.started,Ant_lastquestion.stopped,exp_loop.thisRepN,exp_loop.thisTrialN,exp_loop.thisN,exp_loop.thisIndex,exp_loop.ran
0.001,5.322,0.10663765,0.013601741,1,0,0,alfa_mask,[(%PROLIFIC_PID,2,2025-05-08_11h30.38.621,CLTandFLE,2024.1.5,Win32,59.95203837,5f343de4d0c07630b7f90b92,67ffc4c40efe1bd1090b10ee,681c79653a655aef678026ba,,,,,,,,,,,,,,,,,,,,,,,,,,,,,,,,,,,,,,,,,,,,,,,,,,,,,,,,,,,,,,,,,,,,,,,,,,,,,,,,,,,,,,,,,,,,,,,,,,,,,,,,,,,,,,,,,,,,,,,,,,,,,,,,,,,,,,,,,,,,,,,,,,,
,,,,,,,,[(%PROLIFIC_PID,2,2025-05-08_11h30.38.621,CLTandFLE,2024.1.5,Win32,59.95203837,5f343de4d0c07630b7f90b92,67ffc4c40efe1bd1090b10ee,681c79653a655aef678026ba,,5.322,6.322,,,,,,,,,,,,,,,,,,,,,,,,,,,,,,,,,,,,,,,,,,,,,,,,,,,,,,,,,,,,,,,,,,,,,,,,,,,,,,,,,,,,,,,,,,,,,,,,,,,,,,,,,,,,,,,,,,,,,,,,,,,,,,,,,,,,,,,,,,,,,,,,
,,,,,,,,[(%PROLIFIC_PID,2,2025-05-08_11h30.38.621,CLTandFLE,2024.1.5,Win32,59.95203837,5f343de4d0c07630b7f90b92,67ffc4c40efe1bd1090b10ee,681c79653a655aef678026ba,,,,6.322,12.278,5.956,0.184983678,-0.410772579,1,0,0,,,,,,,,,,,,,,,,,,,,,,,,,,,,,,,,,,,,,,,,,,,,,,,,,,,,,,,,,,,,,,,,,,,,,,,,,,,,,,,,,,,,,,,,,,,,,,,,,,,,,,,,,,,,,,,,,,,,,,,,,,,,,,,,,,,,,,,,
,,,,,,,,[(%PROLIFIC_PID,2,2025-05-08_11h30.38.621,CLTandFLE,2024.1.5,Win32,59.95203837,5f343de4d0c07630b7f90b92,67ffc4c40efe1bd1090b10ee,681c79653a655aef678026ba,,137.83,140.06,,,,,,,,,13.279,20.453,-0.001088139,-0.093035909,1,0,0,21.454,114.601,93.146,0.021762786,-0.391186072,1,0,0,115.601,130.483,14.882,0.559847661,9.407,0.563928183,12.12,"[0.013057671381936888,0.002176278563656148,0.03482045701849837]","[0.19205658324265507,-0.011425462459194777,-0.2279651795429815]","[1,1,1]","[0,0,0]","[0,0,0]","[3.0490000000000066,10.688999999999993,14.87700000000001]","[""sliderintensity"",""slidervalence"",""rettoksam""]",131.485,137.83,140.073,149.102,9.029,1,0,9.029,0.026115343,-0.174646355,0,0,0,0,0,0,5,1,a,The patient has taken Batatrim,The patient has overcome the crisis,,,,,,,,,,,,,,,,,,,,,,,,,,,,,,,,,,,,,,,,,,,,,,,,,,,,,,,,,,,,,,,,,,,,,,,,,,,,,,,,,,,,,,
,,,,,,,,[(%PROLIFIC_PID,2,2025-05-08_11h30.38.621,CLTandFLE,2024.1.5,Win32,59.95203837,5f343de4d0c07630b7f90b92,67ffc4c40efe1bd1090b10ee,681c79653a655aef678026ba,,,,,,,,,,,,,,,,,,,,,,,,,,,,,,,,,,,,,,,,,,,149.104,155.743,6.639,0,1,15.668,0.139281828,-0.215995647,0,0,0,0,1,1,28,1,c,The patient has not taken Batatrim,The patient has overcome the crisis,,,,,,,,,,,,,,,,,,,,,,,,,,,,,,,,,,,,,,,,,,,,,,,,,,,,,,,,,,,,,,,,,,,,,,,,,,,,,,,,,,,,,,
,,,,,,,,[(%PROLIFIC_PID,2,2025-05-08_11h30.38.621,CLTandFLE,2024.1.5,Win32,59.95203837,5f343de4d0c07630b7f90b92,67ffc4c40efe1bd1090b10ee,681c79653a655aef678026ba,,,,,,,,,,,,,,,,,,,,,,,,,,,,,,,,,,,,,,,,,,,155.744,161.799,6.055,1,0,21.723,0.010881393,-0.229053319,0,0,0,0,2,2,13,1,a,The patient has taken Batatrim,The patient has overcome the crisis,,,,,,,,,,,,,,,,,,,,,,,,,,,,,,,,,,,,,,,,,,,,,,,,,,,,,,,,,,,,,,,,,,,,,,,,,,,,,,,,,,,,,,
,,,,,,,,[(%PROLIFIC_PID,2,2025-05-08_11h30.38.621,CLTandFLE,2024.1.5,Win32,59.95203837,5f343de4d0c07630b7f90b92,67ffc4c40efe1bd1090b10ee,681c79653a655aef678026ba,,,,,,,,,,,,,,,,,,,,,,,,,,,,,,,,,,,,,,,,,,,161.8,167.873,6.072,0,1,27.795,0.297062024,-0.120239391,0,0,0,0,3,3,26,1,c,The patient has not taken Batatrim,The patient has overcome the crisis,,,,,,,,,,,,,,,,,,,,,,,,,,,,,,,,,,,,,,,,,,,,,,,,,,,,,,,,,,,,,,,,,,,,,,,,,,,,,,,,,,,,,,
,,,,,,,,[(%PROLIFIC_PID,2,2025-05-08_11h30.38.621,CLTandFLE,2024.1.5,Win32,59.95203837,5f343de4d0c07630b7f90b92,67ffc4c40efe1bd1090b10ee,681c79653a655aef678026ba,,,,,,,,,,,,,,,,,,,,,,,,,,,,,,,,,,,,,,,,,,,167.874,173.278,5.403,1,0,33.198,0.027203482,-0.248639826,0,0,0,0,4,4,17,1,b,The patient has taken Batatrim,The patient has not overcome the crisis,,,,,,,,,,,,,,,,,,,,,,,,,,,,,,,,,,,,,,,,,,,,,,,,,,,,,,,,,,,,,,,,,,,,,,,,,,,,,,,,,,,,,,
,,,,,,,,[(%PROLIFIC_PID,2,2025-05-08_11h30.38.621,CLTandFLE,2024.1.5,Win32,59.95203837,5f343de4d0c07630b7f90b92,67ffc4c40efe1bd1090b10ee,681c79653a655aef678026ba,,,,,,,,,,,,,,,,,,,,,,,,,,,,,,,,,,,,,,,,,,,173.278,177.95,4.672,1,0,37.87,0.426550598,-0.270402612,0,0,0,0,5,5,19,1,b,The patient has taken Batatrim,The patient has not overcome the crisis,,,,,,,,,,,,,,,,,,,,,,,,,,,,,,,,,,,,,,,,,,,,,,,,,,,,,,,,,,,,,,,,,,,,,,,,,,,,,,,,,,,,,,
,,,,,,,,[(%PROLIFIC_PID,2,2025-05-08_11h30.38.621,CLTandFLE,2024.1.5,Win32,59.95203837,5f343de4d0c07630b7f90b92,67ffc4c40efe1bd1090b10ee,681c79653a655aef678026ba,,,,,,,,,,,,,,,,,,,,,,,,,,,,,,,,,,,,,,,,,,,177.951,183.388,5.437,1,0,43.307,0.078346028,-0.188792165,0,0,0,0,6,6,0,1,a,The patient has taken Batatrim,The patient has overcome the crisis,,,,,,,,,,,,,,,,,,,,,,,,,,,,,,,,,,,,,,,,,,,,,,,,,,,,,,,,,,,,,,,,,,,,,,,,,,,,,,,,,,,,,,
,,,,,,,,[(%PROLIFIC_PID,2,2025-05-08_11h30.38.621,CLTandFLE,2024.1.5,Win32,59.95203837,5f343de4d0c07630b7f90b92,67ffc4c40efe1bd1090b10ee,681c79653a655aef678026ba,,,,,,,,,,,,,,,,,,,,,,,,,,,,,,,,,,,,,,,,,,,183.388,189.094,5.706,1,0,49.013,-0.099020675,-0.266050054,0,0,0,0,7,7,21,1,c,The patient has not taken Batatrim,The patient has overcome the crisis,,,,,,,,,,,,,,,,,,,,,,,,,,,,,,,,,,,,,,,,,,,,,,,,,,,,,,,,,,,,,,,,,,,,,,,,,,,,,,,,,,,,,,
,,,,,,,,[(%PROLIFIC_PID,2,2025-05-08_11h30.38.621,CLTandFLE,2024.1.5,Win32,59.95203837,5f343de4d0c07630b7f90b92,67ffc4c40efe1bd1090b10ee,681c79653a655aef678026ba,,,,,,,,,,,,,,,,,,,,,,,,,,,,,,,,,,,,,,,,,,,189.095,197.97,8.874,1,0,57.887,0.010881393,-0.326985854,0,0,0,0,8,8,14,1,b,The patient has taken Batatrim,The patient has overcome the crisis,,,,,,,,,,,,,,,,,,,,,,,,,,,,,,,,,,,,,,,,,,,,,,,,,,,,,,,,,,,,,,,,,,,,,,,,,,,,,,,,,,,,,,
,,,,,,,,[(%PROLIFIC_PID,2,2025-05-08_11h30.38.621,CLTandFLE,2024.1.5,Win32,59.95203837,5f343de4d0c07630b7f90b92,67ffc4c40efe1bd1090b10ee,681c79653a655aef678026ba,,,,,,,,,,,,,,,,,,,,,,,,,,,,,,,,,,,,,,,,,,,197.97,202.492,4.521,1,0,62.408,0.039173014,-0.229053319,0,0,0,0,9,9,1,1,a,The patient has taken Batatrim,The patient has overcome the crisis,,,,,,,,,,,,,,,,,,,,,,,,,,,,,,,,,,,,,,,,,,,,,,,,,,,,,,,,,,,,,,,,,,,,,,,,,,,,,,,,,,,,,,
,,,,,,,,[(%PROLIFIC_PID,2,2025-05-08_11h30.38.621,CLTandFLE,2024.1.5,Win32,59.95203837,5f343de4d0c07630b7f90b92,67ffc4c40efe1bd1090b10ee,681c79653a655aef678026ba,,,,,,,,,,,,,,,,,,,,,,,,,,,,,,,,,,,,,,,,,,,202.492,207.597,5.104,1,0,67.512,-0.034820457,-0.01577802,0,0,0,0,10,10,31,1,c,The patient has not taken Batatrim,The patient has overcome the crisis,,,,,,,,,,,,,,,,,,,,,,,,,,,,,,,,,,,,,,,,,,,,,,,,,,,,,,,,,,,,,,,,,,,,,,,,,,,,,,,,,,,,,,
,,,,,,,,[(%PROLIFIC_PID,2,2025-05-08_11h30.38.621,CLTandFLE,2024.1.5,Win32,59.95203837,5f343de4d0c07630b7f90b92,67ffc4c40efe1bd1090b10ee,681c79653a655aef678026ba,,,,,,,,,,,,,,,,,,,,,,,,,,,,,,,,,,,,,,,,,,,207.598,212.385,4.787,1,0,72.299,0.083786725,-0.213819369,0,0,0,0,11,11,12,1,a,The patient has taken Batatrim,The patient has overcome the crisis,,,,,,,,,,,,,,,,,,,,,,,,,,,,,,,,,,,,,,,,,,,,,,,,,,,,,,,,,,,,,,,,,,,,,,,,,,,,,,,,,,,,,,
,,,,,,,,[(%PROLIFIC_PID,2,2025-05-08_11h30.38.621,CLTandFLE,2024.1.5,Win32,59.95203837,5f343de4d0c07630b7f90b92,67ffc4c40efe1bd1090b10ee,681c79653a655aef678026ba,,,,,,,,,,,,,,,,,,,,,,,,,,,,,,,,,,,,,,,,,,,212.386,216.823,4.437,1,0,76.736,-0.007616975,-0.070184984,0,0,0,0,12,12,22,1,c,The patient has not taken Batatrim,The patient has overcome the crisis,,,,,,,,,,,,,,,,,,,,,,,,,,,,,,,,,,,,,,,,,,,,,,,,,,,,,,,,,,,,,,,,,,,,,,,,,,,,,,,,,,,,,,
,,,,,,,,[(%PROLIFIC_PID,2,2025-05-08_11h30.38.621,CLTandFLE,2024.1.5,Win32,59.95203837,5f343de4d0c07630b7f90b92,67ffc4c40efe1bd1090b10ee,681c79653a655aef678026ba,,,,,,,,,,,,,,,,,,,,,,,,,,,,,,,,,,,,,,,,,,,216.824,221.444,4.62,1,0,81.356,-0.067464635,-0.023394995,0,0,0,0,13,13,18,1,b,The patient has taken Batatrim,The patient has not overcome the crisis,,,,,,,,,,,,,,,,,,,,,,,,,,,,,,,,,,,,,,,,,,,,,,,,,,,,,,,,,,,,,,,,,,,,,,,,,,,,,,,,,,,,,,
,,,,,,,,[(%PROLIFIC_PID,2,2025-05-08_11h30.38.621,CLTandFLE,2024.1.5,Win32,59.95203837,5f343de4d0c07630b7f90b92,67ffc4c40efe1bd1090b10ee,681c79653a655aef678026ba,,,,,,,,,,,,,,,,,,,,,,,,,,,,,,,,,,,,,,,,,,,221.445,226.049,4.604,1,0,85.96,-0.291621328,-0.053862894,0,0,0,0,14,14,33,1,c,The patient has not taken Batatrim,The patient has overcome the crisis,,,,,,,,,,,,,,,,,,,,,,,,,,,,,,,,,,,,,,,,,,,,,,,,,,,,,,,,,,,,,,,,,,,,,,,,,,,,,,,,,,,,,,
,,,,,,,,[(%PROLIFIC_PID,2,2025-05-08_11h30.38.621,CLTandFLE,2024.1.5,Win32,59.95203837,5f343de4d0c07630b7f90b92,67ffc4c40efe1bd1090b10ee,681c79653a655aef678026ba,,,,,,,,,,,,,,,,,,,,,,,,,,,,,,,,,,,,,,,,,,,226.05,230.187,4.136,1,0,90.096,-0.005440696,-0.053862894,0,0,0,0,15,15,36,1,d,The patient has not taken Batatrim,The patient has not overcome the crisis,,,,,,,,,,,,,,,,,,,,,,,,,,,,,,,,,,,,,,,,,,,,,,,,,,,,,,,,,,,,,,,,,,,,,,,,,,,,,,,,,,,,,,
,,,,,,,,[(%PROLIFIC_PID,2,2025-05-08_11h30.38.621,CLTandFLE,2024.1.5,Win32,59.95203837,5f343de4d0c07630b7f90b92,67ffc4c40efe1bd1090b10ee,681c79653a655aef678026ba,,,,,,,,,,,,,,,,,,,,,,,,,,,,,,,,,,,,,,,,,,,230.189,234.608,4.419,1,0,94.515,0.026115343,-0.04515778,0,0,0,0,16,16,8,1,a,The patient has taken Batatrim,The patient has overcome the crisis,,,,,,,,,,,,,,,,,,,,,,,,,,,,,,,,,,,,,,,,,,,,,,,,,,,,,,,,,,,,,,,,,,,,,,,,,,,,,,,,,,,,,,
,,,,,,,,[(%PROLIFIC_PID,2,2025-05-08_11h30.38.621,CLTandFLE,2024.1.5,Win32,59.95203837,5f343de4d0c07630b7f90b92,67ffc4c40efe1bd1090b10ee,681c79653a655aef678026ba,,,,,,,,,,,,,,,,,,,,,,,,,,,,,,,,,,,,,,,,,,,234.609,239.413,4.804,1,0,99.319,-0.078346028,-0.02992383,0,0,0,0,17,17,30,1,c,The patient has not taken Batatrim,The patient has overcome the crisis,,,,,,,,,,,,,,,,,,,,,,,,,,,,,,,,,,,,,,,,,,,,,,,,,,,,,,,,,,,,,,,,,,,,,,,,,,,,,,,,,,,,,,
,,,,,,,,[(%PROLIFIC_PID,2,2025-05-08_11h30.38.621,CLTandFLE,2024.1.5,Win32,59.95203837,5f343de4d0c07630b7f90b92,67ffc4c40efe1bd1090b10ee,681c79653a655aef678026ba,,,,,,,,,,,,,,,,,,,,,,,,,,,,,,,,,,,,,,,,,,,239.413,244.367,4.954,1,0,104.273,-0.066376496,-0.035364527,0,0,0,0,18,18,29,1,c,The patient has not taken Batatrim,The patient has overcome the crisis,,,,,,,,,,,,,,,,,,,,,,,,,,,,,,,,,,,,,,,,,,,,,,,,,,,,,,,,,,,,,,,,,,,,,,,,,,,,,,,,,,,,,,
,,,,,,,,[(%PROLIFIC_PID,2,2025-05-08_11h30.38.621,CLTandFLE,2024.1.5,Win32,59.95203837,5f343de4d0c07630b7f90b92,67ffc4c40efe1bd1090b10ee,681c79653a655aef678026ba,,,,,,,,,,,,,,,,,,,,,,,,,,,,,,,,,,,,,,,,,,,244.368,249.173,4.805,1,0,109.078,-0.025027203,-0.04515778,0,0,0,0,19,19,10,1,a,The patient has taken Batatrim,The patient has overcome the crisis,,,,,,,,,,,,,,,,,,,,,,,,,,,,,,,,,,,,,,,,,,,,,,,,,,,,,,,,,,,,,,,,,,,,,,,,,,,,,,,,,,,,,,
,,,,,,,,[(%PROLIFIC_PID,2,2025-05-08_11h30.38.621,CLTandFLE,2024.1.5,Win32,59.95203837,5f343de4d0c07630b7f90b92,67ffc4c40efe1bd1090b10ee,681c79653a655aef678026ba,,,,,,,,,,,,,,,,,,,,,,,,,,,,,,,,,,,,,,,,,,,249.174,253.494,4.32,1,0,113.398,-0.010881393,-0.036452666,0,0,0,0,20,20,37,1,d,The patient has not taken Batatrim,The patient has not overcome the crisis,,,,,,,,,,,,,,,,,,,,,,,,,,,,,,,,,,,,,,,,,,,,,,,,,,,,,,,,,,,,,,,,,,,,,,,,,,,,,,,,,,,,,,
,,,,,,,,[(%PROLIFIC_PID,2,2025-05-08_11h30.38.621,CLTandFLE,2024.1.5,Win32,59.95203837,5f343de4d0c07630b7f90b92,67ffc4c40efe1bd1090b10ee,681c79653a655aef678026ba,,,,,,,,,,,,,,,,,,,,,,,,,,,,,,,,,,,,,,,,,,,253.495,257.532,4.036,1,0,117.434,0.023939064,-0.027747552,0,0,0,0,21,21,24,1,c,The patient has not taken Batatrim,The patient has overcome the crisis,,,,,,,,,,,,,,,,,,,,,,,,,,,,,,,,,,,,,,,,,,,,,,,,,,,,,,,,,,,,,,,,,,,,,,,,,,,,,,,,,,,,,,
,,,,,,,,[(%PROLIFIC_PID,2,2025-05-08_11h30.38.621,CLTandFLE,2024.1.5,Win32,59.95203837,5f343de4d0c07630b7f90b92,67ffc4c40efe1bd1090b10ee,681c79653a655aef678026ba,,,,,,,,,,,,,,,,,,,,,,,,,,,,,,,,,,,,,,,,,,,257.532,261.703,4.171,1,0,121.605,-0.006528836,-0.01468988,0,0,0,0,22,22,23,1,c,The patient has not taken Batatrim,The patient has overcome the crisis,,,,,,,,,,,,,,,,,,,,,,,,,,,,,,,,,,,,,,,,,,,,,,,,,,,,,,,,,,,,,,,,,,,,,,,,,,,,,,,,,,,,,,
,,,,,,,,[(%PROLIFIC_PID,2,2025-05-08_11h30.38.621,CLTandFLE,2024.1.5,Win32,59.95203837,5f343de4d0c07630b7f90b92,67ffc4c40efe1bd1090b10ee,681c79653a655aef678026ba,,,,,,,,,,,,,,,,,,,,,,,,,,,,,,,,,,,,,,,,,,,261.703,265.824,4.12,1,0,125.725,-0.054406964,-0.01577802,0,0,0,0,23,23,4,1,a,The patient has taken Batatrim,The patient has overcome the crisis,,,,,,,,,,,,,,,,,,,,,,,,,,,,,,,,,,,,,,,,,,,,,,,,,,,,,,,,,,,,,,,,,,,,,,,,,,,,,,,,,,,,,,
,,,,,,,,[(%PROLIFIC_PID,2,2025-05-08_11h30.38.621,CLTandFLE,2024.1.5,Win32,59.95203837,5f343de4d0c07630b7f90b92,67ffc4c40efe1bd1090b10ee,681c79653a655aef678026ba,,,,,,,,,,,,,,,,,,,,,,,,,,,,,,,,,,,,,,,,,,,265.825,270.328,4.503,1,0,130.228,-0.0304679,-0.020130577,0,0,0,0,24,24,11,1,a,The patient has taken Batatrim,The patient has overcome the crisis,,,,,,,,,,,,,,,,,,,,,,,,,,,,,,,,,,,,,,,,,,,,,,,,,,,,,,,,,,,,,,,,,,,,,,,,,,,,,,,,,,,,,,
,,,,,,,,[(%PROLIFIC_PID,2,2025-05-08_11h30.38.621,CLTandFLE,2024.1.5,Win32,59.95203837,5f343de4d0c07630b7f90b92,67ffc4c40efe1bd1090b10ee,681c79653a655aef678026ba,,,,,,,,,,,,,,,,,,,,,,,,,,,,,,,,,,,,,,,,,,,270.329,274.949,4.62,1,0,134.848,-0.070729053,-0.013601741,0,0,0,0,25,25,6,1,a,The patient has taken Batatrim,The patient has overcome the crisis,,,,,,,,,,,,,,,,,,,,,,,,,,,,,,,,,,,,,,,,,,,,,,,,,,,,,,,,,,,,,,,,,,,,,,,,,,,,,,,,,,,,,,
,,,,,,,,[(%PROLIFIC_PID,2,2025-05-08_11h30.38.621,CLTandFLE,2024.1.5,Win32,59.95203837,5f343de4d0c07630b7f90b92,67ffc4c40efe1bd1090b10ee,681c79653a655aef678026ba,,,,,,,,,,,,,,,,,,,,,,,,,,,,,,,,,,,,,,,,,,,274.95,280.138,5.188,0,1,140.036,-0.036996736,-0.01468988,0,0,0,0,26,26,38,1,d,The patient has not taken Batatrim,The patient has not overcome the crisis,,,,,,,,,,,,,,,,,,,,,,,,,,,,,,,,,,,,,,,,,,,,,,,,,,,,,,,,,,,,,,,,,,,,,,,,,,,,,,,,,,,,,,
,,,,,,,,[(%PROLIFIC_PID,2,2025-05-08_11h30.38.621,CLTandFLE,2024.1.5,Win32,59.95203837,5f343de4d0c07630b7f90b92,67ffc4c40efe1bd1090b10ee,681c79653a655aef678026ba,,,,,,,,,,,,,,,,,,,,,,,,,,,,,,,,,,,,,,,,,,,280.139,285.244,5.104,0,1,145.14,-0.161044614,0.071273123,0,0,0,0,27,27,34,1,c,The patient has not taken Batatrim,The patient has overcome the crisis,,,,,,,,,,,,,,,,,,,,,,,,,,,,,,,,,,,,,,,,,,,,,,,,,,,,,,,,,,,,,,,,,,,,,,,,,,,,,,,,,,,,,,
,,,,,,,,[(%PROLIFIC_PID,2,2025-05-08_11h30.38.621,CLTandFLE,2024.1.5,Win32,59.95203837,5f343de4d0c07630b7f90b92,67ffc4c40efe1bd1090b10ee,681c79653a655aef678026ba,,,,,,,,,,,,,,,,,,,,,,,,,,,,,,,,,,,,,,,,,,,285.244,290.349,5.104,1,0,150.244,-0.153427639,-0.048422198,0,0,0,0,28,28,9,1,a,The patient has taken Batatrim,The patient has overcome the crisis,,,,,,,,,,,,,,,,,,,,,,,,,,,,,,,,,,,,,,,,,,,,,,,,,,,,,,,,,,,,,,,,,,,,,,,,,,,,,,,,,,,,,,
,,,,,,,,[(%PROLIFIC_PID,2,2025-05-08_11h30.38.621,CLTandFLE,2024.1.5,Win32,59.95203837,5f343de4d0c07630b7f90b92,67ffc4c40efe1bd1090b10ee,681c79653a655aef678026ba,,,,,,,,,,,,,,,,,,,,,,,,,,,,,,,,,,,,,,,,,,,290.35,294.503,4.153,1,0,154.397,-0.022850925,-0.019042437,0,0,0,0,29,29,16,1,b,The patient has taken Batatrim,The patient has not overcome the crisis,,,,,,,,,,,,,,,,,,,,,,,,,,,,,,,,,,,,,,,,,,,,,,,,,,,,,,,,,,,,,,,,,,,,,,,,,,,,,,,,,,,,,,
,,,,,,,,[(%PROLIFIC_PID,2,2025-05-08_11h30.38.621,CLTandFLE,2024.1.5,Win32,59.95203837,5f343de4d0c07630b7f90b92,67ffc4c40efe1bd1090b10ee,681c79653a655aef678026ba,,,,,,,,,,,,,,,,,,,,,,,,,,,,,,,,,,,,,,,,,,,294.505,298.808,4.303,1,0,158.7,-0.206746464,-0.128944505,0,0,0,0,30,30,2,1,a,The patient has taken Batatrim,The patient has overcome the crisis,,,,,,,,,,,,,,,,,,,,,,,,,,,,,,,,,,,,,,,,,,,,,,,,,,,,,,,,,,,,,,,,,,,,,,,,,,,,,,,,,,,,,,
,,,,,,,,[(%PROLIFIC_PID,2,2025-05-08_11h30.38.621,CLTandFLE,2024.1.5,Win32,59.95203837,5f343de4d0c07630b7f90b92,67ffc4c40efe1bd1090b10ee,681c79653a655aef678026ba,,,,,,,,,,,,,,,,,,,,,,,,,,,,,,,,,,,,,,,,,,,298.808,303.896,5.088,0,1,163.788,-0.089227421,-0.065832427,0,0,0,0,31,31,35,1,d,The patient has not taken Batatrim,The patient has not overcome the crisis,,,,,,,,,,,,,,,,,,,,,,,,,,,,,,,,,,,,,,,,,,,,,,,,,,,,,,,,,,,,,,,,,,,,,,,,,,,,,,,,,,,,,,
,,,,,,,,[(%PROLIFIC_PID,2,2025-05-08_11h30.38.621,CLTandFLE,2024.1.5,Win32,59.95203837,5f343de4d0c07630b7f90b92,67ffc4c40efe1bd1090b10ee,681c79653a655aef678026ba,,,,,,,,,,,,,,,,,,,,,,,,,,,,,,,,,,,,,,,,,,,303.897,308.618,4.721,1,0,168.509,0.029379761,-0.026659412,0,0,0,0,32,32,15,1,b,The patient has taken Batatrim,The patient has not overcome the crisis,,,,,,,,,,,,,,,,,,,,,,,,,,,,,,,,,,,,,,,,,,,,,,,,,,,,,,,,,,,,,,,,,,,,,,,,,,,,,,,,,,,,,,
,,,,,,,,[(%PROLIFIC_PID,2,2025-05-08_11h30.38.621,CLTandFLE,2024.1.5,Win32,59.95203837,5f343de4d0c07630b7f90b92,67ffc4c40efe1bd1090b10ee,681c79653a655aef678026ba,,,,,,,,,,,,,,,,,,,,,,,,,,,,,,,,,,,,,,,,,,,308.618,314.139,5.521,1,0,174.03,0.264417845,0.501088139,0,0,0,0,33,33,20,1,c,The patient has not taken Batatrim,The patient has overcome the crisis,,,,,,,,,,,,,,,,,,,,,,,,,,,,,,,,,,,,,,,,,,,,,,,,,,,,,,,,,,,,,,,,,,,,,,,,,,,,,,,,,,,,,,
,,,,,,,,[(%PROLIFIC_PID,2,2025-05-08_11h30.38.621,CLTandFLE,2024.1.5,Win32,59.95203837,5f343de4d0c07630b7f90b92,67ffc4c40efe1bd1090b10ee,681c79653a655aef678026ba,,,,,,,,,,,,,,,,,,,,,,,,,,,,,,,,,,,,,,,,,,,314.14,319.846,5.705,1,0,179.735,-0.138193689,-0.062568009,0,0,0,0,34,34,25,1,c,The patient has not taken Batatrim,The patient has overcome the crisis,,,,,,,,,,,,,,,,,,,,,,,,,,,,,,,,,,,,,,,,,,,,,,,,,,,,,,,,,,,,,,,,,,,,,,,,,,,,,,,,,,,,,,
,,,,,,,,[(%PROLIFIC_PID,2,2025-05-08_11h30.38.621,CLTandFLE,2024.1.5,Win32,59.95203837,5f343de4d0c07630b7f90b92,67ffc4c40efe1bd1090b10ee,681c79653a655aef678026ba,,,,,,,,,,,,,,,,,,,,,,,,,,,,,,,,,,,,,,,,,,,319.846,323.934,4.087,1,0,183.822,0.15125136,0.502176279,0,0,0,0,35,35,27,1,c,The patient has not taken Batatrim,The patient has overcome the crisis,,,,,,,,,,,,,,,,,,,,,,,,,,,,,,,,,,,,,,,,,,,,,,,,,,,,,,,,,,,,,,,,,,,,,,,,,,,,,,,,,,,,,,
,,,,,,,,[(%PROLIFIC_PID,2,2025-05-08_11h30.38.621,CLTandFLE,2024.1.5,Win32,59.95203837,5f343de4d0c07630b7f90b92,67ffc4c40efe1bd1090b10ee,681c79653a655aef678026ba,,,,,,,,,,,,,,,,,,,,,,,,,,,,,,,,,,,,,,,,,,,323.936,328.722,4.786,1,0,188.608,0.063112078,-0.063656148,0,0,0,0,36,36,39,1,d,The patient has not taken Batatrim,The patient has not overcome the crisis,,,,,,,,,,,,,,,,,,,,,,,,,,,,,,,,,,,,,,,,,,,,,,,,,,,,,,,,,,,,,,,,,,,,,,,,,,,,,,,,,,,,,,
,,,,,,,,[(%PROLIFIC_PID,2,2025-05-08_11h30.38.621,CLTandFLE,2024.1.5,Win32,59.95203837,5f343de4d0c07630b7f90b92,67ffc4c40efe1bd1090b10ee,681c79653a655aef678026ba,,,,,,,,,,,,,,,,,,,,,,,,,,,,,,,,,,,,,,,,,,,328.723,332.809,4.086,1,0,192.694,-0.002176279,-0.036452666,0,0,0,0,37,37,7,1,a,The patient has taken Batatrim,The patient has overcome the crisis,,,,,,,,,,,,,,,,,,,,,,,,,,,,,,,,,,,,,,,,,,,,,,,,,,,,,,,,,,,,,,,,,,,,,,,,,,,,,,,,,,,,,,
,,,,,,,,[(%PROLIFIC_PID,2,2025-05-08_11h30.38.621,CLTandFLE,2024.1.5,Win32,59.95203837,5f343de4d0c07630b7f90b92,67ffc4c40efe1bd1090b10ee,681c79653a655aef678026ba,,,,,,,,,,,,,,,,,,,,,,,,,,,,,,,,,,,,,,,,,,,332.81,336.696,3.886,1,0,196.58,-0.033732318,-0.044069641,0,0,0,0,38,38,32,1,c,The patient has not taken Batatrim,The patient has overcome the crisis,,,,,,,,,,,,,,,,,,,,,,,,,,,,,,,,,,,,,,,,,,,,,,,,,,,,,,,,,,,,,,,,,,,,,,,,,,,,,,,,,,,,,,
,,,,,,,,[(%PROLIFIC_PID,2,2025-05-08_11h30.38.621,CLTandFLE,2024.1.5,Win32,59.95203837,5f343de4d0c07630b7f90b92,67ffc4c40efe1bd1090b10ee,681c79653a655aef678026ba,,,,,,,,,,,,,,,,,,,,,,,,,,,,,,,,,,,,,,,,,,,336.697,364.459,27.761,1,0,224.341,-0.140369967,-0.119151251,0,0,0,0,39,39,3,1,a,The patient has taken Batatrim,The patient has overcome the crisis,,,,,,,,,,,,,,,,,,,,,,,,,,,,,,,,,,,,,,,,,,,,,,,,,,,,,,,,,,,,,,,,,,,,,,,,,,,,,,,,,,,,,,
,,,,,,,,[(%PROLIFIC_PID,2,2025-05-08_11h30.38.621,CLTandFLE,2024.1.5,Win32,59.95203837,5f343de4d0c07630b7f90b92,67ffc4c40efe1bd1090b10ee,681c79653a655aef678026ba,,401.548,402.548,,,,,,,,,,,,,,,,,,,,,,,,,,,,,,,,,,,,,,,,,,,,,,,,,,,,,,,,,,,365.46,382.527,17.067,10,16.154,-0.055495103,-0.174646355,1,0,0,383.528,401.547,18.019,90,16.605,0.059847661,-0.207290533,1,0,0,4,5,20,18,0,0,0,0,1,,,,,,,,,,,,,,,,,,,,,,,,,,,,,,,,,,,,,,,,,,,,,,,,,,,,,,,,,
,,,,,,,,[(%PROLIFIC_PID,2,2025-05-08_11h30.38.621,CLTandFLE,2024.1.5,Win32,59.95203837,5f343de4d0c07630b7f90b92,67ffc4c40efe1bd1090b10ee,681c79653a655aef678026ba,,518.141,519.135,,,,,,,,,,,,,,,,,,,,,,,,,,,,,,,,,,,,,,,,,,,,,,,,,,,,,,,,,,,,,,,,,,,,,,,,,,,,,,,,,,,,,,,,437.568,442.106,4.537,1,3.497,-0.027203482,-0.199673558,1,0,0,40,Maschio,No,18,No,TRUE,FALSE,5,8,8,6,6,FALSE,Conferma,c1ok,c2ok,c3ok,c4ok,c5ok,c6ok,c7ok,c8ok,c9ok,c10ok,c11ok,c12err,c13ok,c14err2,c15ok,c16ok,c17ok,c18ok,c19err2,c20ok,c21err,c22ok,c23ok,c24ok,c25err3,c26ok,745.268,752.093,0,0,0,0,1
