﻿Alfa.started,Alfa.stopped,alfa_mouse.x,alfa_mouse.y,alfa_mouse.leftButton,alfa_mouse.midButton,alfa_mouse.rightButton,alfa_mouse.clicked_name,participant,group,date,expName,psychopyVersion,OS,frameRate,PROLIFIC_PID,STUDY_ID,SESSION_ID,)],ITI.started,ITI.stopped,B_consensoinformato.started,B_consensoinformato.stopped,tempo_consenso,cons_mouse.x,cons_mouse.y,cons_mouse.leftButton,cons_mouse.midButton,cons_mouse.rightButton,A_benvenuto.started,A_benvenuto.stopped,ben_mouse.x,ben_mouse.y,ben_mouse.leftButton,ben_mouse.midButton,ben_mouse.rightButton,B2_istruzioni.started,B2_istruzioni.stopped,tempo_istru,cons_mouse_2.x,cons_mouse_2.y,cons_mouse_2.leftButton,cons_mouse_2.midButton,cons_mouse_2.rightButton,SAMevaluation.started,SAMevaluation.stopped,temposam,sliderintensity.response,sliderintensity.rt,slidervalence.response,slidervalence.rt,mouse_sam.x,mouse_sam.y,mouse_sam.leftButton,mouse_sam.midButton,mouse_sam.rightButton,mouse_sam.time,mouse_sam.clicked_name,Loading.started,Loading.stopped,C_associative_task.started,C_associative_task.stopped,tempo_trial,hapremutosi,hapremutono,tempo_tasktot,mouse.x,mouse.y,mouse.leftButton,mouse.midButton,mouse.rightButton,trials.thisRepN,trials.thisTrialN,trials.thisN,trials.thisIndex,trials.ran,cond,causa,effetto,D_VD.started,D_VD.stopped,tempo_vd,vd.response,vd.rt,mouse_vd.x,mouse_vd.y,mouse_vd.leftButton,mouse_vd.midButton,mouse_vd.rightButton,Previous.started,Previous.stopped,tempo_vd1,previous.response,previous.rt,mouse_vd_2.x,mouse_vd_2.y,mouse_vd_2.leftButton,mouse_vd_2.midButton,mouse_vd_2.rightButton,EstENG.TrialNN,EstENG.TrialSN,EstENG.TrialSS,EstENG.TrialNS,ingesta.thisRepN,ingesta.thisTrialN,ingesta.thisN,ingesta.thisIndex,ingesta.ran,PF.started,PF.stopped,tempo_pf,processfluency.response,processfluency.rt,mouse_ch.x,mouse_ch.y,mouse_ch.leftButton,mouse_ch.midButton,mouse_ch.rightButton,Questionario_Lingua.Age,Questionario_Lingua.Sesso,Questionario_Lingua.StaiStudiando?,Questionario_Lingua.Anniscolarita,Questionario_Lingua.Diploma,Questionario_Lingua.ItaMADRE?,Questionario_Lingua.INGmadre?,Questionario_Lingua.Q5(AOAIng),Questionario_Lingua.INGLETTURA,Questionario_Lingua.INGCOMPRESO,Questionario_Lingua.INGSCRITTO,Questionario_Lingua.INGPARLATO,Questionario_Lingua.haivissutoestero,ProvaInglese.ProcediamoENg,ProvaInglese.C1,ProvaInglese.C2,ProvaInglese.C3,ProvaInglese.C4,ProvaInglese.C5,ProvaInglese.C6,ProvaInglese.C7,ProvaInglese.C8,ProvaInglese.C9,ProvaInglese.C10,ProvaInglese.C11,ProvaInglese.C12,ProvaInglese.C13,ProvaInglese.C14,ProvaInglese.C15,ProvaInglese.C16,ProvaInglese.C17,ProvaInglese.C18,ProvaInglese.C19,ProvaInglese.C20,ProvaInglese.C21,ProvaInglese.C22,ProvaInglese.C23,ProvaInglese.C24,ProvaInglese.C25,ProvaInglese.controlquestion,Ant_lastquestion.started,Ant_lastquestion.stopped,exp_loop.thisRepN,exp_loop.thisTrialN,exp_loop.thisN,exp_loop.thisIndex,exp_loop.ran
0.0005,5.7757,0.028645833,0.028645833,1,0,0,alfa_mask,[(%PROLIFIC_PID,2,2025-04-16_19h07.39.758,CLTandFLE,2024.1.5,Win32,60.24096386,5e830d03abbe0201287f0c6f,67ffc4c40efe1bd1090b10ee,67ffe3ad5a6e003929689ce6,,,,,,,,,,,,,,,,,,,,,,,,,,,,,,,,,,,,,,,,,,,,,,,,,,,,,,,,,,,,,,,,,,,,,,,,,,,,,,,,,,,,,,,,,,,,,,,,,,,,,,,,,,,,,,,,,,,,,,,,,,,,,,,,,,,,,,,,,,,,,,,,,,,
,,,,,,,,[(%PROLIFIC_PID,2,2025-04-16_19h07.39.758,CLTandFLE,2024.1.5,Win32,60.24096386,5e830d03abbe0201287f0c6f,67ffc4c40efe1bd1090b10ee,67ffe3ad5a6e003929689ce6,,5.776,6.7683,,,,,,,,,,,,,,,,,,,,,,,,,,,,,,,,,,,,,,,,,,,,,,,,,,,,,,,,,,,,,,,,,,,,,,,,,,,,,,,,,,,,,,,,,,,,,,,,,,,,,,,,,,,,,,,,,,,,,,,,,,,,,,,,,,,,,,,,,,,,,,,,
,,,,,,,,[(%PROLIFIC_PID,2,2025-04-16_19h07.39.758,CLTandFLE,2024.1.5,Win32,60.24096386,5e830d03abbe0201287f0c6f,67ffc4c40efe1bd1090b10ee,67ffe3ad5a6e003929689ce6,,,,6.7687,12.3307,5.5611,0.2265625,-0.40234375,1,0,0,,,,,,,,,,,,,,,,,,,,,,,,,,,,,,,,,,,,,,,,,,,,,,,,,,,,,,,,,,,,,,,,,,,,,,,,,,,,,,,,,,,,,,,,,,,,,,,,,,,,,,,,,,,,,,,,,,,,,,,,,,,,,,,,,,,,,,,,
,,,,,,,,[(%PROLIFIC_PID,2,2025-04-16_19h07.39.758,CLTandFLE,2024.1.5,Win32,60.24096386,5e830d03abbe0201287f0c6f,67ffc4c40efe1bd1090b10ee,67ffe3ad5a6e003929689ce6,,86.3348,87.3334,,,,,,,,,13.3242,15.3792,0.059895833,-0.102864583,1,0,0,16.3723,70.1896,53.8164,0.076822917,-0.407552083,1,0,0,71.188,78.3433,7.154,0.666015625,6.0949,0.405598958,4.2361,"[0.014322916666666666,0.005208333333333333,0.028645833333333332]","[0.20182291666666666,-0.00390625,-0.25]","[1,1,1]","[0,0,0]","[0,0,0]","[3.496799999952316,5.477399999976157,7.142100000023845]","[""slidervalence"",""sliderintensity"",""rettoksam""]",79.342,86.3347,87.3894,95.6926,8.3023,1,0,8.3023,-0.14453125,-0.045572917,0,0,0,0,0,0,5,1,a,The patient has taken Batatrim,The patient has overcome the crisis,,,,,,,,,,,,,,,,,,,,,,,,,,,,,,,,,,,,,,,,,,,,,,,,,,,,,,,,,,,,,,,,,,,,,,,,,,,,,,,,,,,,,,
,,,,,,,,[(%PROLIFIC_PID,2,2025-04-16_19h07.39.758,CLTandFLE,2024.1.5,Win32,60.24096386,5e830d03abbe0201287f0c6f,67ffc4c40efe1bd1090b10ee,67ffe3ad5a6e003929689ce6,,,,,,,,,,,,,,,,,,,,,,,,,,,,,,,,,,,,,,,,,,,95.6935,102.6178,6.9234,1,0,15.2257,-0.08984375,-0.08203125,0,0,0,0,1,1,16,1,b,The patient has taken Batatrim,The patient has not overcome the crisis,,,,,,,,,,,,,,,,,,,,,,,,,,,,,,,,,,,,,,,,,,,,,,,,,,,,,,,,,,,,,,,,,,,,,,,,,,,,,,,,,,,,,,
,,,,,,,,[(%PROLIFIC_PID,2,2025-04-16_19h07.39.758,CLTandFLE,2024.1.5,Win32,60.24096386,5e830d03abbe0201287f0c6f,67ffc4c40efe1bd1090b10ee,67ffe3ad5a6e003929689ce6,,,,,,,,,,,,,,,,,,,,,,,,,,,,,,,,,,,,,,,,,,,102.6187,109.701,7.0818,1,0,22.3075,-0.037760417,-0.0703125,0,0,0,0,2,2,24,1,c,The patient has not taken Batatrim,The patient has overcome the crisis,,,,,,,,,,,,,,,,,,,,,,,,,,,,,,,,,,,,,,,,,,,,,,,,,,,,,,,,,,,,,,,,,,,,,,,,,,,,,,,,,,,,,,
,,,,,,,,[(%PROLIFIC_PID,2,2025-04-16_19h07.39.758,CLTandFLE,2024.1.5,Win32,60.24096386,5e830d03abbe0201287f0c6f,67ffc4c40efe1bd1090b10ee,67ffe3ad5a6e003929689ce6,,,,,,,,,,,,,,,,,,,,,,,,,,,,,,,,,,,,,,,,,,,109.7017,115.5126,5.8103,0,1,28.1178,0.026041667,-0.1328125,0,0,0,0,3,3,36,1,d,The patient has not taken Batatrim,The patient has not overcome the crisis,,,,,,,,,,,,,,,,,,,,,,,,,,,,,,,,,,,,,,,,,,,,,,,,,,,,,,,,,,,,,,,,,,,,,,,,,,,,,,,,,,,,,,
,,,,,,,,[(%PROLIFIC_PID,2,2025-04-16_19h07.39.758,CLTandFLE,2024.1.5,Win32,60.24096386,5e830d03abbe0201287f0c6f,67ffc4c40efe1bd1090b10ee,67ffe3ad5a6e003929689ce6,,,,,,,,,,,,,,,,,,,,,,,,,,,,,,,,,,,,,,,,,,,115.5132,124.4204,8.9071,0,1,37.0249,0.0625,-0.109375,0,0,0,0,4,4,19,1,b,The patient has taken Batatrim,The patient has not overcome the crisis,,,,,,,,,,,,,,,,,,,,,,,,,,,,,,,,,,,,,,,,,,,,,,,,,,,,,,,,,,,,,,,,,,,,,,,,,,,,,,,,,,,,,,
,,,,,,,,[(%PROLIFIC_PID,2,2025-04-16_19h07.39.758,CLTandFLE,2024.1.5,Win32,60.24096386,5e830d03abbe0201287f0c6f,67ffc4c40efe1bd1090b10ee,67ffe3ad5a6e003929689ce6,,,,,,,,,,,,,,,,,,,,,,,,,,,,,,,,,,,,,,,,,,,124.4209,130.0297,5.6085,0,1,42.6334,0.029947917,-0.104166667,0,0,0,0,5,5,11,1,a,The patient has taken Batatrim,The patient has overcome the crisis,,,,,,,,,,,,,,,,,,,,,,,,,,,,,,,,,,,,,,,,,,,,,,,,,,,,,,,,,,,,,,,,,,,,,,,,,,,,,,,,,,,,,,
,,,,,,,,[(%PROLIFIC_PID,2,2025-04-16_19h07.39.758,CLTandFLE,2024.1.5,Win32,60.24096386,5e830d03abbe0201287f0c6f,67ffc4c40efe1bd1090b10ee,67ffe3ad5a6e003929689ce6,,,,,,,,,,,,,,,,,,,,,,,,,,,,,,,,,,,,,,,,,,,130.0304,137.9553,7.9246,1,0,50.558,0.092447917,-0.1015625,0,0,0,0,6,6,9,1,a,The patient has taken Batatrim,The patient has overcome the crisis,,,,,,,,,,,,,,,,,,,,,,,,,,,,,,,,,,,,,,,,,,,,,,,,,,,,,,,,,,,,,,,,,,,,,,,,,,,,,,,,,,,,,,
,,,,,,,,[(%PROLIFIC_PID,2,2025-04-16_19h07.39.758,CLTandFLE,2024.1.5,Win32,60.24096386,5e830d03abbe0201287f0c6f,67ffc4c40efe1bd1090b10ee,67ffe3ad5a6e003929689ce6,,,,,,,,,,,,,,,,,,,,,,,,,,,,,,,,,,,,,,,,,,,137.956,143.6969,5.7405,1,0,56.2985,-0.009114583,-0.102864583,0,0,0,0,7,7,28,1,c,The patient has not taken Batatrim,The patient has overcome the crisis,,,,,,,,,,,,,,,,,,,,,,,,,,,,,,,,,,,,,,,,,,,,,,,,,,,,,,,,,,,,,,,,,,,,,,,,,,,,,,,,,,,,,,
,,,,,,,,[(%PROLIFIC_PID,2,2025-04-16_19h07.39.758,CLTandFLE,2024.1.5,Win32,60.24096386,5e830d03abbe0201287f0c6f,67ffc4c40efe1bd1090b10ee,67ffe3ad5a6e003929689ce6,,,,,,,,,,,,,,,,,,,,,,,,,,,,,,,,,,,,,,,,,,,143.6978,148.7776,5.0795,1,0,61.378,0.08984375,-0.11328125,0,0,0,0,8,8,31,1,c,The patient has not taken Batatrim,The patient has overcome the crisis,,,,,,,,,,,,,,,,,,,,,,,,,,,,,,,,,,,,,,,,,,,,,,,,,,,,,,,,,,,,,,,,,,,,,,,,,,,,,,,,,,,,,,
,,,,,,,,[(%PROLIFIC_PID,2,2025-04-16_19h07.39.758,CLTandFLE,2024.1.5,Win32,60.24096386,5e830d03abbe0201287f0c6f,67ffc4c40efe1bd1090b10ee,67ffe3ad5a6e003929689ce6,,,,,,,,,,,,,,,,,,,,,,,,,,,,,,,,,,,,,,,,,,,148.7782,154.5277,5.749,1,0,67.127,-0.026041667,-0.041666667,0,0,0,0,9,9,0,1,a,The patient has taken Batatrim,The patient has overcome the crisis,,,,,,,,,,,,,,,,,,,,,,,,,,,,,,,,,,,,,,,,,,,,,,,,,,,,,,,,,,,,,,,,,,,,,,,,,,,,,,,,,,,,,,
,,,,,,,,[(%PROLIFIC_PID,2,2025-04-16_19h07.39.758,CLTandFLE,2024.1.5,Win32,60.24096386,5e830d03abbe0201287f0c6f,67ffc4c40efe1bd1090b10ee,67ffe3ad5a6e003929689ce6,,,,,,,,,,,,,,,,,,,,,,,,,,,,,,,,,,,,,,,,,,,154.5284,159.2941,4.7653,0,1,71.8923,0.016927083,-0.076822917,0,0,0,0,10,10,4,1,a,The patient has taken Batatrim,The patient has overcome the crisis,,,,,,,,,,,,,,,,,,,,,,,,,,,,,,,,,,,,,,,,,,,,,,,,,,,,,,,,,,,,,,,,,,,,,,,,,,,,,,,,,,,,,,
,,,,,,,,[(%PROLIFIC_PID,2,2025-04-16_19h07.39.758,CLTandFLE,2024.1.5,Win32,60.24096386,5e830d03abbe0201287f0c6f,67ffc4c40efe1bd1090b10ee,67ffe3ad5a6e003929689ce6,,,,,,,,,,,,,,,,,,,,,,,,,,,,,,,,,,,,,,,,,,,159.2954,163.9304,4.6344,1,0,76.5267,-0.0078125,-0.0859375,0,0,0,0,11,11,13,1,a,The patient has taken Batatrim,The patient has overcome the crisis,,,,,,,,,,,,,,,,,,,,,,,,,,,,,,,,,,,,,,,,,,,,,,,,,,,,,,,,,,,,,,,,,,,,,,,,,,,,,,,,,,,,,,
,,,,,,,,[(%PROLIFIC_PID,2,2025-04-16_19h07.39.758,CLTandFLE,2024.1.5,Win32,60.24096386,5e830d03abbe0201287f0c6f,67ffc4c40efe1bd1090b10ee,67ffe3ad5a6e003929689ce6,,,,,,,,,,,,,,,,,,,,,,,,,,,,,,,,,,,,,,,,,,,163.931,168.8551,4.9238,1,0,81.4505,0.063802083,-0.076822917,0,0,0,0,12,12,27,1,c,The patient has not taken Batatrim,The patient has overcome the crisis,,,,,,,,,,,,,,,,,,,,,,,,,,,,,,,,,,,,,,,,,,,,,,,,,,,,,,,,,,,,,,,,,,,,,,,,,,,,,,,,,,,,,,
,,,,,,,,[(%PROLIFIC_PID,2,2025-04-16_19h07.39.758,CLTandFLE,2024.1.5,Win32,60.24096386,5e830d03abbe0201287f0c6f,67ffc4c40efe1bd1090b10ee,67ffe3ad5a6e003929689ce6,,,,,,,,,,,,,,,,,,,,,,,,,,,,,,,,,,,,,,,,,,,168.8555,173.2312,4.3749,1,0,85.8254,0.0390625,-0.071614583,0,0,0,0,13,13,38,1,d,The patient has not taken Batatrim,The patient has not overcome the crisis,,,,,,,,,,,,,,,,,,,,,,,,,,,,,,,,,,,,,,,,,,,,,,,,,,,,,,,,,,,,,,,,,,,,,,,,,,,,,,,,,,,,,,
,,,,,,,,[(%PROLIFIC_PID,2,2025-04-16_19h07.39.758,CLTandFLE,2024.1.5,Win32,60.24096386,5e830d03abbe0201287f0c6f,67ffc4c40efe1bd1090b10ee,67ffe3ad5a6e003929689ce6,,,,,,,,,,,,,,,,,,,,,,,,,,,,,,,,,,,,,,,,,,,173.2319,177.9707,4.7384,1,0,90.5638,0.040364583,-0.078125,0,0,0,0,14,14,29,1,c,The patient has not taken Batatrim,The patient has overcome the crisis,,,,,,,,,,,,,,,,,,,,,,,,,,,,,,,,,,,,,,,,,,,,,,,,,,,,,,,,,,,,,,,,,,,,,,,,,,,,,,,,,,,,,,
,,,,,,,,[(%PROLIFIC_PID,2,2025-04-16_19h07.39.758,CLTandFLE,2024.1.5,Win32,60.24096386,5e830d03abbe0201287f0c6f,67ffc4c40efe1bd1090b10ee,67ffe3ad5a6e003929689ce6,,,,,,,,,,,,,,,,,,,,,,,,,,,,,,,,,,,,,,,,,,,177.9714,182.5473,4.5755,0,1,95.1393,0.028645833,-0.07421875,0,0,0,0,15,15,35,1,d,The patient has not taken Batatrim,The patient has not overcome the crisis,,,,,,,,,,,,,,,,,,,,,,,,,,,,,,,,,,,,,,,,,,,,,,,,,,,,,,,,,,,,,,,,,,,,,,,,,,,,,,,,,,,,,,
,,,,,,,,[(%PROLIFIC_PID,2,2025-04-16_19h07.39.758,CLTandFLE,2024.1.5,Win32,60.24096386,5e830d03abbe0201287f0c6f,67ffc4c40efe1bd1090b10ee,67ffe3ad5a6e003929689ce6,,,,,,,,,,,,,,,,,,,,,,,,,,,,,,,,,,,,,,,,,,,182.548,187.8702,5.3219,1,0,100.4612,0.013020833,-0.036458333,0,0,0,0,16,16,14,1,b,The patient has taken Batatrim,The patient has overcome the crisis,,,,,,,,,,,,,,,,,,,,,,,,,,,,,,,,,,,,,,,,,,,,,,,,,,,,,,,,,,,,,,,,,,,,,,,,,,,,,,,,,,,,,,
,,,,,,,,[(%PROLIFIC_PID,2,2025-04-16_19h07.39.758,CLTandFLE,2024.1.5,Win32,60.24096386,5e830d03abbe0201287f0c6f,67ffc4c40efe1bd1090b10ee,67ffe3ad5a6e003929689ce6,,,,,,,,,,,,,,,,,,,,,,,,,,,,,,,,,,,,,,,,,,,187.871,192.8576,4.9861,0,1,105.4473,0.06640625,-0.080729167,0,0,0,0,17,17,8,1,a,The patient has taken Batatrim,The patient has overcome the crisis,,,,,,,,,,,,,,,,,,,,,,,,,,,,,,,,,,,,,,,,,,,,,,,,,,,,,,,,,,,,,,,,,,,,,,,,,,,,,,,,,,,,,,
,,,,,,,,[(%PROLIFIC_PID,2,2025-04-16_19h07.39.758,CLTandFLE,2024.1.5,Win32,60.24096386,5e830d03abbe0201287f0c6f,67ffc4c40efe1bd1090b10ee,67ffe3ad5a6e003929689ce6,,,,,,,,,,,,,,,,,,,,,,,,,,,,,,,,,,,,,,,,,,,192.858,201.6424,8.7838,1,0,114.2311,-0.018229167,-0.05078125,0,0,0,0,18,18,10,1,a,The patient has taken Batatrim,The patient has overcome the crisis,,,,,,,,,,,,,,,,,,,,,,,,,,,,,,,,,,,,,,,,,,,,,,,,,,,,,,,,,,,,,,,,,,,,,,,,,,,,,,,,,,,,,,
,,,,,,,,[(%PROLIFIC_PID,2,2025-04-16_19h07.39.758,CLTandFLE,2024.1.5,Win32,60.24096386,5e830d03abbe0201287f0c6f,67ffc4c40efe1bd1090b10ee,67ffe3ad5a6e003929689ce6,,,,,,,,,,,,,,,,,,,,,,,,,,,,,,,,,,,,,,,,,,,201.6431,207.2184,5.5749,1,0,119.806,0.111979167,-0.079427083,0,0,0,0,19,19,17,1,b,The patient has taken Batatrim,The patient has not overcome the crisis,,,,,,,,,,,,,,,,,,,,,,,,,,,,,,,,,,,,,,,,,,,,,,,,,,,,,,,,,,,,,,,,,,,,,,,,,,,,,,,,,,,,,,
,,,,,,,,[(%PROLIFIC_PID,2,2025-04-16_19h07.39.758,CLTandFLE,2024.1.5,Win32,60.24096386,5e830d03abbe0201287f0c6f,67ffc4c40efe1bd1090b10ee,67ffe3ad5a6e003929689ce6,,,,,,,,,,,,,,,,,,,,,,,,,,,,,,,,,,,,,,,,,,,207.2192,211.9249,4.7054,1,0,124.5114,0.0078125,-0.072916667,0,0,0,0,20,20,18,1,b,The patient has taken Batatrim,The patient has not overcome the crisis,,,,,,,,,,,,,,,,,,,,,,,,,,,,,,,,,,,,,,,,,,,,,,,,,,,,,,,,,,,,,,,,,,,,,,,,,,,,,,,,,,,,,,
,,,,,,,,[(%PROLIFIC_PID,2,2025-04-16_19h07.39.758,CLTandFLE,2024.1.5,Win32,60.24096386,5e830d03abbe0201287f0c6f,67ffc4c40efe1bd1090b10ee,67ffe3ad5a6e003929689ce6,,,,,,,,,,,,,,,,,,,,,,,,,,,,,,,,,,,,,,,,,,,211.9259,216.42,4.4938,0,1,129.0052,0.04296875,-0.052083333,0,0,0,0,21,21,34,1,c,The patient has not taken Batatrim,The patient has overcome the crisis,,,,,,,,,,,,,,,,,,,,,,,,,,,,,,,,,,,,,,,,,,,,,,,,,,,,,,,,,,,,,,,,,,,,,,,,,,,,,,,,,,,,,,
,,,,,,,,[(%PROLIFIC_PID,2,2025-04-16_19h07.39.758,CLTandFLE,2024.1.5,Win32,60.24096386,5e830d03abbe0201287f0c6f,67ffc4c40efe1bd1090b10ee,67ffe3ad5a6e003929689ce6,,,,,,,,,,,,,,,,,,,,,,,,,,,,,,,,,,,,,,,,,,,216.4213,220.9338,4.5122,1,0,133.5174,0.072916667,-0.076822917,0,0,0,0,22,22,33,1,c,The patient has not taken Batatrim,The patient has overcome the crisis,,,,,,,,,,,,,,,,,,,,,,,,,,,,,,,,,,,,,,,,,,,,,,,,,,,,,,,,,,,,,,,,,,,,,,,,,,,,,,,,,,,,,,
,,,,,,,,[(%PROLIFIC_PID,2,2025-04-16_19h07.39.758,CLTandFLE,2024.1.5,Win32,60.24096386,5e830d03abbe0201287f0c6f,67ffc4c40efe1bd1090b10ee,67ffe3ad5a6e003929689ce6,,,,,,,,,,,,,,,,,,,,,,,,,,,,,,,,,,,,,,,,,,,220.9346,225.5156,4.5807,1,0,138.0981,0.02734375,-0.09765625,0,0,0,0,23,23,22,1,c,The patient has not taken Batatrim,The patient has overcome the crisis,,,,,,,,,,,,,,,,,,,,,,,,,,,,,,,,,,,,,,,,,,,,,,,,,,,,,,,,,,,,,,,,,,,,,,,,,,,,,,,,,,,,,,
,,,,,,,,[(%PROLIFIC_PID,2,2025-04-16_19h07.39.758,CLTandFLE,2024.1.5,Win32,60.24096386,5e830d03abbe0201287f0c6f,67ffc4c40efe1bd1090b10ee,67ffe3ad5a6e003929689ce6,,,,,,,,,,,,,,,,,,,,,,,,,,,,,,,,,,,,,,,,,,,225.5162,229.8464,4.3298,1,0,142.4279,0.040364583,-0.059895833,0,0,0,0,24,24,32,1,c,The patient has not taken Batatrim,The patient has overcome the crisis,,,,,,,,,,,,,,,,,,,,,,,,,,,,,,,,,,,,,,,,,,,,,,,,,,,,,,,,,,,,,,,,,,,,,,,,,,,,,,,,,,,,,,
,,,,,,,,[(%PROLIFIC_PID,2,2025-04-16_19h07.39.758,CLTandFLE,2024.1.5,Win32,60.24096386,5e830d03abbe0201287f0c6f,67ffc4c40efe1bd1090b10ee,67ffe3ad5a6e003929689ce6,,,,,,,,,,,,,,,,,,,,,,,,,,,,,,,,,,,,,,,,,,,229.8469,234.1652,4.318,1,0,146.7459,0.033854167,-0.055989583,0,0,0,0,25,25,15,1,b,The patient has taken Batatrim,The patient has not overcome the crisis,,,,,,,,,,,,,,,,,,,,,,,,,,,,,,,,,,,,,,,,,,,,,,,,,,,,,,,,,,,,,,,,,,,,,,,,,,,,,,,,,,,,,,
,,,,,,,,[(%PROLIFIC_PID,2,2025-04-16_19h07.39.758,CLTandFLE,2024.1.5,Win32,60.24096386,5e830d03abbe0201287f0c6f,67ffc4c40efe1bd1090b10ee,67ffe3ad5a6e003929689ce6,,,,,,,,,,,,,,,,,,,,,,,,,,,,,,,,,,,,,,,,,,,234.1659,238.5599,4.3935,1,0,151.1394,0.016927083,-0.052083333,0,0,0,0,26,26,37,1,d,The patient has not taken Batatrim,The patient has not overcome the crisis,,,,,,,,,,,,,,,,,,,,,,,,,,,,,,,,,,,,,,,,,,,,,,,,,,,,,,,,,,,,,,,,,,,,,,,,,,,,,,,,,,,,,,
,,,,,,,,[(%PROLIFIC_PID,2,2025-04-16_19h07.39.758,CLTandFLE,2024.1.5,Win32,60.24096386,5e830d03abbe0201287f0c6f,67ffc4c40efe1bd1090b10ee,67ffe3ad5a6e003929689ce6,,,,,,,,,,,,,,,,,,,,,,,,,,,,,,,,,,,,,,,,,,,238.5607,242.7853,4.2243,0,1,155.3637,0.2109375,-0.052083333,0,0,0,0,27,27,20,1,c,The patient has not taken Batatrim,The patient has overcome the crisis,,,,,,,,,,,,,,,,,,,,,,,,,,,,,,,,,,,,,,,,,,,,,,,,,,,,,,,,,,,,,,,,,,,,,,,,,,,,,,,,,,,,,,
,,,,,,,,[(%PROLIFIC_PID,2,2025-04-16_19h07.39.758,CLTandFLE,2024.1.5,Win32,60.24096386,5e830d03abbe0201287f0c6f,67ffc4c40efe1bd1090b10ee,67ffe3ad5a6e003929689ce6,,,,,,,,,,,,,,,,,,,,,,,,,,,,,,,,,,,,,,,,,,,242.7857,246.8666,4.0804,0,1,159.4441,0.2109375,-0.052083333,0,0,0,0,28,28,39,1,d,The patient has not taken Batatrim,The patient has not overcome the crisis,,,,,,,,,,,,,,,,,,,,,,,,,,,,,,,,,,,,,,,,,,,,,,,,,,,,,,,,,,,,,,,,,,,,,,,,,,,,,,,,,,,,,,
,,,,,,,,[(%PROLIFIC_PID,2,2025-04-16_19h07.39.758,CLTandFLE,2024.1.5,Win32,60.24096386,5e830d03abbe0201287f0c6f,67ffc4c40efe1bd1090b10ee,67ffe3ad5a6e003929689ce6,,,,,,,,,,,,,,,,,,,,,,,,,,,,,,,,,,,,,,,,,,,246.8674,252.8543,5.9866,0,1,165.4307,0.024739583,-0.071614583,0,0,0,0,29,29,30,1,c,The patient has not taken Batatrim,The patient has overcome the crisis,,,,,,,,,,,,,,,,,,,,,,,,,,,,,,,,,,,,,,,,,,,,,,,,,,,,,,,,,,,,,,,,,,,,,,,,,,,,,,,,,,,,,,
,,,,,,,,[(%PROLIFIC_PID,2,2025-04-16_19h07.39.758,CLTandFLE,2024.1.5,Win32,60.24096386,5e830d03abbe0201287f0c6f,67ffc4c40efe1bd1090b10ee,67ffe3ad5a6e003929689ce6,,,,,,,,,,,,,,,,,,,,,,,,,,,,,,,,,,,,,,,,,,,252.8548,257.0302,4.1751,1,0,169.6058,-0.1796875,-0.044270833,0,0,0,0,30,30,2,1,a,The patient has taken Batatrim,The patient has overcome the crisis,,,,,,,,,,,,,,,,,,,,,,,,,,,,,,,,,,,,,,,,,,,,,,,,,,,,,,,,,,,,,,,,,,,,,,,,,,,,,,,,,,,,,,
,,,,,,,,[(%PROLIFIC_PID,2,2025-04-16_19h07.39.758,CLTandFLE,2024.1.5,Win32,60.24096386,5e830d03abbe0201287f0c6f,67ffc4c40efe1bd1090b10ee,67ffe3ad5a6e003929689ce6,,,,,,,,,,,,,,,,,,,,,,,,,,,,,,,,,,,,,,,,,,,257.0314,261.2299,4.1981,1,0,173.8039,0.001302083,-0.03515625,0,0,0,0,31,31,12,1,a,The patient has taken Batatrim,The patient has overcome the crisis,,,,,,,,,,,,,,,,,,,,,,,,,,,,,,,,,,,,,,,,,,,,,,,,,,,,,,,,,,,,,,,,,,,,,,,,,,,,,,,,,,,,,,
,,,,,,,,[(%PROLIFIC_PID,2,2025-04-16_19h07.39.758,CLTandFLE,2024.1.5,Win32,60.24096386,5e830d03abbe0201287f0c6f,67ffc4c40efe1bd1090b10ee,67ffe3ad5a6e003929689ce6,,,,,,,,,,,,,,,,,,,,,,,,,,,,,,,,,,,,,,,,,,,261.2306,266.2923,5.0612,1,0,178.8651,0.037760417,-0.067708333,0,0,0,0,32,32,21,1,c,The patient has not taken Batatrim,The patient has overcome the crisis,,,,,,,,,,,,,,,,,,,,,,,,,,,,,,,,,,,,,,,,,,,,,,,,,,,,,,,,,,,,,,,,,,,,,,,,,,,,,,,,,,,,,,
,,,,,,,,[(%PROLIFIC_PID,2,2025-04-16_19h07.39.758,CLTandFLE,2024.1.5,Win32,60.24096386,5e830d03abbe0201287f0c6f,67ffc4c40efe1bd1090b10ee,67ffe3ad5a6e003929689ce6,,,,,,,,,,,,,,,,,,,,,,,,,,,,,,,,,,,,,,,,,,,266.2928,271.4025,5.1094,1,0,183.9745,-0.059895833,-0.05078125,0,0,0,0,33,33,6,1,a,The patient has taken Batatrim,The patient has overcome the crisis,,,,,,,,,,,,,,,,,,,,,,,,,,,,,,,,,,,,,,,,,,,,,,,,,,,,,,,,,,,,,,,,,,,,,,,,,,,,,,,,,,,,,,
,,,,,,,,[(%PROLIFIC_PID,2,2025-04-16_19h07.39.758,CLTandFLE,2024.1.5,Win32,60.24096386,5e830d03abbe0201287f0c6f,67ffc4c40efe1bd1090b10ee,67ffe3ad5a6e003929689ce6,,,,,,,,,,,,,,,,,,,,,,,,,,,,,,,,,,,,,,,,,,,271.4028,275.9126,4.5094,1,0,188.4839,0.044270833,-0.09375,0,0,0,0,34,34,25,1,c,The patient has not taken Batatrim,The patient has overcome the crisis,,,,,,,,,,,,,,,,,,,,,,,,,,,,,,,,,,,,,,,,,,,,,,,,,,,,,,,,,,,,,,,,,,,,,,,,,,,,,,,,,,,,,,
,,,,,,,,[(%PROLIFIC_PID,2,2025-04-16_19h07.39.758,CLTandFLE,2024.1.5,Win32,60.24096386,5e830d03abbe0201287f0c6f,67ffc4c40efe1bd1090b10ee,67ffe3ad5a6e003929689ce6,,,,,,,,,,,,,,,,,,,,,,,,,,,,,,,,,,,,,,,,,,,275.9131,280.3582,4.4447,1,0,192.9286,-0.21875,-0.036458333,0,0,0,0,35,35,26,1,c,The patient has not taken Batatrim,The patient has overcome the crisis,,,,,,,,,,,,,,,,,,,,,,,,,,,,,,,,,,,,,,,,,,,,,,,,,,,,,,,,,,,,,,,,,,,,,,,,,,,,,,,,,,,,,,
,,,,,,,,[(%PROLIFIC_PID,2,2025-04-16_19h07.39.758,CLTandFLE,2024.1.5,Win32,60.24096386,5e830d03abbe0201287f0c6f,67ffc4c40efe1bd1090b10ee,67ffe3ad5a6e003929689ce6,,,,,,,,,,,,,,,,,,,,,,,,,,,,,,,,,,,,,,,,,,,280.3588,285.7027,5.3437,1,0,198.2723,0.013020833,-0.046875,0,0,0,0,36,36,1,1,a,The patient has taken Batatrim,The patient has overcome the crisis,,,,,,,,,,,,,,,,,,,,,,,,,,,,,,,,,,,,,,,,,,,,,,,,,,,,,,,,,,,,,,,,,,,,,,,,,,,,,,,,,,,,,,
,,,,,,,,[(%PROLIFIC_PID,2,2025-04-16_19h07.39.758,CLTandFLE,2024.1.5,Win32,60.24096386,5e830d03abbe0201287f0c6f,67ffc4c40efe1bd1090b10ee,67ffe3ad5a6e003929689ce6,,,,,,,,,,,,,,,,,,,,,,,,,,,,,,,,,,,,,,,,,,,285.7033,290.7093,5.0056,1,0,203.2779,-0.026041667,-0.0546875,0,0,0,0,37,37,23,1,c,The patient has not taken Batatrim,The patient has overcome the crisis,,,,,,,,,,,,,,,,,,,,,,,,,,,,,,,,,,,,,,,,,,,,,,,,,,,,,,,,,,,,,,,,,,,,,,,,,,,,,,,,,,,,,,
,,,,,,,,[(%PROLIFIC_PID,2,2025-04-16_19h07.39.758,CLTandFLE,2024.1.5,Win32,60.24096386,5e830d03abbe0201287f0c6f,67ffc4c40efe1bd1090b10ee,67ffe3ad5a6e003929689ce6,,,,,,,,,,,,,,,,,,,,,,,,,,,,,,,,,,,,,,,,,,,290.7101,295.66,4.9495,1,0,208.2274,0.03125,-0.102864583,0,0,0,0,38,38,7,1,a,The patient has taken Batatrim,The patient has overcome the crisis,,,,,,,,,,,,,,,,,,,,,,,,,,,,,,,,,,,,,,,,,,,,,,,,,,,,,,,,,,,,,,,,,,,,,,,,,,,,,,,,,,,,,,
,,,,,,,,[(%PROLIFIC_PID,2,2025-04-16_19h07.39.758,CLTandFLE,2024.1.5,Win32,60.24096386,5e830d03abbe0201287f0c6f,67ffc4c40efe1bd1090b10ee,67ffe3ad5a6e003929689ce6,,,,,,,,,,,,,,,,,,,,,,,,,,,,,,,,,,,,,,,,,,,295.6607,299.9787,4.3176,0,1,212.545,0.0546875,-0.041666667,0,0,0,0,39,39,3,1,a,The patient has taken Batatrim,The patient has overcome the crisis,,,,,,,,,,,,,,,,,,,,,,,,,,,,,,,,,,,,,,,,,,,,,,,,,,,,,,,,,,,,,,,,,,,,,,,,,,,,,,,,,,,,,,
,,,,,,,,[(%PROLIFIC_PID,2,2025-04-16_19h07.39.758,CLTandFLE,2024.1.5,Win32,60.24096386,5e830d03abbe0201287f0c6f,67ffc4c40efe1bd1090b10ee,67ffe3ad5a6e003929689ce6,,318.4379,319.4362,,,,,,,,,,,,,,,,,,,,,,,,,,,,,,,,,,,,,,,,,,,,,,,,,,,,,,,,,,,300.9714,313.4591,12.487,54,10.276,-0.0234375,-0.22265625,1,0,0,314.4581,318.4378,3.9788,38,2.9172,-0.002604167,-0.20703125,1,0,0,10,15,20,15,0,0,0,0,1,,,,,,,,,,,,,,,,,,,,,,,,,,,,,,,,,,,,,,,,,,,,,,,,,,,,,,,,,
,,,,,,,,[(%PROLIFIC_PID,2,2025-04-16_19h07.39.758,CLTandFLE,2024.1.5,Win32,60.24096386,5e830d03abbe0201287f0c6f,67ffc4c40efe1bd1090b10ee,67ffe3ad5a6e003929689ce6,,422.9116,423.8986,,,,,,,,,,,,,,,,,,,,,,,,,,,,,,,,,,,,,,,,,,,,,,,,,,,,,,,,,,,,,,,,,,,,,,,,,,,,,,,,,,,,,,,,365.7073,368.4599,2.752,4,1.6847,0,-0.221354167,1,0,0,31,Femmina,Sì,21,No,TRUE,FALSE,10,7,7,6,6,FALSE,Conferma,c1err2,c2ok,c3ok,c4ok,c5ok,c6err2,c7err2,c8err3,c9err,c10ok,c11err3,c12err,c13err3,c14err2,c15ok,c16err2,c17ok,c18err2,c19err2,c20err,c21err,c22err3,c23ok,c24err3,c25err,c26ok,596.4558,603.3376,0,0,0,0,1
