﻿Alfa.started,Alfa.stopped,alfa_mouse.x,alfa_mouse.y,alfa_mouse.leftButton,alfa_mouse.midButton,alfa_mouse.rightButton,alfa_mouse.clicked_name,participant,group,date,expName,psychopyVersion,OS,frameRate,PROLIFIC_PID,STUDY_ID,SESSION_ID,)],ITI.started,ITI.stopped,B_consensoinformato.started,B_consensoinformato.stopped,tempo_consenso,cons_mouse.x,cons_mouse.y,cons_mouse.leftButton,cons_mouse.midButton,cons_mouse.rightButton,A_benvenuto.started,A_benvenuto.stopped,ben_mouse.x,ben_mouse.y,ben_mouse.leftButton,ben_mouse.midButton,ben_mouse.rightButton,B2_istruzioni.started,B2_istruzioni.stopped,tempo_istru,cons_mouse_2.x,cons_mouse_2.y,cons_mouse_2.leftButton,cons_mouse_2.midButton,cons_mouse_2.rightButton,SAMevaluation.started,SAMevaluation.stopped,temposam,sliderintensity.response,sliderintensity.rt,slidervalence.response,slidervalence.rt,mouse_sam.x,mouse_sam.y,mouse_sam.leftButton,mouse_sam.midButton,mouse_sam.rightButton,mouse_sam.time,mouse_sam.clicked_name,Loading.started,Loading.stopped,C_associative_task.started,C_associative_task.stopped,tempo_trial,hapremutosi,hapremutono,tempo_tasktot,mouse.x,mouse.y,mouse.leftButton,mouse.midButton,mouse.rightButton,trials.thisRepN,trials.thisTrialN,trials.thisN,trials.thisIndex,trials.ran,cond,causa,effetto,D_VD.started,D_VD.stopped,tempo_vd,vd.response,vd.rt,mouse_vd.x,mouse_vd.y,mouse_vd.leftButton,mouse_vd.midButton,mouse_vd.rightButton,Previous.started,Previous.stopped,tempo_vd1,previous.response,previous.rt,mouse_vd_2.x,mouse_vd_2.y,mouse_vd_2.leftButton,mouse_vd_2.midButton,mouse_vd_2.rightButton,EstENG.TrialSS,EstENG.TrialNN,EstENG.TrialSN,EstENG.TrialNS,ingesta.thisRepN,ingesta.thisTrialN,ingesta.thisN,ingesta.thisIndex,ingesta.ran,PF.started,PF.stopped,tempo_pf,processfluency.response,processfluency.rt,mouse_ch.x,mouse_ch.y,mouse_ch.leftButton,mouse_ch.midButton,mouse_ch.rightButton,Questionario_Lingua.Age,Questionario_Lingua.Sesso,Questionario_Lingua.StaiStudiando?,Questionario_Lingua.Anniscolarita,Questionario_Lingua.Diploma,Questionario_Lingua.ItaMADRE?,Questionario_Lingua.INGmadre?,Questionario_Lingua.Q5(AOAIng),Questionario_Lingua.INGLETTURA,Questionario_Lingua.INGCOMPRESO,Questionario_Lingua.INGSCRITTO,Questionario_Lingua.INGPARLATO,Questionario_Lingua.haivissutoestero,ProvaInglese.ProcediamoENg,ProvaInglese.C1,ProvaInglese.C2,ProvaInglese.C3,ProvaInglese.C4,ProvaInglese.C5,ProvaInglese.C6,ProvaInglese.C7,ProvaInglese.C8,ProvaInglese.C9,ProvaInglese.C10,ProvaInglese.C11,ProvaInglese.C12,ProvaInglese.C13,ProvaInglese.C14,ProvaInglese.C15,ProvaInglese.C16,ProvaInglese.C17,ProvaInglese.C18,ProvaInglese.C19,ProvaInglese.C20,ProvaInglese.C21,ProvaInglese.C22,ProvaInglese.C23,ProvaInglese.C24,ProvaInglese.C25,ProvaInglese.controlquestion,Ant_lastquestion.started,Ant_lastquestion.stopped,exp_loop.thisRepN,exp_loop.thisTrialN,exp_loop.thisN,exp_loop.thisIndex,exp_loop.ran
0.0011,3.1295,0.014814801,-0.003703718,1,0,0,alfa_mask,[(%PROLIFIC_PID,2,2025-04-16_20h16.22.339,CLTandFLE,2024.1.5,Win32,59.88023952,5fe3792db939ed02b8c1d0f8,67ffc4c40efe1bd1090b10ee,67fff39ced54b306b92dfdf0,,,,,,,,,,,,,,,,,,,,,,,,,,,,,,,,,,,,,,,,,,,,,,,,,,,,,,,,,,,,,,,,,,,,,,,,,,,,,,,,,,,,,,,,,,,,,,,,,,,,,,,,,,,,,,,,,,,,,,,,,,,,,,,,,,,,,,,,,,,,,,,,,,,
,,,,,,,,[(%PROLIFIC_PID,2,2025-04-16_20h16.22.339,CLTandFLE,2024.1.5,Win32,59.88023952,5fe3792db939ed02b8c1d0f8,67ffc4c40efe1bd1090b10ee,67fff39ced54b306b92dfdf0,,3.1302,4.1174,,,,,,,,,,,,,,,,,,,,,,,,,,,,,,,,,,,,,,,,,,,,,,,,,,,,,,,,,,,,,,,,,,,,,,,,,,,,,,,,,,,,,,,,,,,,,,,,,,,,,,,,,,,,,,,,,,,,,,,,,,,,,,,,,,,,,,,,,,,,,,,,
,,,,,,,,[(%PROLIFIC_PID,2,2025-04-16_20h16.22.339,CLTandFLE,2024.1.5,Win32,59.88023952,5fe3792db939ed02b8c1d0f8,67ffc4c40efe1bd1090b10ee,67fff39ced54b306b92dfdf0,,,,4.1191,13.5487,9.429,0.216666681,-0.381481524,1,0,0,,,,,,,,,,,,,,,,,,,,,,,,,,,,,,,,,,,,,,,,,,,,,,,,,,,,,,,,,,,,,,,,,,,,,,,,,,,,,,,,,,,,,,,,,,,,,,,,,,,,,,,,,,,,,,,,,,,,,,,,,,,,,,,,,,,,,,,,
,,,,,,,,[(%PROLIFIC_PID,2,2025-04-16_20h16.22.339,CLTandFLE,2024.1.5,Win32,59.88023952,5fe3792db939ed02b8c1d0f8,67ffc4c40efe1bd1090b10ee,67fff39ced54b306b92dfdf0,,70.5322,71.5243,,,,,,,,,14.5482,18.4523,0.030555584,-0.127777806,1,0,0,19.4475,45.6313,26.1834,0.016666695,-0.367592635,1,0,0,46.6279,62.5433,15.9137,0.671296332,10.8051,0.38194448,6.4544,"[-0.006481453224464699,-0.002777735392252604,0.0018518942373770256]","[-0.010185206377947773,0.20462963316175672,-0.20555559794108072]","[1,1,1]","[0,0,0]","[0,0,0]","[4.807800000011923,8.516499999999994,15.905699999988073]","[""rettoksam""]",63.5421,70.5322,71.5549,79.4143,7.8591,1,0,7.8591,-0.181481467,0.118518511,0,0,0,0,0,0,5,1,a,The patient has taken Batatrim,The patient has overcome the crisis,,,,,,,,,,,,,,,,,,,,,,,,,,,,,,,,,,,,,,,,,,,,,,,,,,,,,,,,,,,,,,,,,,,,,,,,,,,,,,,,,,,,,,
,,,,,,,,[(%PROLIFIC_PID,2,2025-04-16_20h16.22.339,CLTandFLE,2024.1.5,Win32,59.88023952,5fe3792db939ed02b8c1d0f8,67ffc4c40efe1bd1090b10ee,67fff39ced54b306b92dfdf0,,,,,,,,,,,,,,,,,,,,,,,,,,,,,,,,,,,,,,,,,,,79.4146,84.7862,5.3715,1,0,13.2306,-0.181481467,0.098148134,0,0,0,0,1,1,10,1,a,The patient has taken Batatrim,The patient has overcome the crisis,,,,,,,,,,,,,,,,,,,,,,,,,,,,,,,,,,,,,,,,,,,,,,,,,,,,,,,,,,,,,,,,,,,,,,,,,,,,,,,,,,,,,,
,,,,,,,,[(%PROLIFIC_PID,2,2025-04-16_20h16.22.339,CLTandFLE,2024.1.5,Win32,59.88023952,5fe3792db939ed02b8c1d0f8,67ffc4c40efe1bd1090b10ee,67fff39ced54b306b92dfdf0,,,,,,,,,,,,,,,,,,,,,,,,,,,,,,,,,,,,,,,,,,,84.7866,89.5139,4.7272,0,1,17.9578,0.234259288,-0.052777785,0,0,0,0,2,2,25,1,c,The patient has not taken Batatrim,The patient has overcome the crisis,,,,,,,,,,,,,,,,,,,,,,,,,,,,,,,,,,,,,,,,,,,,,,,,,,,,,,,,,,,,,,,,,,,,,,,,,,,,,,,,,,,,,,
,,,,,,,,[(%PROLIFIC_PID,2,2025-04-16_20h16.22.339,CLTandFLE,2024.1.5,Win32,59.88023952,5fe3792db939ed02b8c1d0f8,67ffc4c40efe1bd1090b10ee,67fff39ced54b306b92dfdf0,,,,,,,,,,,,,,,,,,,,,,,,,,,,,,,,,,,,,,,,,,,89.5142,94.5626,5.0482,0,1,23.006,0.207407422,-0.047222243,0,0,0,0,3,3,22,1,c,The patient has not taken Batatrim,The patient has overcome the crisis,,,,,,,,,,,,,,,,,,,,,,,,,,,,,,,,,,,,,,,,,,,,,,,,,,,,,,,,,,,,,,,,,,,,,,,,,,,,,,,,,,,,,,
,,,,,,,,[(%PROLIFIC_PID,2,2025-04-16_20h16.22.339,CLTandFLE,2024.1.5,Win32,59.88023952,5fe3792db939ed02b8c1d0f8,67ffc4c40efe1bd1090b10ee,67fff39ced54b306b92dfdf0,,,,,,,,,,,,,,,,,,,,,,,,,,,,,,,,,,,,,,,,,,,94.5628,99.334,4.771,1,0,27.777,-0.178703661,-0.046296296,0,0,0,0,4,4,36,1,d,The patient has not taken Batatrim,The patient has not overcome the crisis,,,,,,,,,,,,,,,,,,,,,,,,,,,,,,,,,,,,,,,,,,,,,,,,,,,,,,,,,,,,,,,,,,,,,,,,,,,,,,,,,,,,,,
,,,,,,,,[(%PROLIFIC_PID,2,2025-04-16_20h16.22.339,CLTandFLE,2024.1.5,Win32,59.88023952,5fe3792db939ed02b8c1d0f8,67ffc4c40efe1bd1090b10ee,67fff39ced54b306b92dfdf0,,,,,,,,,,,,,,,,,,,,,,,,,,,,,,,,,,,,,,,,,,,99.3342,104.7325,5.3979,1,0,33.1749,-0.196296268,-0.027777778,0,0,0,0,5,5,21,1,c,The patient has not taken Batatrim,The patient has overcome the crisis,,,,,,,,,,,,,,,,,,,,,,,,,,,,,,,,,,,,,,,,,,,,,,,,,,,,,,,,,,,,,,,,,,,,,,,,,,,,,,,,,,,,,,
,,,,,,,,[(%PROLIFIC_PID,2,2025-04-16_20h16.22.339,CLTandFLE,2024.1.5,Win32,59.88023952,5fe3792db939ed02b8c1d0f8,67ffc4c40efe1bd1090b10ee,67fff39ced54b306b92dfdf0,,,,,,,,,,,,,,,,,,,,,,,,,,,,,,,,,,,,,,,,,,,104.733,109.4857,4.7526,1,0,37.9275,-0.200925898,-0.027777778,0,0,0,0,6,6,4,1,a,The patient has taken Batatrim,The patient has overcome the crisis,,,,,,,,,,,,,,,,,,,,,,,,,,,,,,,,,,,,,,,,,,,,,,,,,,,,,,,,,,,,,,,,,,,,,,,,,,,,,,,,,,,,,,
,,,,,,,,[(%PROLIFIC_PID,2,2025-04-16_20h16.22.339,CLTandFLE,2024.1.5,Win32,59.88023952,5fe3792db939ed02b8c1d0f8,67ffc4c40efe1bd1090b10ee,67fff39ced54b306b92dfdf0,,,,,,,,,,,,,,,,,,,,,,,,,,,,,,,,,,,,,,,,,,,109.4859,114.8848,5.3989,0,1,43.3264,0.154629672,-0.027777778,0,0,0,0,7,7,31,1,c,The patient has not taken Batatrim,The patient has overcome the crisis,,,,,,,,,,,,,,,,,,,,,,,,,,,,,,,,,,,,,,,,,,,,,,,,,,,,,,,,,,,,,,,,,,,,,,,,,,,,,,,,,,,,,,
,,,,,,,,[(%PROLIFIC_PID,2,2025-04-16_20h16.22.339,CLTandFLE,2024.1.5,Win32,59.88023952,5fe3792db939ed02b8c1d0f8,67ffc4c40efe1bd1090b10ee,67fff39ced54b306b92dfdf0,,,,,,,,,,,,,,,,,,,,,,,,,,,,,,,,,,,,,,,,,,,114.885,119.9342,5.0491,1,0,48.3755,-0.203703704,-0.044444437,0,0,0,0,8,8,17,1,b,The patient has taken Batatrim,The patient has not overcome the crisis,,,,,,,,,,,,,,,,,,,,,,,,,,,,,,,,,,,,,,,,,,,,,,,,,,,,,,,,,,,,,,,,,,,,,,,,,,,,,,,,,,,,,,
,,,,,,,,[(%PROLIFIC_PID,2,2025-04-16_20h16.22.339,CLTandFLE,2024.1.5,Win32,59.88023952,5fe3792db939ed02b8c1d0f8,67ffc4c40efe1bd1090b10ee,67fff39ced54b306b92dfdf0,,,,,,,,,,,,,,,,,,,,,,,,,,,,,,,,,,,,,,,,,,,119.9345,124.4338,4.4991,1,0,52.8746,-0.203703704,-0.044444437,0,0,0,0,9,9,1,1,a,The patient has taken Batatrim,The patient has overcome the crisis,,,,,,,,,,,,,,,,,,,,,,,,,,,,,,,,,,,,,,,,,,,,,,,,,,,,,,,,,,,,,,,,,,,,,,,,,,,,,,,,,,,,,,
,,,,,,,,[(%PROLIFIC_PID,2,2025-04-16_20h16.22.339,CLTandFLE,2024.1.5,Win32,59.88023952,5fe3792db939ed02b8c1d0f8,67ffc4c40efe1bd1090b10ee,67fff39ced54b306b92dfdf0,,,,,,,,,,,,,,,,,,,,,,,,,,,,,,,,,,,,,,,,,,,124.4342,130.4662,6.0319,0,1,58.9065,-0.001851824,-0.048148155,0,0,0,0,10,10,26,1,c,The patient has not taken Batatrim,The patient has overcome the crisis,,,,,,,,,,,,,,,,,,,,,,,,,,,,,,,,,,,,,,,,,,,,,,,,,,,,,,,,,,,,,,,,,,,,,,,,,,,,,,,,,,,,,,
,,,,,,,,[(%PROLIFIC_PID,2,2025-04-16_20h16.22.339,CLTandFLE,2024.1.5,Win32,59.88023952,5fe3792db939ed02b8c1d0f8,67ffc4c40efe1bd1090b10ee,67fff39ced54b306b92dfdf0,,,,,,,,,,,,,,,,,,,,,,,,,,,,,,,,,,,,,,,,,,,130.4665,135.0323,4.5657,1,0,63.4722,-0.17777775,-0.027777778,0,0,0,0,11,11,2,1,a,The patient has taken Batatrim,The patient has overcome the crisis,,,,,,,,,,,,,,,,,,,,,,,,,,,,,,,,,,,,,,,,,,,,,,,,,,,,,,,,,,,,,,,,,,,,,,,,,,,,,,,,,,,,,,
,,,,,,,,[(%PROLIFIC_PID,2,2025-04-16_20h16.22.339,CLTandFLE,2024.1.5,Win32,59.88023952,5fe3792db939ed02b8c1d0f8,67ffc4c40efe1bd1090b10ee,67fff39ced54b306b92dfdf0,,,,,,,,,,,,,,,,,,,,,,,,,,,,,,,,,,,,,,,,,,,135.0326,139.3486,4.3158,1,0,67.788,-0.17777775,-0.027777778,0,0,0,0,12,12,34,1,c,The patient has not taken Batatrim,The patient has overcome the crisis,,,,,,,,,,,,,,,,,,,,,,,,,,,,,,,,,,,,,,,,,,,,,,,,,,,,,,,,,,,,,,,,,,,,,,,,,,,,,,,,,,,,,,
,,,,,,,,[(%PROLIFIC_PID,2,2025-04-16_20h16.22.339,CLTandFLE,2024.1.5,Win32,59.88023952,5fe3792db939ed02b8c1d0f8,67ffc4c40efe1bd1090b10ee,67fff39ced54b306b92dfdf0,,,,,,,,,,,,,,,,,,,,,,,,,,,,,,,,,,,,,,,,,,,139.3492,144.5479,5.1986,1,0,72.9866,-0.176851838,-0.026851866,0,0,0,0,13,13,6,1,a,The patient has taken Batatrim,The patient has overcome the crisis,,,,,,,,,,,,,,,,,,,,,,,,,,,,,,,,,,,,,,,,,,,,,,,,,,,,,,,,,,,,,,,,,,,,,,,,,,,,,,,,,,,,,,
,,,,,,,,[(%PROLIFIC_PID,2,2025-04-16_20h16.22.339,CLTandFLE,2024.1.5,Win32,59.88023952,5fe3792db939ed02b8c1d0f8,67ffc4c40efe1bd1090b10ee,67fff39ced54b306b92dfdf0,,,,,,,,,,,,,,,,,,,,,,,,,,,,,,,,,,,,,,,,,,,144.5481,149.4638,4.9156,1,0,77.9022,-0.176851838,-0.026851866,0,0,0,0,14,14,24,1,c,The patient has not taken Batatrim,The patient has overcome the crisis,,,,,,,,,,,,,,,,,,,,,,,,,,,,,,,,,,,,,,,,,,,,,,,,,,,,,,,,,,,,,,,,,,,,,,,,,,,,,,,,,,,,,,
,,,,,,,,[(%PROLIFIC_PID,2,2025-04-16_20h16.22.339,CLTandFLE,2024.1.5,Win32,59.88023952,5fe3792db939ed02b8c1d0f8,67ffc4c40efe1bd1090b10ee,67fff39ced54b306b92dfdf0,,,,,,,,,,,,,,,,,,,,,,,,,,,,,,,,,,,,,,,,,,,149.4642,154.0868,4.6224,0,1,82.5246,-0.081481439,-0.067592586,0,0,0,0,15,15,20,1,c,The patient has not taken Batatrim,The patient has overcome the crisis,,,,,,,,,,,,,,,,,,,,,,,,,,,,,,,,,,,,,,,,,,,,,,,,,,,,,,,,,,,,,,,,,,,,,,,,,,,,,,,,,,,,,,
,,,,,,,,[(%PROLIFIC_PID,2,2025-04-16_20h16.22.339,CLTandFLE,2024.1.5,Win32,59.88023952,5fe3792db939ed02b8c1d0f8,67ffc4c40efe1bd1090b10ee,67fff39ced54b306b92dfdf0,,,,,,,,,,,,,,,,,,,,,,,,,,,,,,,,,,,,,,,,,,,154.0872,158.8191,4.7318,0,1,87.2564,-0.029629601,-0.040740755,0,0,0,0,16,16,33,1,c,The patient has not taken Batatrim,The patient has overcome the crisis,,,,,,,,,,,,,,,,,,,,,,,,,,,,,,,,,,,,,,,,,,,,,,,,,,,,,,,,,,,,,,,,,,,,,,,,,,,,,,,,,,,,,,
,,,,,,,,[(%PROLIFIC_PID,2,2025-04-16_20h16.22.339,CLTandFLE,2024.1.5,Win32,59.88023952,5fe3792db939ed02b8c1d0f8,67ffc4c40efe1bd1090b10ee,67fff39ced54b306b92dfdf0,,,,,,,,,,,,,,,,,,,,,,,,,,,,,,,,,,,,,,,,,,,158.8194,163.2848,4.4654,1,0,91.7218,-0.175000014,-0.044444437,0,0,0,0,17,17,19,1,b,The patient has taken Batatrim,The patient has not overcome the crisis,,,,,,,,,,,,,,,,,,,,,,,,,,,,,,,,,,,,,,,,,,,,,,,,,,,,,,,,,,,,,,,,,,,,,,,,,,,,,,,,,,,,,,
,,,,,,,,[(%PROLIFIC_PID,2,2025-04-16_20h16.22.339,CLTandFLE,2024.1.5,Win32,59.88023952,5fe3792db939ed02b8c1d0f8,67ffc4c40efe1bd1090b10ee,67fff39ced54b306b92dfdf0,,,,,,,,,,,,,,,,,,,,,,,,,,,,,,,,,,,,,,,,,,,163.2852,167.7017,4.4164,1,0,96.1382,-0.17314812,-0.040740755,0,0,0,0,18,18,18,1,b,The patient has taken Batatrim,The patient has not overcome the crisis,,,,,,,,,,,,,,,,,,,,,,,,,,,,,,,,,,,,,,,,,,,,,,,,,,,,,,,,,,,,,,,,,,,,,,,,,,,,,,,,,,,,,,
,,,,,,,,[(%PROLIFIC_PID,2,2025-04-16_20h16.22.339,CLTandFLE,2024.1.5,Win32,59.88023952,5fe3792db939ed02b8c1d0f8,67ffc4c40efe1bd1090b10ee,67fff39ced54b306b92dfdf0,,,,,,,,,,,,,,,,,,,,,,,,,,,,,,,,,,,,,,,,,,,167.7021,171.8843,4.1821,1,0,100.3203,-0.17314812,-0.040740755,0,0,0,0,19,19,8,1,a,The patient has taken Batatrim,The patient has overcome the crisis,,,,,,,,,,,,,,,,,,,,,,,,,,,,,,,,,,,,,,,,,,,,,,,,,,,,,,,,,,,,,,,,,,,,,,,,,,,,,,,,,,,,,,
,,,,,,,,[(%PROLIFIC_PID,2,2025-04-16_20h16.22.339,CLTandFLE,2024.1.5,Win32,59.88023952,5fe3792db939ed02b8c1d0f8,67ffc4c40efe1bd1090b10ee,67fff39ced54b306b92dfdf0,,,,,,,,,,,,,,,,,,,,,,,,,,,,,,,,,,,,,,,,,,,171.8847,176.1938,4.309,1,0,104.6293,-0.167592578,-0.017592607,0,0,0,0,20,20,27,1,c,The patient has not taken Batatrim,The patient has overcome the crisis,,,,,,,,,,,,,,,,,,,,,,,,,,,,,,,,,,,,,,,,,,,,,,,,,,,,,,,,,,,,,,,,,,,,,,,,,,,,,,,,,,,,,,
,,,,,,,,[(%PROLIFIC_PID,2,2025-04-16_20h16.22.339,CLTandFLE,2024.1.5,Win32,59.88023952,5fe3792db939ed02b8c1d0f8,67ffc4c40efe1bd1090b10ee,67fff39ced54b306b92dfdf0,,,,,,,,,,,,,,,,,,,,,,,,,,,,,,,,,,,,,,,,,,,176.1942,180.6266,4.4322,1,0,109.0615,-0.167592578,-0.018518519,0,0,0,0,21,21,23,1,c,The patient has not taken Batatrim,The patient has overcome the crisis,,,,,,,,,,,,,,,,,,,,,,,,,,,,,,,,,,,,,,,,,,,,,,,,,,,,,,,,,,,,,,,,,,,,,,,,,,,,,,,,,,,,,,
,,,,,,,,[(%PROLIFIC_PID,2,2025-04-16_20h16.22.339,CLTandFLE,2024.1.5,Win32,59.88023952,5fe3792db939ed02b8c1d0f8,67ffc4c40efe1bd1090b10ee,67fff39ced54b306b92dfdf0,,,,,,,,,,,,,,,,,,,,,,,,,,,,,,,,,,,,,,,,,,,180.6268,185.9822,5.3552,1,0,114.4167,0.035185213,-0.208333333,0,0,0,0,22,22,38,1,d,The patient has not taken Batatrim,The patient has not overcome the crisis,,,,,,,,,,,,,,,,,,,,,,,,,,,,,,,,,,,,,,,,,,,,,,,,,,,,,,,,,,,,,,,,,,,,,,,,,,,,,,,,,,,,,,
,,,,,,,,[(%PROLIFIC_PID,2,2025-04-16_20h16.22.339,CLTandFLE,2024.1.5,Win32,59.88023952,5fe3792db939ed02b8c1d0f8,67ffc4c40efe1bd1090b10ee,67fff39ced54b306b92dfdf0,,,,,,,,,,,,,,,,,,,,,,,,,,,,,,,,,,,,,,,,,,,185.9825,192.1318,6.1491,1,0,120.5658,-0.025925884,-0.067592586,0,0,0,0,23,23,16,1,b,The patient has taken Batatrim,The patient has not overcome the crisis,,,,,,,,,,,,,,,,,,,,,,,,,,,,,,,,,,,,,,,,,,,,,,,,,,,,,,,,,,,,,,,,,,,,,,,,,,,,,,,,,,,,,,
,,,,,,,,[(%PROLIFIC_PID,2,2025-04-16_20h16.22.339,CLTandFLE,2024.1.5,Win32,59.88023952,5fe3792db939ed02b8c1d0f8,67ffc4c40efe1bd1090b10ee,67fff39ced54b306b92dfdf0,,,,,,,,,,,,,,,,,,,,,,,,,,,,,,,,,,,,,,,,,,,192.132,197.0484,4.9163,1,0,125.4821,-0.162037037,-0.040740755,0,0,0,0,24,24,11,1,a,The patient has taken Batatrim,The patient has overcome the crisis,,,,,,,,,,,,,,,,,,,,,,,,,,,,,,,,,,,,,,,,,,,,,,,,,,,,,,,,,,,,,,,,,,,,,,,,,,,,,,,,,,,,,,
,,,,,,,,[(%PROLIFIC_PID,2,2025-04-16_20h16.22.339,CLTandFLE,2024.1.5,Win32,59.88023952,5fe3792db939ed02b8c1d0f8,67ffc4c40efe1bd1090b10ee,67fff39ced54b306b92dfdf0,,,,,,,,,,,,,,,,,,,,,,,,,,,,,,,,,,,,,,,,,,,197.0488,202.3158,5.2668,0,1,130.7489,-0.196296268,-0.033333355,0,0,0,0,25,25,30,1,c,The patient has not taken Batatrim,The patient has overcome the crisis,,,,,,,,,,,,,,,,,,,,,,,,,,,,,,,,,,,,,,,,,,,,,,,,,,,,,,,,,,,,,,,,,,,,,,,,,,,,,,,,,,,,,,
,,,,,,,,[(%PROLIFIC_PID,2,2025-04-16_20h16.22.339,CLTandFLE,2024.1.5,Win32,59.88023952,5fe3792db939ed02b8c1d0f8,67ffc4c40efe1bd1090b10ee,67fff39ced54b306b92dfdf0,,,,,,,,,,,,,,,,,,,,,,,,,,,,,,,,,,,,,,,,,,,202.3161,206.4641,4.1479,1,0,134.8968,-0.19722218,-0.031481496,0,0,0,0,26,26,9,1,a,The patient has taken Batatrim,The patient has overcome the crisis,,,,,,,,,,,,,,,,,,,,,,,,,,,,,,,,,,,,,,,,,,,,,,,,,,,,,,,,,,,,,,,,,,,,,,,,,,,,,,,,,,,,,,
,,,,,,,,[(%PROLIFIC_PID,2,2025-04-16_20h16.22.339,CLTandFLE,2024.1.5,Win32,59.88023952,5fe3792db939ed02b8c1d0f8,67ffc4c40efe1bd1090b10ee,67fff39ced54b306b92dfdf0,,,,,,,,,,,,,,,,,,,,,,,,,,,,,,,,,,,,,,,,,,,206.4644,211.2745,4.8099,1,0,139.7067,-0.19722218,-0.031481496,0,0,0,0,27,27,37,1,d,The patient has not taken Batatrim,The patient has not overcome the crisis,,,,,,,,,,,,,,,,,,,,,,,,,,,,,,,,,,,,,,,,,,,,,,,,,,,,,,,,,,,,,,,,,,,,,,,,,,,,,,,,,,,,,,
,,,,,,,,[(%PROLIFIC_PID,2,2025-04-16_20h16.22.339,CLTandFLE,2024.1.5,Win32,59.88023952,5fe3792db939ed02b8c1d0f8,67ffc4c40efe1bd1090b10ee,67fff39ced54b306b92dfdf0,,,,,,,,,,,,,,,,,,,,,,,,,,,,,,,,,,,,,,,,,,,211.2749,215.6563,4.38,0,1,144.0867,0.19722225,-0.050000014,0,0,0,0,28,28,28,1,c,The patient has not taken Batatrim,The patient has overcome the crisis,,,,,,,,,,,,,,,,,,,,,,,,,,,,,,,,,,,,,,,,,,,,,,,,,,,,,,,,,,,,,,,,,,,,,,,,,,,,,,,,,,,,,,
,,,,,,,,[(%PROLIFIC_PID,2,2025-04-16_20h16.22.339,CLTandFLE,2024.1.5,Win32,59.88023952,5fe3792db939ed02b8c1d0f8,67ffc4c40efe1bd1090b10ee,67fff39ced54b306b92dfdf0,,,,,,,,,,,,,,,,,,,,,,,,,,,,,,,,,,,,,,,,,,,215.6589,220.5613,4.9022,1,0,148.9889,-0.187037009,-0.032407407,0,0,0,0,29,29,0,1,a,The patient has taken Batatrim,The patient has overcome the crisis,,,,,,,,,,,,,,,,,,,,,,,,,,,,,,,,,,,,,,,,,,,,,,,,,,,,,,,,,,,,,,,,,,,,,,,,,,,,,,,,,,,,,,
,,,,,,,,[(%PROLIFIC_PID,2,2025-04-16_20h16.22.339,CLTandFLE,2024.1.5,Win32,59.88023952,5fe3792db939ed02b8c1d0f8,67ffc4c40efe1bd1090b10ee,67fff39ced54b306b92dfdf0,,,,,,,,,,,,,,,,,,,,,,,,,,,,,,,,,,,,,,,,,,,220.5616,226.7806,6.2188,1,0,155.2077,-0.24537037,-0.032407407,0,0,0,0,30,30,32,1,c,The patient has not taken Batatrim,The patient has overcome the crisis,,,,,,,,,,,,,,,,,,,,,,,,,,,,,,,,,,,,,,,,,,,,,,,,,,,,,,,,,,,,,,,,,,,,,,,,,,,,,,,,,,,,,,
,,,,,,,,[(%PROLIFIC_PID,2,2025-04-16_20h16.22.339,CLTandFLE,2024.1.5,Win32,59.88023952,5fe3792db939ed02b8c1d0f8,67ffc4c40efe1bd1090b10ee,67fff39ced54b306b92dfdf0,,,,,,,,,,,,,,,,,,,,,,,,,,,,,,,,,,,,,,,,,,,226.781,231.7008,4.9196,1,0,160.1273,-0.026851866,-0.067592586,0,0,0,0,31,31,13,1,a,The patient has taken Batatrim,The patient has overcome the crisis,,,,,,,,,,,,,,,,,,,,,,,,,,,,,,,,,,,,,,,,,,,,,,,,,,,,,,,,,,,,,,,,,,,,,,,,,,,,,,,,,,,,,,
,,,,,,,,[(%PROLIFIC_PID,2,2025-04-16_20h16.22.339,CLTandFLE,2024.1.5,Win32,59.88023952,5fe3792db939ed02b8c1d0f8,67ffc4c40efe1bd1090b10ee,67fff39ced54b306b92dfdf0,,,,,,,,,,,,,,,,,,,,,,,,,,,,,,,,,,,,,,,,,,,231.7011,236.7769,5.0757,1,0,165.203,-0.150925884,-0.051851873,0,0,0,0,32,32,39,1,d,The patient has not taken Batatrim,The patient has not overcome the crisis,,,,,,,,,,,,,,,,,,,,,,,,,,,,,,,,,,,,,,,,,,,,,,,,,,,,,,,,,,,,,,,,,,,,,,,,,,,,,,,,,,,,,,
,,,,,,,,[(%PROLIFIC_PID,2,2025-04-16_20h16.22.339,CLTandFLE,2024.1.5,Win32,59.88023952,5fe3792db939ed02b8c1d0f8,67ffc4c40efe1bd1090b10ee,67fff39ced54b306b92dfdf0,,,,,,,,,,,,,,,,,,,,,,,,,,,,,,,,,,,,,,,,,,,236.7772,240.9101,4.1326,1,0,169.3356,-0.150925884,-0.051851873,0,0,0,0,33,33,7,1,a,The patient has taken Batatrim,The patient has overcome the crisis,,,,,,,,,,,,,,,,,,,,,,,,,,,,,,,,,,,,,,,,,,,,,,,,,,,,,,,,,,,,,,,,,,,,,,,,,,,,,,,,,,,,,,
,,,,,,,,[(%PROLIFIC_PID,2,2025-04-16_20h16.22.339,CLTandFLE,2024.1.5,Win32,59.88023952,5fe3792db939ed02b8c1d0f8,67ffc4c40efe1bd1090b10ee,67fff39ced54b306b92dfdf0,,,,,,,,,,,,,,,,,,,,,,,,,,,,,,,,,,,,,,,,,,,240.9103,248.9091,7.9985,1,0,177.3341,-0.150925884,-0.051851873,0,0,0,0,34,34,12,1,a,The patient has taken Batatrim,The patient has overcome the crisis,,,,,,,,,,,,,,,,,,,,,,,,,,,,,,,,,,,,,,,,,,,,,,,,,,,,,,,,,,,,,,,,,,,,,,,,,,,,,,,,,,,,,,
,,,,,,,,[(%PROLIFIC_PID,2,2025-04-16_20h16.22.339,CLTandFLE,2024.1.5,Win32,59.88023952,5fe3792db939ed02b8c1d0f8,67ffc4c40efe1bd1090b10ee,67fff39ced54b306b92dfdf0,,,,,,,,,,,,,,,,,,,,,,,,,,,,,,,,,,,,,,,,,,,248.9093,253.825,4.9156,1,0,182.2497,-0.150925884,-0.051851873,0,0,0,0,35,35,15,1,b,The patient has taken Batatrim,The patient has not overcome the crisis,,,,,,,,,,,,,,,,,,,,,,,,,,,,,,,,,,,,,,,,,,,,,,,,,,,,,,,,,,,,,,,,,,,,,,,,,,,,,,,,,,,,,,
,,,,,,,,[(%PROLIFIC_PID,2,2025-04-16_20h16.22.339,CLTandFLE,2024.1.5,Win32,59.88023952,5fe3792db939ed02b8c1d0f8,67ffc4c40efe1bd1090b10ee,67fff39ced54b306b92dfdf0,,,,,,,,,,,,,,,,,,,,,,,,,,,,,,,,,,,,,,,,,,,253.8253,258.1148,4.2892,1,0,186.5389,-0.150925884,-0.051851873,0,0,0,0,36,36,3,1,a,The patient has taken Batatrim,The patient has overcome the crisis,,,,,,,,,,,,,,,,,,,,,,,,,,,,,,,,,,,,,,,,,,,,,,,,,,,,,,,,,,,,,,,,,,,,,,,,,,,,,,,,,,,,,,
,,,,,,,,[(%PROLIFIC_PID,2,2025-04-16_20h16.22.339,CLTandFLE,2024.1.5,Win32,59.88023952,5fe3792db939ed02b8c1d0f8,67ffc4c40efe1bd1090b10ee,67fff39ced54b306b92dfdf0,,,,,,,,,,,,,,,,,,,,,,,,,,,,,,,,,,,,,,,,,,,258.1152,262.841,4.725,0,1,191.2639,0.181481467,-0.039814808,0,0,0,0,37,37,29,1,c,The patient has not taken Batatrim,The patient has overcome the crisis,,,,,,,,,,,,,,,,,,,,,,,,,,,,,,,,,,,,,,,,,,,,,,,,,,,,,,,,,,,,,,,,,,,,,,,,,,,,,,,,,,,,,,
,,,,,,,,[(%PROLIFIC_PID,2,2025-04-16_20h16.22.339,CLTandFLE,2024.1.5,Win32,59.88023952,5fe3792db939ed02b8c1d0f8,67ffc4c40efe1bd1090b10ee,67fff39ced54b306b92dfdf0,,,,,,,,,,,,,,,,,,,,,,,,,,,,,,,,,,,,,,,,,,,262.8411,267.29,4.4488,0,1,195.7127,-0.001851824,-0.043518526,0,0,0,0,38,38,35,1,d,The patient has not taken Batatrim,The patient has not overcome the crisis,,,,,,,,,,,,,,,,,,,,,,,,,,,,,,,,,,,,,,,,,,,,,,,,,,,,,,,,,,,,,,,,,,,,,,,,,,,,,,,,,,,,,,
,,,,,,,,[(%PROLIFIC_PID,2,2025-04-16_20h16.22.339,CLTandFLE,2024.1.5,Win32,59.88023952,5fe3792db939ed02b8c1d0f8,67ffc4c40efe1bd1090b10ee,67fff39ced54b306b92dfdf0,,,,,,,,,,,,,,,,,,,,,,,,,,,,,,,,,,,,,,,,,,,267.2902,271.6399,4.3489,1,0,200.0616,0.007407436,-0.018518519,0,0,0,0,39,39,14,1,b,The patient has taken Batatrim,The patient has overcome the crisis,,,,,,,,,,,,,,,,,,,,,,,,,,,,,,,,,,,,,,,,,,,,,,,,,,,,,,,,,,,,,,,,,,,,,,,,,,,,,,,,,,,,,,
,,,,,,,,[(%PROLIFIC_PID,2,2025-04-16_20h16.22.339,CLTandFLE,2024.1.5,Win32,59.88023952,5fe3792db939ed02b8c1d0f8,67ffc4c40efe1bd1090b10ee,67fff39ced54b306b92dfdf0,,308.6449,309.6434,,,,,,,,,,,,,,,,,,,,,,,,,,,,,,,,,,,,,,,,,,,,,,,,,,,,,,,,,,,272.6316,291.1964,18.564,80,15.3207,0.030555584,-0.217592593,1,0,0,292.196,308.6447,16.4475,75,14.1749,-0.025925884,-0.222222222,1,0,0,20,15,10,15,0,0,0,0,1,,,,,,,,,,,,,,,,,,,,,,,,,,,,,,,,,,,,,,,,,,,,,,,,,,,,,,,,,
,,,,,,,,[(%PROLIFIC_PID,2,2025-04-16_20h16.22.339,CLTandFLE,2024.1.5,Win32,59.88023952,5fe3792db939ed02b8c1d0f8,67ffc4c40efe1bd1090b10ee,67fff39ced54b306b92dfdf0,,458.2367,459.2243,,,,,,,,,,,,,,,,,,,,,,,,,,,,,,,,,,,,,,,,,,,,,,,,,,,,,,,,,,,,,,,,,,,,,,,,,,,,,,,,,,,,,,,,361.7704,371.0524,9.2817,2,5.6203,0.016666695,-0.208333333,1,0,0,32,Maschio,No,18,No,TRUE,FALSE,6,8,8,7,6,FALSE,Conferma,c1ok,c2ok,c3ok,c4ok,c5ok,c6ok,c7ok,c8ok,c9ok,c10ok,c11ok,c12err,c13ok,c14err2,c15ok,c16err3,c17ok,c18ok,c19ok,c20ok,c21err,c22ok,c23ok,c24ok,c25ok,c26ok,611.2161,618.1042,0,0,0,0,1
