﻿Alfa.started,Alfa.stopped,alfa_mouse.x,alfa_mouse.y,alfa_mouse.leftButton,alfa_mouse.midButton,alfa_mouse.rightButton,alfa_mouse.clicked_name,participant,group,date,expName,psychopyVersion,OS,frameRate,PROLIFIC_PID,STUDY_ID,SESSION_ID,)],ITI.started,ITI.stopped,B_consensoinformato.started,B_consensoinformato.stopped,tempo_consenso,cons_mouse.x,cons_mouse.y,cons_mouse.leftButton,cons_mouse.midButton,cons_mouse.rightButton,A_benvenuto.started,A_benvenuto.stopped,ben_mouse.x,ben_mouse.y,ben_mouse.leftButton,ben_mouse.midButton,ben_mouse.rightButton,B2_istruzioni.started,B2_istruzioni.stopped,tempo_istru,cons_mouse_2.x,cons_mouse_2.y,cons_mouse_2.leftButton,cons_mouse_2.midButton,cons_mouse_2.rightButton,SAMevaluation.started,SAMevaluation.stopped,temposam,sliderintensity.response,sliderintensity.rt,slidervalence.response,slidervalence.rt,mouse_sam.x,mouse_sam.y,mouse_sam.leftButton,mouse_sam.midButton,mouse_sam.rightButton,mouse_sam.time,mouse_sam.clicked_name,Loading.started,Loading.stopped,C_associative_task.started,C_associative_task.stopped,tempo_trial,hapremutosi,hapremutono,tempo_tasktot,mouse.x,mouse.y,mouse.leftButton,mouse.midButton,mouse.rightButton,trials.thisRepN,trials.thisTrialN,trials.thisN,trials.thisIndex,trials.ran,cond,causa,effetto,D_VD.started,D_VD.stopped,tempo_vd,vd.response,vd.rt,mouse_vd.x,mouse_vd.y,mouse_vd.leftButton,mouse_vd.midButton,mouse_vd.rightButton,Previous.started,Previous.stopped,tempo_vd1,previous.response,previous.rt,mouse_vd_2.x,mouse_vd_2.y,mouse_vd_2.leftButton,mouse_vd_2.midButton,mouse_vd_2.rightButton,EstENG.TrialNS,EstENG.TrialNN,EstENG.TrialSS,EstENG.TrialSN,ingesta.thisRepN,ingesta.thisTrialN,ingesta.thisN,ingesta.thisIndex,ingesta.ran,PF.started,PF.stopped,tempo_pf,processfluency.response,processfluency.rt,mouse_ch.x,mouse_ch.y,mouse_ch.leftButton,mouse_ch.midButton,mouse_ch.rightButton,Questionario_Lingua.Age,Questionario_Lingua.Sesso,Questionario_Lingua.StaiStudiando?,Questionario_Lingua.Anniscolarita,Questionario_Lingua.Diploma,Questionario_Lingua.Punteggiodiploma,Questionario_Lingua.ItaMADRE?,Questionario_Lingua.INGmadre?,Questionario_Lingua.Q5(AOAIng),Questionario_Lingua.INGLETTURA,Questionario_Lingua.INGCOMPRESO,Questionario_Lingua.INGSCRITTO,Questionario_Lingua.INGPARLATO,Questionario_Lingua.haivissutoestero,ProvaInglese.ProcediamoENg,ProvaInglese.C1,ProvaInglese.C2,ProvaInglese.C3,ProvaInglese.C4,ProvaInglese.C5,ProvaInglese.C6,ProvaInglese.C7,ProvaInglese.C8,ProvaInglese.C9,ProvaInglese.C10,ProvaInglese.C11,ProvaInglese.C12,ProvaInglese.C13,ProvaInglese.C14,ProvaInglese.C15,ProvaInglese.C16,ProvaInglese.C17,ProvaInglese.C18,ProvaInglese.C19,ProvaInglese.C20,ProvaInglese.C21,ProvaInglese.C22,ProvaInglese.C23,ProvaInglese.C24,ProvaInglese.C25,ProvaInglese.controlquestion,Ant_lastquestion.started,Ant_lastquestion.stopped,exp_loop.thisRepN,exp_loop.thisTrialN,exp_loop.thisN,exp_loop.thisIndex,exp_loop.ran
0.001,10.917,-0.019047619,0.002857143,1,0,0,alfa_mask,[(%PROLIFIC_PID,2,2025-04-16_17h15.03.905,CLTandFLE,2024.1.5,MacIntel,58.82352941,5e906586a9e4ef362ab2ffa8,67ffc4c40efe1bd1090b10ee,67ffc96acc26f4afc4b85f86,,,,,,,,,,,,,,,,,,,,,,,,,,,,,,,,,,,,,,,,,,,,,,,,,,,,,,,,,,,,,,,,,,,,,,,,,,,,,,,,,,,,,,,,,,,,,,,,,,,,,,,,,,,,,,,,,,,,,,,,,,,,,,,,,,,,,,,,,,,,,,,,,,,,
,,,,,,,,[(%PROLIFIC_PID,2,2025-04-16_17h15.03.905,CLTandFLE,2024.1.5,MacIntel,58.82352941,5e906586a9e4ef362ab2ffa8,67ffc4c40efe1bd1090b10ee,67ffc96acc26f4afc4b85f86,,10.917,11.916,,,,,,,,,,,,,,,,,,,,,,,,,,,,,,,,,,,,,,,,,,,,,,,,,,,,,,,,,,,,,,,,,,,,,,,,,,,,,,,,,,,,,,,,,,,,,,,,,,,,,,,,,,,,,,,,,,,,,,,,,,,,,,,,,,,,,,,,,,,,,,,,,
,,,,,,,,[(%PROLIFIC_PID,2,2025-04-16_17h15.03.905,CLTandFLE,2024.1.5,MacIntel,58.82352941,5e906586a9e4ef362ab2ffa8,67ffc4c40efe1bd1090b10ee,67ffc96acc26f4afc4b85f86,,,,11.917,19.218,7.299,0.237142857,-0.383809524,1,0,0,,,,,,,,,,,,,,,,,,,,,,,,,,,,,,,,,,,,,,,,,,,,,,,,,,,,,,,,,,,,,,,,,,,,,,,,,,,,,,,,,,,,,,,,,,,,,,,,,,,,,,,,,,,,,,,,,,,,,,,,,,,,,,,,,,,,,,,,,
,,,,,,,,[(%PROLIFIC_PID,2,2025-04-16_17h15.03.905,CLTandFLE,2024.1.5,MacIntel,58.82352941,5e906586a9e4ef362ab2ffa8,67ffc4c40efe1bd1090b10ee,67ffc96acc26f4afc4b85f86,,85.102,86.102,,,,,,,,,20.216,22.483,-0.036190476,-0.10952381,1,0,0,23.482,65.786,42.302,-0.00952381,-0.375238095,1,0,0,66.784,77.102,10.317,0.638095238,8.424,0.35,5.192,"[-0.010476190476190476,-0.07238095238095238,-0.08,-0.07714285714285714,-0.01619047619047619]","[0.1961904761904762,-0.004761904761904762,-0.004761904761904762,-0.0038095238095238095,-0.2038095238095238]","[1,1,1,1,1]","[0,0,0,0,0]","[0,0,0,0,0]","[4.459000000000003,6.409000000000006,6.859999999999999,7.609000000000009,10.310000000000002]","[""rettoksam""]",78.103,85.102,86.124,93.403,7.278,1,0,7.278,0.1,-0.06952381,0,0,0,0,0,0,39,1,d,The patient has not taken Batatrim,The patient has not overcome the crisis,,,,,,,,,,,,,,,,,,,,,,,,,,,,,,,,,,,,,,,,,,,,,,,,,,,,,,,,,,,,,,,,,,,,,,,,,,,,,,,,,,,,,,,
,,,,,,,,[(%PROLIFIC_PID,2,2025-04-16_17h15.03.905,CLTandFLE,2024.1.5,MacIntel,58.82352941,5e906586a9e4ef362ab2ffa8,67ffc4c40efe1bd1090b10ee,67ffc96acc26f4afc4b85f86,,,,,,,,,,,,,,,,,,,,,,,,,,,,,,,,,,,,,,,,,,,93.405,98.919,5.514,1,0,12.792,-0.16,-0.037142857,0,0,0,0,1,1,8,1,a,The patient has taken Batatrim,The patient has overcome the crisis,,,,,,,,,,,,,,,,,,,,,,,,,,,,,,,,,,,,,,,,,,,,,,,,,,,,,,,,,,,,,,,,,,,,,,,,,,,,,,,,,,,,,,,
,,,,,,,,[(%PROLIFIC_PID,2,2025-04-16_17h15.03.905,CLTandFLE,2024.1.5,MacIntel,58.82352941,5e906586a9e4ef362ab2ffa8,67ffc4c40efe1bd1090b10ee,67ffc96acc26f4afc4b85f86,,,,,,,,,,,,,,,,,,,,,,,,,,,,,,,,,,,,,,,,,,,98.92,103.437,4.516,1,0,17.308,-0.16,-0.037142857,0,0,0,0,2,2,11,1,a,The patient has taken Batatrim,The patient has overcome the crisis,,,,,,,,,,,,,,,,,,,,,,,,,,,,,,,,,,,,,,,,,,,,,,,,,,,,,,,,,,,,,,,,,,,,,,,,,,,,,,,,,,,,,,,
,,,,,,,,[(%PROLIFIC_PID,2,2025-04-16_17h15.03.905,CLTandFLE,2024.1.5,MacIntel,58.82352941,5e906586a9e4ef362ab2ffa8,67ffc4c40efe1bd1090b10ee,67ffc96acc26f4afc4b85f86,,,,,,,,,,,,,,,,,,,,,,,,,,,,,,,,,,,,,,,,,,,103.437,107.82,4.382,1,0,21.69,-0.113333333,-0.056190476,0,0,0,0,3,3,5,1,a,The patient has taken Batatrim,The patient has overcome the crisis,,,,,,,,,,,,,,,,,,,,,,,,,,,,,,,,,,,,,,,,,,,,,,,,,,,,,,,,,,,,,,,,,,,,,,,,,,,,,,,,,,,,,,,
,,,,,,,,[(%PROLIFIC_PID,2,2025-04-16_17h15.03.905,CLTandFLE,2024.1.5,MacIntel,58.82352941,5e906586a9e4ef362ab2ffa8,67ffc4c40efe1bd1090b10ee,67ffc96acc26f4afc4b85f86,,,,,,,,,,,,,,,,,,,,,,,,,,,,,,,,,,,,,,,,,,,107.82,113.053,5.233,0,1,26.923,0.098095238,-0.055238095,0,0,0,0,4,4,27,1,c,The patient has not taken Batatrim,The patient has overcome the crisis,,,,,,,,,,,,,,,,,,,,,,,,,,,,,,,,,,,,,,,,,,,,,,,,,,,,,,,,,,,,,,,,,,,,,,,,,,,,,,,,,,,,,,,
,,,,,,,,[(%PROLIFIC_PID,2,2025-04-16_17h15.03.905,CLTandFLE,2024.1.5,MacIntel,58.82352941,5e906586a9e4ef362ab2ffa8,67ffc4c40efe1bd1090b10ee,67ffc96acc26f4afc4b85f86,,,,,,,,,,,,,,,,,,,,,,,,,,,,,,,,,,,,,,,,,,,113.053,118.637,5.583,0,1,32.506,0.23047619,-0.040952381,0,0,0,0,5,5,37,1,d,The patient has not taken Batatrim,The patient has not overcome the crisis,,,,,,,,,,,,,,,,,,,,,,,,,,,,,,,,,,,,,,,,,,,,,,,,,,,,,,,,,,,,,,,,,,,,,,,,,,,,,,,,,,,,,,,
,,,,,,,,[(%PROLIFIC_PID,2,2025-04-16_17h15.03.905,CLTandFLE,2024.1.5,MacIntel,58.82352941,5e906586a9e4ef362ab2ffa8,67ffc4c40efe1bd1090b10ee,67ffc96acc26f4afc4b85f86,,,,,,,,,,,,,,,,,,,,,,,,,,,,,,,,,,,,,,,,,,,118.637,124.353,5.716,1,0,38.222,0.178095238,-0.064761905,0,0,0,0,6,6,38,1,d,The patient has not taken Batatrim,The patient has not overcome the crisis,,,,,,,,,,,,,,,,,,,,,,,,,,,,,,,,,,,,,,,,,,,,,,,,,,,,,,,,,,,,,,,,,,,,,,,,,,,,,,,,,,,,,,,
,,,,,,,,[(%PROLIFIC_PID,2,2025-04-16_17h15.03.905,CLTandFLE,2024.1.5,MacIntel,58.82352941,5e906586a9e4ef362ab2ffa8,67ffc4c40efe1bd1090b10ee,67ffc96acc26f4afc4b85f86,,,,,,,,,,,,,,,,,,,,,,,,,,,,,,,,,,,,,,,,,,,124.354,128.671,4.316,1,0,42.538,0.247619048,-0.036190476,0,0,0,0,7,7,17,1,b,The patient has taken Batatrim,The patient has not overcome the crisis,,,,,,,,,,,,,,,,,,,,,,,,,,,,,,,,,,,,,,,,,,,,,,,,,,,,,,,,,,,,,,,,,,,,,,,,,,,,,,,,,,,,,,,
,,,,,,,,[(%PROLIFIC_PID,2,2025-04-16_17h15.03.905,CLTandFLE,2024.1.5,MacIntel,58.82352941,5e906586a9e4ef362ab2ffa8,67ffc4c40efe1bd1090b10ee,67ffc96acc26f4afc4b85f86,,,,,,,,,,,,,,,,,,,,,,,,,,,,,,,,,,,,,,,,,,,128.671,133.287,4.616,1,0,47.154,-0.197142857,-0.048571429,0,0,0,0,8,8,14,1,b,The patient has taken Batatrim,The patient has overcome the crisis,,,,,,,,,,,,,,,,,,,,,,,,,,,,,,,,,,,,,,,,,,,,,,,,,,,,,,,,,,,,,,,,,,,,,,,,,,,,,,,,,,,,,,,
,,,,,,,,[(%PROLIFIC_PID,2,2025-04-16_17h15.03.905,CLTandFLE,2024.1.5,MacIntel,58.82352941,5e906586a9e4ef362ab2ffa8,67ffc4c40efe1bd1090b10ee,67ffc96acc26f4afc4b85f86,,,,,,,,,,,,,,,,,,,,,,,,,,,,,,,,,,,,,,,,,,,133.288,137.337,4.049,1,0,51.203,-0.197142857,-0.048571429,0,0,0,0,9,9,12,1,a,The patient has taken Batatrim,The patient has overcome the crisis,,,,,,,,,,,,,,,,,,,,,,,,,,,,,,,,,,,,,,,,,,,,,,,,,,,,,,,,,,,,,,,,,,,,,,,,,,,,,,,,,,,,,,,
,,,,,,,,[(%PROLIFIC_PID,2,2025-04-16_17h15.03.905,CLTandFLE,2024.1.5,MacIntel,58.82352941,5e906586a9e4ef362ab2ffa8,67ffc4c40efe1bd1090b10ee,67ffc96acc26f4afc4b85f86,,,,,,,,,,,,,,,,,,,,,,,,,,,,,,,,,,,,,,,,,,,137.338,141.854,4.516,0,1,55.719,-0.184761905,-0.048571429,0,0,0,0,10,10,20,1,c,The patient has not taken Batatrim,The patient has overcome the crisis,,,,,,,,,,,,,,,,,,,,,,,,,,,,,,,,,,,,,,,,,,,,,,,,,,,,,,,,,,,,,,,,,,,,,,,,,,,,,,,,,,,,,,,
,,,,,,,,[(%PROLIFIC_PID,2,2025-04-16_17h15.03.905,CLTandFLE,2024.1.5,MacIntel,58.82352941,5e906586a9e4ef362ab2ffa8,67ffc4c40efe1bd1090b10ee,67ffc96acc26f4afc4b85f86,,,,,,,,,,,,,,,,,,,,,,,,,,,,,,,,,,,,,,,,,,,141.855,146.738,4.883,0,1,60.602,-0.207619048,-0.045714286,0,0,0,0,11,11,31,1,c,The patient has not taken Batatrim,The patient has overcome the crisis,,,,,,,,,,,,,,,,,,,,,,,,,,,,,,,,,,,,,,,,,,,,,,,,,,,,,,,,,,,,,,,,,,,,,,,,,,,,,,,,,,,,,,,
,,,,,,,,[(%PROLIFIC_PID,2,2025-04-16_17h15.03.905,CLTandFLE,2024.1.5,MacIntel,58.82352941,5e906586a9e4ef362ab2ffa8,67ffc4c40efe1bd1090b10ee,67ffc96acc26f4afc4b85f86,,,,,,,,,,,,,,,,,,,,,,,,,,,,,,,,,,,,,,,,,,,146.738,151.471,4.733,0,1,65.335,-0.204761905,-0.039047619,0,0,0,0,12,12,36,1,d,The patient has not taken Batatrim,The patient has not overcome the crisis,,,,,,,,,,,,,,,,,,,,,,,,,,,,,,,,,,,,,,,,,,,,,,,,,,,,,,,,,,,,,,,,,,,,,,,,,,,,,,,,,,,,,,,
,,,,,,,,[(%PROLIFIC_PID,2,2025-04-16_17h15.03.905,CLTandFLE,2024.1.5,MacIntel,58.82352941,5e906586a9e4ef362ab2ffa8,67ffc4c40efe1bd1090b10ee,67ffc96acc26f4afc4b85f86,,,,,,,,,,,,,,,,,,,,,,,,,,,,,,,,,,,,,,,,,,,151.471,156.238,4.767,1,0,70.102,-0.192380952,-0.048571429,0,0,0,0,13,13,3,1,a,The patient has taken Batatrim,The patient has overcome the crisis,,,,,,,,,,,,,,,,,,,,,,,,,,,,,,,,,,,,,,,,,,,,,,,,,,,,,,,,,,,,,,,,,,,,,,,,,,,,,,,,,,,,,,,
,,,,,,,,[(%PROLIFIC_PID,2,2025-04-16_17h15.03.905,CLTandFLE,2024.1.5,MacIntel,58.82352941,5e906586a9e4ef362ab2ffa8,67ffc4c40efe1bd1090b10ee,67ffc96acc26f4afc4b85f86,,,,,,,,,,,,,,,,,,,,,,,,,,,,,,,,,,,,,,,,,,,156.238,160.789,4.55,1,0,74.652,-0.192380952,-0.048571429,0,0,0,0,14,14,6,1,a,The patient has taken Batatrim,The patient has overcome the crisis,,,,,,,,,,,,,,,,,,,,,,,,,,,,,,,,,,,,,,,,,,,,,,,,,,,,,,,,,,,,,,,,,,,,,,,,,,,,,,,,,,,,,,,
,,,,,,,,[(%PROLIFIC_PID,2,2025-04-16_17h15.03.905,CLTandFLE,2024.1.5,MacIntel,58.82352941,5e906586a9e4ef362ab2ffa8,67ffc4c40efe1bd1090b10ee,67ffc96acc26f4afc4b85f86,,,,,,,,,,,,,,,,,,,,,,,,,,,,,,,,,,,,,,,,,,,160.789,164.622,3.833,1,0,78.485,-0.192380952,-0.048571429,0,0,0,0,15,15,1,1,a,The patient has taken Batatrim,The patient has overcome the crisis,,,,,,,,,,,,,,,,,,,,,,,,,,,,,,,,,,,,,,,,,,,,,,,,,,,,,,,,,,,,,,,,,,,,,,,,,,,,,,,,,,,,,,,
,,,,,,,,[(%PROLIFIC_PID,2,2025-04-16_17h15.03.905,CLTandFLE,2024.1.5,MacIntel,58.82352941,5e906586a9e4ef362ab2ffa8,67ffc4c40efe1bd1090b10ee,67ffc96acc26f4afc4b85f86,,,,,,,,,,,,,,,,,,,,,,,,,,,,,,,,,,,,,,,,,,,164.622,169.688,5.066,1,0,83.551,-0.192380952,-0.048571429,0,0,0,0,16,16,28,1,c,The patient has not taken Batatrim,The patient has overcome the crisis,,,,,,,,,,,,,,,,,,,,,,,,,,,,,,,,,,,,,,,,,,,,,,,,,,,,,,,,,,,,,,,,,,,,,,,,,,,,,,,,,,,,,,,
,,,,,,,,[(%PROLIFIC_PID,2,2025-04-16_17h15.03.905,CLTandFLE,2024.1.5,MacIntel,58.82352941,5e906586a9e4ef362ab2ffa8,67ffc4c40efe1bd1090b10ee,67ffc96acc26f4afc4b85f86,,,,,,,,,,,,,,,,,,,,,,,,,,,,,,,,,,,,,,,,,,,169.689,174.856,5.167,1,0,88.718,0.162857143,-0.057142857,0,0,0,0,17,17,7,1,a,The patient has taken Batatrim,The patient has overcome the crisis,,,,,,,,,,,,,,,,,,,,,,,,,,,,,,,,,,,,,,,,,,,,,,,,,,,,,,,,,,,,,,,,,,,,,,,,,,,,,,,,,,,,,,,
,,,,,,,,[(%PROLIFIC_PID,2,2025-04-16_17h15.03.905,CLTandFLE,2024.1.5,MacIntel,58.82352941,5e906586a9e4ef362ab2ffa8,67ffc4c40efe1bd1090b10ee,67ffc96acc26f4afc4b85f86,,,,,,,,,,,,,,,,,,,,,,,,,,,,,,,,,,,,,,,,,,,174.856,179.222,4.366,1,0,93.084,0.063809524,-0.017142857,0,0,0,0,18,18,16,1,b,The patient has taken Batatrim,The patient has not overcome the crisis,,,,,,,,,,,,,,,,,,,,,,,,,,,,,,,,,,,,,,,,,,,,,,,,,,,,,,,,,,,,,,,,,,,,,,,,,,,,,,,,,,,,,,,
,,,,,,,,[(%PROLIFIC_PID,2,2025-04-16_17h15.03.905,CLTandFLE,2024.1.5,MacIntel,58.82352941,5e906586a9e4ef362ab2ffa8,67ffc4c40efe1bd1090b10ee,67ffc96acc26f4afc4b85f86,,,,,,,,,,,,,,,,,,,,,,,,,,,,,,,,,,,,,,,,,,,179.223,183.49,4.266,0,1,97.35,-0.18952381,-0.048571429,0,0,0,0,19,19,33,1,c,The patient has not taken Batatrim,The patient has overcome the crisis,,,,,,,,,,,,,,,,,,,,,,,,,,,,,,,,,,,,,,,,,,,,,,,,,,,,,,,,,,,,,,,,,,,,,,,,,,,,,,,,,,,,,,,
,,,,,,,,[(%PROLIFIC_PID,2,2025-04-16_17h15.03.905,CLTandFLE,2024.1.5,MacIntel,58.82352941,5e906586a9e4ef362ab2ffa8,67ffc4c40efe1bd1090b10ee,67ffc96acc26f4afc4b85f86,,,,,,,,,,,,,,,,,,,,,,,,,,,,,,,,,,,,,,,,,,,183.49,188.19,4.699,0,1,102.049,0.163809524,-0.05047619,0,0,0,0,20,20,9,1,a,The patient has taken Batatrim,The patient has overcome the crisis,,,,,,,,,,,,,,,,,,,,,,,,,,,,,,,,,,,,,,,,,,,,,,,,,,,,,,,,,,,,,,,,,,,,,,,,,,,,,,,,,,,,,,,
,,,,,,,,[(%PROLIFIC_PID,2,2025-04-16_17h15.03.905,CLTandFLE,2024.1.5,MacIntel,58.82352941,5e906586a9e4ef362ab2ffa8,67ffc4c40efe1bd1090b10ee,67ffc96acc26f4afc4b85f86,,,,,,,,,,,,,,,,,,,,,,,,,,,,,,,,,,,,,,,,,,,188.19,192.406,4.216,1,0,106.265,-0.065714286,-0.04952381,0,0,0,0,21,21,24,1,c,The patient has not taken Batatrim,The patient has overcome the crisis,,,,,,,,,,,,,,,,,,,,,,,,,,,,,,,,,,,,,,,,,,,,,,,,,,,,,,,,,,,,,,,,,,,,,,,,,,,,,,,,,,,,,,,
,,,,,,,,[(%PROLIFIC_PID,2,2025-04-16_17h15.03.905,CLTandFLE,2024.1.5,MacIntel,58.82352941,5e906586a9e4ef362ab2ffa8,67ffc4c40efe1bd1090b10ee,67ffc96acc26f4afc4b85f86,,,,,,,,,,,,,,,,,,,,,,,,,,,,,,,,,,,,,,,,,,,192.407,196.54,4.133,1,0,110.398,-0.113333333,-0.046666667,0,0,0,0,22,22,32,1,c,The patient has not taken Batatrim,The patient has overcome the crisis,,,,,,,,,,,,,,,,,,,,,,,,,,,,,,,,,,,,,,,,,,,,,,,,,,,,,,,,,,,,,,,,,,,,,,,,,,,,,,,,,,,,,,,
,,,,,,,,[(%PROLIFIC_PID,2,2025-04-16_17h15.03.905,CLTandFLE,2024.1.5,MacIntel,58.82352941,5e906586a9e4ef362ab2ffa8,67ffc4c40efe1bd1090b10ee,67ffc96acc26f4afc4b85f86,,,,,,,,,,,,,,,,,,,,,,,,,,,,,,,,,,,,,,,,,,,196.54,201.09,4.55,0,1,114.948,-0.173333333,-0.055238095,0,0,0,0,23,23,34,1,c,The patient has not taken Batatrim,The patient has overcome the crisis,,,,,,,,,,,,,,,,,,,,,,,,,,,,,,,,,,,,,,,,,,,,,,,,,,,,,,,,,,,,,,,,,,,,,,,,,,,,,,,,,,,,,,,
,,,,,,,,[(%PROLIFIC_PID,2,2025-04-16_17h15.03.905,CLTandFLE,2024.1.5,MacIntel,58.82352941,5e906586a9e4ef362ab2ffa8,67ffc4c40efe1bd1090b10ee,67ffc96acc26f4afc4b85f86,,,,,,,,,,,,,,,,,,,,,,,,,,,,,,,,,,,,,,,,,,,201.091,204.974,3.883,1,0,118.831,-0.097142857,-0.057142857,0,0,0,0,24,24,18,1,b,The patient has taken Batatrim,The patient has not overcome the crisis,,,,,,,,,,,,,,,,,,,,,,,,,,,,,,,,,,,,,,,,,,,,,,,,,,,,,,,,,,,,,,,,,,,,,,,,,,,,,,,,,,,,,,,
,,,,,,,,[(%PROLIFIC_PID,2,2025-04-16_17h15.03.905,CLTandFLE,2024.1.5,MacIntel,58.82352941,5e906586a9e4ef362ab2ffa8,67ffc4c40efe1bd1090b10ee,67ffc96acc26f4afc4b85f86,,,,,,,,,,,,,,,,,,,,,,,,,,,,,,,,,,,,,,,,,,,204.974,209.057,4.083,1,0,122.914,-0.154285714,-0.057142857,0,0,0,0,25,25,21,1,c,The patient has not taken Batatrim,The patient has overcome the crisis,,,,,,,,,,,,,,,,,,,,,,,,,,,,,,,,,,,,,,,,,,,,,,,,,,,,,,,,,,,,,,,,,,,,,,,,,,,,,,,,,,,,,,,
,,,,,,,,[(%PROLIFIC_PID,2,2025-04-16_17h15.03.905,CLTandFLE,2024.1.5,MacIntel,58.82352941,5e906586a9e4ef362ab2ffa8,67ffc4c40efe1bd1090b10ee,67ffc96acc26f4afc4b85f86,,,,,,,,,,,,,,,,,,,,,,,,,,,,,,,,,,,,,,,,,,,209.058,213.124,4.066,1,0,126.98,0.011428571,-0.044761905,0,0,0,0,26,26,19,1,b,The patient has taken Batatrim,The patient has not overcome the crisis,,,,,,,,,,,,,,,,,,,,,,,,,,,,,,,,,,,,,,,,,,,,,,,,,,,,,,,,,,,,,,,,,,,,,,,,,,,,,,,,,,,,,,,
,,,,,,,,[(%PROLIFIC_PID,2,2025-04-16_17h15.03.905,CLTandFLE,2024.1.5,MacIntel,58.82352941,5e906586a9e4ef362ab2ffa8,67ffc4c40efe1bd1090b10ee,67ffc96acc26f4afc4b85f86,,,,,,,,,,,,,,,,,,,,,,,,,,,,,,,,,,,,,,,,,,,213.124,217.241,4.117,1,0,131.097,-0.107619048,-0.047619048,0,0,0,0,27,27,4,1,a,The patient has taken Batatrim,The patient has overcome the crisis,,,,,,,,,,,,,,,,,,,,,,,,,,,,,,,,,,,,,,,,,,,,,,,,,,,,,,,,,,,,,,,,,,,,,,,,,,,,,,,,,,,,,,,
,,,,,,,,[(%PROLIFIC_PID,2,2025-04-16_17h15.03.905,CLTandFLE,2024.1.5,MacIntel,58.82352941,5e906586a9e4ef362ab2ffa8,67ffc4c40efe1bd1090b10ee,67ffc96acc26f4afc4b85f86,,,,,,,,,,,,,,,,,,,,,,,,,,,,,,,,,,,,,,,,,,,217.241,221.558,4.316,1,0,135.413,0.073333333,-0.04,0,0,0,0,28,28,2,1,a,The patient has taken Batatrim,The patient has overcome the crisis,,,,,,,,,,,,,,,,,,,,,,,,,,,,,,,,,,,,,,,,,,,,,,,,,,,,,,,,,,,,,,,,,,,,,,,,,,,,,,,,,,,,,,,
,,,,,,,,[(%PROLIFIC_PID,2,2025-04-16_17h15.03.905,CLTandFLE,2024.1.5,MacIntel,58.82352941,5e906586a9e4ef362ab2ffa8,67ffc4c40efe1bd1090b10ee,67ffc96acc26f4afc4b85f86,,,,,,,,,,,,,,,,,,,,,,,,,,,,,,,,,,,,,,,,,,,221.558,226.441,4.882,0,1,140.295,0.137142857,0.446666667,0,0,0,0,29,29,29,1,c,The patient has not taken Batatrim,The patient has overcome the crisis,,,,,,,,,,,,,,,,,,,,,,,,,,,,,,,,,,,,,,,,,,,,,,,,,,,,,,,,,,,,,,,,,,,,,,,,,,,,,,,,,,,,,,,
,,,,,,,,[(%PROLIFIC_PID,2,2025-04-16_17h15.03.905,CLTandFLE,2024.1.5,MacIntel,58.82352941,5e906586a9e4ef362ab2ffa8,67ffc4c40efe1bd1090b10ee,67ffc96acc26f4afc4b85f86,,,,,,,,,,,,,,,,,,,,,,,,,,,,,,,,,,,,,,,,,,,226.441,230.475,4.034,1,0,144.329,-0.177142857,-0.033333333,0,0,0,0,30,30,15,1,b,The patient has taken Batatrim,The patient has not overcome the crisis,,,,,,,,,,,,,,,,,,,,,,,,,,,,,,,,,,,,,,,,,,,,,,,,,,,,,,,,,,,,,,,,,,,,,,,,,,,,,,,,,,,,,,,
,,,,,,,,[(%PROLIFIC_PID,2,2025-04-16_17h15.03.905,CLTandFLE,2024.1.5,MacIntel,58.82352941,5e906586a9e4ef362ab2ffa8,67ffc4c40efe1bd1090b10ee,67ffc96acc26f4afc4b85f86,,,,,,,,,,,,,,,,,,,,,,,,,,,,,,,,,,,,,,,,,,,230.476,239.075,8.599,1,0,152.928,-0.18,-0.039047619,0,0,0,0,31,31,13,1,a,The patient has taken Batatrim,The patient has overcome the crisis,,,,,,,,,,,,,,,,,,,,,,,,,,,,,,,,,,,,,,,,,,,,,,,,,,,,,,,,,,,,,,,,,,,,,,,,,,,,,,,,,,,,,,,
,,,,,,,,[(%PROLIFIC_PID,2,2025-04-16_17h15.03.905,CLTandFLE,2024.1.5,MacIntel,58.82352941,5e906586a9e4ef362ab2ffa8,67ffc4c40efe1bd1090b10ee,67ffc96acc26f4afc4b85f86,,,,,,,,,,,,,,,,,,,,,,,,,,,,,,,,,,,,,,,,,,,239.075,243.625,4.55,0,1,157.478,0.185714286,-0.062857143,0,0,0,0,32,32,22,1,c,The patient has not taken Batatrim,The patient has overcome the crisis,,,,,,,,,,,,,,,,,,,,,,,,,,,,,,,,,,,,,,,,,,,,,,,,,,,,,,,,,,,,,,,,,,,,,,,,,,,,,,,,,,,,,,,
,,,,,,,,[(%PROLIFIC_PID,2,2025-04-16_17h15.03.905,CLTandFLE,2024.1.5,MacIntel,58.82352941,5e906586a9e4ef362ab2ffa8,67ffc4c40efe1bd1090b10ee,67ffc96acc26f4afc4b85f86,,,,,,,,,,,,,,,,,,,,,,,,,,,,,,,,,,,,,,,,,,,243.626,248.009,4.383,1,0,161.861,0.12,-0.056190476,0,0,0,0,33,33,26,1,c,The patient has not taken Batatrim,The patient has overcome the crisis,,,,,,,,,,,,,,,,,,,,,,,,,,,,,,,,,,,,,,,,,,,,,,,,,,,,,,,,,,,,,,,,,,,,,,,,,,,,,,,,,,,,,,,
,,,,,,,,[(%PROLIFIC_PID,2,2025-04-16_17h15.03.905,CLTandFLE,2024.1.5,MacIntel,58.82352941,5e906586a9e4ef362ab2ffa8,67ffc4c40efe1bd1090b10ee,67ffc96acc26f4afc4b85f86,,,,,,,,,,,,,,,,,,,,,,,,,,,,,,,,,,,,,,,,,,,248.01,252.809,4.799,1,0,166.66,-0.231428571,-0.037142857,0,0,0,0,34,34,35,1,d,The patient has not taken Batatrim,The patient has not overcome the crisis,,,,,,,,,,,,,,,,,,,,,,,,,,,,,,,,,,,,,,,,,,,,,,,,,,,,,,,,,,,,,,,,,,,,,,,,,,,,,,,,,,,,,,,
,,,,,,,,[(%PROLIFIC_PID,2,2025-04-16_17h15.03.905,CLTandFLE,2024.1.5,MacIntel,58.82352941,5e906586a9e4ef362ab2ffa8,67ffc4c40efe1bd1090b10ee,67ffc96acc26f4afc4b85f86,,,,,,,,,,,,,,,,,,,,,,,,,,,,,,,,,,,,,,,,,,,252.809,256.793,3.983,0,1,170.643,-0.08,-0.02952381,0,0,0,0,35,35,23,1,c,The patient has not taken Batatrim,The patient has overcome the crisis,,,,,,,,,,,,,,,,,,,,,,,,,,,,,,,,,,,,,,,,,,,,,,,,,,,,,,,,,,,,,,,,,,,,,,,,,,,,,,,,,,,,,,,
,,,,,,,,[(%PROLIFIC_PID,2,2025-04-16_17h15.03.905,CLTandFLE,2024.1.5,MacIntel,58.82352941,5e906586a9e4ef362ab2ffa8,67ffc4c40efe1bd1090b10ee,67ffc96acc26f4afc4b85f86,,,,,,,,,,,,,,,,,,,,,,,,,,,,,,,,,,,,,,,,,,,256.793,260.676,3.883,1,0,174.526,-0.188571429,-0.036190476,0,0,0,0,36,36,30,1,c,The patient has not taken Batatrim,The patient has overcome the crisis,,,,,,,,,,,,,,,,,,,,,,,,,,,,,,,,,,,,,,,,,,,,,,,,,,,,,,,,,,,,,,,,,,,,,,,,,,,,,,,,,,,,,,,
,,,,,,,,[(%PROLIFIC_PID,2,2025-04-16_17h15.03.905,CLTandFLE,2024.1.5,MacIntel,58.82352941,5e906586a9e4ef362ab2ffa8,67ffc4c40efe1bd1090b10ee,67ffc96acc26f4afc4b85f86,,,,,,,,,,,,,,,,,,,,,,,,,,,,,,,,,,,,,,,,,,,260.676,264.893,4.217,1,0,178.743,-0.188571429,-0.036190476,0,0,0,0,37,37,0,1,a,The patient has taken Batatrim,The patient has overcome the crisis,,,,,,,,,,,,,,,,,,,,,,,,,,,,,,,,,,,,,,,,,,,,,,,,,,,,,,,,,,,,,,,,,,,,,,,,,,,,,,,,,,,,,,,
,,,,,,,,[(%PROLIFIC_PID,2,2025-04-16_17h15.03.905,CLTandFLE,2024.1.5,MacIntel,58.82352941,5e906586a9e4ef362ab2ffa8,67ffc4c40efe1bd1090b10ee,67ffc96acc26f4afc4b85f86,,,,,,,,,,,,,,,,,,,,,,,,,,,,,,,,,,,,,,,,,,,264.893,269.01,4.117,1,0,182.86,-0.205714286,0.005714286,0,0,0,0,38,38,25,1,c,The patient has not taken Batatrim,The patient has overcome the crisis,,,,,,,,,,,,,,,,,,,,,,,,,,,,,,,,,,,,,,,,,,,,,,,,,,,,,,,,,,,,,,,,,,,,,,,,,,,,,,,,,,,,,,,
,,,,,,,,[(%PROLIFIC_PID,2,2025-04-16_17h15.03.905,CLTandFLE,2024.1.5,MacIntel,58.82352941,5e906586a9e4ef362ab2ffa8,67ffc4c40efe1bd1090b10ee,67ffc96acc26f4afc4b85f86,,,,,,,,,,,,,,,,,,,,,,,,,,,,,,,,,,,,,,,,,,,269.011,273.127,4.116,1,0,186.976,-0.2,-0.04,0,0,0,0,39,39,10,1,a,The patient has taken Batatrim,The patient has overcome the crisis,,,,,,,,,,,,,,,,,,,,,,,,,,,,,,,,,,,,,,,,,,,,,,,,,,,,,,,,,,,,,,,,,,,,,,,,,,,,,,,,,,,,,,,
,,,,,,,,[(%PROLIFIC_PID,2,2025-04-16_17h15.03.905,CLTandFLE,2024.1.5,MacIntel,58.82352941,5e906586a9e4ef362ab2ffa8,67ffc4c40efe1bd1090b10ee,67ffc96acc26f4afc4b85f86,,291.562,292.561,,,,,,,,,,,,,,,,,,,,,,,,,,,,,,,,,,,,,,,,,,,,,,,,,,,,,,,,,,,274.128,279.494,5.366,53,4.461,0.003809524,-0.195238095,1,0,0,280.494,291.562,11.067,78,8.658,0.020952381,-0.197142857,1,0,0,8,16,15,6,0,0,0,0,1,,,,,,,,,,,,,,,,,,,,,,,,,,,,,,,,,,,,,,,,,,,,,,,,,,,,,,,,,,
,,,,,,,,[(%PROLIFIC_PID,2,2025-04-16_17h15.03.905,CLTandFLE,2024.1.5,MacIntel,58.82352941,5e906586a9e4ef362ab2ffa8,67ffc4c40efe1bd1090b10ee,67ffc96acc26f4afc4b85f86,,405.277,406.266,,,,,,,,,,,,,,,,,,,,,,,,,,,,,,,,,,,,,,,,,,,,,,,,,,,,,,,,,,,,,,,,,,,,,,,,,,,,,,,,,,,,,,,,326.997,332.912,5.915,3,3.342,0.001904762,-0.203809524,1,0,0,33,Femmina,Sì,18,"Sì, l'ho ottenuta più di due anni fa",B2 CEFR (5.5 - 6 IELTS),TRUE,FALSE,8,9,9,8,8,FALSE,Conferma,c1ok,c2ok,c3ok,c4ok,c5ok,c6ok,c7ok,c8ok,c9ok,c10ok,c11ok,c12err,c13ok,c14err2,c15ok,c16ok,c17ok,c18ok,c19ok,c20err,c21ok,c22ok,c23ok,c24err3,c25ok,c26ok,589.493,596.074,0,0,0,0,1
