﻿Alfa.started,Alfa.stopped,alfa_mouse.x,alfa_mouse.y,alfa_mouse.leftButton,alfa_mouse.midButton,alfa_mouse.rightButton,alfa_mouse.clicked_name,participant,group,date,expName,psychopyVersion,OS,frameRate,PROLIFIC_PID,STUDY_ID,SESSION_ID,)],ITI.started,ITI.stopped,B_consensoinformato.started,B_consensoinformato.stopped,tempo_consenso,cons_mouse.x,cons_mouse.y,cons_mouse.leftButton,cons_mouse.midButton,cons_mouse.rightButton,A_benvenuto.started,A_benvenuto.stopped,ben_mouse.x,ben_mouse.y,ben_mouse.leftButton,ben_mouse.midButton,ben_mouse.rightButton,B2_istruzioni.started,B2_istruzioni.stopped,tempo_istru,cons_mouse_2.x,cons_mouse_2.y,cons_mouse_2.leftButton,cons_mouse_2.midButton,cons_mouse_2.rightButton,SAMevaluation.started,SAMevaluation.stopped,temposam,sliderintensity.response,sliderintensity.rt,slidervalence.response,slidervalence.rt,mouse_sam.x,mouse_sam.y,mouse_sam.leftButton,mouse_sam.midButton,mouse_sam.rightButton,mouse_sam.time,mouse_sam.clicked_name,Loading.started,Loading.stopped,C_associative_task.started,C_associative_task.stopped,tempo_trial,hapremutosi,hapremutono,tempo_tasktot,mouse.x,mouse.y,mouse.leftButton,mouse.midButton,mouse.rightButton,trials.thisRepN,trials.thisTrialN,trials.thisN,trials.thisIndex,trials.ran,cond,causa,effetto,D_VD.started,D_VD.stopped,tempo_vd,vd.response,vd.rt,mouse_vd.x,mouse_vd.y,mouse_vd.leftButton,mouse_vd.midButton,mouse_vd.rightButton,Previous.started,Previous.stopped,tempo_vd1,previous.response,previous.rt,mouse_vd_2.x,mouse_vd_2.y,mouse_vd_2.leftButton,mouse_vd_2.midButton,mouse_vd_2.rightButton,EstENG.TrialSS,EstENG.TrialNS,EstENG.TrialSN,EstENG.TrialNN,ingesta.thisRepN,ingesta.thisTrialN,ingesta.thisN,ingesta.thisIndex,ingesta.ran,PF.started,PF.stopped,tempo_pf,processfluency.response,processfluency.rt,mouse_ch.x,mouse_ch.y,mouse_ch.leftButton,mouse_ch.midButton,mouse_ch.rightButton,Questionario_Lingua.Age,Questionario_Lingua.Sesso,Questionario_Lingua.StaiStudiando?,Questionario_Lingua.Anniscolarita,Questionario_Lingua.Diploma,Questionario_Lingua.ItaMADRE?,Questionario_Lingua.INGmadre?,Questionario_Lingua.Q5(AOAIng),Questionario_Lingua.INGLETTURA,Questionario_Lingua.INGCOMPRESO,Questionario_Lingua.INGSCRITTO,Questionario_Lingua.INGPARLATO,Questionario_Lingua.haivissutoestero,ProvaInglese.ProcediamoENg,ProvaInglese.C1,ProvaInglese.C2,ProvaInglese.C3,ProvaInglese.C4,ProvaInglese.C5,ProvaInglese.C6,ProvaInglese.C7,ProvaInglese.C8,ProvaInglese.C9,ProvaInglese.C10,ProvaInglese.C11,ProvaInglese.C12,ProvaInglese.C13,ProvaInglese.C14,ProvaInglese.C15,ProvaInglese.C16,ProvaInglese.C17,ProvaInglese.C18,ProvaInglese.C19,ProvaInglese.C20,ProvaInglese.C21,ProvaInglese.C22,ProvaInglese.C23,ProvaInglese.C24,ProvaInglese.C25,ProvaInglese.controlquestion,Ant_lastquestion.started,Ant_lastquestion.stopped,exp_loop.thisRepN,exp_loop.thisTrialN,exp_loop.thisN,exp_loop.thisIndex,exp_loop.ran
0.0002,7.2501,-0.081289464,-0.000676011,1,0,0,alfa_mask,[(%PROLIFIC_PID,2,2025-04-16_21h36.48.801,CLTandFLE,2024.1.5,MacIntel,59.88023952,608c3c5e1cf6e05149f36b6a,67ffc4c40efe1bd1090b10ee,680004be79168b500078fcc9,,,,,,,,,,,,,,,,,,,,,,,,,,,,,,,,,,,,,,,,,,,,,,,,,,,,,,,,,,,,,,,,,,,,,,,,,,,,,,,,,,,,,,,,,,,,,,,,,,,,,,,,,,,,,,,,,,,,,,,,,,,,,,,,,,,,,,,,,,,,,,,,,,,
,,,,,,,,[(%PROLIFIC_PID,2,2025-04-16_21h36.48.801,CLTandFLE,2024.1.5,MacIntel,59.88023952,608c3c5e1cf6e05149f36b6a,67ffc4c40efe1bd1090b10ee,680004be79168b500078fcc9,,7.2505,8.2493,,,,,,,,,,,,,,,,,,,,,,,,,,,,,,,,,,,,,,,,,,,,,,,,,,,,,,,,,,,,,,,,,,,,,,,,,,,,,,,,,,,,,,,,,,,,,,,,,,,,,,,,,,,,,,,,,,,,,,,,,,,,,,,,,,,,,,,,,,,,,,,,
,,,,,,,,[(%PROLIFIC_PID,2,2025-04-16_21h36.48.801,CLTandFLE,2024.1.5,MacIntel,59.88023952,608c3c5e1cf6e05149f36b6a,67ffc4c40efe1bd1090b10ee,680004be79168b500078fcc9,,,,8.2497,82.1151,73.8647,0.22290473,-0.375270405,1,0,0,,,,,,,,,,,,,,,,,,,,,,,,,,,,,,,,,,,,,,,,,,,,,,,,,,,,,,,,,,,,,,,,,,,,,,,,,,,,,,,,,,,,,,,,,,,,,,,,,,,,,,,,,,,,,,,,,,,,,,,,,,,,,,,,,,,,,,,,
,,,,,,,,[(%PROLIFIC_PID,2,2025-04-16_21h36.48.801,CLTandFLE,2024.1.5,MacIntel,59.88023952,608c3c5e1cf6e05149f36b6a,67ffc4c40efe1bd1090b10ee,680004be79168b500078fcc9,,295.3151,296.3148,,,,,,,,,83.1159,91.2988,0.07037462,-0.10761737,1,0,0,92.2991,267.2487,174.949,-0.012690745,-0.413898065,1,0,0,268.2486,287.3156,19.0661,0.707183809,17.224,0.264624686,7.9611,"[0.003051186856875585,0.010575011693171188,0.17904437558465855,0.05165092960710945]","[0.19530153765201122,-0.01872369036482694,0.21375482343311505,-0.19700070159027128]","[1,1,1,1]","[0,0,0,0]","[0,0,0,0]","[3.392600000023833,7.008600000023819,13.792800000071509,19.059500000000014]","[""sliderintensity"",""slidervalence"",""sliderintensity"",""rettoksam""]",288.3153,295.3151,296.338,304.6314,8.2931,0,1,8.2931,0.184799608,-0.048683787,0,0,0,0,0,0,29,1,c,The patient has not taken Batatrim,The patient has overcome the crisis,,,,,,,,,,,,,,,,,,,,,,,,,,,,,,,,,,,,,,,,,,,,,,,,,,,,,,,,,,,,,,,,,,,,,,,,,,,,,,,,,,,,,,
,,,,,,,,[(%PROLIFIC_PID,2,2025-04-16_21h36.48.801,CLTandFLE,2024.1.5,MacIntel,59.88023952,608c3c5e1cf6e05149f36b6a,67ffc4c40efe1bd1090b10ee,680004be79168b500078fcc9,,,,,,,,,,,,,,,,,,,,,,,,,,,,,,,,,,,,,,,,,,,304.6319,315.8813,11.2493,0,1,19.5424,0.17464482,-0.099095972,0,0,0,0,1,1,22,1,c,The patient has not taken Batatrim,The patient has overcome the crisis,,,,,,,,,,,,,,,,,,,,,,,,,,,,,,,,,,,,,,,,,,,,,,,,,,,,,,,,,,,,,,,,,,,,,,,,,,,,,,,,,,,,,,
,,,,,,,,[(%PROLIFIC_PID,2,2025-04-16_21h36.48.801,CLTandFLE,2024.1.5,MacIntel,59.88023952,608c3c5e1cf6e05149f36b6a,67ffc4c40efe1bd1090b10ee,680004be79168b500078fcc9,,,,,,,,,,,,,,,,,,,,,,,,,,,,,,,,,,,,,,,,,,,315.8817,321.5647,5.6828,1,0,25.2252,-0.063336793,-0.148035547,0,0,0,0,2,2,8,1,a,The patient has taken Batatrim,The patient has overcome the crisis,,,,,,,,,,,,,,,,,,,,,,,,,,,,,,,,,,,,,,,,,,,,,,,,,,,,,,,,,,,,,,,,,,,,,,,,,,,,,,,,,,,,,,
,,,,,,,,[(%PROLIFIC_PID,2,2025-04-16_21h36.48.801,CLTandFLE,2024.1.5,MacIntel,59.88023952,608c3c5e1cf6e05149f36b6a,67ffc4c40efe1bd1090b10ee,680004be79168b500078fcc9,,,,,,,,,,,,,,,,,,,,,,,,,,,,,,,,,,,,,,,,,,,321.565,327.8313,6.2661,1,0,31.4913,-0.213466148,-0.004574953,0,0,0,0,3,3,35,1,d,The patient has not taken Batatrim,The patient has not overcome the crisis,,,,,,,,,,,,,,,,,,,,,,,,,,,,,,,,,,,,,,,,,,,,,,,,,,,,,,,,,,,,,,,,,,,,,,,,,,,,,,,,,,,,,,
,,,,,,,,[(%PROLIFIC_PID,2,2025-04-16_21h36.48.801,CLTandFLE,2024.1.5,MacIntel,59.88023952,608c3c5e1cf6e05149f36b6a,67ffc4c40efe1bd1090b10ee,680004be79168b500078fcc9,,,,,,,,,,,,,,,,,,,,,,,,,,,,,,,,,,,,,,,,,,,327.8315,332.7812,4.9495,1,0,36.4408,-0.217953403,-0.023718867,0,0,0,0,4,4,25,1,c,The patient has not taken Batatrim,The patient has overcome the crisis,,,,,,,,,,,,,,,,,,,,,,,,,,,,,,,,,,,,,,,,,,,,,,,,,,,,,,,,,,,,,,,,,,,,,,,,,,,,,,,,,,,,,,
,,,,,,,,[(%PROLIFIC_PID,2,2025-04-16_21h36.48.801,CLTandFLE,2024.1.5,MacIntel,59.88023952,608c3c5e1cf6e05149f36b6a,67ffc4c40efe1bd1090b10ee,680004be79168b500078fcc9,,,,,,,,,,,,,,,,,,,,,,,,,,,,,,,,,,,,,,,,,,,332.7815,339.9144,7.1328,1,0,43.5736,-0.228849977,-0.042829894,0,0,0,0,5,5,12,1,a,The patient has taken Batatrim,The patient has overcome the crisis,,,,,,,,,,,,,,,,,,,,,,,,,,,,,,,,,,,,,,,,,,,,,,,,,,,,,,,,,,,,,,,,,,,,,,,,,,,,,,,,,,,,,,
,,,,,,,,[(%PROLIFIC_PID,2,2025-04-16_21h36.48.801,CLTandFLE,2024.1.5,MacIntel,59.88023952,608c3c5e1cf6e05149f36b6a,67ffc4c40efe1bd1090b10ee,680004be79168b500078fcc9,,,,,,,,,,,,,,,,,,,,,,,,,,,,,,,,,,,,,,,,,,,339.9147,369.5643,29.6495,1,0,73.2231,-0.172211179,0.001381256,0,0,0,0,6,6,26,1,c,The patient has not taken Batatrim,The patient has overcome the crisis,,,,,,,,,,,,,,,,,,,,,,,,,,,,,,,,,,,,,,,,,,,,,,,,,,,,,,,,,,,,,,,,,,,,,,,,,,,,,,,,,,,,,,
,,,,,,,,[(%PROLIFIC_PID,2,2025-04-16_21h36.48.801,CLTandFLE,2024.1.5,MacIntel,59.88023952,608c3c5e1cf6e05149f36b6a,67ffc4c40efe1bd1090b10ee,680004be79168b500078fcc9,,,,,,,,,,,,,,,,,,,,,,,,,,,,,,,,,,,,,,,,,,,369.5647,408.6643,39.0995,1,0,112.3226,-0.194022597,-0.039256168,0,0,0,0,7,7,15,1,b,The patient has taken Batatrim,The patient has not overcome the crisis,,,,,,,,,,,,,,,,,,,,,,,,,,,,,,,,,,,,,,,,,,,,,,,,,,,,,,,,,,,,,,,,,,,,,,,,,,,,,,,,,,,,,,
,,,,,,,,[(%PROLIFIC_PID,2,2025-04-16_21h36.48.801,CLTandFLE,2024.1.5,MacIntel,59.88023952,608c3c5e1cf6e05149f36b6a,67ffc4c40efe1bd1090b10ee,680004be79168b500078fcc9,,,,,,,,,,,,,,,,,,,,,,,,,,,,,,,,,,,,,,,,,,,408.6647,416.4809,7.8161,1,0,120.1387,-0.158749415,-0.041547299,0,0,0,0,8,8,19,1,b,The patient has taken Batatrim,The patient has not overcome the crisis,,,,,,,,,,,,,,,,,,,,,,,,,,,,,,,,,,,,,,,,,,,,,,,,,,,,,,,,,,,,,,,,,,,,,,,,,,,,,,,,,,,,,,
,,,,,,,,[(%PROLIFIC_PID,2,2025-04-16_21h36.48.801,CLTandFLE,2024.1.5,MacIntel,59.88023952,608c3c5e1cf6e05149f36b6a,67ffc4c40efe1bd1090b10ee,680004be79168b500078fcc9,,,,,,,,,,,,,,,,,,,,,,,,,,,,,,,,,,,,,,,,,,,416.4812,423.9133,7.432,1,0,127.5707,-0.122654058,-0.051479186,0,0,0,0,9,9,24,1,c,The patient has not taken Batatrim,The patient has overcome the crisis,,,,,,,,,,,,,,,,,,,,,,,,,,,,,,,,,,,,,,,,,,,,,,,,,,,,,,,,,,,,,,,,,,,,,,,,,,,,,,,,,,,,,,
,,,,,,,,[(%PROLIFIC_PID,2,2025-04-16_21h36.48.801,CLTandFLE,2024.1.5,MacIntel,59.88023952,608c3c5e1cf6e05149f36b6a,67ffc4c40efe1bd1090b10ee,680004be79168b500078fcc9,,,,,,,,,,,,,,,,,,,,,,,,,,,,,,,,,,,,,,,,,,,423.9137,519.0807,95.1669,1,0,222.7376,-0.208127485,-0.005696767,0,0,0,0,10,10,5,1,a,The patient has taken Batatrim,The patient has overcome the crisis,,,,,,,,,,,,,,,,,,,,,,,,,,,,,,,,,,,,,,,,,,,,,,,,,,,,,,,,,,,,,,,,,,,,,,,,,,,,,,,,,,,,,,
,,,,,,,,[(%PROLIFIC_PID,2,2025-04-16_21h36.48.801,CLTandFLE,2024.1.5,MacIntel,59.88023952,608c3c5e1cf6e05149f36b6a,67ffc4c40efe1bd1090b10ee,680004be79168b500078fcc9,,,,,,,,,,,,,,,,,,,,,,,,,,,,,,,,,,,,,,,,,,,519.0811,583.7973,64.716,1,0,287.4536,-0.151806595,-0.03019396,0,0,0,0,11,11,38,1,d,The patient has not taken Batatrim,The patient has not overcome the crisis,,,,,,,,,,,,,,,,,,,,,,,,,,,,,,,,,,,,,,,,,,,,,,,,,,,,,,,,,,,,,,,,,,,,,,,,,,,,,,,,,,,,,,
,,,,,,,,[(%PROLIFIC_PID,2,2025-04-16_21h36.48.801,CLTandFLE,2024.1.5,MacIntel,59.88023952,608c3c5e1cf6e05149f36b6a,67ffc4c40efe1bd1090b10ee,680004be79168b500078fcc9,,,,,,,,,,,,,,,,,,,,,,,,,,,,,,,,,,,,,,,,,,,583.7976,643.3136,59.5158,1,0,346.9694,-0.173979771,-0.032631256,0,0,0,0,12,12,17,1,b,The patient has taken Batatrim,The patient has not overcome the crisis,,,,,,,,,,,,,,,,,,,,,,,,,,,,,,,,,,,,,,,,,,,,,,,,,,,,,,,,,,,,,,,,,,,,,,,,,,,,,,,,,,,,,,
,,,,,,,,[(%PROLIFIC_PID,2,2025-04-16_21h36.48.801,CLTandFLE,2024.1.5,MacIntel,59.88023952,608c3c5e1cf6e05149f36b6a,67ffc4c40efe1bd1090b10ee,680004be79168b500078fcc9,,,,,,,,,,,,,,,,,,,,,,,,,,,,,,,,,,,,,,,,,,,643.3139,647.9302,4.6162,1,0,351.5856,-0.18037082,-0.003993949,0,0,0,0,13,13,33,1,c,The patient has not taken Batatrim,The patient has overcome the crisis,,,,,,,,,,,,,,,,,,,,,,,,,,,,,,,,,,,,,,,,,,,,,,,,,,,,,,,,,,,,,,,,,,,,,,,,,,,,,,,,,,,,,,
,,,,,,,,[(%PROLIFIC_PID,2,2025-04-16_21h36.48.801,CLTandFLE,2024.1.5,MacIntel,59.88023952,608c3c5e1cf6e05149f36b6a,67ffc4c40efe1bd1090b10ee,680004be79168b500078fcc9,,,,,,,,,,,,,,,,,,,,,,,,,,,,,,,,,,,,,,,,,,,647.9305,652.6469,4.7162,1,0,356.3018,-0.173906688,-0.01347638,0,0,0,0,14,14,14,1,b,The patient has taken Batatrim,The patient has overcome the crisis,,,,,,,,,,,,,,,,,,,,,,,,,,,,,,,,,,,,,,,,,,,,,,,,,,,,,,,,,,,,,,,,,,,,,,,,,,,,,,,,,,,,,,
,,,,,,,,[(%PROLIFIC_PID,2,2025-04-16_21h36.48.801,CLTandFLE,2024.1.5,MacIntel,59.88023952,608c3c5e1cf6e05149f36b6a,67ffc4c40efe1bd1090b10ee,680004be79168b500078fcc9,,,,,,,,,,,,,,,,,,,,,,,,,,,,,,,,,,,,,,,,,,,652.6471,661.0628,8.4156,1,0,364.7174,-0.152438757,-0.049213634,0,0,0,0,15,15,23,1,c,The patient has not taken Batatrim,The patient has overcome the crisis,,,,,,,,,,,,,,,,,,,,,,,,,,,,,,,,,,,,,,,,,,,,,,,,,,,,,,,,,,,,,,,,,,,,,,,,,,,,,,,,,,,,,,
,,,,,,,,[(%PROLIFIC_PID,2,2025-04-16_21h36.48.801,CLTandFLE,2024.1.5,MacIntel,59.88023952,608c3c5e1cf6e05149f36b6a,67ffc4c40efe1bd1090b10ee,680004be79168b500078fcc9,,,,,,,,,,,,,,,,,,,,,,,,,,,,,,,,,,,,,,,,,,,661.0632,665.9468,4.8835,1,0,369.6009,-0.152438757,-0.042241581,0,0,0,0,16,16,16,1,b,The patient has taken Batatrim,The patient has not overcome the crisis,,,,,,,,,,,,,,,,,,,,,,,,,,,,,,,,,,,,,,,,,,,,,,,,,,,,,,,,,,,,,,,,,,,,,,,,,,,,,,,,,,,,,,
,,,,,,,,[(%PROLIFIC_PID,2,2025-04-16_21h36.48.801,CLTandFLE,2024.1.5,MacIntel,59.88023952,608c3c5e1cf6e05149f36b6a,67ffc4c40efe1bd1090b10ee,680004be79168b500078fcc9,,,,,,,,,,,,,,,,,,,,,,,,,,,,,,,,,,,,,,,,,,,665.9471,672.0791,6.1319,1,0,375.7328,-0.052118656,0.015760202,0,0,0,0,17,17,30,1,c,The patient has not taken Batatrim,The patient has overcome the crisis,,,,,,,,,,,,,,,,,,,,,,,,,,,,,,,,,,,,,,,,,,,,,,,,,,,,,,,,,,,,,,,,,,,,,,,,,,,,,,,,,,,,,,
,,,,,,,,[(%PROLIFIC_PID,2,2025-04-16_21h36.48.801,CLTandFLE,2024.1.5,MacIntel,59.88023952,608c3c5e1cf6e05149f36b6a,67ffc4c40efe1bd1090b10ee,680004be79168b500078fcc9,,,,,,,,,,,,,,,,,,,,,,,,,,,,,,,,,,,,,,,,,,,672.0794,676.5468,4.4672,1,0,380.2,-0.246660138,-0.030033179,0,0,0,0,18,18,32,1,c,The patient has not taken Batatrim,The patient has overcome the crisis,,,,,,,,,,,,,,,,,,,,,,,,,,,,,,,,,,,,,,,,,,,,,,,,,,,,,,,,,,,,,,,,,,,,,,,,,,,,,,,,,,,,,,
,,,,,,,,[(%PROLIFIC_PID,2,2025-04-16_21h36.48.801,CLTandFLE,2024.1.5,MacIntel,59.88023952,608c3c5e1cf6e05149f36b6a,67ffc4c40efe1bd1090b10ee,680004be79168b500078fcc9,,,,,,,,,,,,,,,,,,,,,,,,,,,,,,,,,,,,,,,,,,,676.547,683.0971,6.5499,1,0,386.7499,-0.188651047,-0.035700713,0,0,0,0,19,19,3,1,a,The patient has taken Batatrim,The patient has overcome the crisis,,,,,,,,,,,,,,,,,,,,,,,,,,,,,,,,,,,,,,,,,,,,,,,,,,,,,,,,,,,,,,,,,,,,,,,,,,,,,,,,,,,,,,
,,,,,,,,[(%PROLIFIC_PID,2,2025-04-16_21h36.48.801,CLTandFLE,2024.1.5,MacIntel,59.88023952,608c3c5e1cf6e05149f36b6a,67ffc4c40efe1bd1090b10ee,680004be79168b500078fcc9,,,,,,,,,,,,,,,,,,,,,,,,,,,,,,,,,,,,,,,,,,,683.0976,695.9457,12.8479,1,0,399.5978,-0.191804549,-0.04352783,0,0,0,0,20,20,9,1,a,The patient has taken Batatrim,The patient has overcome the crisis,,,,,,,,,,,,,,,,,,,,,,,,,,,,,,,,,,,,,,,,,,,,,,,,,,,,,,,,,,,,,,,,,,,,,,,,,,,,,,,,,,,,,,
,,,,,,,,[(%PROLIFIC_PID,2,2025-04-16_21h36.48.801,CLTandFLE,2024.1.5,MacIntel,59.88023952,608c3c5e1cf6e05149f36b6a,67ffc4c40efe1bd1090b10ee,680004be79168b500078fcc9,,,,,,,,,,,,,,,,,,,,,,,,,,,,,,,,,,,,,,,,,,,695.946,754.7465,58.8005,1,0,458.3983,-0.191804549,-0.04352783,0,0,0,0,21,21,34,1,c,The patient has not taken Batatrim,The patient has overcome the crisis,,,,,,,,,,,,,,,,,,,,,,,,,,,,,,,,,,,,,,,,,,,,,,,,,,,,,,,,,,,,,,,,,,,,,,,,,,,,,,,,,,,,,,
,,,,,,,,[(%PROLIFIC_PID,2,2025-04-16_21h36.48.801,CLTandFLE,2024.1.5,MacIntel,59.88023952,608c3c5e1cf6e05149f36b6a,67ffc4c40efe1bd1090b10ee,680004be79168b500078fcc9,,,,,,,,,,,,,,,,,,,,,,,,,,,,,,,,,,,,,,,,,,,754.7468,808.462,53.7151,1,0,512.1134,-0.170665488,-0.056013944,0,0,0,0,22,22,10,1,a,The patient has taken Batatrim,The patient has overcome the crisis,,,,,,,,,,,,,,,,,,,,,,,,,,,,,,,,,,,,,,,,,,,,,,,,,,,,,,,,,,,,,,,,,,,,,,,,,,,,,,,,,,,,,,
,,,,,,,,[(%PROLIFIC_PID,2,2025-04-16_21h36.48.801,CLTandFLE,2024.1.5,MacIntel,59.88023952,608c3c5e1cf6e05149f36b6a,67ffc4c40efe1bd1090b10ee,680004be79168b500078fcc9,,,,,,,,,,,,,,,,,,,,,,,,,,,,,,,,,,,,,,,,,,,808.4624,820.2626,11.8001,1,0,523.9135,0.196913003,-0.048234331,0,0,0,0,23,23,39,1,d,The patient has not taken Batatrim,The patient has not overcome the crisis,,,,,,,,,,,,,,,,,,,,,,,,,,,,,,,,,,,,,,,,,,,,,,,,,,,,,,,,,,,,,,,,,,,,,,,,,,,,,,,,,,,,,,
,,,,,,,,[(%PROLIFIC_PID,2,2025-04-16_21h36.48.801,CLTandFLE,2024.1.5,MacIntel,59.88023952,608c3c5e1cf6e05149f36b6a,67ffc4c40efe1bd1090b10ee,680004be79168b500078fcc9,,,,,,,,,,,,,,,,,,,,,,,,,,,,,,,,,,,,,,,,,,,820.2628,826.1121,5.8492,1,0,529.7627,-0.215041072,-0.038335331,0,0,0,0,24,24,1,1,a,The patient has taken Batatrim,The patient has overcome the crisis,,,,,,,,,,,,,,,,,,,,,,,,,,,,,,,,,,,,,,,,,,,,,,,,,,,,,,,,,,,,,,,,,,,,,,,,,,,,,,,,,,,,,,
,,,,,,,,[(%PROLIFIC_PID,2,2025-04-16_21h36.48.801,CLTandFLE,2024.1.5,MacIntel,59.88023952,608c3c5e1cf6e05149f36b6a,67ffc4c40efe1bd1090b10ee,680004be79168b500078fcc9,,,,,,,,,,,,,,,,,,,,,,,,,,,,,,,,,,,,,,,,,,,826.1123,851.7287,25.6163,1,0,555.379,0.237027888,-0.108523591,0,0,0,0,25,25,4,1,a,The patient has taken Batatrim,The patient has overcome the crisis,,,,,,,,,,,,,,,,,,,,,,,,,,,,,,,,,,,,,,,,,,,,,,,,,,,,,,,,,,,,,,,,,,,,,,,,,,,,,,,,,,,,,,
,,,,,,,,[(%PROLIFIC_PID,2,2025-04-16_21h36.48.801,CLTandFLE,2024.1.5,MacIntel,59.88023952,608c3c5e1cf6e05149f36b6a,67ffc4c40efe1bd1090b10ee,680004be79168b500078fcc9,,,,,,,,,,,,,,,,,,,,,,,,,,,,,,,,,,,,,,,,,,,851.7289,857.4962,5.7672,1,0,561.1462,-0.176011459,-0.038759208,0,0,0,0,26,26,11,1,a,The patient has taken Batatrim,The patient has overcome the crisis,,,,,,,,,,,,,,,,,,,,,,,,,,,,,,,,,,,,,,,,,,,,,,,,,,,,,,,,,,,,,,,,,,,,,,,,,,,,,,,,,,,,,,
,,,,,,,,[(%PROLIFIC_PID,2,2025-04-16_21h36.48.801,CLTandFLE,2024.1.5,MacIntel,59.88023952,608c3c5e1cf6e05149f36b6a,67ffc4c40efe1bd1090b10ee,680004be79168b500078fcc9,,,,,,,,,,,,,,,,,,,,,,,,,,,,,,,,,,,,,,,,,,,857.4964,863.4286,5.9321,0,1,567.0783,0.148514236,-0.026470416,0,0,0,0,27,27,20,1,c,The patient has not taken Batatrim,The patient has overcome the crisis,,,,,,,,,,,,,,,,,,,,,,,,,,,,,,,,,,,,,,,,,,,,,,,,,,,,,,,,,,,,,,,,,,,,,,,,,,,,,,,,,,,,,,
,,,,,,,,[(%PROLIFIC_PID,2,2025-04-16_21h36.48.801,CLTandFLE,2024.1.5,MacIntel,59.88023952,608c3c5e1cf6e05149f36b6a,67ffc4c40efe1bd1090b10ee,680004be79168b500078fcc9,,,,,,,,,,,,,,,,,,,,,,,,,,,,,,,,,,,,,,,,,,,863.4289,1014.4459,151.0168,1,0,718.0951,-0.180221001,-0.027482606,0,0,0,0,28,28,27,1,c,The patient has not taken Batatrim,The patient has overcome the crisis,,,,,,,,,,,,,,,,,,,,,,,,,,,,,,,,,,,,,,,,,,,,,,,,,,,,,,,,,,,,,,,,,,,,,,,,,,,,,,,,,,,,,,
,,,,,,,,[(%PROLIFIC_PID,2,2025-04-16_21h36.48.801,CLTandFLE,2024.1.5,MacIntel,59.88023952,608c3c5e1cf6e05149f36b6a,67ffc4c40efe1bd1090b10ee,680004be79168b500078fcc9,,,,,,,,,,,,,,,,,,,,,,,,,,,,,,,,,,,,,,,,,,,1014.4462,1059.2957,44.8493,1,0,762.9444,-0.110745293,-0.024142744,0,0,0,0,29,29,6,1,a,The patient has taken Batatrim,The patient has overcome the crisis,,,,,,,,,,,,,,,,,,,,,,,,,,,,,,,,,,,,,,,,,,,,,,,,,,,,,,,,,,,,,,,,,,,,,,,,,,,,,,,,,,,,,,
,,,,,,,,[(%PROLIFIC_PID,2,2025-04-16_21h36.48.801,CLTandFLE,2024.1.5,MacIntel,59.88023952,608c3c5e1cf6e05149f36b6a,67ffc4c40efe1bd1090b10ee,680004be79168b500078fcc9,,,,,,,,,,,,,,,,,,,,,,,,,,,,,,,,,,,,,,,,,,,1059.296,1064.8788,5.5828,1,0,768.5272,-0.168388973,-0.038660547,0,0,0,0,30,30,36,1,d,The patient has not taken Batatrim,The patient has not overcome the crisis,,,,,,,,,,,,,,,,,,,,,,,,,,,,,,,,,,,,,,,,,,,,,,,,,,,,,,,,,,,,,,,,,,,,,,,,,,,,,,,,,,,,,,
,,,,,,,,[(%PROLIFIC_PID,2,2025-04-16_21h36.48.801,CLTandFLE,2024.1.5,MacIntel,59.88023952,608c3c5e1cf6e05149f36b6a,67ffc4c40efe1bd1090b10ee,680004be79168b500078fcc9,,,,,,,,,,,,,,,,,,,,,,,,,,,,,,,,,,,,,,,,,,,1064.8791,1070.1956,5.3164,1,0,773.8436,-0.167574105,-0.057866581,0,0,0,0,31,31,0,1,a,The patient has taken Batatrim,The patient has overcome the crisis,,,,,,,,,,,,,,,,,,,,,,,,,,,,,,,,,,,,,,,,,,,,,,,,,,,,,,,,,,,,,,,,,,,,,,,,,,,,,,,,,,,,,,
,,,,,,,,[(%PROLIFIC_PID,2,2025-04-16_21h36.48.801,CLTandFLE,2024.1.5,MacIntel,59.88023952,608c3c5e1cf6e05149f36b6a,67ffc4c40efe1bd1090b10ee,680004be79168b500078fcc9,,,,,,,,,,,,,,,,,,,,,,,,,,,,,,,,,,,,,,,,,,,1070.1959,1074.5622,4.3662,1,0,778.2098,-0.142989213,-0.040071036,0,0,0,0,32,32,37,1,d,The patient has not taken Batatrim,The patient has not overcome the crisis,,,,,,,,,,,,,,,,,,,,,,,,,,,,,,,,,,,,,,,,,,,,,,,,,,,,,,,,,,,,,,,,,,,,,,,,,,,,,,,,,,,,,,
,,,,,,,,[(%PROLIFIC_PID,2,2025-04-16_21h36.48.801,CLTandFLE,2024.1.5,MacIntel,59.88023952,608c3c5e1cf6e05149f36b6a,67ffc4c40efe1bd1090b10ee,680004be79168b500078fcc9,,,,,,,,,,,,,,,,,,,,,,,,,,,,,,,,,,,,,,,,,,,1074.5624,1079.8455,5.283,1,0,783.4928,-0.174374415,-0.025977111,0,0,0,0,33,33,31,1,c,The patient has not taken Batatrim,The patient has overcome the crisis,,,,,,,,,,,,,,,,,,,,,,,,,,,,,,,,,,,,,,,,,,,,,,,,,,,,,,,,,,,,,,,,,,,,,,,,,,,,,,,,,,,,,,
,,,,,,,,[(%PROLIFIC_PID,2,2025-04-16_21h36.48.801,CLTandFLE,2024.1.5,MacIntel,59.88023952,608c3c5e1cf6e05149f36b6a,67ffc4c40efe1bd1090b10ee,680004be79168b500078fcc9,,,,,,,,,,,,,,,,,,,,,,,,,,,,,,,,,,,,,,,,,,,1079.8457,1123.1287,43.2829,1,0,826.7757,-0.157865119,-0.02887117,0,0,0,0,34,34,7,1,a,The patient has taken Batatrim,The patient has overcome the crisis,,,,,,,,,,,,,,,,,,,,,,,,,,,,,,,,,,,,,,,,,,,,,,,,,,,,,,,,,,,,,,,,,,,,,,,,,,,,,,,,,,,,,,
,,,,,,,,[(%PROLIFIC_PID,2,2025-04-16_21h36.48.801,CLTandFLE,2024.1.5,MacIntel,59.88023952,608c3c5e1cf6e05149f36b6a,67ffc4c40efe1bd1090b10ee,680004be79168b500078fcc9,,,,,,,,,,,,,,,,,,,,,,,,,,,,,,,,,,,,,,,,,,,1123.129,1136.1279,12.9988,1,0,839.7745,0.677926216,-0.496499357,0,0,0,0,35,35,21,1,c,The patient has not taken Batatrim,The patient has overcome the crisis,,,,,,,,,,,,,,,,,,,,,,,,,,,,,,,,,,,,,,,,,,,,,,,,,,,,,,,,,,,,,,,,,,,,,,,,,,,,,,,,,,,,,,
,,,,,,,,[(%PROLIFIC_PID,2,2025-04-16_21h36.48.801,CLTandFLE,2024.1.5,MacIntel,59.88023952,608c3c5e1cf6e05149f36b6a,67ffc4c40efe1bd1090b10ee,680004be79168b500078fcc9,,,,,,,,,,,,,,,,,,,,,,,,,,,,,,,,,,,,,,,,,,,1136.1282,1145.9786,9.8503,1,0,849.6248,-0.164387716,-0.026587348,0,0,0,0,36,36,28,1,c,The patient has not taken Batatrim,The patient has overcome the crisis,,,,,,,,,,,,,,,,,,,,,,,,,,,,,,,,,,,,,,,,,,,,,,,,,,,,,,,,,,,,,,,,,,,,,,,,,,,,,,,,,,,,,,
,,,,,,,,[(%PROLIFIC_PID,2,2025-04-16_21h36.48.801,CLTandFLE,2024.1.5,MacIntel,59.88023952,608c3c5e1cf6e05149f36b6a,67ffc4c40efe1bd1090b10ee,680004be79168b500078fcc9,,,,,,,,,,,,,,,,,,,,,,,,,,,,,,,,,,,,,,,,,,,1145.9789,1151.3453,5.3662,1,0,854.991,-0.151762746,-0.036775023,0,0,0,0,37,37,18,1,b,The patient has taken Batatrim,The patient has not overcome the crisis,,,,,,,,,,,,,,,,,,,,,,,,,,,,,,,,,,,,,,,,,,,,,,,,,,,,,,,,,,,,,,,,,,,,,,,,,,,,,,,,,,,,,,
,,,,,,,,[(%PROLIFIC_PID,2,2025-04-16_21h36.48.801,CLTandFLE,2024.1.5,MacIntel,59.88023952,608c3c5e1cf6e05149f36b6a,67ffc4c40efe1bd1090b10ee,680004be79168b500078fcc9,,,,,,,,,,,,,,,,,,,,,,,,,,,,,,,,,,,,,,,,,,,1151.3456,1214.8952,63.5494,1,0,918.5404,-0.186169902,-0.004633419,0,0,0,0,38,38,2,1,a,The patient has taken Batatrim,The patient has overcome the crisis,,,,,,,,,,,,,,,,,,,,,,,,,,,,,,,,,,,,,,,,,,,,,,,,,,,,,,,,,,,,,,,,,,,,,,,,,,,,,,,,,,,,,,
,,,,,,,,[(%PROLIFIC_PID,2,2025-04-16_21h36.48.801,CLTandFLE,2024.1.5,MacIntel,59.88023952,608c3c5e1cf6e05149f36b6a,67ffc4c40efe1bd1090b10ee,680004be79168b500078fcc9,,,,,,,,,,,,,,,,,,,,,,,,,,,,,,,,,,,,,,,,,,,1214.8955,1221.3117,6.4161,1,0,924.9565,-0.14756782,-0.036131899,0,0,0,0,39,39,13,1,a,The patient has taken Batatrim,The patient has overcome the crisis,,,,,,,,,,,,,,,,,,,,,,,,,,,,,,,,,,,,,,,,,,,,,,,,,,,,,,,,,,,,,,,,,,,,,,,,,,,,,,,,,,,,,,
,,,,,,,,[(%PROLIFIC_PID,2,2025-04-16_21h36.48.801,CLTandFLE,2024.1.5,MacIntel,59.88023952,608c3c5e1cf6e05149f36b6a,67ffc4c40efe1bd1090b10ee,680004be79168b500078fcc9,,1240.245,1241.2453,,,,,,,,,,,,,,,,,,,,,,,,,,,,,,,,,,,,,,,,,,,,,,,,,,,,,,,,,,,1222.3124,1232.6125,10.2994,51,8.9705,0.010691943,-0.22139558,1,0,0,1233.6123,1240.2449,6.6318,80,5.6643,-0.045398737,-0.222959542,1,0,0,6,10,4,2,0,0,0,0,1,,,,,,,,,,,,,,,,,,,,,,,,,,,,,,,,,,,,,,,,,,,,,,,,,,,,,,,,,
,,,,,,,,[(%PROLIFIC_PID,2,2025-04-16_21h36.48.801,CLTandFLE,2024.1.5,MacIntel,59.88023952,608c3c5e1cf6e05149f36b6a,67ffc4c40efe1bd1090b10ee,680004be79168b500078fcc9,,1361.9393,1362.9273,,,,,,,,,,,,,,,,,,,,,,,,,,,,,,,,,,,,,,,,,,,,,,,,,,,,,,,,,,,,,,,,,,,,,,,,,,,,,,,,,,,,,,,,1269.2116,1272.6286,3.4166,2,2.707,0.010326532,-0.203833899,1,0,0,31,Maschio,No,16,No,TRUE,FALSE,12,9,9,9,10,FALSE,Conferma,c1ok,c2ok,c3ok,c4ok,c5ok,c6ok,c7ok,c8ok,c9ok,c10ok,c11ok,c12err,c13ok,c14ok,c15ok,c16ok,c17ok,c18ok,c19err2,c20err3,c21err2,c22ok,c23ok,c24err3,c25ok,c26ok,1594.3854,1601.2109,0,0,0,0,1
