﻿Alfa.started,Alfa.stopped,alfa_mouse.x,alfa_mouse.y,alfa_mouse.leftButton,alfa_mouse.midButton,alfa_mouse.rightButton,alfa_mouse.clicked_name,participant,group,date,expName,psychopyVersion,OS,frameRate,PROLIFIC_PID,STUDY_ID,SESSION_ID,)],ITI.started,ITI.stopped,B_consensoinformato.started,B_consensoinformato.stopped,tempo_consenso,cons_mouse.x,cons_mouse.y,cons_mouse.leftButton,cons_mouse.midButton,cons_mouse.rightButton,A_benvenuto.started,A_benvenuto.stopped,ben_mouse.x,ben_mouse.y,ben_mouse.leftButton,ben_mouse.midButton,ben_mouse.rightButton,B2_istruzioni.started,B2_istruzioni.stopped,tempo_istru,cons_mouse_2.x,cons_mouse_2.y,cons_mouse_2.leftButton,cons_mouse_2.midButton,cons_mouse_2.rightButton,SAMevaluation.started,SAMevaluation.stopped,temposam,sliderintensity.response,sliderintensity.rt,slidervalence.response,slidervalence.rt,mouse_sam.x,mouse_sam.y,mouse_sam.leftButton,mouse_sam.midButton,mouse_sam.rightButton,mouse_sam.time,mouse_sam.clicked_name,Loading.started,Loading.stopped,C_associative_task.started,C_associative_task.stopped,tempo_trial,hapremutosi,hapremutono,tempo_tasktot,mouse.x,mouse.y,mouse.leftButton,mouse.midButton,mouse.rightButton,trials.thisRepN,trials.thisTrialN,trials.thisN,trials.thisIndex,trials.ran,cond,causa,effetto,D_VD.started,D_VD.stopped,tempo_vd,vd.response,vd.rt,mouse_vd.x,mouse_vd.y,mouse_vd.leftButton,mouse_vd.midButton,mouse_vd.rightButton,Previous.started,Previous.stopped,tempo_vd1,previous.response,previous.rt,mouse_vd_2.x,mouse_vd_2.y,mouse_vd_2.leftButton,mouse_vd_2.midButton,mouse_vd_2.rightButton,EstENG.TrialSN,EstENG.TrialSS,EstENG.TrialNN,EstENG.TrialNS,ingesta.thisRepN,ingesta.thisTrialN,ingesta.thisN,ingesta.thisIndex,ingesta.ran,PF.started,PF.stopped,tempo_pf,processfluency.response,processfluency.rt,mouse_ch.x,mouse_ch.y,mouse_ch.leftButton,mouse_ch.midButton,mouse_ch.rightButton,Questionario_Lingua.Age,Questionario_Lingua.Sesso,Questionario_Lingua.StaiStudiando?,Questionario_Lingua.Anniscolarita,Questionario_Lingua.Diploma,Questionario_Lingua.Punteggiodiploma,Questionario_Lingua.ItaMADRE?,Questionario_Lingua.INGmadre?,Questionario_Lingua.Q5(AOAIng),Questionario_Lingua.INGLETTURA,Questionario_Lingua.INGCOMPRESO,Questionario_Lingua.INGSCRITTO,Questionario_Lingua.INGPARLATO,Questionario_Lingua.haivissutoestero,ProvaInglese.ProcediamoENg,ProvaInglese.C1,ProvaInglese.C2,ProvaInglese.C3,ProvaInglese.C4,ProvaInglese.C5,ProvaInglese.C6,ProvaInglese.C7,ProvaInglese.C8,ProvaInglese.C9,ProvaInglese.C10,ProvaInglese.C11,ProvaInglese.C12,ProvaInglese.C13,ProvaInglese.C14,ProvaInglese.C15,ProvaInglese.C16,ProvaInglese.C17,ProvaInglese.C18,ProvaInglese.C19,ProvaInglese.C20,ProvaInglese.C21,ProvaInglese.C22,ProvaInglese.C23,ProvaInglese.C24,ProvaInglese.C25,ProvaInglese.controlquestion,Ant_lastquestion.started,Ant_lastquestion.stopped,exp_loop.thisRepN,exp_loop.thisTrialN,exp_loop.thisN,exp_loop.thisIndex,exp_loop.ran
0.0002,6.2466,0.040740755,-0.001851859,1,0,0,alfa_mask,[(%PROLIFIC_PID,2,2025-04-16_22h09.57.836,CLTandFLE,2024.1.5,Win32,60.24096386,60b7959cedd10f9211decf60,67ffc4c40efe1bd1090b10ee,68000e8c52e2d78b0acafce7,,,,,,,,,,,,,,,,,,,,,,,,,,,,,,,,,,,,,,,,,,,,,,,,,,,,,,,,,,,,,,,,,,,,,,,,,,,,,,,,,,,,,,,,,,,,,,,,,,,,,,,,,,,,,,,,,,,,,,,,,,,,,,,,,,,,,,,,,,,,,,,,,,,,
,,,,,,,,[(%PROLIFIC_PID,2,2025-04-16_22h09.57.836,CLTandFLE,2024.1.5,Win32,60.24096386,60b7959cedd10f9211decf60,67ffc4c40efe1bd1090b10ee,68000e8c52e2d78b0acafce7,,6.2469,7.2392,,,,,,,,,,,,,,,,,,,,,,,,,,,,,,,,,,,,,,,,,,,,,,,,,,,,,,,,,,,,,,,,,,,,,,,,,,,,,,,,,,,,,,,,,,,,,,,,,,,,,,,,,,,,,,,,,,,,,,,,,,,,,,,,,,,,,,,,,,,,,,,,,
,,,,,,,,[(%PROLIFIC_PID,2,2025-04-16_22h09.57.836,CLTandFLE,2024.1.5,Win32,60.24096386,60b7959cedd10f9211decf60,67ffc4c40efe1bd1090b10ee,68000e8c52e2d78b0acafce7,,,,7.2396,19.8273,12.5871,0.233333376,-0.390740783,1,0,0,,,,,,,,,,,,,,,,,,,,,,,,,,,,,,,,,,,,,,,,,,,,,,,,,,,,,,,,,,,,,,,,,,,,,,,,,,,,,,,,,,,,,,,,,,,,,,,,,,,,,,,,,,,,,,,,,,,,,,,,,,,,,,,,,,,,,,,,,
,,,,,,,,[(%PROLIFIC_PID,2,2025-04-16_22h09.57.836,CLTandFLE,2024.1.5,Win32,60.24096386,60b7959cedd10f9211decf60,67ffc4c40efe1bd1090b10ee,68000e8c52e2d78b0acafce7,,90.3618,91.3612,,,,,,,,,20.8238,23.3136,0.029629672,-0.10555557,1,0,0,24.3082,68.368,44.0592,0.012037065,-0.419444473,1,0,0,69.3645,82.3608,12.996,0.606481534,7.1358,0.502314868,5.6581,"[0.009259259259259259,0,0.03888893127441406]","[0.19722221515796803,-0.022222236350730614,-0.23518519931369358]","[1,1,1]","[0,0,0]","[0,0,0]","[3.6230000000000047,6.489500000000007,12.989800000071526]","[""slidervalence"",""sliderintensity"",""rettoksam""]",83.3612,90.3617,91.3725,103.8624,12.4895,0,1,12.4895,0.044444473,-0.08425928,0,0,0,0,0,0,30,1,c,The patient has not taken Batatrim,The patient has overcome the crisis,,,,,,,,,,,,,,,,,,,,,,,,,,,,,,,,,,,,,,,,,,,,,,,,,,,,,,,,,,,,,,,,,,,,,,,,,,,,,,,,,,,,,,,
,,,,,,,,[(%PROLIFIC_PID,2,2025-04-16_22h09.57.836,CLTandFLE,2024.1.5,Win32,60.24096386,60b7959cedd10f9211decf60,67ffc4c40efe1bd1090b10ee,68000e8c52e2d78b0acafce7,,,,,,,,,,,,,,,,,,,,,,,,,,,,,,,,,,,,,,,,,,,103.8626,110.8127,6.95,1,0,19.4395,-0.02870369,-0.061111132,0,0,0,0,1,1,23,1,c,The patient has not taken Batatrim,The patient has overcome the crisis,,,,,,,,,,,,,,,,,,,,,,,,,,,,,,,,,,,,,,,,,,,,,,,,,,,,,,,,,,,,,,,,,,,,,,,,,,,,,,,,,,,,,,,
,,,,,,,,[(%PROLIFIC_PID,2,2025-04-16_22h09.57.836,CLTandFLE,2024.1.5,Win32,60.24096386,60b7959cedd10f9211decf60,67ffc4c40efe1bd1090b10ee,68000e8c52e2d78b0acafce7,,,,,,,,,,,,,,,,,,,,,,,,,,,,,,,,,,,,,,,,,,,110.8129,116.1797,5.3665,1,0,24.806,0.062037079,-0.071296303,0,0,0,0,2,2,20,1,c,The patient has not taken Batatrim,The patient has overcome the crisis,,,,,,,,,,,,,,,,,,,,,,,,,,,,,,,,,,,,,,,,,,,,,,,,,,,,,,,,,,,,,,,,,,,,,,,,,,,,,,,,,,,,,,,
,,,,,,,,[(%PROLIFIC_PID,2,2025-04-16_22h09.57.836,CLTandFLE,2024.1.5,Win32,60.24096386,60b7959cedd10f9211decf60,67ffc4c40efe1bd1090b10ee,68000e8c52e2d78b0acafce7,,,,,,,,,,,,,,,,,,,,,,,,,,,,,,,,,,,,,,,,,,,116.1801,120.9469,4.7666,1,0,29.5726,-0.016666624,-0.063888903,0,0,0,0,3,3,6,1,a,The patient has taken Batatrim,The patient has overcome the crisis,,,,,,,,,,,,,,,,,,,,,,,,,,,,,,,,,,,,,,,,,,,,,,,,,,,,,,,,,,,,,,,,,,,,,,,,,,,,,,,,,,,,,,,
,,,,,,,,[(%PROLIFIC_PID,2,2025-04-16_22h09.57.836,CLTandFLE,2024.1.5,Win32,60.24096386,60b7959cedd10f9211decf60,67ffc4c40efe1bd1090b10ee,68000e8c52e2d78b0acafce7,,,,,,,,,,,,,,,,,,,,,,,,,,,,,,,,,,,,,,,,,,,120.9472,125.7469,4.7995,1,0,34.3721,-0.01944443,-0.064814815,0,0,0,0,4,4,4,1,a,The patient has taken Batatrim,The patient has overcome the crisis,,,,,,,,,,,,,,,,,,,,,,,,,,,,,,,,,,,,,,,,,,,,,,,,,,,,,,,,,,,,,,,,,,,,,,,,,,,,,,,,,,,,,,,
,,,,,,,,[(%PROLIFIC_PID,2,2025-04-16_22h09.57.836,CLTandFLE,2024.1.5,Win32,60.24096386,60b7959cedd10f9211decf60,67ffc4c40efe1bd1090b10ee,68000e8c52e2d78b0acafce7,,,,,,,,,,,,,,,,,,,,,,,,,,,,,,,,,,,,,,,,,,,125.747,131.0806,5.3333,1,0,39.7054,-0.069444444,-0.050925926,0,0,0,0,5,5,38,1,d,The patient has not taken Batatrim,The patient has not overcome the crisis,,,,,,,,,,,,,,,,,,,,,,,,,,,,,,,,,,,,,,,,,,,,,,,,,,,,,,,,,,,,,,,,,,,,,,,,,,,,,,,,,,,,,,,
,,,,,,,,[(%PROLIFIC_PID,2,2025-04-16_22h09.57.836,CLTandFLE,2024.1.5,Win32,60.24096386,60b7959cedd10f9211decf60,67ffc4c40efe1bd1090b10ee,68000e8c52e2d78b0acafce7,,,,,,,,,,,,,,,,,,,,,,,,,,,,,,,,,,,,,,,,,,,131.0808,136.1314,5.0504,1,0,44.7558,0.025000042,-0.114814829,0,0,0,0,6,6,8,1,a,The patient has taken Batatrim,The patient has overcome the crisis,,,,,,,,,,,,,,,,,,,,,,,,,,,,,,,,,,,,,,,,,,,,,,,,,,,,,,,,,,,,,,,,,,,,,,,,,,,,,,,,,,,,,,,
,,,,,,,,[(%PROLIFIC_PID,2,2025-04-16_22h09.57.836,CLTandFLE,2024.1.5,Win32,60.24096386,60b7959cedd10f9211decf60,67ffc4c40efe1bd1090b10ee,68000e8c52e2d78b0acafce7,,,,,,,,,,,,,,,,,,,,,,,,,,,,,,,,,,,,,,,,,,,136.1317,142.8814,6.7496,1,0,51.5054,0.013888889,-0.083333333,0,0,0,0,7,7,21,1,c,The patient has not taken Batatrim,The patient has overcome the crisis,,,,,,,,,,,,,,,,,,,,,,,,,,,,,,,,,,,,,,,,,,,,,,,,,,,,,,,,,,,,,,,,,,,,,,,,,,,,,,,,,,,,,,,
,,,,,,,,[(%PROLIFIC_PID,2,2025-04-16_22h09.57.836,CLTandFLE,2024.1.5,Win32,60.24096386,60b7959cedd10f9211decf60,67ffc4c40efe1bd1090b10ee,68000e8c52e2d78b0acafce7,,,,,,,,,,,,,,,,,,,,,,,,,,,,,,,,,,,,,,,,,,,142.8818,147.8483,4.9664,0,1,56.4718,0.037962949,-0.047222243,0,0,0,0,8,8,34,1,c,The patient has not taken Batatrim,The patient has overcome the crisis,,,,,,,,,,,,,,,,,,,,,,,,,,,,,,,,,,,,,,,,,,,,,,,,,,,,,,,,,,,,,,,,,,,,,,,,,,,,,,,,,,,,,,,
,,,,,,,,[(%PROLIFIC_PID,2,2025-04-16_22h09.57.836,CLTandFLE,2024.1.5,Win32,60.24096386,60b7959cedd10f9211decf60,67ffc4c40efe1bd1090b10ee,68000e8c52e2d78b0acafce7,,,,,,,,,,,,,,,,,,,,,,,,,,,,,,,,,,,,,,,,,,,147.8486,153.4322,5.5835,0,1,62.0553,0.062037079,-0.051851873,0,0,0,0,9,9,26,1,c,The patient has not taken Batatrim,The patient has overcome the crisis,,,,,,,,,,,,,,,,,,,,,,,,,,,,,,,,,,,,,,,,,,,,,,,,,,,,,,,,,,,,,,,,,,,,,,,,,,,,,,,,,,,,,,,
,,,,,,,,[(%PROLIFIC_PID,2,2025-04-16_22h09.57.836,CLTandFLE,2024.1.5,Win32,60.24096386,60b7959cedd10f9211decf60,67ffc4c40efe1bd1090b10ee,68000e8c52e2d78b0acafce7,,,,,,,,,,,,,,,,,,,,,,,,,,,,,,,,,,,,,,,,,,,153.4325,157.699,4.2663,1,0,66.3216,-0.112962935,-0.070370392,0,0,0,0,10,10,16,1,b,The patient has taken Batatrim,The patient has not overcome the crisis,,,,,,,,,,,,,,,,,,,,,,,,,,,,,,,,,,,,,,,,,,,,,,,,,,,,,,,,,,,,,,,,,,,,,,,,,,,,,,,,,,,,,,,
,,,,,,,,[(%PROLIFIC_PID,2,2025-04-16_22h09.57.836,CLTandFLE,2024.1.5,Win32,60.24096386,60b7959cedd10f9211decf60,67ffc4c40efe1bd1090b10ee,68000e8c52e2d78b0acafce7,,,,,,,,,,,,,,,,,,,,,,,,,,,,,,,,,,,,,,,,,,,157.6993,163.9664,6.2669,1,0,72.5885,0.00462963,-0.070370392,0,0,0,0,11,11,22,1,c,The patient has not taken Batatrim,The patient has overcome the crisis,,,,,,,,,,,,,,,,,,,,,,,,,,,,,,,,,,,,,,,,,,,,,,,,,,,,,,,,,,,,,,,,,,,,,,,,,,,,,,,,,,,,,,,
,,,,,,,,[(%PROLIFIC_PID,2,2025-04-16_22h09.57.836,CLTandFLE,2024.1.5,Win32,60.24096386,60b7959cedd10f9211decf60,67ffc4c40efe1bd1090b10ee,68000e8c52e2d78b0acafce7,,,,,,,,,,,,,,,,,,,,,,,,,,,,,,,,,,,,,,,,,,,163.9666,168.3334,4.3666,1,0,76.9551,-0.062037009,-0.072222215,0,0,0,0,12,12,5,1,a,The patient has taken Batatrim,The patient has overcome the crisis,,,,,,,,,,,,,,,,,,,,,,,,,,,,,,,,,,,,,,,,,,,,,,,,,,,,,,,,,,,,,,,,,,,,,,,,,,,,,,,,,,,,,,,
,,,,,,,,[(%PROLIFIC_PID,2,2025-04-16_22h09.57.836,CLTandFLE,2024.1.5,Win32,60.24096386,60b7959cedd10f9211decf60,67ffc4c40efe1bd1090b10ee,68000e8c52e2d78b0acafce7,,,,,,,,,,,,,,,,,,,,,,,,,,,,,,,,,,,,,,,,,,,168.3336,172.4337,4.0999,1,0,81.055,-0.032407407,-0.095370399,0,0,0,0,13,13,7,1,a,The patient has taken Batatrim,The patient has overcome the crisis,,,,,,,,,,,,,,,,,,,,,,,,,,,,,,,,,,,,,,,,,,,,,,,,,,,,,,,,,,,,,,,,,,,,,,,,,,,,,,,,,,,,,,,
,,,,,,,,[(%PROLIFIC_PID,2,2025-04-16_22h09.57.836,CLTandFLE,2024.1.5,Win32,60.24096386,60b7959cedd10f9211decf60,67ffc4c40efe1bd1090b10ee,68000e8c52e2d78b0acafce7,,,,,,,,,,,,,,,,,,,,,,,,,,,,,,,,,,,,,,,,,,,172.4338,176.7336,4.2997,1,0,85.3547,-0.053703661,-0.092592593,0,0,0,0,14,14,25,1,c,The patient has not taken Batatrim,The patient has overcome the crisis,,,,,,,,,,,,,,,,,,,,,,,,,,,,,,,,,,,,,,,,,,,,,,,,,,,,,,,,,,,,,,,,,,,,,,,,,,,,,,,,,,,,,,,
,,,,,,,,[(%PROLIFIC_PID,2,2025-04-16_22h09.57.836,CLTandFLE,2024.1.5,Win32,60.24096386,60b7959cedd10f9211decf60,67ffc4c40efe1bd1090b10ee,68000e8c52e2d78b0acafce7,,,,,,,,,,,,,,,,,,,,,,,,,,,,,,,,,,,,,,,,,,,176.7338,180.9007,4.1667,1,0,89.5214,-0.025925884,-0.113888917,0,0,0,0,15,15,17,1,b,The patient has taken Batatrim,The patient has not overcome the crisis,,,,,,,,,,,,,,,,,,,,,,,,,,,,,,,,,,,,,,,,,,,,,,,,,,,,,,,,,,,,,,,,,,,,,,,,,,,,,,,,,,,,,,,
,,,,,,,,[(%PROLIFIC_PID,2,2025-04-16_22h09.57.836,CLTandFLE,2024.1.5,Win32,60.24096386,60b7959cedd10f9211decf60,67ffc4c40efe1bd1090b10ee,68000e8c52e2d78b0acafce7,,,,,,,,,,,,,,,,,,,,,,,,,,,,,,,,,,,,,,,,,,,180.9009,185.7509,4.8499,1,0,94.3713,0.018518519,-0.101851852,0,0,0,0,16,16,27,1,c,The patient has not taken Batatrim,The patient has overcome the crisis,,,,,,,,,,,,,,,,,,,,,,,,,,,,,,,,,,,,,,,,,,,,,,,,,,,,,,,,,,,,,,,,,,,,,,,,,,,,,,,,,,,,,,,
,,,,,,,,[(%PROLIFIC_PID,2,2025-04-16_22h09.57.836,CLTandFLE,2024.1.5,Win32,60.24096386,60b7959cedd10f9211decf60,67ffc4c40efe1bd1090b10ee,68000e8c52e2d78b0acafce7,,,,,,,,,,,,,,,,,,,,,,,,,,,,,,,,,,,,,,,,,,,185.7515,192.018,6.2664,1,0,100.6377,-0.165740755,-0.055555556,0,0,0,0,17,17,10,1,a,The patient has taken Batatrim,The patient has overcome the crisis,,,,,,,,,,,,,,,,,,,,,,,,,,,,,,,,,,,,,,,,,,,,,,,,,,,,,,,,,,,,,,,,,,,,,,,,,,,,,,,,,,,,,,,
,,,,,,,,[(%PROLIFIC_PID,2,2025-04-16_22h09.57.836,CLTandFLE,2024.1.5,Win32,60.24096386,60b7959cedd10f9211decf60,67ffc4c40efe1bd1090b10ee,68000e8c52e2d78b0acafce7,,,,,,,,,,,,,,,,,,,,,,,,,,,,,,,,,,,,,,,,,,,192.0182,196.302,4.2836,1,0,104.9213,-0.165740755,-0.055555556,0,0,0,0,18,18,33,1,c,The patient has not taken Batatrim,The patient has overcome the crisis,,,,,,,,,,,,,,,,,,,,,,,,,,,,,,,,,,,,,,,,,,,,,,,,,,,,,,,,,,,,,,,,,,,,,,,,,,,,,,,,,,,,,,,
,,,,,,,,[(%PROLIFIC_PID,2,2025-04-16_22h09.57.836,CLTandFLE,2024.1.5,Win32,60.24096386,60b7959cedd10f9211decf60,67ffc4c40efe1bd1090b10ee,68000e8c52e2d78b0acafce7,,,,,,,,,,,,,,,,,,,,,,,,,,,,,,,,,,,,,,,,,,,196.3025,200.5188,4.2162,1,0,109.1375,-0.165740755,-0.055555556,0,0,0,0,19,19,11,1,a,The patient has taken Batatrim,The patient has overcome the crisis,,,,,,,,,,,,,,,,,,,,,,,,,,,,,,,,,,,,,,,,,,,,,,,,,,,,,,,,,,,,,,,,,,,,,,,,,,,,,,,,,,,,,,,
,,,,,,,,[(%PROLIFIC_PID,2,2025-04-16_22h09.57.836,CLTandFLE,2024.1.5,Win32,60.24096386,60b7959cedd10f9211decf60,67ffc4c40efe1bd1090b10ee,68000e8c52e2d78b0acafce7,,,,,,,,,,,,,,,,,,,,,,,,,,,,,,,,,,,,,,,,,,,200.5194,204.8692,4.3497,1,0,113.4872,-0.165740755,-0.055555556,0,0,0,0,20,20,28,1,c,The patient has not taken Batatrim,The patient has overcome the crisis,,,,,,,,,,,,,,,,,,,,,,,,,,,,,,,,,,,,,,,,,,,,,,,,,,,,,,,,,,,,,,,,,,,,,,,,,,,,,,,,,,,,,,,
,,,,,,,,[(%PROLIFIC_PID,2,2025-04-16_22h09.57.836,CLTandFLE,2024.1.5,Win32,60.24096386,60b7959cedd10f9211decf60,67ffc4c40efe1bd1090b10ee,68000e8c52e2d78b0acafce7,,,,,,,,,,,,,,,,,,,,,,,,,,,,,,,,,,,,,,,,,,,204.8695,209.1861,4.3165,1,0,117.8037,-0.165740755,-0.055555556,0,0,0,0,21,21,14,1,b,The patient has taken Batatrim,The patient has overcome the crisis,,,,,,,,,,,,,,,,,,,,,,,,,,,,,,,,,,,,,,,,,,,,,,,,,,,,,,,,,,,,,,,,,,,,,,,,,,,,,,,,,,,,,,,
,,,,,,,,[(%PROLIFIC_PID,2,2025-04-16_22h09.57.836,CLTandFLE,2024.1.5,Win32,60.24096386,60b7959cedd10f9211decf60,67ffc4c40efe1bd1090b10ee,68000e8c52e2d78b0acafce7,,,,,,,,,,,,,,,,,,,,,,,,,,,,,,,,,,,,,,,,,,,209.1863,214.0367,4.8501,0,1,122.6538,-0.037962949,-0.024074095,0,0,0,0,22,22,32,1,c,The patient has not taken Batatrim,The patient has overcome the crisis,,,,,,,,,,,,,,,,,,,,,,,,,,,,,,,,,,,,,,,,,,,,,,,,,,,,,,,,,,,,,,,,,,,,,,,,,,,,,,,,,,,,,,,
,,,,,,,,[(%PROLIFIC_PID,2,2025-04-16_22h09.57.836,CLTandFLE,2024.1.5,Win32,60.24096386,60b7959cedd10f9211decf60,67ffc4c40efe1bd1090b10ee,68000e8c52e2d78b0acafce7,,,,,,,,,,,,,,,,,,,,,,,,,,,,,,,,,,,,,,,,,,,214.0368,218.6367,4.5999,1,0,127.2537,-0.005555541,-0.104629658,1,0,0,0,23,23,15,1,b,The patient has taken Batatrim,The patient has not overcome the crisis,,,,,,,,,,,,,,,,,,,,,,,,,,,,,,,,,,,,,,,,,,,,,,,,,,,,,,,,,,,,,,,,,,,,,,,,,,,,,,,,,,,,,,,
,,,,,,,,[(%PROLIFIC_PID,2,2025-04-16_22h09.57.836,CLTandFLE,2024.1.5,Win32,60.24096386,60b7959cedd10f9211decf60,67ffc4c40efe1bd1090b10ee,68000e8c52e2d78b0acafce7,,,,,,,,,,,,,,,,,,,,,,,,,,,,,,,,,,,,,,,,,,,218.637,224.3204,5.6832,1,0,132.9369,0.035185213,-0.070370392,0,0,0,0,24,24,19,1,b,The patient has taken Batatrim,The patient has not overcome the crisis,,,,,,,,,,,,,,,,,,,,,,,,,,,,,,,,,,,,,,,,,,,,,,,,,,,,,,,,,,,,,,,,,,,,,,,,,,,,,,,,,,,,,,,
,,,,,,,,[(%PROLIFIC_PID,2,2025-04-16_22h09.57.836,CLTandFLE,2024.1.5,Win32,60.24096386,60b7959cedd10f9211decf60,67ffc4c40efe1bd1090b10ee,68000e8c52e2d78b0acafce7,,,,,,,,,,,,,,,,,,,,,,,,,,,,,,,,,,,,,,,,,,,224.3208,230.4207,6.0998,0,1,139.0367,0.059259273,-0.126851894,0,0,0,0,25,25,31,1,c,The patient has not taken Batatrim,The patient has overcome the crisis,,,,,,,,,,,,,,,,,,,,,,,,,,,,,,,,,,,,,,,,,,,,,,,,,,,,,,,,,,,,,,,,,,,,,,,,,,,,,,,,,,,,,,,
,,,,,,,,[(%PROLIFIC_PID,2,2025-04-16_22h09.57.836,CLTandFLE,2024.1.5,Win32,60.24096386,60b7959cedd10f9211decf60,67ffc4c40efe1bd1090b10ee,68000e8c52e2d78b0acafce7,,,,,,,,,,,,,,,,,,,,,,,,,,,,,,,,,,,,,,,,,,,230.4209,235.0377,4.6167,1,0,143.6534,-0.108333305,-0.052777785,0,0,0,0,26,26,39,1,d,The patient has not taken Batatrim,The patient has not overcome the crisis,,,,,,,,,,,,,,,,,,,,,,,,,,,,,,,,,,,,,,,,,,,,,,,,,,,,,,,,,,,,,,,,,,,,,,,,,,,,,,,,,,,,,,,
,,,,,,,,[(%PROLIFIC_PID,2,2025-04-16_22h09.57.836,CLTandFLE,2024.1.5,Win32,60.24096386,60b7959cedd10f9211decf60,67ffc4c40efe1bd1090b10ee,68000e8c52e2d78b0acafce7,,,,,,,,,,,,,,,,,,,,,,,,,,,,,,,,,,,,,,,,,,,235.0379,239.9381,4.9,0,1,148.5534,0.053703732,-0.042592614,0,0,0,0,27,27,3,1,a,The patient has taken Batatrim,The patient has overcome the crisis,,,,,,,,,,,,,,,,,,,,,,,,,,,,,,,,,,,,,,,,,,,,,,,,,,,,,,,,,,,,,,,,,,,,,,,,,,,,,,,,,,,,,,,
,,,,,,,,[(%PROLIFIC_PID,2,2025-04-16_22h09.57.836,CLTandFLE,2024.1.5,Win32,60.24096386,60b7959cedd10f9211decf60,67ffc4c40efe1bd1090b10ee,68000e8c52e2d78b0acafce7,,,,,,,,,,,,,,,,,,,,,,,,,,,,,,,,,,,,,,,,,,,239.9384,245.3551,5.4166,1,0,153.97,-0.14444443,-0.033333355,0,0,0,0,28,28,0,1,a,The patient has taken Batatrim,The patient has overcome the crisis,,,,,,,,,,,,,,,,,,,,,,,,,,,,,,,,,,,,,,,,,,,,,,,,,,,,,,,,,,,,,,,,,,,,,,,,,,,,,,,,,,,,,,,
,,,,,,,,[(%PROLIFIC_PID,2,2025-04-16_22h09.57.836,CLTandFLE,2024.1.5,Win32,60.24096386,60b7959cedd10f9211decf60,67ffc4c40efe1bd1090b10ee,68000e8c52e2d78b0acafce7,,,,,,,,,,,,,,,,,,,,,,,,,,,,,,,,,,,,,,,,,,,245.3554,251.0055,5.6501,1,0,159.6201,-0.099074046,-0.011111118,0,0,0,0,29,29,37,1,d,The patient has not taken Batatrim,The patient has not overcome the crisis,,,,,,,,,,,,,,,,,,,,,,,,,,,,,,,,,,,,,,,,,,,,,,,,,,,,,,,,,,,,,,,,,,,,,,,,,,,,,,,,,,,,,,,
,,,,,,,,[(%PROLIFIC_PID,2,2025-04-16_22h09.57.836,CLTandFLE,2024.1.5,Win32,60.24096386,60b7959cedd10f9211decf60,67ffc4c40efe1bd1090b10ee,68000e8c52e2d78b0acafce7,,,,,,,,,,,,,,,,,,,,,,,,,,,,,,,,,,,,,,,,,,,251.0059,255.0725,4.0665,1,0,163.6866,-0.044444402,0.034259266,0,0,0,0,30,30,24,1,c,The patient has not taken Batatrim,The patient has overcome the crisis,,,,,,,,,,,,,,,,,,,,,,,,,,,,,,,,,,,,,,,,,,,,,,,,,,,,,,,,,,,,,,,,,,,,,,,,,,,,,,,,,,,,,,,
,,,,,,,,[(%PROLIFIC_PID,2,2025-04-16_22h09.57.836,CLTandFLE,2024.1.5,Win32,60.24096386,60b7959cedd10f9211decf60,67ffc4c40efe1bd1090b10ee,68000e8c52e2d78b0acafce7,,,,,,,,,,,,,,,,,,,,,,,,,,,,,,,,,,,,,,,,,,,255.0726,260.1229,5.05,1,0,168.7366,-0.204629616,-0.042592614,0,0,0,0,31,31,35,1,d,The patient has not taken Batatrim,The patient has not overcome the crisis,,,,,,,,,,,,,,,,,,,,,,,,,,,,,,,,,,,,,,,,,,,,,,,,,,,,,,,,,,,,,,,,,,,,,,,,,,,,,,,,,,,,,,,
,,,,,,,,[(%PROLIFIC_PID,2,2025-04-16_22h09.57.836,CLTandFLE,2024.1.5,Win32,60.24096386,60b7959cedd10f9211decf60,67ffc4c40efe1bd1090b10ee,68000e8c52e2d78b0acafce7,,,,,,,,,,,,,,,,,,,,,,,,,,,,,,,,,,,,,,,,,,,260.1232,265.6566,5.5333,1,0,174.2699,-0.189814815,-0.039814808,0,0,0,0,32,32,29,1,c,The patient has not taken Batatrim,The patient has overcome the crisis,,,,,,,,,,,,,,,,,,,,,,,,,,,,,,,,,,,,,,,,,,,,,,,,,,,,,,,,,,,,,,,,,,,,,,,,,,,,,,,,,,,,,,,
,,,,,,,,[(%PROLIFIC_PID,2,2025-04-16_22h09.57.836,CLTandFLE,2024.1.5,Win32,60.24096386,60b7959cedd10f9211decf60,67ffc4c40efe1bd1090b10ee,68000e8c52e2d78b0acafce7,,,,,,,,,,,,,,,,,,,,,,,,,,,,,,,,,,,,,,,,,,,265.6568,269.9234,4.2666,1,0,178.5365,-0.189814815,-0.039814808,0,0,0,0,33,33,36,1,d,The patient has not taken Batatrim,The patient has not overcome the crisis,,,,,,,,,,,,,,,,,,,,,,,,,,,,,,,,,,,,,,,,,,,,,,,,,,,,,,,,,,,,,,,,,,,,,,,,,,,,,,,,,,,,,,,
,,,,,,,,[(%PROLIFIC_PID,2,2025-04-16_22h09.57.836,CLTandFLE,2024.1.5,Win32,60.24096386,60b7959cedd10f9211decf60,67ffc4c40efe1bd1090b10ee,68000e8c52e2d78b0acafce7,,,,,,,,,,,,,,,,,,,,,,,,,,,,,,,,,,,,,,,,,,,269.9237,273.9238,4,1,0,182.5365,-0.189814815,-0.039814808,0,0,0,0,34,34,1,1,a,The patient has taken Batatrim,The patient has overcome the crisis,,,,,,,,,,,,,,,,,,,,,,,,,,,,,,,,,,,,,,,,,,,,,,,,,,,,,,,,,,,,,,,,,,,,,,,,,,,,,,,,,,,,,,,
,,,,,,,,[(%PROLIFIC_PID,2,2025-04-16_22h09.57.836,CLTandFLE,2024.1.5,Win32,60.24096386,60b7959cedd10f9211decf60,67ffc4c40efe1bd1090b10ee,68000e8c52e2d78b0acafce7,,,,,,,,,,,,,,,,,,,,,,,,,,,,,,,,,,,,,,,,,,,273.9241,277.931,4.0068,1,0,186.5433,-0.189814815,-0.039814808,0,0,0,0,35,35,2,1,a,The patient has taken Batatrim,The patient has overcome the crisis,,,,,,,,,,,,,,,,,,,,,,,,,,,,,,,,,,,,,,,,,,,,,,,,,,,,,,,,,,,,,,,,,,,,,,,,,,,,,,,,,,,,,,,
,,,,,,,,[(%PROLIFIC_PID,2,2025-04-16_22h09.57.836,CLTandFLE,2024.1.5,Win32,60.24096386,60b7959cedd10f9211decf60,67ffc4c40efe1bd1090b10ee,68000e8c52e2d78b0acafce7,,,,,,,,,,,,,,,,,,,,,,,,,,,,,,,,,,,,,,,,,,,277.9313,282.0474,4.1159,1,0,190.6592,-0.189814815,-0.039814808,0,0,0,0,36,36,9,1,a,The patient has taken Batatrim,The patient has overcome the crisis,,,,,,,,,,,,,,,,,,,,,,,,,,,,,,,,,,,,,,,,,,,,,,,,,,,,,,,,,,,,,,,,,,,,,,,,,,,,,,,,,,,,,,,
,,,,,,,,[(%PROLIFIC_PID,2,2025-04-16_22h09.57.836,CLTandFLE,2024.1.5,Win32,60.24096386,60b7959cedd10f9211decf60,67ffc4c40efe1bd1090b10ee,68000e8c52e2d78b0acafce7,,,,,,,,,,,,,,,,,,,,,,,,,,,,,,,,,,,,,,,,,,,282.0476,286.2974,4.2497,0,1,194.9089,-0.001851824,-0.018518519,0,0,0,0,37,37,13,1,a,The patient has taken Batatrim,The patient has overcome the crisis,,,,,,,,,,,,,,,,,,,,,,,,,,,,,,,,,,,,,,,,,,,,,,,,,,,,,,,,,,,,,,,,,,,,,,,,,,,,,,,,,,,,,,,
,,,,,,,,[(%PROLIFIC_PID,2,2025-04-16_22h09.57.836,CLTandFLE,2024.1.5,Win32,60.24096386,60b7959cedd10f9211decf60,67ffc4c40efe1bd1090b10ee,68000e8c52e2d78b0acafce7,,,,,,,,,,,,,,,,,,,,,,,,,,,,,,,,,,,,,,,,,,,286.2976,291.5331,5.2353,1,0,200.1442,0.008333347,-0.087037051,0,0,0,0,38,38,18,1,b,The patient has taken Batatrim,The patient has not overcome the crisis,,,,,,,,,,,,,,,,,,,,,,,,,,,,,,,,,,,,,,,,,,,,,,,,,,,,,,,,,,,,,,,,,,,,,,,,,,,,,,,,,,,,,,,
,,,,,,,,[(%PROLIFIC_PID,2,2025-04-16_22h09.57.836,CLTandFLE,2024.1.5,Win32,60.24096386,60b7959cedd10f9211decf60,67ffc4c40efe1bd1090b10ee,68000e8c52e2d78b0acafce7,,,,,,,,,,,,,,,,,,,,,,,,,,,,,,,,,,,,,,,,,,,291.5335,296.4819,4.9483,1,0,205.0925,0.156481496,-0.104629658,0,0,0,0,39,39,12,1,a,The patient has taken Batatrim,The patient has overcome the crisis,,,,,,,,,,,,,,,,,,,,,,,,,,,,,,,,,,,,,,,,,,,,,,,,,,,,,,,,,,,,,,,,,,,,,,,,,,,,,,,,,,,,,,,
,,,,,,,,[(%PROLIFIC_PID,2,2025-04-16_22h09.57.836,CLTandFLE,2024.1.5,Win32,60.24096386,60b7959cedd10f9211decf60,67ffc4c40efe1bd1090b10ee,68000e8c52e2d78b0acafce7,,329.3617,330.3642,,,,,,,,,,,,,,,,,,,,,,,,,,,,,,,,,,,,,,,,,,,,,,,,,,,,,,,,,,,297.4766,319.9658,22.489,10,21.5653,0.041666667,-0.174074102,1,0,0,320.9604,329.3617,8.4007,80,7.3395,0.015740783,-0.175000014,1,0,0,7,15,5,17,0,0,0,0,1,,,,,,,,,,,,,,,,,,,,,,,,,,,,,,,,,,,,,,,,,,,,,,,,,,,,,,,,,,
,,,,,,,,[(%PROLIFIC_PID,2,2025-04-16_22h09.57.836,CLTandFLE,2024.1.5,Win32,60.24096386,60b7959cedd10f9211decf60,67ffc4c40efe1bd1090b10ee,68000e8c52e2d78b0acafce7,,458.482,459.4705,,,,,,,,,,,,,,,,,,,,,,,,,,,,,,,,,,,,,,,,,,,,,,,,,,,,,,,,,,,,,,,,,,,,,,,,,,,,,,,,,,,,,,,,360.4966,368.7973,8.3003,1,7.3437,-0.035185143,-0.219444487,1,0,0,26,Maschio,Sì,19,"Sì, l'ho ottenuta più di due anni fa",C1 CEFR (7 - 8 IELTS),TRUE,FALSE,4,10,10,9,8,FALSE,Conferma,c1ok,c2ok,c3ok,c4ok,c5ok,c6ok,c7ok,c8ok,c9ok,c10ok,c11ok,c12err,c13ok,c14ok,c15ok,c16ok,c17ok,c18ok,c19ok,c20ok,c21ok,c22ok,c23ok,c24ok,c25ok,c26ok,636.6642,643.5006,0,0,0,0,1
