﻿Alfa.started,Alfa.stopped,alfa_mouse.x,alfa_mouse.y,alfa_mouse.leftButton,alfa_mouse.midButton,alfa_mouse.rightButton,alfa_mouse.clicked_name,participant,group,date,expName,psychopyVersion,OS,frameRate,PROLIFIC_PID,STUDY_ID,SESSION_ID,)],ITI.started,ITI.stopped,B_consensoinformato.started,B_consensoinformato.stopped,tempo_consenso,cons_mouse.x,cons_mouse.y,cons_mouse.leftButton,cons_mouse.midButton,cons_mouse.rightButton,A_benvenuto.started,A_benvenuto.stopped,ben_mouse.x,ben_mouse.y,ben_mouse.leftButton,ben_mouse.midButton,ben_mouse.rightButton,B2_istruzioni.started,B2_istruzioni.stopped,tempo_istru,cons_mouse_2.x,cons_mouse_2.y,cons_mouse_2.leftButton,cons_mouse_2.midButton,cons_mouse_2.rightButton,SAMevaluation.started,SAMevaluation.stopped,temposam,sliderintensity.response,sliderintensity.rt,slidervalence.response,slidervalence.rt,mouse_sam.x,mouse_sam.y,mouse_sam.leftButton,mouse_sam.midButton,mouse_sam.rightButton,mouse_sam.time,mouse_sam.clicked_name,Loading.started,Loading.stopped,C_associative_task.started,C_associative_task.stopped,tempo_trial,hapremutosi,hapremutono,tempo_tasktot,mouse.x,mouse.y,mouse.leftButton,mouse.midButton,mouse.rightButton,trials.thisRepN,trials.thisTrialN,trials.thisN,trials.thisIndex,trials.ran,cond,causa,effetto,D_VD.started,D_VD.stopped,tempo_vd,vd.response,vd.rt,mouse_vd.x,mouse_vd.y,mouse_vd.leftButton,mouse_vd.midButton,mouse_vd.rightButton,Previous.started,Previous.stopped,tempo_vd1,previous.response,previous.rt,mouse_vd_2.x,mouse_vd_2.y,mouse_vd_2.leftButton,mouse_vd_2.midButton,mouse_vd_2.rightButton,EstENG.TrialNS,EstENG.TrialNN,EstENG.TrialSN,EstENG.TrialSS,ingesta.thisRepN,ingesta.thisTrialN,ingesta.thisN,ingesta.thisIndex,ingesta.ran,PF.started,PF.stopped,tempo_pf,processfluency.response,processfluency.rt,mouse_ch.x,mouse_ch.y,mouse_ch.leftButton,mouse_ch.midButton,mouse_ch.rightButton,Questionario_Lingua.Age,Questionario_Lingua.Sesso,Questionario_Lingua.StaiStudiando?,Questionario_Lingua.Anniscolarita,Questionario_Lingua.Diploma,Questionario_Lingua.ItaMADRE?,Questionario_Lingua.INGmadre?,Questionario_Lingua.Q5(AOAIng),Questionario_Lingua.INGLETTURA,Questionario_Lingua.INGCOMPRESO,Questionario_Lingua.INGSCRITTO,Questionario_Lingua.INGPARLATO,Questionario_Lingua.haivissutoestero,ProvaInglese.ProcediamoENg,ProvaInglese.C1,ProvaInglese.C2,ProvaInglese.C3,ProvaInglese.C4,ProvaInglese.C5,ProvaInglese.C6,ProvaInglese.C7,ProvaInglese.C8,ProvaInglese.C9,ProvaInglese.C10,ProvaInglese.C11,ProvaInglese.C12,ProvaInglese.C13,ProvaInglese.C14,ProvaInglese.C15,ProvaInglese.C16,ProvaInglese.C17,ProvaInglese.C18,ProvaInglese.C19,ProvaInglese.C20,ProvaInglese.C21,ProvaInglese.C22,ProvaInglese.C23,ProvaInglese.C24,ProvaInglese.C25,ProvaInglese.controlquestion,Ant_lastquestion.started,Ant_lastquestion.stopped,exp_loop.thisRepN,exp_loop.thisTrialN,exp_loop.thisN,exp_loop.thisIndex,exp_loop.ran
0,42.9911,-0.064814815,0.003703683,1,0,0,alfa_mask,[(%PROLIFIC_PID,2,2025-04-16_19h42.18.502,CLTandFLE,2024.1.5,Win32,59.17159763,5b226e6138fc0c0001313347,67ffc4c40efe1bd1090b10ee,67ffeb710eedc7ba07cafbfc,,,,,,,,,,,,,,,,,,,,,,,,,,,,,,,,,,,,,,,,,,,,,,,,,,,,,,,,,,,,,,,,,,,,,,,,,,,,,,,,,,,,,,,,,,,,,,,,,,,,,,,,,,,,,,,,,,,,,,,,,,,,,,,,,,,,,,,,,,,,,,,,,,,
,,,,,,,,[(%PROLIFIC_PID,2,2025-04-16_19h42.18.502,CLTandFLE,2024.1.5,Win32,59.17159763,5b226e6138fc0c0001313347,67ffc4c40efe1bd1090b10ee,67ffeb710eedc7ba07cafbfc,,42.9911,43.9909,,,,,,,,,,,,,,,,,,,,,,,,,,,,,,,,,,,,,,,,,,,,,,,,,,,,,,,,,,,,,,,,,,,,,,,,,,,,,,,,,,,,,,,,,,,,,,,,,,,,,,,,,,,,,,,,,,,,,,,,,,,,,,,,,,,,,,,,,,,,,,,,
,,,,,,,,[(%PROLIFIC_PID,2,2025-04-16_19h42.18.502,CLTandFLE,2024.1.5,Win32,59.17159763,5b226e6138fc0c0001313347,67ffc4c40efe1bd1090b10ee,67ffeb710eedc7ba07cafbfc,,,,43.9911,70.2152,26.2236,0.187962991,-0.400000042,1,0,0,,,,,,,,,,,,,,,,,,,,,,,,,,,,,,,,,,,,,,,,,,,,,,,,,,,,,,,,,,,,,,,,,,,,,,,,,,,,,,,,,,,,,,,,,,,,,,,,,,,,,,,,,,,,,,,,,,,,,,,,,,,,,,,,,,,,,,,,
,,,,,,,,[(%PROLIFIC_PID,2,2025-04-16_19h42.18.502,CLTandFLE,2024.1.5,Win32,59.17159763,5b226e6138fc0c0001313347,67ffc4c40efe1bd1090b10ee,67ffeb710eedc7ba07cafbfc,,270.4149,271.4138,,,,,,,,,71.2149,73.3973,0.027777778,-0.106481481,1,0,0,74.3982,212.8672,138.4684,-0.010185171,-0.401851866,1,0,0,213.8678,262.4172,48.5487,0.332175926,45.5791,0.140046314,17.7383,"[0.2296296578866464,0.0009259117974175347,-0.003703717832212095,-0.13425925925925927,0.005555541427047165]","[0.11851851145426433,0.19166667373092086,0.005555541427047165,0.19907407407407407,-0.22037039862738717]","[1,1,1,1,1]","[0,0,0,0,0]","[0,0,0,0,0]","[12.220300000190718,13.434899999618523,16.650699999809262,45.42400000000001,48.54030000019074]","[""sliderintensity"",""sliderintensity"",""rettoksam""]",263.4169,270.4148,271.4285,288.5146,17.0858,0,1,17.0858,0.199999986,-0.048148155,0,0,0,0,0,0,30,1,c,The patient has not taken Batatrim,The patient has overcome the crisis,,,,,,,,,,,,,,,,,,,,,,,,,,,,,,,,,,,,,,,,,,,,,,,,,,,,,,,,,,,,,,,,,,,,,,,,,,,,,,,,,,,,,,
,,,,,,,,[(%PROLIFIC_PID,2,2025-04-16_19h42.18.502,CLTandFLE,2024.1.5,Win32,59.17159763,5b226e6138fc0c0001313347,67ffc4c40efe1bd1090b10ee,67ffeb710eedc7ba07cafbfc,,,,,,,,,,,,,,,,,,,,,,,,,,,,,,,,,,,,,,,,,,,288.515,302.203,13.6878,1,0,30.7736,0.54814812,-0.187037079,0,0,0,0,1,1,12,1,a,The patient has taken Batatrim,The patient has overcome the crisis,,,,,,,,,,,,,,,,,,,,,,,,,,,,,,,,,,,,,,,,,,,,,,,,,,,,,,,,,,,,,,,,,,,,,,,,,,,,,,,,,,,,,,
,,,,,,,,[(%PROLIFIC_PID,2,2025-04-16_19h42.18.502,CLTandFLE,2024.1.5,Win32,59.17159763,5b226e6138fc0c0001313347,67ffc4c40efe1bd1090b10ee,67ffeb710eedc7ba07cafbfc,,,,,,,,,,,,,,,,,,,,,,,,,,,,,,,,,,,,,,,,,,,302.2032,316.4481,14.2447,1,0,45.0183,0.446296268,-0.18240745,0,0,0,0,2,2,3,1,a,The patient has taken Batatrim,The patient has overcome the crisis,,,,,,,,,,,,,,,,,,,,,,,,,,,,,,,,,,,,,,,,,,,,,,,,,,,,,,,,,,,,,,,,,,,,,,,,,,,,,,,,,,,,,,
,,,,,,,,[(%PROLIFIC_PID,2,2025-04-16_19h42.18.502,CLTandFLE,2024.1.5,Win32,59.17159763,5b226e6138fc0c0001313347,67ffc4c40efe1bd1090b10ee,67ffeb710eedc7ba07cafbfc,,,,,,,,,,,,,,,,,,,,,,,,,,,,,,,,,,,,,,,,,,,316.4482,333.3257,16.8774,0,1,61.8957,0.208333333,-0.045370384,0,0,0,0,3,3,28,1,c,The patient has not taken Batatrim,The patient has overcome the crisis,,,,,,,,,,,,,,,,,,,,,,,,,,,,,,,,,,,,,,,,,,,,,,,,,,,,,,,,,,,,,,,,,,,,,,,,,,,,,,,,,,,,,,
,,,,,,,,[(%PROLIFIC_PID,2,2025-04-16_19h42.18.502,CLTandFLE,2024.1.5,Win32,59.17159763,5b226e6138fc0c0001313347,67ffc4c40efe1bd1090b10ee,67ffeb710eedc7ba07cafbfc,,,,,,,,,,,,,,,,,,,,,,,,,,,,,,,,,,,,,,,,,,,333.3259,343.0389,9.713,1,0,71.6087,0.034259302,-0.130555541,0,0,0,0,4,4,17,1,b,The patient has taken Batatrim,The patient has not overcome the crisis,,,,,,,,,,,,,,,,,,,,,,,,,,,,,,,,,,,,,,,,,,,,,,,,,,,,,,,,,,,,,,,,,,,,,,,,,,,,,,,,,,,,,,
,,,,,,,,[(%PROLIFIC_PID,2,2025-04-16_19h42.18.502,CLTandFLE,2024.1.5,Win32,59.17159763,5b226e6138fc0c0001313347,67ffc4c40efe1bd1090b10ee,67ffeb710eedc7ba07cafbfc,,,,,,,,,,,,,,,,,,,,,,,,,,,,,,,,,,,,,,,,,,,343.0392,353.0023,9.963,1,0,81.5717,-0.079629616,-0.071296303,0,0,0,0,5,5,14,1,b,The patient has taken Batatrim,The patient has overcome the crisis,,,,,,,,,,,,,,,,,,,,,,,,,,,,,,,,,,,,,,,,,,,,,,,,,,,,,,,,,,,,,,,,,,,,,,,,,,,,,,,,,,,,,,
,,,,,,,,[(%PROLIFIC_PID,2,2025-04-16_19h42.18.502,CLTandFLE,2024.1.5,Win32,59.17159763,5b226e6138fc0c0001313347,67ffc4c40efe1bd1090b10ee,67ffeb710eedc7ba07cafbfc,,,,,,,,,,,,,,,,,,,,,,,,,,,,,,,,,,,,,,,,,,,353.0024,361.6497,8.647,0,1,90.2187,0.249074088,-0.051851873,0,0,0,0,6,6,20,1,c,The patient has not taken Batatrim,The patient has overcome the crisis,,,,,,,,,,,,,,,,,,,,,,,,,,,,,,,,,,,,,,,,,,,,,,,,,,,,,,,,,,,,,,,,,,,,,,,,,,,,,,,,,,,,,,
,,,,,,,,[(%PROLIFIC_PID,2,2025-04-16_19h42.18.502,CLTandFLE,2024.1.5,Win32,59.17159763,5b226e6138fc0c0001313347,67ffc4c40efe1bd1090b10ee,67ffeb710eedc7ba07cafbfc,,,,,,,,,,,,,,,,,,,,,,,,,,,,,,,,,,,,,,,,,,,361.65,369.3368,7.6867,0,1,97.9054,0.294444473,-0.095370399,0,0,0,0,7,7,31,1,c,The patient has not taken Batatrim,The patient has overcome the crisis,,,,,,,,,,,,,,,,,,,,,,,,,,,,,,,,,,,,,,,,,,,,,,,,,,,,,,,,,,,,,,,,,,,,,,,,,,,,,,,,,,,,,,
,,,,,,,,[(%PROLIFIC_PID,2,2025-04-16_19h42.18.502,CLTandFLE,2024.1.5,Win32,59.17159763,5b226e6138fc0c0001313347,67ffc4c40efe1bd1090b10ee,67ffeb710eedc7ba07cafbfc,,,,,,,,,,,,,,,,,,,,,,,,,,,,,,,,,,,,,,,,,,,369.3373,386.215,16.8775,0,1,114.7829,0.212962963,-0.047222243,0,0,0,0,8,8,29,1,c,The patient has not taken Batatrim,The patient has overcome the crisis,,,,,,,,,,,,,,,,,,,,,,,,,,,,,,,,,,,,,,,,,,,,,,,,,,,,,,,,,,,,,,,,,,,,,,,,,,,,,,,,,,,,,,
,,,,,,,,[(%PROLIFIC_PID,2,2025-04-16_19h42.18.502,CLTandFLE,2024.1.5,Win32,59.17159763,5b226e6138fc0c0001313347,67ffc4c40efe1bd1090b10ee,67ffeb710eedc7ba07cafbfc,,,,,,,,,,,,,,,,,,,,,,,,,,,,,,,,,,,,,,,,,,,386.2153,396.6455,10.43,0,1,125.2129,0.196296339,-0.034259266,0,0,0,0,9,9,39,1,d,The patient has not taken Batatrim,The patient has not overcome the crisis,,,,,,,,,,,,,,,,,,,,,,,,,,,,,,,,,,,,,,,,,,,,,,,,,,,,,,,,,,,,,,,,,,,,,,,,,,,,,,,,,,,,,,
,,,,,,,,[(%PROLIFIC_PID,2,2025-04-16_19h42.18.502,CLTandFLE,2024.1.5,Win32,59.17159763,5b226e6138fc0c0001313347,67ffc4c40efe1bd1090b10ee,67ffeb710eedc7ba07cafbfc,,,,,,,,,,,,,,,,,,,,,,,,,,,,,,,,,,,,,,,,,,,396.646,406.373,9.727,0,1,134.9399,0.202777792,-0.042592614,0,0,0,0,10,10,38,1,d,The patient has not taken Batatrim,The patient has not overcome the crisis,,,,,,,,,,,,,,,,,,,,,,,,,,,,,,,,,,,,,,,,,,,,,,,,,,,,,,,,,,,,,,,,,,,,,,,,,,,,,,,,,,,,,,
,,,,,,,,[(%PROLIFIC_PID,2,2025-04-16_19h42.18.502,CLTandFLE,2024.1.5,Win32,59.17159763,5b226e6138fc0c0001313347,67ffc4c40efe1bd1090b10ee,67ffeb710eedc7ba07cafbfc,,,,,,,,,,,,,,,,,,,,,,,,,,,,,,,,,,,,,,,,,,,406.3732,413.3566,6.983099999,1,0,141.923,0.250925912,-0.111111111,0,0,0,0,11,11,9,1,a,The patient has taken Batatrim,The patient has overcome the crisis,,,,,,,,,,,,,,,,,,,,,,,,,,,,,,,,,,,,,,,,,,,,,,,,,,,,,,,,,,,,,,,,,,,,,,,,,,,,,,,,,,,,,,
,,,,,,,,[(%PROLIFIC_PID,2,2025-04-16_19h42.18.502,CLTandFLE,2024.1.5,Win32,59.17159763,5b226e6138fc0c0001313347,67ffc4c40efe1bd1090b10ee,67ffeb710eedc7ba07cafbfc,,,,,,,,,,,,,,,,,,,,,,,,,,,,,,,,,,,,,,,,,,,413.357,423.5184,10.1614,1,0,152.0844,-0.061111097,-0.061111132,0,0,0,0,12,12,10,1,a,The patient has taken Batatrim,The patient has overcome the crisis,,,,,,,,,,,,,,,,,,,,,,,,,,,,,,,,,,,,,,,,,,,,,,,,,,,,,,,,,,,,,,,,,,,,,,,,,,,,,,,,,,,,,,
,,,,,,,,[(%PROLIFIC_PID,2,2025-04-16_19h42.18.502,CLTandFLE,2024.1.5,Win32,59.17159763,5b226e6138fc0c0001313347,67ffc4c40efe1bd1090b10ee,67ffeb710eedc7ba07cafbfc,,,,,,,,,,,,,,,,,,,,,,,,,,,,,,,,,,,,,,,,,,,423.5186,430.3323,6.8136,1,0,158.898,-0.209259245,-0.039814808,0,0,0,0,13,13,18,1,b,The patient has taken Batatrim,The patient has not overcome the crisis,,,,,,,,,,,,,,,,,,,,,,,,,,,,,,,,,,,,,,,,,,,,,,,,,,,,,,,,,,,,,,,,,,,,,,,,,,,,,,,,,,,,,,
,,,,,,,,[(%PROLIFIC_PID,2,2025-04-16_19h42.18.502,CLTandFLE,2024.1.5,Win32,59.17159763,5b226e6138fc0c0001313347,67ffc4c40efe1bd1090b10ee,67ffeb710eedc7ba07cafbfc,,,,,,,,,,,,,,,,,,,,,,,,,,,,,,,,,,,,,,,,,,,430.3325,442.8055,12.4729,1,0,171.3709,-0.189814815,-0.039814808,0,0,0,0,14,14,1,1,a,The patient has taken Batatrim,The patient has overcome the crisis,,,,,,,,,,,,,,,,,,,,,,,,,,,,,,,,,,,,,,,,,,,,,,,,,,,,,,,,,,,,,,,,,,,,,,,,,,,,,,,,,,,,,,
,,,,,,,,[(%PROLIFIC_PID,2,2025-04-16_19h42.18.502,CLTandFLE,2024.1.5,Win32,59.17159763,5b226e6138fc0c0001313347,67ffc4c40efe1bd1090b10ee,67ffeb710eedc7ba07cafbfc,,,,,,,,,,,,,,,,,,,,,,,,,,,,,,,,,,,,,,,,,,,442.8058,454.8179,12.0119,1,0,183.3828,-0.201851809,-0.050925926,0,0,0,0,15,15,11,1,a,The patient has taken Batatrim,The patient has overcome the crisis,,,,,,,,,,,,,,,,,,,,,,,,,,,,,,,,,,,,,,,,,,,,,,,,,,,,,,,,,,,,,,,,,,,,,,,,,,,,,,,,,,,,,,
,,,,,,,,[(%PROLIFIC_PID,2,2025-04-16_19h42.18.502,CLTandFLE,2024.1.5,Win32,59.17159763,5b226e6138fc0c0001313347,67ffc4c40efe1bd1090b10ee,67ffeb710eedc7ba07cafbfc,,,,,,,,,,,,,,,,,,,,,,,,,,,,,,,,,,,,,,,,,,,454.8184,463.8713,9.0524,1,0,192.4352,-0.199074074,-0.047222243,0,0,0,0,16,16,0,1,a,The patient has taken Batatrim,The patient has overcome the crisis,,,,,,,,,,,,,,,,,,,,,,,,,,,,,,,,,,,,,,,,,,,,,,,,,,,,,,,,,,,,,,,,,,,,,,,,,,,,,,,,,,,,,,
,,,,,,,,[(%PROLIFIC_PID,2,2025-04-16_19h42.18.502,CLTandFLE,2024.1.5,Win32,59.17159763,5b226e6138fc0c0001313347,67ffc4c40efe1bd1090b10ee,67ffeb710eedc7ba07cafbfc,,,,,,,,,,,,,,,,,,,,,,,,,,,,,,,,,,,,,,,,,,,463.8715,475.0012,11.1295,1,0,203.5647,-0.200925898,-0.046296296,0,0,0,0,17,17,5,1,a,The patient has taken Batatrim,The patient has overcome the crisis,,,,,,,,,,,,,,,,,,,,,,,,,,,,,,,,,,,,,,,,,,,,,,,,,,,,,,,,,,,,,,,,,,,,,,,,,,,,,,,,,,,,,,
,,,,,,,,[(%PROLIFIC_PID,2,2025-04-16_19h42.18.502,CLTandFLE,2024.1.5,Win32,59.17159763,5b226e6138fc0c0001313347,67ffc4c40efe1bd1090b10ee,67ffeb710eedc7ba07cafbfc,,,,,,,,,,,,,,,,,,,,,,,,,,,,,,,,,,,,,,,,,,,475.0013,488.5806,13.5792,1,0,217.1439,-0.201851809,-0.035185178,0,0,0,0,18,18,2,1,a,The patient has taken Batatrim,The patient has overcome the crisis,,,,,,,,,,,,,,,,,,,,,,,,,,,,,,,,,,,,,,,,,,,,,,,,,,,,,,,,,,,,,,,,,,,,,,,,,,,,,,,,,,,,,,
,,,,,,,,[(%PROLIFIC_PID,2,2025-04-16_19h42.18.502,CLTandFLE,2024.1.5,Win32,59.17159763,5b226e6138fc0c0001313347,67ffc4c40efe1bd1090b10ee,67ffeb710eedc7ba07cafbfc,,,,,,,,,,,,,,,,,,,,,,,,,,,,,,,,,,,,,,,,,,,488.581,498.2595,9.6784,1,0,226.8223,-0.191666638,-0.038888896,0,0,0,0,19,19,16,1,b,The patient has taken Batatrim,The patient has not overcome the crisis,,,,,,,,,,,,,,,,,,,,,,,,,,,,,,,,,,,,,,,,,,,,,,,,,,,,,,,,,,,,,,,,,,,,,,,,,,,,,,,,,,,,,,
,,,,,,,,[(%PROLIFIC_PID,2,2025-04-16_19h42.18.502,CLTandFLE,2024.1.5,Win32,59.17159763,5b226e6138fc0c0001313347,67ffc4c40efe1bd1090b10ee,67ffeb710eedc7ba07cafbfc,,,,,,,,,,,,,,,,,,,,,,,,,,,,,,,,,,,,,,,,,,,498.2596,511.172,12.9122,1,0,239.7345,-0.189814815,-0.047222243,0,0,0,0,20,20,8,1,a,The patient has taken Batatrim,The patient has overcome the crisis,,,,,,,,,,,,,,,,,,,,,,,,,,,,,,,,,,,,,,,,,,,,,,,,,,,,,,,,,,,,,,,,,,,,,,,,,,,,,,,,,,,,,,
,,,,,,,,[(%PROLIFIC_PID,2,2025-04-16_19h42.18.502,CLTandFLE,2024.1.5,Win32,59.17159763,5b226e6138fc0c0001313347,67ffc4c40efe1bd1090b10ee,67ffeb710eedc7ba07cafbfc,,,,,,,,,,,,,,,,,,,,,,,,,,,,,,,,,,,,,,,,,,,511.1722,519.3521,8.1798,0,1,247.9143,0.214814857,-0.050000014,0,0,0,0,21,21,23,1,c,The patient has not taken Batatrim,The patient has overcome the crisis,,,,,,,,,,,,,,,,,,,,,,,,,,,,,,,,,,,,,,,,,,,,,,,,,,,,,,,,,,,,,,,,,,,,,,,,,,,,,,,,,,,,,,
,,,,,,,,[(%PROLIFIC_PID,2,2025-04-16_19h42.18.502,CLTandFLE,2024.1.5,Win32,59.17159763,5b226e6138fc0c0001313347,67ffc4c40efe1bd1090b10ee,67ffeb710eedc7ba07cafbfc,,,,,,,,,,,,,,,,,,,,,,,,,,,,,,,,,,,,,,,,,,,519.3523,527.1003,7.7478,0,1,255.6621,0.191666709,-0.040740755,0,0,0,0,22,22,35,1,d,The patient has not taken Batatrim,The patient has not overcome the crisis,,,,,,,,,,,,,,,,,,,,,,,,,,,,,,,,,,,,,,,,,,,,,,,,,,,,,,,,,,,,,,,,,,,,,,,,,,,,,,,,,,,,,,
,,,,,,,,[(%PROLIFIC_PID,2,2025-04-16_19h42.18.502,CLTandFLE,2024.1.5,Win32,59.17159763,5b226e6138fc0c0001313347,67ffc4c40efe1bd1090b10ee,67ffeb710eedc7ba07cafbfc,,,,,,,,,,,,,,,,,,,,,,,,,,,,,,,,,,,,,,,,,,,527.1005,537.0237,9.923,1,0,265.5851,-0.208333333,-0.041666667,0,0,0,0,23,23,6,1,a,The patient has taken Batatrim,The patient has overcome the crisis,,,,,,,,,,,,,,,,,,,,,,,,,,,,,,,,,,,,,,,,,,,,,,,,,,,,,,,,,,,,,,,,,,,,,,,,,,,,,,,,,,,,,,
,,,,,,,,[(%PROLIFIC_PID,2,2025-04-16_19h42.18.502,CLTandFLE,2024.1.5,Win32,59.17159763,5b226e6138fc0c0001313347,67ffc4c40efe1bd1090b10ee,67ffeb710eedc7ba07cafbfc,,,,,,,,,,,,,,,,,,,,,,,,,,,,,,,,,,,,,,,,,,,537.024,545.2372,8.213099999,0,1,273.7982,0.215740769,-0.046296296,0,0,0,0,24,24,24,1,c,The patient has not taken Batatrim,The patient has overcome the crisis,,,,,,,,,,,,,,,,,,,,,,,,,,,,,,,,,,,,,,,,,,,,,,,,,,,,,,,,,,,,,,,,,,,,,,,,,,,,,,,,,,,,,,
,,,,,,,,[(%PROLIFIC_PID,2,2025-04-16_19h42.18.502,CLTandFLE,2024.1.5,Win32,59.17159763,5b226e6138fc0c0001313347,67ffc4c40efe1bd1090b10ee,67ffeb710eedc7ba07cafbfc,,,,,,,,,,,,,,,,,,,,,,,,,,,,,,,,,,,,,,,,,,,545.2374,555.6837,10.4462,0,1,284.2444,0.226851852,-0.048148155,0,0,0,0,25,25,32,1,c,The patient has not taken Batatrim,The patient has overcome the crisis,,,,,,,,,,,,,,,,,,,,,,,,,,,,,,,,,,,,,,,,,,,,,,,,,,,,,,,,,,,,,,,,,,,,,,,,,,,,,,,,,,,,,,
,,,,,,,,[(%PROLIFIC_PID,2,2025-04-16_19h42.18.502,CLTandFLE,2024.1.5,Win32,59.17159763,5b226e6138fc0c0001313347,67ffc4c40efe1bd1090b10ee,67ffeb710eedc7ba07cafbfc,,,,,,,,,,,,,,,,,,,,,,,,,,,,,,,,,,,,,,,,,,,555.684,562.1649,6.480799999,0,1,290.7252,0.216666681,-0.047222243,0,0,0,0,26,26,22,1,c,The patient has not taken Batatrim,The patient has overcome the crisis,,,,,,,,,,,,,,,,,,,,,,,,,,,,,,,,,,,,,,,,,,,,,,,,,,,,,,,,,,,,,,,,,,,,,,,,,,,,,,,,,,,,,,
,,,,,,,,[(%PROLIFIC_PID,2,2025-04-16_19h42.18.502,CLTandFLE,2024.1.5,Win32,59.17159763,5b226e6138fc0c0001313347,67ffc4c40efe1bd1090b10ee,67ffeb710eedc7ba07cafbfc,,,,,,,,,,,,,,,,,,,,,,,,,,,,,,,,,,,,,,,,,,,562.1651,569.5795,7.4143,0,1,298.1395,0.212962963,-0.046296296,0,0,0,0,27,27,33,1,c,The patient has not taken Batatrim,The patient has overcome the crisis,,,,,,,,,,,,,,,,,,,,,,,,,,,,,,,,,,,,,,,,,,,,,,,,,,,,,,,,,,,,,,,,,,,,,,,,,,,,,,,,,,,,,,
,,,,,,,,[(%PROLIFIC_PID,2,2025-04-16_19h42.18.502,CLTandFLE,2024.1.5,Win32,59.17159763,5b226e6138fc0c0001313347,67ffc4c40efe1bd1090b10ee,67ffeb710eedc7ba07cafbfc,,,,,,,,,,,,,,,,,,,,,,,,,,,,,,,,,,,,,,,,,,,569.5798,577.7601,8.1801,0,1,306.3196,0.209259245,-0.046296296,0,0,0,0,28,28,25,1,c,The patient has not taken Batatrim,The patient has overcome the crisis,,,,,,,,,,,,,,,,,,,,,,,,,,,,,,,,,,,,,,,,,,,,,,,,,,,,,,,,,,,,,,,,,,,,,,,,,,,,,,,,,,,,,,
,,,,,,,,[(%PROLIFIC_PID,2,2025-04-16_19h42.18.502,CLTandFLE,2024.1.5,Win32,59.17159763,5b226e6138fc0c0001313347,67ffc4c40efe1bd1090b10ee,67ffeb710eedc7ba07cafbfc,,,,,,,,,,,,,,,,,,,,,,,,,,,,,,,,,,,,,,,,,,,577.7604,585.0741,7.3135,1,0,313.6331,-0.196296268,-0.026851866,0,0,0,0,29,29,7,1,a,The patient has taken Batatrim,The patient has overcome the crisis,,,,,,,,,,,,,,,,,,,,,,,,,,,,,,,,,,,,,,,,,,,,,,,,,,,,,,,,,,,,,,,,,,,,,,,,,,,,,,,,,,,,,,
,,,,,,,,[(%PROLIFIC_PID,2,2025-04-16_19h42.18.502,CLTandFLE,2024.1.5,Win32,59.17159763,5b226e6138fc0c0001313347,67ffc4c40efe1bd1090b10ee,67ffeb710eedc7ba07cafbfc,,,,,,,,,,,,,,,,,,,,,,,,,,,,,,,,,,,,,,,,,,,585.0744,592.7713,7.6968,1,0,321.3299,-0.183333291,-0.037037037,0,0,0,0,30,30,15,1,b,The patient has taken Batatrim,The patient has not overcome the crisis,,,,,,,,,,,,,,,,,,,,,,,,,,,,,,,,,,,,,,,,,,,,,,,,,,,,,,,,,,,,,,,,,,,,,,,,,,,,,,,,,,,,,,
,,,,,,,,[(%PROLIFIC_PID,2,2025-04-16_19h42.18.502,CLTandFLE,2024.1.5,Win32,59.17159763,5b226e6138fc0c0001313347,67ffc4c40efe1bd1090b10ee,67ffeb710eedc7ba07cafbfc,,,,,,,,,,,,,,,,,,,,,,,,,,,,,,,,,,,,,,,,,,,592.7716,602.7179,9.9462,1,0,331.2761,-0.123148106,-0.047222243,0,0,0,0,31,31,13,1,a,The patient has taken Batatrim,The patient has overcome the crisis,,,,,,,,,,,,,,,,,,,,,,,,,,,,,,,,,,,,,,,,,,,,,,,,,,,,,,,,,,,,,,,,,,,,,,,,,,,,,,,,,,,,,,
,,,,,,,,[(%PROLIFIC_PID,2,2025-04-16_19h42.18.502,CLTandFLE,2024.1.5,Win32,59.17159763,5b226e6138fc0c0001313347,67ffc4c40efe1bd1090b10ee,67ffeb710eedc7ba07cafbfc,,,,,,,,,,,,,,,,,,,,,,,,,,,,,,,,,,,,,,,,,,,602.718,609.249,6.530799999,0,1,337.8069,0.219444487,-0.041666667,0,0,0,0,32,32,37,1,d,The patient has not taken Batatrim,The patient has not overcome the crisis,,,,,,,,,,,,,,,,,,,,,,,,,,,,,,,,,,,,,,,,,,,,,,,,,,,,,,,,,,,,,,,,,,,,,,,,,,,,,,,,,,,,,,
,,,,,,,,[(%PROLIFIC_PID,2,2025-04-16_19h42.18.502,CLTandFLE,2024.1.5,Win32,59.17159763,5b226e6138fc0c0001313347,67ffc4c40efe1bd1090b10ee,67ffeb710eedc7ba07cafbfc,,,,,,,,,,,,,,,,,,,,,,,,,,,,,,,,,,,,,,,,,,,609.2491,616.0467,6.7975,0,1,344.6044,0.189814815,-0.049074067,0,0,0,0,33,33,36,1,d,The patient has not taken Batatrim,The patient has not overcome the crisis,,,,,,,,,,,,,,,,,,,,,,,,,,,,,,,,,,,,,,,,,,,,,,,,,,,,,,,,,,,,,,,,,,,,,,,,,,,,,,,,,,,,,,
,,,,,,,,[(%PROLIFIC_PID,2,2025-04-16_19h42.18.502,CLTandFLE,2024.1.5,Win32,59.17159763,5b226e6138fc0c0001313347,67ffc4c40efe1bd1090b10ee,67ffeb710eedc7ba07cafbfc,,,,,,,,,,,,,,,,,,,,,,,,,,,,,,,,,,,,,,,,,,,616.0469,624.3334,8.2863,0,1,352.8907,-0.083333333,-0.054629644,0,0,0,0,34,34,4,1,a,The patient has taken Batatrim,The patient has overcome the crisis,,,,,,,,,,,,,,,,,,,,,,,,,,,,,,,,,,,,,,,,,,,,,,,,,,,,,,,,,,,,,,,,,,,,,,,,,,,,,,,,,,,,,,
,,,,,,,,[(%PROLIFIC_PID,2,2025-04-16_19h42.18.502,CLTandFLE,2024.1.5,Win32,59.17159763,5b226e6138fc0c0001313347,67ffc4c40efe1bd1090b10ee,67ffeb710eedc7ba07cafbfc,,,,,,,,,,,,,,,,,,,,,,,,,,,,,,,,,,,,,,,,,,,624.3337,634.5976,10.2638,0,1,363.1545,0.195370356,-0.044444437,0,0,0,0,35,35,34,1,c,The patient has not taken Batatrim,The patient has overcome the crisis,,,,,,,,,,,,,,,,,,,,,,,,,,,,,,,,,,,,,,,,,,,,,,,,,,,,,,,,,,,,,,,,,,,,,,,,,,,,,,,,,,,,,,
,,,,,,,,[(%PROLIFIC_PID,2,2025-04-16_19h42.18.502,CLTandFLE,2024.1.5,Win32,59.17159763,5b226e6138fc0c0001313347,67ffc4c40efe1bd1090b10ee,67ffeb710eedc7ba07cafbfc,,,,,,,,,,,,,,,,,,,,,,,,,,,,,,,,,,,,,,,,,,,634.5978,645.9731,11.3752,1,0,374.5297,0.015740783,-0.050000014,0,0,0,0,36,36,19,1,b,The patient has taken Batatrim,The patient has not overcome the crisis,,,,,,,,,,,,,,,,,,,,,,,,,,,,,,,,,,,,,,,,,,,,,,,,,,,,,,,,,,,,,,,,,,,,,,,,,,,,,,,,,,,,,,
,,,,,,,,[(%PROLIFIC_PID,2,2025-04-16_19h42.18.502,CLTandFLE,2024.1.5,Win32,59.17159763,5b226e6138fc0c0001313347,67ffc4c40efe1bd1090b10ee,67ffeb710eedc7ba07cafbfc,,,,,,,,,,,,,,,,,,,,,,,,,,,,,,,,,,,,,,,,,,,645.9734,654.9838,9.0104,0,1,383.5401,0.195370356,-0.048148155,0,0,0,0,37,37,27,1,c,The patient has not taken Batatrim,The patient has overcome the crisis,,,,,,,,,,,,,,,,,,,,,,,,,,,,,,,,,,,,,,,,,,,,,,,,,,,,,,,,,,,,,,,,,,,,,,,,,,,,,,,,,,,,,,
,,,,,,,,[(%PROLIFIC_PID,2,2025-04-16_19h42.18.502,CLTandFLE,2024.1.5,Win32,59.17159763,5b226e6138fc0c0001313347,67ffc4c40efe1bd1090b10ee,67ffeb710eedc7ba07cafbfc,,,,,,,,,,,,,,,,,,,,,,,,,,,,,,,,,,,,,,,,,,,654.9841,661.015,6.0308,0,1,389.5709,0.194444444,-0.040740755,0,0,0,0,38,38,26,1,c,The patient has not taken Batatrim,The patient has overcome the crisis,,,,,,,,,,,,,,,,,,,,,,,,,,,,,,,,,,,,,,,,,,,,,,,,,,,,,,,,,,,,,,,,,,,,,,,,,,,,,,,,,,,,,,
,,,,,,,,[(%PROLIFIC_PID,2,2025-04-16_19h42.18.502,CLTandFLE,2024.1.5,Win32,59.17159763,5b226e6138fc0c0001313347,67ffc4c40efe1bd1090b10ee,67ffeb710eedc7ba07cafbfc,,,,,,,,,,,,,,,,,,,,,,,,,,,,,,,,,,,,,,,,,,,661.0153,668.2791,7.263700001,0,1,396.8346,0.195370356,-0.040740755,0,0,0,0,39,39,21,1,c,The patient has not taken Batatrim,The patient has overcome the crisis,,,,,,,,,,,,,,,,,,,,,,,,,,,,,,,,,,,,,,,,,,,,,,,,,,,,,,,,,,,,,,,,,,,,,,,,,,,,,,,,,,,,,,
,,,,,,,,[(%PROLIFIC_PID,2,2025-04-16_19h42.18.502,CLTandFLE,2024.1.5,Win32,59.17159763,5b226e6138fc0c0001313347,67ffc4c40efe1bd1090b10ee,67ffeb710eedc7ba07cafbfc,,770.0174,771.0117,,,,,,,,,,,,,,,,,,,,,,,,,,,,,,,,,,,,,,,,,,,,,,,,,,,,,,,,,,,669.2788,727.4597,58.1803,95,56.4748,0.010185171,-0.196296339,1,0,0,728.4597,770.0173,41.5573,90,40.5069,0.034259302,-0.180555556,1,0,0,50,50,100,70,0,0,0,0,1,,,,,,,,,,,,,,,,,,,,,,,,,,,,,,,,,,,,,,,,,,,,,,,,,,,,,,,,,
,,,,,,,,[(%PROLIFIC_PID,2,2025-04-16_19h42.18.502,CLTandFLE,2024.1.5,Win32,59.17159763,5b226e6138fc0c0001313347,67ffc4c40efe1bd1090b10ee,67ffeb710eedc7ba07cafbfc,,957.1185,958.1142,,,,,,,,,,,,,,,,,,,,,,,,,,,,,,,,,,,,,,,,,,,,,,,,,,,,,,,,,,,,,,,,,,,,,,,,,,,,,,,,,,,,,,,,854.483,875.827,21.3433,4,19.4653,0.044444473,-0.232407393,1,0,0,62,Femmina,No,13,No,TRUE,FALSE,15,6,6,5,4,FALSE,Conferma,c1ok,c2ok,c3ok,c4ok,c5err,c6err3,c7err,c8ok,c9err2,c10err3,c11ok,c12ok,c13err3,c14err,c15ok,c16ok,c17err,c18ok,c19err2,c20ok,c21ok,c22err,c23ok,c24err3,c25ok,c26ok,1509.5653,1516.2591,0,0,0,0,1
