﻿Alfa.started,Alfa.stopped,alfa_mouse.x,alfa_mouse.y,alfa_mouse.leftButton,alfa_mouse.midButton,alfa_mouse.rightButton,alfa_mouse.clicked_name,participant,group,date,expName,psychopyVersion,OS,frameRate,PROLIFIC_PID,STUDY_ID,SESSION_ID,)],ITI.started,ITI.stopped,B_consensoinformato.started,B_consensoinformato.stopped,tempo_consenso,cons_mouse.x,cons_mouse.y,cons_mouse.leftButton,cons_mouse.midButton,cons_mouse.rightButton,A_benvenuto.started,A_benvenuto.stopped,ben_mouse.x,ben_mouse.y,ben_mouse.leftButton,ben_mouse.midButton,ben_mouse.rightButton,B2_istruzioni.started,B2_istruzioni.stopped,tempo_istru,cons_mouse_2.x,cons_mouse_2.y,cons_mouse_2.leftButton,cons_mouse_2.midButton,cons_mouse_2.rightButton,SAMevaluation.started,SAMevaluation.stopped,temposam,sliderintensity.response,sliderintensity.rt,slidervalence.response,slidervalence.rt,mouse_sam.x,mouse_sam.y,mouse_sam.leftButton,mouse_sam.midButton,mouse_sam.rightButton,mouse_sam.time,mouse_sam.clicked_name,Loading.started,Loading.stopped,C_associative_task.started,C_associative_task.stopped,tempo_trial,hapremutosi,hapremutono,tempo_tasktot,mouse.x,mouse.y,mouse.leftButton,mouse.midButton,mouse.rightButton,trials.thisRepN,trials.thisTrialN,trials.thisN,trials.thisIndex,trials.ran,cond,causa,effetto,D_VD.started,D_VD.stopped,tempo_vd,vd.response,vd.rt,mouse_vd.x,mouse_vd.y,mouse_vd.leftButton,mouse_vd.midButton,mouse_vd.rightButton,Previous.started,Previous.stopped,tempo_vd1,previous.response,previous.rt,mouse_vd_2.x,mouse_vd_2.y,mouse_vd_2.leftButton,mouse_vd_2.midButton,mouse_vd_2.rightButton,EstENG.TrialSS,EstENG.TrialSN,EstENG.TrialNN,EstENG.TrialNS,ingesta.thisRepN,ingesta.thisTrialN,ingesta.thisN,ingesta.thisIndex,ingesta.ran,PF.started,PF.stopped,tempo_pf,processfluency.response,processfluency.rt,mouse_ch.x,mouse_ch.y,mouse_ch.leftButton,mouse_ch.midButton,mouse_ch.rightButton,Questionario_Lingua.Age,Questionario_Lingua.Sesso,Questionario_Lingua.StaiStudiando?,Questionario_Lingua.Anniscolarita,Questionario_Lingua.Diploma,Questionario_Lingua.Punteggiodiploma,Questionario_Lingua.ItaMADRE?,Questionario_Lingua.INGmadre?,Questionario_Lingua.Q5(AOAIng),Questionario_Lingua.INGLETTURA,Questionario_Lingua.INGCOMPRESO,Questionario_Lingua.INGSCRITTO,Questionario_Lingua.INGPARLATO,Questionario_Lingua.haivissutoestero,ProvaInglese.ProcediamoENg,ProvaInglese.C1,ProvaInglese.C2,ProvaInglese.C3,ProvaInglese.C4,ProvaInglese.C5,ProvaInglese.C6,ProvaInglese.C7,ProvaInglese.C8,ProvaInglese.C9,ProvaInglese.C10,ProvaInglese.C11,ProvaInglese.C12,ProvaInglese.C13,ProvaInglese.C14,ProvaInglese.C15,ProvaInglese.C16,ProvaInglese.C17,ProvaInglese.C18,ProvaInglese.C19,ProvaInglese.C20,ProvaInglese.C21,ProvaInglese.C22,ProvaInglese.C23,ProvaInglese.C24,ProvaInglese.C25,ProvaInglese.controlquestion,Ant_lastquestion.started,Ant_lastquestion.stopped,exp_loop.thisRepN,exp_loop.thisTrialN,exp_loop.thisN,exp_loop.thisIndex,exp_loop.ran
0.0011,8.9804,-0.065104167,-0.002604167,1,0,0,alfa_mask,[(%PROLIFIC_PID,2,2025-04-16_19h29.03.801,CLTandFLE,2024.1.5,Win32,60.60606061,5d71a34f3545310018a115bc,67ffc4c40efe1bd1090b10ee,67ffe8d54eed9870d72957ea,,,,,,,,,,,,,,,,,,,,,,,,,,,,,,,,,,,,,,,,,,,,,,,,,,,,,,,,,,,,,,,,,,,,,,,,,,,,,,,,,,,,,,,,,,,,,,,,,,,,,,,,,,,,,,,,,,,,,,,,,,,,,,,,,,,,,,,,,,,,,,,,,,,,
,,,,,,,,[(%PROLIFIC_PID,2,2025-04-16_19h29.03.801,CLTandFLE,2024.1.5,Win32,60.60606061,5d71a34f3545310018a115bc,67ffc4c40efe1bd1090b10ee,67ffe8d54eed9870d72957ea,,8.9808,9.9789,,,,,,,,,,,,,,,,,,,,,,,,,,,,,,,,,,,,,,,,,,,,,,,,,,,,,,,,,,,,,,,,,,,,,,,,,,,,,,,,,,,,,,,,,,,,,,,,,,,,,,,,,,,,,,,,,,,,,,,,,,,,,,,,,,,,,,,,,,,,,,,,,
,,,,,,,,[(%PROLIFIC_PID,2,2025-04-16_19h29.03.801,CLTandFLE,2024.1.5,Win32,60.60606061,5d71a34f3545310018a115bc,67ffc4c40efe1bd1090b10ee,67ffe8d54eed9870d72957ea,,,,9.9791,18.4216,8.4416,0.20703125,-0.385416667,1,0,0,,,,,,,,,,,,,,,,,,,,,,,,,,,,,,,,,,,,,,,,,,,,,,,,,,,,,,,,,,,,,,,,,,,,,,,,,,,,,,,,,,,,,,,,,,,,,,,,,,,,,,,,,,,,,,,,,,,,,,,,,,,,,,,,,,,,,,,,,
,,,,,,,,[(%PROLIFIC_PID,2,2025-04-16_19h29.03.801,CLTandFLE,2024.1.5,Win32,60.60606061,5d71a34f3545310018a115bc,67ffc4c40efe1bd1090b10ee,67ffe8d54eed9870d72957ea,,84.5571,85.5552,,,,,,,,,19.4199,21.9171,-0.016927083,-0.087239583,1,0,0,22.9162,63.7429,40.8264,0.016927083,-0.407552083,1,0,0,64.7421,76.5656,11.8214,0.312825521,10.797,0.330729167,5.6032,"[-0.00390625,-0.0078125,0.016927083333333332]","[0.18619791666666666,0.013020833333333334,-0.22135416666666666]","[1,1,1]","[0,0,0]","[0,0,0]","[3.9036999999880777,8.298199999988086,11.812199999988081]","[""rettoksam""]",77.5628,84.5567,85.582,94.7766,9.194,1,0,9.194,-0.061197917,-0.162760417,0,0,0,0,0,0,34,1,c,The patient has not taken Batatrim,The patient has overcome the crisis,,,,,,,,,,,,,,,,,,,,,,,,,,,,,,,,,,,,,,,,,,,,,,,,,,,,,,,,,,,,,,,,,,,,,,,,,,,,,,,,,,,,,,,
,,,,,,,,[(%PROLIFIC_PID,2,2025-04-16_19h29.03.801,CLTandFLE,2024.1.5,Win32,60.60606061,5d71a34f3545310018a115bc,67ffc4c40efe1bd1090b10ee,67ffe8d54eed9870d72957ea,,,,,,,,,,,,,,,,,,,,,,,,,,,,,,,,,,,,,,,,,,,94.7772,101.1077,6.3301,1,0,15.5241,-0.063802083,-0.063802083,0,0,0,0,1,1,19,1,b,The patient has taken Batatrim,The patient has not overcome the crisis,,,,,,,,,,,,,,,,,,,,,,,,,,,,,,,,,,,,,,,,,,,,,,,,,,,,,,,,,,,,,,,,,,,,,,,,,,,,,,,,,,,,,,,
,,,,,,,,[(%PROLIFIC_PID,2,2025-04-16_19h29.03.801,CLTandFLE,2024.1.5,Win32,60.60606061,5d71a34f3545310018a115bc,67ffc4c40efe1bd1090b10ee,67ffe8d54eed9870d72957ea,,,,,,,,,,,,,,,,,,,,,,,,,,,,,,,,,,,,,,,,,,,101.1083,107.9828,6.8742,0,1,22.3983,0.106770833,-0.059895833,0,0,0,0,2,2,14,1,b,The patient has taken Batatrim,The patient has overcome the crisis,,,,,,,,,,,,,,,,,,,,,,,,,,,,,,,,,,,,,,,,,,,,,,,,,,,,,,,,,,,,,,,,,,,,,,,,,,,,,,,,,,,,,,,
,,,,,,,,[(%PROLIFIC_PID,2,2025-04-16_19h29.03.801,CLTandFLE,2024.1.5,Win32,60.60606061,5d71a34f3545310018a115bc,67ffc4c40efe1bd1090b10ee,67ffe8d54eed9870d72957ea,,,,,,,,,,,,,,,,,,,,,,,,,,,,,,,,,,,,,,,,,,,107.983,116.496,8.5126,0,1,30.9109,0.088541667,-0.059895833,0,0,0,0,3,3,11,1,a,The patient has taken Batatrim,The patient has overcome the crisis,,,,,,,,,,,,,,,,,,,,,,,,,,,,,,,,,,,,,,,,,,,,,,,,,,,,,,,,,,,,,,,,,,,,,,,,,,,,,,,,,,,,,,,
,,,,,,,,[(%PROLIFIC_PID,2,2025-04-16_19h29.03.801,CLTandFLE,2024.1.5,Win32,60.60606061,5d71a34f3545310018a115bc,67ffc4c40efe1bd1090b10ee,67ffe8d54eed9870d72957ea,,,,,,,,,,,,,,,,,,,,,,,,,,,,,,,,,,,,,,,,,,,116.4966,121.9329,5.436,1,0,36.3469,-0.104166667,-0.045572917,0,0,0,0,4,4,13,1,a,The patient has taken Batatrim,The patient has overcome the crisis,,,,,,,,,,,,,,,,,,,,,,,,,,,,,,,,,,,,,,,,,,,,,,,,,,,,,,,,,,,,,,,,,,,,,,,,,,,,,,,,,,,,,,,
,,,,,,,,[(%PROLIFIC_PID,2,2025-04-16_19h29.03.801,CLTandFLE,2024.1.5,Win32,60.60606061,5d71a34f3545310018a115bc,67ffc4c40efe1bd1090b10ee,67ffe8d54eed9870d72957ea,,,,,,,,,,,,,,,,,,,,,,,,,,,,,,,,,,,,,,,,,,,121.9333,127.5281,5.5945,0,1,41.9414,0.109375,-0.05859375,0,0,0,0,5,5,20,1,c,The patient has not taken Batatrim,The patient has overcome the crisis,,,,,,,,,,,,,,,,,,,,,,,,,,,,,,,,,,,,,,,,,,,,,,,,,,,,,,,,,,,,,,,,,,,,,,,,,,,,,,,,,,,,,,,
,,,,,,,,[(%PROLIFIC_PID,2,2025-04-16_19h29.03.801,CLTandFLE,2024.1.5,Win32,60.60606061,5d71a34f3545310018a115bc,67ffc4c40efe1bd1090b10ee,67ffe8d54eed9870d72957ea,,,,,,,,,,,,,,,,,,,,,,,,,,,,,,,,,,,,,,,,,,,127.5286,137.4357,9.907,1,0,51.8484,-0.127604167,-0.055989583,0,0,0,0,6,6,12,1,a,The patient has taken Batatrim,The patient has overcome the crisis,,,,,,,,,,,,,,,,,,,,,,,,,,,,,,,,,,,,,,,,,,,,,,,,,,,,,,,,,,,,,,,,,,,,,,,,,,,,,,,,,,,,,,,
,,,,,,,,[(%PROLIFIC_PID,2,2025-04-16_19h29.03.801,CLTandFLE,2024.1.5,Win32,60.60606061,5d71a34f3545310018a115bc,67ffc4c40efe1bd1090b10ee,67ffe8d54eed9870d72957ea,,,,,,,,,,,,,,,,,,,,,,,,,,,,,,,,,,,,,,,,,,,137.436,145.1725,7.7363,1,0,59.5847,-0.216145833,-0.04296875,0,0,0,0,7,7,10,1,a,The patient has taken Batatrim,The patient has overcome the crisis,,,,,,,,,,,,,,,,,,,,,,,,,,,,,,,,,,,,,,,,,,,,,,,,,,,,,,,,,,,,,,,,,,,,,,,,,,,,,,,,,,,,,,,
,,,,,,,,[(%PROLIFIC_PID,2,2025-04-16_19h29.03.801,CLTandFLE,2024.1.5,Win32,60.60606061,5d71a34f3545310018a115bc,67ffc4c40efe1bd1090b10ee,67ffe8d54eed9870d72957ea,,,,,,,,,,,,,,,,,,,,,,,,,,,,,,,,,,,,,,,,,,,145.173,149.9197,4.7464,1,0,64.3311,-0.216145833,-0.04296875,0,0,0,0,8,8,8,1,a,The patient has taken Batatrim,The patient has overcome the crisis,,,,,,,,,,,,,,,,,,,,,,,,,,,,,,,,,,,,,,,,,,,,,,,,,,,,,,,,,,,,,,,,,,,,,,,,,,,,,,,,,,,,,,,
,,,,,,,,[(%PROLIFIC_PID,2,2025-04-16_19h29.03.801,CLTandFLE,2024.1.5,Win32,60.60606061,5d71a34f3545310018a115bc,67ffc4c40efe1bd1090b10ee,67ffe8d54eed9870d72957ea,,,,,,,,,,,,,,,,,,,,,,,,,,,,,,,,,,,,,,,,,,,149.92,156.6767,6.7564,1,0,71.0875,-0.045572917,-0.018229167,0,0,0,0,9,9,37,1,d,The patient has not taken Batatrim,The patient has not overcome the crisis,,,,,,,,,,,,,,,,,,,,,,,,,,,,,,,,,,,,,,,,,,,,,,,,,,,,,,,,,,,,,,,,,,,,,,,,,,,,,,,,,,,,,,,
,,,,,,,,[(%PROLIFIC_PID,2,2025-04-16_19h29.03.801,CLTandFLE,2024.1.5,Win32,60.60606061,5d71a34f3545310018a115bc,67ffc4c40efe1bd1090b10ee,67ffe8d54eed9870d72957ea,,,,,,,,,,,,,,,,,,,,,,,,,,,,,,,,,,,,,,,,,,,156.677,164.0806,7.4025,1,0,78.49,-0.100260417,-0.002604167,0,0,0,0,10,10,21,1,c,The patient has not taken Batatrim,The patient has overcome the crisis,,,,,,,,,,,,,,,,,,,,,,,,,,,,,,,,,,,,,,,,,,,,,,,,,,,,,,,,,,,,,,,,,,,,,,,,,,,,,,,,,,,,,,,
,,,,,,,,[(%PROLIFIC_PID,2,2025-04-16_19h29.03.801,CLTandFLE,2024.1.5,Win32,60.60606061,5d71a34f3545310018a115bc,67ffc4c40efe1bd1090b10ee,67ffe8d54eed9870d72957ea,,,,,,,,,,,,,,,,,,,,,,,,,,,,,,,,,,,,,,,,,,,164.0822,169.7708,5.6883,1,0,84.1783,-0.03125,-0.040364583,0,0,0,0,11,11,26,1,c,The patient has not taken Batatrim,The patient has overcome the crisis,,,,,,,,,,,,,,,,,,,,,,,,,,,,,,,,,,,,,,,,,,,,,,,,,,,,,,,,,,,,,,,,,,,,,,,,,,,,,,,,,,,,,,,
,,,,,,,,[(%PROLIFIC_PID,2,2025-04-16_19h29.03.801,CLTandFLE,2024.1.5,Win32,60.60606061,5d71a34f3545310018a115bc,67ffc4c40efe1bd1090b10ee,67ffe8d54eed9870d72957ea,,,,,,,,,,,,,,,,,,,,,,,,,,,,,,,,,,,,,,,,,,,169.7713,175.067,5.2954,1,0,89.4737,-0.037760417,0,0,0,0,0,12,12,16,1,b,The patient has taken Batatrim,The patient has not overcome the crisis,,,,,,,,,,,,,,,,,,,,,,,,,,,,,,,,,,,,,,,,,,,,,,,,,,,,,,,,,,,,,,,,,,,,,,,,,,,,,,,,,,,,,,,
,,,,,,,,[(%PROLIFIC_PID,2,2025-04-16_19h29.03.801,CLTandFLE,2024.1.5,Win32,60.60606061,5d71a34f3545310018a115bc,67ffc4c40efe1bd1090b10ee,67ffe8d54eed9870d72957ea,,,,,,,,,,,,,,,,,,,,,,,,,,,,,,,,,,,,,,,,,,,175.0674,182.5262,7.4587,1,0,96.9324,-0.11328125,0.013020833,0,0,0,0,13,13,38,1,d,The patient has not taken Batatrim,The patient has not overcome the crisis,,,,,,,,,,,,,,,,,,,,,,,,,,,,,,,,,,,,,,,,,,,,,,,,,,,,,,,,,,,,,,,,,,,,,,,,,,,,,,,,,,,,,,,
,,,,,,,,[(%PROLIFIC_PID,2,2025-04-16_19h29.03.801,CLTandFLE,2024.1.5,Win32,60.60606061,5d71a34f3545310018a115bc,67ffc4c40efe1bd1090b10ee,67ffe8d54eed9870d72957ea,,,,,,,,,,,,,,,,,,,,,,,,,,,,,,,,,,,,,,,,,,,182.5266,188.0481,5.5213,1,0,102.4537,-0.184895833,-0.0390625,0,0,0,0,14,14,2,1,a,The patient has taken Batatrim,The patient has overcome the crisis,,,,,,,,,,,,,,,,,,,,,,,,,,,,,,,,,,,,,,,,,,,,,,,,,,,,,,,,,,,,,,,,,,,,,,,,,,,,,,,,,,,,,,,
,,,,,,,,[(%PROLIFIC_PID,2,2025-04-16_19h29.03.801,CLTandFLE,2024.1.5,Win32,60.60606061,5d71a34f3545310018a115bc,67ffc4c40efe1bd1090b10ee,67ffe8d54eed9870d72957ea,,,,,,,,,,,,,,,,,,,,,,,,,,,,,,,,,,,,,,,,,,,188.0484,195.3205,7.272,0,1,109.7257,0.07421875,-0.005208333,0,0,0,0,15,15,29,1,c,The patient has not taken Batatrim,The patient has overcome the crisis,,,,,,,,,,,,,,,,,,,,,,,,,,,,,,,,,,,,,,,,,,,,,,,,,,,,,,,,,,,,,,,,,,,,,,,,,,,,,,,,,,,,,,,
,,,,,,,,[(%PROLIFIC_PID,2,2025-04-16_19h29.03.801,CLTandFLE,2024.1.5,Win32,60.60606061,5d71a34f3545310018a115bc,67ffc4c40efe1bd1090b10ee,67ffe8d54eed9870d72957ea,,,,,,,,,,,,,,,,,,,,,,,,,,,,,,,,,,,,,,,,,,,195.3209,201.7544,6.4325,0,1,116.1582,0.087239583,0.00390625,0,0,0,0,16,16,24,1,c,The patient has not taken Batatrim,The patient has overcome the crisis,,,,,,,,,,,,,,,,,,,,,,,,,,,,,,,,,,,,,,,,,,,,,,,,,,,,,,,,,,,,,,,,,,,,,,,,,,,,,,,,,,,,,,,
,,,,,,,,[(%PROLIFIC_PID,2,2025-04-16_19h29.03.801,CLTandFLE,2024.1.5,Win32,60.60606061,5d71a34f3545310018a115bc,67ffc4c40efe1bd1090b10ee,67ffe8d54eed9870d72957ea,,,,,,,,,,,,,,,,,,,,,,,,,,,,,,,,,,,,,,,,,,,201.7566,206.7287,4.9719,1,0,121.1301,-0.063802083,0.0390625,0,0,0,0,17,17,30,1,c,The patient has not taken Batatrim,The patient has overcome the crisis,,,,,,,,,,,,,,,,,,,,,,,,,,,,,,,,,,,,,,,,,,,,,,,,,,,,,,,,,,,,,,,,,,,,,,,,,,,,,,,,,,,,,,,
,,,,,,,,[(%PROLIFIC_PID,2,2025-04-16_19h29.03.801,CLTandFLE,2024.1.5,Win32,60.60606061,5d71a34f3545310018a115bc,67ffc4c40efe1bd1090b10ee,67ffe8d54eed9870d72957ea,,,,,,,,,,,,,,,,,,,,,,,,,,,,,,,,,,,,,,,,,,,206.7291,212.3768,5.6472,0,1,126.7773,-0.0078125,0.0078125,0,0,0,0,18,18,27,1,c,The patient has not taken Batatrim,The patient has overcome the crisis,,,,,,,,,,,,,,,,,,,,,,,,,,,,,,,,,,,,,,,,,,,,,,,,,,,,,,,,,,,,,,,,,,,,,,,,,,,,,,,,,,,,,,,
,,,,,,,,[(%PROLIFIC_PID,2,2025-04-16_19h29.03.801,CLTandFLE,2024.1.5,Win32,60.60606061,5d71a34f3545310018a115bc,67ffc4c40efe1bd1090b10ee,67ffe8d54eed9870d72957ea,,,,,,,,,,,,,,,,,,,,,,,,,,,,,,,,,,,,,,,,,,,212.3772,221.4858,9.1082,1,0,135.8855,-0.12890625,0.044270833,0,0,0,0,19,19,1,1,a,The patient has taken Batatrim,The patient has overcome the crisis,,,,,,,,,,,,,,,,,,,,,,,,,,,,,,,,,,,,,,,,,,,,,,,,,,,,,,,,,,,,,,,,,,,,,,,,,,,,,,,,,,,,,,,
,,,,,,,,[(%PROLIFIC_PID,2,2025-04-16_19h29.03.801,CLTandFLE,2024.1.5,Win32,60.60606061,5d71a34f3545310018a115bc,67ffc4c40efe1bd1090b10ee,67ffe8d54eed9870d72957ea,,,,,,,,,,,,,,,,,,,,,,,,,,,,,,,,,,,,,,,,,,,221.4861,241.1459,19.6595,0,1,155.545,0.040364583,-0.05859375,0,0,0,0,20,20,7,1,a,The patient has taken Batatrim,The patient has overcome the crisis,,,,,,,,,,,,,,,,,,,,,,,,,,,,,,,,,,,,,,,,,,,,,,,,,,,,,,,,,,,,,,,,,,,,,,,,,,,,,,,,,,,,,,,
,,,,,,,,[(%PROLIFIC_PID,2,2025-04-16_19h29.03.801,CLTandFLE,2024.1.5,Win32,60.60606061,5d71a34f3545310018a115bc,67ffc4c40efe1bd1090b10ee,67ffe8d54eed9870d72957ea,,,,,,,,,,,,,,,,,,,,,,,,,,,,,,,,,,,,,,,,,,,241.1466,246.5592,5.4122,1,0,160.9572,-0.09375,-0.002604167,0,0,0,0,21,21,9,1,a,The patient has taken Batatrim,The patient has overcome the crisis,,,,,,,,,,,,,,,,,,,,,,,,,,,,,,,,,,,,,,,,,,,,,,,,,,,,,,,,,,,,,,,,,,,,,,,,,,,,,,,,,,,,,,,
,,,,,,,,[(%PROLIFIC_PID,2,2025-04-16_19h29.03.801,CLTandFLE,2024.1.5,Win32,60.60606061,5d71a34f3545310018a115bc,67ffc4c40efe1bd1090b10ee,67ffe8d54eed9870d72957ea,,,,,,,,,,,,,,,,,,,,,,,,,,,,,,,,,,,,,,,,,,,246.5598,252.4914,5.9314,1,0,166.8886,-0.01953125,0.071614583,0,0,0,0,22,22,15,1,b,The patient has taken Batatrim,The patient has not overcome the crisis,,,,,,,,,,,,,,,,,,,,,,,,,,,,,,,,,,,,,,,,,,,,,,,,,,,,,,,,,,,,,,,,,,,,,,,,,,,,,,,,,,,,,,,
,,,,,,,,[(%PROLIFIC_PID,2,2025-04-16_19h29.03.801,CLTandFLE,2024.1.5,Win32,60.60606061,5d71a34f3545310018a115bc,67ffc4c40efe1bd1090b10ee,67ffe8d54eed9870d72957ea,,,,,,,,,,,,,,,,,,,,,,,,,,,,,,,,,,,,,,,,,,,252.4917,258.5344,6.0421,1,0,172.9307,-0.119791667,0.0546875,0,0,0,0,23,23,39,1,d,The patient has not taken Batatrim,The patient has not overcome the crisis,,,,,,,,,,,,,,,,,,,,,,,,,,,,,,,,,,,,,,,,,,,,,,,,,,,,,,,,,,,,,,,,,,,,,,,,,,,,,,,,,,,,,,,
,,,,,,,,[(%PROLIFIC_PID,2,2025-04-16_19h29.03.801,CLTandFLE,2024.1.5,Win32,60.60606061,5d71a34f3545310018a115bc,67ffc4c40efe1bd1090b10ee,67ffe8d54eed9870d72957ea,,,,,,,,,,,,,,,,,,,,,,,,,,,,,,,,,,,,,,,,,,,258.5359,264.527,5.9908,0,1,178.9215,-0.00390625,0.018229167,0,0,0,0,24,24,28,1,c,The patient has not taken Batatrim,The patient has overcome the crisis,,,,,,,,,,,,,,,,,,,,,,,,,,,,,,,,,,,,,,,,,,,,,,,,,,,,,,,,,,,,,,,,,,,,,,,,,,,,,,,,,,,,,,,
,,,,,,,,[(%PROLIFIC_PID,2,2025-04-16_19h29.03.801,CLTandFLE,2024.1.5,Win32,60.60606061,5d71a34f3545310018a115bc,67ffc4c40efe1bd1090b10ee,67ffe8d54eed9870d72957ea,,,,,,,,,,,,,,,,,,,,,,,,,,,,,,,,,,,,,,,,,,,264.5273,270.0625,5.5349,1,0,184.4564,-0.123697917,0.033854167,0,0,0,0,25,25,25,1,c,The patient has not taken Batatrim,The patient has overcome the crisis,,,,,,,,,,,,,,,,,,,,,,,,,,,,,,,,,,,,,,,,,,,,,,,,,,,,,,,,,,,,,,,,,,,,,,,,,,,,,,,,,,,,,,,
,,,,,,,,[(%PROLIFIC_PID,2,2025-04-16_19h29.03.801,CLTandFLE,2024.1.5,Win32,60.60606061,5d71a34f3545310018a115bc,67ffc4c40efe1bd1090b10ee,67ffe8d54eed9870d72957ea,,,,,,,,,,,,,,,,,,,,,,,,,,,,,,,,,,,,,,,,,,,270.0631,278.888,8.8246,0,1,193.281,0.009114583,-0.01171875,0,0,0,0,26,26,33,1,c,The patient has not taken Batatrim,The patient has overcome the crisis,,,,,,,,,,,,,,,,,,,,,,,,,,,,,,,,,,,,,,,,,,,,,,,,,,,,,,,,,,,,,,,,,,,,,,,,,,,,,,,,,,,,,,,
,,,,,,,,[(%PROLIFIC_PID,2,2025-04-16_19h29.03.801,CLTandFLE,2024.1.5,Win32,60.60606061,5d71a34f3545310018a115bc,67ffc4c40efe1bd1090b10ee,67ffe8d54eed9870d72957ea,,,,,,,,,,,,,,,,,,,,,,,,,,,,,,,,,,,,,,,,,,,278.8885,285.1297,6.241,1,0,199.522,-0.08984375,0.015625,0,0,0,0,27,27,31,1,c,The patient has not taken Batatrim,The patient has overcome the crisis,,,,,,,,,,,,,,,,,,,,,,,,,,,,,,,,,,,,,,,,,,,,,,,,,,,,,,,,,,,,,,,,,,,,,,,,,,,,,,,,,,,,,,,
,,,,,,,,[(%PROLIFIC_PID,2,2025-04-16_19h29.03.801,CLTandFLE,2024.1.5,Win32,60.60606061,5d71a34f3545310018a115bc,67ffc4c40efe1bd1090b10ee,67ffe8d54eed9870d72957ea,,,,,,,,,,,,,,,,,,,,,,,,,,,,,,,,,,,,,,,,,,,285.1302,291.9503,6.8199,1,0,206.3419,-0.1328125,0.028645833,0,0,0,0,28,28,17,1,b,The patient has taken Batatrim,The patient has not overcome the crisis,,,,,,,,,,,,,,,,,,,,,,,,,,,,,,,,,,,,,,,,,,,,,,,,,,,,,,,,,,,,,,,,,,,,,,,,,,,,,,,,,,,,,,,
,,,,,,,,[(%PROLIFIC_PID,2,2025-04-16_19h29.03.801,CLTandFLE,2024.1.5,Win32,60.60606061,5d71a34f3545310018a115bc,67ffc4c40efe1bd1090b10ee,67ffe8d54eed9870d72957ea,,,,,,,,,,,,,,,,,,,,,,,,,,,,,,,,,,,,,,,,,,,291.951,301.5932,9.642,0,1,215.9839,0.05078125,-0.026041667,0,0,0,0,29,29,23,1,c,The patient has not taken Batatrim,The patient has overcome the crisis,,,,,,,,,,,,,,,,,,,,,,,,,,,,,,,,,,,,,,,,,,,,,,,,,,,,,,,,,,,,,,,,,,,,,,,,,,,,,,,,,,,,,,,
,,,,,,,,[(%PROLIFIC_PID,2,2025-04-16_19h29.03.801,CLTandFLE,2024.1.5,Win32,60.60606061,5d71a34f3545310018a115bc,67ffc4c40efe1bd1090b10ee,67ffe8d54eed9870d72957ea,,,,,,,,,,,,,,,,,,,,,,,,,,,,,,,,,,,,,,,,,,,301.5935,307.5182,5.9245,1,0,221.9084,-0.11328125,0.009114583,0,0,0,0,30,30,5,1,a,The patient has taken Batatrim,The patient has overcome the crisis,,,,,,,,,,,,,,,,,,,,,,,,,,,,,,,,,,,,,,,,,,,,,,,,,,,,,,,,,,,,,,,,,,,,,,,,,,,,,,,,,,,,,,,
,,,,,,,,[(%PROLIFIC_PID,2,2025-04-16_19h29.03.801,CLTandFLE,2024.1.5,Win32,60.60606061,5d71a34f3545310018a115bc,67ffc4c40efe1bd1090b10ee,67ffe8d54eed9870d72957ea,,,,,,,,,,,,,,,,,,,,,,,,,,,,,,,,,,,,,,,,,,,307.5184,313.0251,5.5064,1,0,227.4148,-0.134114583,0.015625,0,0,0,0,31,31,32,1,c,The patient has not taken Batatrim,The patient has overcome the crisis,,,,,,,,,,,,,,,,,,,,,,,,,,,,,,,,,,,,,,,,,,,,,,,,,,,,,,,,,,,,,,,,,,,,,,,,,,,,,,,,,,,,,,,
,,,,,,,,[(%PROLIFIC_PID,2,2025-04-16_19h29.03.801,CLTandFLE,2024.1.5,Win32,60.60606061,5d71a34f3545310018a115bc,67ffc4c40efe1bd1090b10ee,67ffe8d54eed9870d72957ea,,,,,,,,,,,,,,,,,,,,,,,,,,,,,,,,,,,,,,,,,,,313.0257,318.7177,5.6918,1,0,233.1066,-0.16015625,0.03125,0,0,0,0,32,32,3,1,a,The patient has taken Batatrim,The patient has overcome the crisis,,,,,,,,,,,,,,,,,,,,,,,,,,,,,,,,,,,,,,,,,,,,,,,,,,,,,,,,,,,,,,,,,,,,,,,,,,,,,,,,,,,,,,,
,,,,,,,,[(%PROLIFIC_PID,2,2025-04-16_19h29.03.801,CLTandFLE,2024.1.5,Win32,60.60606061,5d71a34f3545310018a115bc,67ffc4c40efe1bd1090b10ee,67ffe8d54eed9870d72957ea,,,,,,,,,,,,,,,,,,,,,,,,,,,,,,,,,,,,,,,,,,,318.7182,323.8178,5.0993,1,0,238.2059,-0.165364583,0.026041667,0,0,0,0,33,33,36,1,d,The patient has not taken Batatrim,The patient has not overcome the crisis,,,,,,,,,,,,,,,,,,,,,,,,,,,,,,,,,,,,,,,,,,,,,,,,,,,,,,,,,,,,,,,,,,,,,,,,,,,,,,,,,,,,,,,
,,,,,,,,[(%PROLIFIC_PID,2,2025-04-16_19h29.03.801,CLTandFLE,2024.1.5,Win32,60.60606061,5d71a34f3545310018a115bc,67ffc4c40efe1bd1090b10ee,67ffe8d54eed9870d72957ea,,,,,,,,,,,,,,,,,,,,,,,,,,,,,,,,,,,,,,,,,,,323.8182,330.5546,6.7363,1,0,244.9422,-0.149739583,0.024739583,0,0,0,0,34,34,18,1,b,The patient has taken Batatrim,The patient has not overcome the crisis,,,,,,,,,,,,,,,,,,,,,,,,,,,,,,,,,,,,,,,,,,,,,,,,,,,,,,,,,,,,,,,,,,,,,,,,,,,,,,,,,,,,,,,
,,,,,,,,[(%PROLIFIC_PID,2,2025-04-16_19h29.03.801,CLTandFLE,2024.1.5,Win32,60.60606061,5d71a34f3545310018a115bc,67ffc4c40efe1bd1090b10ee,67ffe8d54eed9870d72957ea,,,,,,,,,,,,,,,,,,,,,,,,,,,,,,,,,,,,,,,,,,,330.555,335.0938,4.5385,1,0,249.4807,-0.110677083,0.052083333,0,0,0,0,35,35,4,1,a,The patient has taken Batatrim,The patient has overcome the crisis,,,,,,,,,,,,,,,,,,,,,,,,,,,,,,,,,,,,,,,,,,,,,,,,,,,,,,,,,,,,,,,,,,,,,,,,,,,,,,,,,,,,,,,
,,,,,,,,[(%PROLIFIC_PID,2,2025-04-16_19h29.03.801,CLTandFLE,2024.1.5,Win32,60.60606061,5d71a34f3545310018a115bc,67ffc4c40efe1bd1090b10ee,67ffe8d54eed9870d72957ea,,,,,,,,,,,,,,,,,,,,,,,,,,,,,,,,,,,,,,,,,,,335.0943,345.0951,10.0006,1,0,259.4813,-0.212239583,-0.033854167,0,0,0,0,36,36,22,1,c,The patient has not taken Batatrim,The patient has overcome the crisis,,,,,,,,,,,,,,,,,,,,,,,,,,,,,,,,,,,,,,,,,,,,,,,,,,,,,,,,,,,,,,,,,,,,,,,,,,,,,,,,,,,,,,,
,,,,,,,,[(%PROLIFIC_PID,2,2025-04-16_19h29.03.801,CLTandFLE,2024.1.5,Win32,60.60606061,5d71a34f3545310018a115bc,67ffc4c40efe1bd1090b10ee,67ffe8d54eed9870d72957ea,,,,,,,,,,,,,,,,,,,,,,,,,,,,,,,,,,,,,,,,,,,345.0955,351.5561,6.4603,1,0,265.9416,-0.212239583,-0.033854167,0,0,0,0,37,37,35,1,d,The patient has not taken Batatrim,The patient has not overcome the crisis,,,,,,,,,,,,,,,,,,,,,,,,,,,,,,,,,,,,,,,,,,,,,,,,,,,,,,,,,,,,,,,,,,,,,,,,,,,,,,,,,,,,,,,
,,,,,,,,[(%PROLIFIC_PID,2,2025-04-16_19h29.03.801,CLTandFLE,2024.1.5,Win32,60.60606061,5d71a34f3545310018a115bc,67ffc4c40efe1bd1090b10ee,67ffe8d54eed9870d72957ea,,,,,,,,,,,,,,,,,,,,,,,,,,,,,,,,,,,,,,,,,,,351.5567,358.3168,6.759,1,0,272.7006,-0.212239583,-0.033854167,0,0,0,0,38,38,6,1,a,The patient has taken Batatrim,The patient has overcome the crisis,,,,,,,,,,,,,,,,,,,,,,,,,,,,,,,,,,,,,,,,,,,,,,,,,,,,,,,,,,,,,,,,,,,,,,,,,,,,,,,,,,,,,,,
,,,,,,,,[(%PROLIFIC_PID,2,2025-04-16_19h29.03.801,CLTandFLE,2024.1.5,Win32,60.60606061,5d71a34f3545310018a115bc,67ffc4c40efe1bd1090b10ee,67ffe8d54eed9870d72957ea,,,,,,,,,,,,,,,,,,,,,,,,,,,,,,,,,,,,,,,,,,,358.3175,363.9987,5.6811,1,0,278.3817,-0.21484375,-0.029947917,0,0,0,0,39,39,0,1,a,The patient has taken Batatrim,The patient has overcome the crisis,,,,,,,,,,,,,,,,,,,,,,,,,,,,,,,,,,,,,,,,,,,,,,,,,,,,,,,,,,,,,,,,,,,,,,,,,,,,,,,,,,,,,,,
,,,,,,,,[(%PROLIFIC_PID,2,2025-04-16_19h29.03.801,CLTandFLE,2024.1.5,Win32,60.60606061,5d71a34f3545310018a115bc,67ffc4c40efe1bd1090b10ee,67ffe8d54eed9870d72957ea,,388.3589,389.3574,,,,,,,,,,,,,,,,,,,,,,,,,,,,,,,,,,,,,,,,,,,,,,,,,,,,,,,,,,,364.9981,373.8579,8.8583,65,7.265,0.016927083,-0.2109375,1,0,0,374.8552,388.3588,13.5033,55,12.2676,0.044270833,-0.192708333,1,0,0,60,40,40,40,0,0,0,0,1,,,,,,,,,,,,,,,,,,,,,,,,,,,,,,,,,,,,,,,,,,,,,,,,,,,,,,,,,,
,,,,,,,,[(%PROLIFIC_PID,2,2025-04-16_19h29.03.801,CLTandFLE,2024.1.5,Win32,60.60606061,5d71a34f3545310018a115bc,67ffc4c40efe1bd1090b10ee,67ffe8d54eed9870d72957ea,,575.8126,576.8071,,,,,,,,,,,,,,,,,,,,,,,,,,,,,,,,,,,,,,,,,,,,,,,,,,,,,,,,,,,,,,,,,,,,,,,,,,,,,,,,,,,,,,,,458.8561,464.801,5.9444,3,4.4258,0.020833333,-0.225260417,1,0,0,44,Maschio,No,23,"Sì, l'ho ottenuta più di due anni fa",C1 CEFR (7 - 8 IELTS),TRUE,FALSE,8,8,7,7,6,FALSE,Conferma,c1ok,c2ok,c3ok,c4ok,c5ok,c6ok,c7ok,c8ok,c9ok,c10ok,c11ok,c12err,c13ok,c14err2,c15ok,c16ok,c17ok,c18ok,c19err2,c20ok,c21err2,c22err2,c23ok,c24err2,c25err3,c26err3,868.3295,875.0159,0,0,0,0,1
