﻿Alfa.started,Alfa.stopped,alfa_mouse.x,alfa_mouse.y,alfa_mouse.leftButton,alfa_mouse.midButton,alfa_mouse.rightButton,alfa_mouse.clicked_name,participant,group,date,expName,psychopyVersion,OS,frameRate,PROLIFIC_PID,STUDY_ID,SESSION_ID,)],ITI.started,ITI.stopped,B_consensoinformato.started,B_consensoinformato.stopped,tempo_consenso,cons_mouse.x,cons_mouse.y,cons_mouse.leftButton,cons_mouse.midButton,cons_mouse.rightButton,A_benvenuto.started,A_benvenuto.stopped,ben_mouse.x,ben_mouse.y,ben_mouse.leftButton,ben_mouse.midButton,ben_mouse.rightButton,B2_istruzioni.started,B2_istruzioni.stopped,tempo_istru,cons_mouse_2.x,cons_mouse_2.y,cons_mouse_2.leftButton,cons_mouse_2.midButton,cons_mouse_2.rightButton,SAMevaluation.started,SAMevaluation.stopped,temposam,sliderintensity.response,sliderintensity.rt,slidervalence.response,slidervalence.rt,mouse_sam.x,mouse_sam.y,mouse_sam.leftButton,mouse_sam.midButton,mouse_sam.rightButton,mouse_sam.time,mouse_sam.clicked_name,Loading.started,Loading.stopped,C_associative_task.started,C_associative_task.stopped,tempo_trial,hapremutosi,hapremutono,tempo_tasktot,mouse.x,mouse.y,mouse.leftButton,mouse.midButton,mouse.rightButton,trials.thisRepN,trials.thisTrialN,trials.thisN,trials.thisIndex,trials.ran,cond,causa,effetto,D_VD.started,D_VD.stopped,tempo_vd,vd.response,vd.rt,mouse_vd.x,mouse_vd.y,mouse_vd.leftButton,mouse_vd.midButton,mouse_vd.rightButton,Previous.started,Previous.stopped,tempo_vd1,previous.response,previous.rt,mouse_vd_2.x,mouse_vd_2.y,mouse_vd_2.leftButton,mouse_vd_2.midButton,mouse_vd_2.rightButton,EstITA.TrialSN,EstITA.TrialSS,EstITA.TrialNS,EstITA.TrialD,itaest.thisRepN,itaest.thisTrialN,itaest.thisN,itaest.thisIndex,itaest.ran,PF.started,PF.stopped,tempo_pf,processfluency.response,processfluency.rt,mouse_ch.x,mouse_ch.y,mouse_ch.leftButton,mouse_ch.midButton,mouse_ch.rightButton,Questionario_Lingua.Age,Questionario_Lingua.Sesso,Questionario_Lingua.StaiStudiando?,Questionario_Lingua.Anniscolarita,Questionario_Lingua.Diploma,Questionario_Lingua.ItaMADRE?,Questionario_Lingua.INGmadre?,Questionario_Lingua.Q5(AOAIng),Questionario_Lingua.INGLETTURA,Questionario_Lingua.INGCOMPRESO,Questionario_Lingua.INGSCRITTO,Questionario_Lingua.INGPARLATO,Questionario_Lingua.haivissutoestero,ProvaInglese.ProcediamoENg,ProvaInglese.C1,ProvaInglese.C2,ProvaInglese.C3,ProvaInglese.C4,ProvaInglese.C5,ProvaInglese.C6,ProvaInglese.C7,ProvaInglese.C8,ProvaInglese.C9,ProvaInglese.C10,ProvaInglese.C11,ProvaInglese.C12,ProvaInglese.C13,ProvaInglese.C14,ProvaInglese.C15,ProvaInglese.C16,ProvaInglese.C17,ProvaInglese.C18,ProvaInglese.C19,ProvaInglese.C20,ProvaInglese.C21,ProvaInglese.C22,ProvaInglese.C23,ProvaInglese.C24,ProvaInglese.C25,ProvaInglese.controlquestion,Ant_lastquestion.started,Ant_lastquestion.stopped,exp_loop.thisRepN,exp_loop.thisTrialN,exp_loop.thisN,exp_loop.thisIndex,exp_loop.ran
0,18.994,0.022135417,0.0078125,1,0,0,alfa_mask,[(%PROLIFIC_PID,1,2025-04-16_18h56.24.201,CLTandFLE,2024.1.5,Win32,60.09615385,5a77529ff49c9a0001f2fdbd,67ffc4c40efe1bd1090b10ee,67ffe1188a456e5d825ea63a,,,,,,,,,,,,,,,,,,,,,,,,,,,,,,,,,,,,,,,,,,,,,,,,,,,,,,,,,,,,,,,,,,,,,,,,,,,,,,,,,,,,,,,,,,,,,,,,,,,,,,,,,,,,,,,,,,,,,,,,,,,,,,,,,,,,,,,,,,,,,,,,,,,
,,,,,,,,[(%PROLIFIC_PID,1,2025-04-16_18h56.24.201,CLTandFLE,2024.1.5,Win32,60.09615385,5a77529ff49c9a0001f2fdbd,67ffc4c40efe1bd1090b10ee,67ffe1188a456e5d825ea63a,,18.994,19.986,,,,,,,,,,,,,,,,,,,,,,,,,,,,,,,,,,,,,,,,,,,,,,,,,,,,,,,,,,,,,,,,,,,,,,,,,,,,,,,,,,,,,,,,,,,,,,,,,,,,,,,,,,,,,,,,,,,,,,,,,,,,,,,,,,,,,,,,,,,,,,,,
,,,,,,,,[(%PROLIFIC_PID,1,2025-04-16_18h56.24.201,CLTandFLE,2024.1.5,Win32,60.09615385,5a77529ff49c9a0001f2fdbd,67ffc4c40efe1bd1090b10ee,67ffe1188a456e5d825ea63a,,,,19.986,25.632,5.645,0.151041667,-0.401041667,1,0,0,,,,,,,,,,,,,,,,,,,,,,,,,,,,,,,,,,,,,,,,,,,,,,,,,,,,,,,,,,,,,,,,,,,,,,,,,,,,,,,,,,,,,,,,,,,,,,,,,,,,,,,,,,,,,,,,,,,,,,,,,,,,,,,,,,,,,,,,
,,,,,,,,[(%PROLIFIC_PID,1,2025-04-16_18h56.24.201,CLTandFLE,2024.1.5,Win32,60.09615385,5a77529ff49c9a0001f2fdbd,67ffc4c40efe1bd1090b10ee,67ffe1188a456e5d825ea63a,,119.859,120.854,,,,,,,,,27.18,29.889,0.026041667,-0.11328125,1,0,0,30.876,90.824,59.941,-0.0078125,-0.408854167,1,0,0,91.816,111.864,20.047,0.283528646,10.547,0.433268229,18.688,"[0.005208333333333333,-0.010416666666666666,-0.014322916666666666]","[0.22265625,0.0013020833333333333,-0.21223958333333334]","[1,1,1]","[0,0,0]","[0,0,0]","[9.379000000000005,13.624999999999986,20.017999999999972]","[""sliderintensity"",""rettoksam""]",112.862,119.858,120.886,129.692,8.806,0,1,8.806,-0.009114583,-0.201822917,0,0,0,0,0,0,39,1,d,Il paziente non ha preso il Batatrim,Il paziente non ha superato la crisi,,,,,,,,,,,,,,,,,,,,,,,,,,,,,,,,,,,,,,,,,,,,,,,,,,,,,,,,,,,,,,,,,,,,,,,,,,,,,,,,,,,,,,
,,,,,,,,[(%PROLIFIC_PID,1,2025-04-16_18h56.24.201,CLTandFLE,2024.1.5,Win32,60.09615385,5a77529ff49c9a0001f2fdbd,67ffc4c40efe1bd1090b10ee,67ffe1188a456e5d825ea63a,,,,,,,,,,,,,,,,,,,,,,,,,,,,,,,,,,,,,,,,,,,129.693,135.9,6.206,0,1,15.012,0.130208333,-0.1015625,0,0,0,0,1,1,31,1,c,Il paziente non ha preso il Batatrim,Il paziente ha superato la crisi,,,,,,,,,,,,,,,,,,,,,,,,,,,,,,,,,,,,,,,,,,,,,,,,,,,,,,,,,,,,,,,,,,,,,,,,,,,,,,,,,,,,,,
,,,,,,,,[(%PROLIFIC_PID,1,2025-04-16_18h56.24.201,CLTandFLE,2024.1.5,Win32,60.09615385,5a77529ff49c9a0001f2fdbd,67ffc4c40efe1bd1090b10ee,67ffe1188a456e5d825ea63a,,,,,,,,,,,,,,,,,,,,,,,,,,,,,,,,,,,,,,,,,,,135.901,141.45,5.548,1,0,20.56,-0.0234375,-0.009114583,0,0,0,0,2,2,19,1,b,Il paziente ha preso il Batatrim,Il paziente non ha superato la crisi,,,,,,,,,,,,,,,,,,,,,,,,,,,,,,,,,,,,,,,,,,,,,,,,,,,,,,,,,,,,,,,,,,,,,,,,,,,,,,,,,,,,,,
,,,,,,,,[(%PROLIFIC_PID,1,2025-04-16_18h56.24.201,CLTandFLE,2024.1.5,Win32,60.09615385,5a77529ff49c9a0001f2fdbd,67ffc4c40efe1bd1090b10ee,67ffe1188a456e5d825ea63a,,,,,,,,,,,,,,,,,,,,,,,,,,,,,,,,,,,,,,,,,,,141.451,149.015,7.561,0,1,28.121,0.046875,-0.079427083,0,0,0,0,3,3,8,1,a,Il paziente ha preso il Batatrim,Il paziente ha superato la crisi,,,,,,,,,,,,,,,,,,,,,,,,,,,,,,,,,,,,,,,,,,,,,,,,,,,,,,,,,,,,,,,,,,,,,,,,,,,,,,,,,,,,,,
,,,,,,,,[(%PROLIFIC_PID,1,2025-04-16_18h56.24.201,CLTandFLE,2024.1.5,Win32,60.09615385,5a77529ff49c9a0001f2fdbd,67ffc4c40efe1bd1090b10ee,67ffe1188a456e5d825ea63a,,,,,,,,,,,,,,,,,,,,,,,,,,,,,,,,,,,,,,,,,,,149.018,155.054,6.036,0,1,34.157,0.04296875,-0.122395833,0,0,0,0,4,4,13,1,a,Il paziente ha preso il Batatrim,Il paziente ha superato la crisi,,,,,,,,,,,,,,,,,,,,,,,,,,,,,,,,,,,,,,,,,,,,,,,,,,,,,,,,,,,,,,,,,,,,,,,,,,,,,,,,,,,,,,
,,,,,,,,[(%PROLIFIC_PID,1,2025-04-16_18h56.24.201,CLTandFLE,2024.1.5,Win32,60.09615385,5a77529ff49c9a0001f2fdbd,67ffc4c40efe1bd1090b10ee,67ffe1188a456e5d825ea63a,,,,,,,,,,,,,,,,,,,,,,,,,,,,,,,,,,,,,,,,,,,155.057,161.218,6.161,0,1,40.318,0.059895833,-0.0078125,0,0,0,0,5,5,22,1,c,Il paziente non ha preso il Batatrim,Il paziente ha superato la crisi,,,,,,,,,,,,,,,,,,,,,,,,,,,,,,,,,,,,,,,,,,,,,,,,,,,,,,,,,,,,,,,,,,,,,,,,,,,,,,,,,,,,,,
,,,,,,,,[(%PROLIFIC_PID,1,2025-04-16_18h56.24.201,CLTandFLE,2024.1.5,Win32,60.09615385,5a77529ff49c9a0001f2fdbd,67ffc4c40efe1bd1090b10ee,67ffe1188a456e5d825ea63a,,,,,,,,,,,,,,,,,,,,,,,,,,,,,,,,,,,,,,,,,,,161.219,166.596,5.376,1,0,45.694,-0.037760417,-0.01171875,0,0,0,0,6,6,12,1,a,Il paziente ha preso il Batatrim,Il paziente ha superato la crisi,,,,,,,,,,,,,,,,,,,,,,,,,,,,,,,,,,,,,,,,,,,,,,,,,,,,,,,,,,,,,,,,,,,,,,,,,,,,,,,,,,,,,,
,,,,,,,,[(%PROLIFIC_PID,1,2025-04-16_18h56.24.201,CLTandFLE,2024.1.5,Win32,60.09615385,5a77529ff49c9a0001f2fdbd,67ffc4c40efe1bd1090b10ee,67ffe1188a456e5d825ea63a,,,,,,,,,,,,,,,,,,,,,,,,,,,,,,,,,,,,,,,,,,,166.597,171.471,4.874,1,0,50.568,0.05078125,-0.036458333,0,0,0,0,7,7,18,1,b,Il paziente ha preso il Batatrim,Il paziente non ha superato la crisi,,,,,,,,,,,,,,,,,,,,,,,,,,,,,,,,,,,,,,,,,,,,,,,,,,,,,,,,,,,,,,,,,,,,,,,,,,,,,,,,,,,,,,
,,,,,,,,[(%PROLIFIC_PID,1,2025-04-16_18h56.24.201,CLTandFLE,2024.1.5,Win32,60.09615385,5a77529ff49c9a0001f2fdbd,67ffc4c40efe1bd1090b10ee,67ffe1188a456e5d825ea63a,,,,,,,,,,,,,,,,,,,,,,,,,,,,,,,,,,,,,,,,,,,171.474,176.647,5.172,1,0,55.74,0.053385417,-0.033854167,0,0,0,0,8,8,15,1,b,Il paziente ha preso il Batatrim,Il paziente non ha superato la crisi,,,,,,,,,,,,,,,,,,,,,,,,,,,,,,,,,,,,,,,,,,,,,,,,,,,,,,,,,,,,,,,,,,,,,,,,,,,,,,,,,,,,,,
,,,,,,,,[(%PROLIFIC_PID,1,2025-04-16_18h56.24.201,CLTandFLE,2024.1.5,Win32,60.09615385,5a77529ff49c9a0001f2fdbd,67ffc4c40efe1bd1090b10ee,67ffe1188a456e5d825ea63a,,,,,,,,,,,,,,,,,,,,,,,,,,,,,,,,,,,,,,,,,,,176.648,182.656,6.007,1,0,61.747,-0.03125,-0.033854167,0,0,0,0,9,9,27,1,c,Il paziente non ha preso il Batatrim,Il paziente ha superato la crisi,,,,,,,,,,,,,,,,,,,,,,,,,,,,,,,,,,,,,,,,,,,,,,,,,,,,,,,,,,,,,,,,,,,,,,,,,,,,,,,,,,,,,,
,,,,,,,,[(%PROLIFIC_PID,1,2025-04-16_18h56.24.201,CLTandFLE,2024.1.5,Win32,60.09615385,5a77529ff49c9a0001f2fdbd,67ffc4c40efe1bd1090b10ee,67ffe1188a456e5d825ea63a,,,,,,,,,,,,,,,,,,,,,,,,,,,,,,,,,,,,,,,,,,,182.658,188.003,5.344,0,1,67.091,0,-0.044270833,0,0,0,0,10,10,3,1,a,Il paziente ha preso il Batatrim,Il paziente ha superato la crisi,,,,,,,,,,,,,,,,,,,,,,,,,,,,,,,,,,,,,,,,,,,,,,,,,,,,,,,,,,,,,,,,,,,,,,,,,,,,,,,,,,,,,,
,,,,,,,,[(%PROLIFIC_PID,1,2025-04-16_18h56.24.201,CLTandFLE,2024.1.5,Win32,60.09615385,5a77529ff49c9a0001f2fdbd,67ffc4c40efe1bd1090b10ee,67ffe1188a456e5d825ea63a,,,,,,,,,,,,,,,,,,,,,,,,,,,,,,,,,,,,,,,,,,,188.003,192.777,4.774,0,1,71.865,-0.009114583,-0.053385417,0,0,0,0,11,11,0,1,a,Il paziente ha preso il Batatrim,Il paziente ha superato la crisi,,,,,,,,,,,,,,,,,,,,,,,,,,,,,,,,,,,,,,,,,,,,,,,,,,,,,,,,,,,,,,,,,,,,,,,,,,,,,,,,,,,,,,
,,,,,,,,[(%PROLIFIC_PID,1,2025-04-16_18h56.24.201,CLTandFLE,2024.1.5,Win32,60.09615385,5a77529ff49c9a0001f2fdbd,67ffc4c40efe1bd1090b10ee,67ffe1188a456e5d825ea63a,,,,,,,,,,,,,,,,,,,,,,,,,,,,,,,,,,,,,,,,,,,192.778,197.534,4.755,0,1,76.62,-0.013020833,-0.06640625,0,0,0,0,12,12,28,1,c,Il paziente non ha preso il Batatrim,Il paziente ha superato la crisi,,,,,,,,,,,,,,,,,,,,,,,,,,,,,,,,,,,,,,,,,,,,,,,,,,,,,,,,,,,,,,,,,,,,,,,,,,,,,,,,,,,,,,
,,,,,,,,[(%PROLIFIC_PID,1,2025-04-16_18h56.24.201,CLTandFLE,2024.1.5,Win32,60.09615385,5a77529ff49c9a0001f2fdbd,67ffc4c40efe1bd1090b10ee,67ffe1188a456e5d825ea63a,,,,,,,,,,,,,,,,,,,,,,,,,,,,,,,,,,,,,,,,,,,197.534,202.941,5.407,0,1,82.027,-0.028645833,-0.036458333,0,0,0,0,13,13,14,1,b,Il paziente ha preso il Batatrim,Il paziente ha superato la crisi,,,,,,,,,,,,,,,,,,,,,,,,,,,,,,,,,,,,,,,,,,,,,,,,,,,,,,,,,,,,,,,,,,,,,,,,,,,,,,,,,,,,,,
,,,,,,,,[(%PROLIFIC_PID,1,2025-04-16_18h56.24.201,CLTandFLE,2024.1.5,Win32,60.09615385,5a77529ff49c9a0001f2fdbd,67ffc4c40efe1bd1090b10ee,67ffe1188a456e5d825ea63a,,,,,,,,,,,,,,,,,,,,,,,,,,,,,,,,,,,,,,,,,,,202.944,207.632,4.688,0,1,86.715,-0.01953125,-0.08203125,0,0,0,0,14,14,29,1,c,Il paziente non ha preso il Batatrim,Il paziente ha superato la crisi,,,,,,,,,,,,,,,,,,,,,,,,,,,,,,,,,,,,,,,,,,,,,,,,,,,,,,,,,,,,,,,,,,,,,,,,,,,,,,,,,,,,,,
,,,,,,,,[(%PROLIFIC_PID,1,2025-04-16_18h56.24.201,CLTandFLE,2024.1.5,Win32,60.09615385,5a77529ff49c9a0001f2fdbd,67ffc4c40efe1bd1090b10ee,67ffe1188a456e5d825ea63a,,,,,,,,,,,,,,,,,,,,,,,,,,,,,,,,,,,,,,,,,,,207.633,212.445,4.81,1,0,91.525,0.01171875,-0.0390625,0,0,0,0,15,15,2,1,a,Il paziente ha preso il Batatrim,Il paziente ha superato la crisi,,,,,,,,,,,,,,,,,,,,,,,,,,,,,,,,,,,,,,,,,,,,,,,,,,,,,,,,,,,,,,,,,,,,,,,,,,,,,,,,,,,,,,
,,,,,,,,[(%PROLIFIC_PID,1,2025-04-16_18h56.24.201,CLTandFLE,2024.1.5,Win32,60.09615385,5a77529ff49c9a0001f2fdbd,67ffc4c40efe1bd1090b10ee,67ffe1188a456e5d825ea63a,,,,,,,,,,,,,,,,,,,,,,,,,,,,,,,,,,,,,,,,,,,212.448,217.963,5.514,1,0,97.039,-0.001302083,-0.033854167,0,0,0,0,16,16,7,1,a,Il paziente ha preso il Batatrim,Il paziente ha superato la crisi,,,,,,,,,,,,,,,,,,,,,,,,,,,,,,,,,,,,,,,,,,,,,,,,,,,,,,,,,,,,,,,,,,,,,,,,,,,,,,,,,,,,,,
,,,,,,,,[(%PROLIFIC_PID,1,2025-04-16_18h56.24.201,CLTandFLE,2024.1.5,Win32,60.09615385,5a77529ff49c9a0001f2fdbd,67ffc4c40efe1bd1090b10ee,67ffe1188a456e5d825ea63a,,,,,,,,,,,,,,,,,,,,,,,,,,,,,,,,,,,,,,,,,,,217.964,222.572,4.607,1,0,101.646,-0.029947917,-0.059895833,0,0,0,0,17,17,11,1,a,Il paziente ha preso il Batatrim,Il paziente ha superato la crisi,,,,,,,,,,,,,,,,,,,,,,,,,,,,,,,,,,,,,,,,,,,,,,,,,,,,,,,,,,,,,,,,,,,,,,,,,,,,,,,,,,,,,,
,,,,,,,,[(%PROLIFIC_PID,1,2025-04-16_18h56.24.201,CLTandFLE,2024.1.5,Win32,60.09615385,5a77529ff49c9a0001f2fdbd,67ffc4c40efe1bd1090b10ee,67ffe1188a456e5d825ea63a,,,,,,,,,,,,,,,,,,,,,,,,,,,,,,,,,,,,,,,,,,,222.576,227.191,4.615,1,0,106.261,0.01171875,-0.04296875,0,0,0,0,18,18,5,1,a,Il paziente ha preso il Batatrim,Il paziente ha superato la crisi,,,,,,,,,,,,,,,,,,,,,,,,,,,,,,,,,,,,,,,,,,,,,,,,,,,,,,,,,,,,,,,,,,,,,,,,,,,,,,,,,,,,,,
,,,,,,,,[(%PROLIFIC_PID,1,2025-04-16_18h56.24.201,CLTandFLE,2024.1.5,Win32,60.09615385,5a77529ff49c9a0001f2fdbd,67ffc4c40efe1bd1090b10ee,67ffe1188a456e5d825ea63a,,,,,,,,,,,,,,,,,,,,,,,,,,,,,,,,,,,,,,,,,,,227.191,231.63,4.439,1,0,110.7,0.001302083,-0.037760417,0,0,0,0,19,19,4,1,a,Il paziente ha preso il Batatrim,Il paziente ha superato la crisi,,,,,,,,,,,,,,,,,,,,,,,,,,,,,,,,,,,,,,,,,,,,,,,,,,,,,,,,,,,,,,,,,,,,,,,,,,,,,,,,,,,,,,
,,,,,,,,[(%PROLIFIC_PID,1,2025-04-16_18h56.24.201,CLTandFLE,2024.1.5,Win32,60.09615385,5a77529ff49c9a0001f2fdbd,67ffc4c40efe1bd1090b10ee,67ffe1188a456e5d825ea63a,,,,,,,,,,,,,,,,,,,,,,,,,,,,,,,,,,,,,,,,,,,231.633,237.527,5.894,0,1,116.594,0.015625,-0.079427083,0,0,0,0,20,20,38,1,d,Il paziente non ha preso il Batatrim,Il paziente non ha superato la crisi,,,,,,,,,,,,,,,,,,,,,,,,,,,,,,,,,,,,,,,,,,,,,,,,,,,,,,,,,,,,,,,,,,,,,,,,,,,,,,,,,,,,,,
,,,,,,,,[(%PROLIFIC_PID,1,2025-04-16_18h56.24.201,CLTandFLE,2024.1.5,Win32,60.09615385,5a77529ff49c9a0001f2fdbd,67ffc4c40efe1bd1090b10ee,67ffe1188a456e5d825ea63a,,,,,,,,,,,,,,,,,,,,,,,,,,,,,,,,,,,,,,,,,,,237.527,242.821,5.293,0,1,121.887,0.024739583,-0.061197917,0,0,0,0,21,21,37,1,d,Il paziente non ha preso il Batatrim,Il paziente non ha superato la crisi,,,,,,,,,,,,,,,,,,,,,,,,,,,,,,,,,,,,,,,,,,,,,,,,,,,,,,,,,,,,,,,,,,,,,,,,,,,,,,,,,,,,,,
,,,,,,,,[(%PROLIFIC_PID,1,2025-04-16_18h56.24.201,CLTandFLE,2024.1.5,Win32,60.09615385,5a77529ff49c9a0001f2fdbd,67ffc4c40efe1bd1090b10ee,67ffe1188a456e5d825ea63a,,,,,,,,,,,,,,,,,,,,,,,,,,,,,,,,,,,,,,,,,,,242.824,247.549,4.722,0,1,126.609,0.059895833,-0.046875,0,0,0,0,22,22,33,1,c,Il paziente non ha preso il Batatrim,Il paziente ha superato la crisi,,,,,,,,,,,,,,,,,,,,,,,,,,,,,,,,,,,,,,,,,,,,,,,,,,,,,,,,,,,,,,,,,,,,,,,,,,,,,,,,,,,,,,
,,,,,,,,[(%PROLIFIC_PID,1,2025-04-16_18h56.24.201,CLTandFLE,2024.1.5,Win32,60.09615385,5a77529ff49c9a0001f2fdbd,67ffc4c40efe1bd1090b10ee,67ffe1188a456e5d825ea63a,,,,,,,,,,,,,,,,,,,,,,,,,,,,,,,,,,,,,,,,,,,247.554,252.425,4.871,1,0,131.48,0.013020833,-0.005208333,0,0,0,0,23,23,17,1,b,Il paziente ha preso il Batatrim,Il paziente non ha superato la crisi,,,,,,,,,,,,,,,,,,,,,,,,,,,,,,,,,,,,,,,,,,,,,,,,,,,,,,,,,,,,,,,,,,,,,,,,,,,,,,,,,,,,,,
,,,,,,,,[(%PROLIFIC_PID,1,2025-04-16_18h56.24.201,CLTandFLE,2024.1.5,Win32,60.09615385,5a77529ff49c9a0001f2fdbd,67ffc4c40efe1bd1090b10ee,67ffe1188a456e5d825ea63a,,,,,,,,,,,,,,,,,,,,,,,,,,,,,,,,,,,,,,,,,,,252.429,257.637,5.208,1,0,136.688,0.055989583,-0.036458333,0,0,0,0,24,24,16,1,b,Il paziente ha preso il Batatrim,Il paziente non ha superato la crisi,,,,,,,,,,,,,,,,,,,,,,,,,,,,,,,,,,,,,,,,,,,,,,,,,,,,,,,,,,,,,,,,,,,,,,,,,,,,,,,,,,,,,,
,,,,,,,,[(%PROLIFIC_PID,1,2025-04-16_18h56.24.201,CLTandFLE,2024.1.5,Win32,60.09615385,5a77529ff49c9a0001f2fdbd,67ffc4c40efe1bd1090b10ee,67ffe1188a456e5d825ea63a,,,,,,,,,,,,,,,,,,,,,,,,,,,,,,,,,,,,,,,,,,,257.64,262.599,4.959,0,1,141.647,-0.033854167,-0.055989583,0,0,0,0,25,25,34,1,c,Il paziente non ha preso il Batatrim,Il paziente ha superato la crisi,,,,,,,,,,,,,,,,,,,,,,,,,,,,,,,,,,,,,,,,,,,,,,,,,,,,,,,,,,,,,,,,,,,,,,,,,,,,,,,,,,,,,,
,,,,,,,,[(%PROLIFIC_PID,1,2025-04-16_18h56.24.201,CLTandFLE,2024.1.5,Win32,60.09615385,5a77529ff49c9a0001f2fdbd,67ffc4c40efe1bd1090b10ee,67ffe1188a456e5d825ea63a,,,,,,,,,,,,,,,,,,,,,,,,,,,,,,,,,,,,,,,,,,,262.602,267.478,4.876,0,1,146.523,0.001302083,-0.055989583,0,0,0,0,26,26,30,1,c,Il paziente non ha preso il Batatrim,Il paziente ha superato la crisi,,,,,,,,,,,,,,,,,,,,,,,,,,,,,,,,,,,,,,,,,,,,,,,,,,,,,,,,,,,,,,,,,,,,,,,,,,,,,,,,,,,,,,
,,,,,,,,[(%PROLIFIC_PID,1,2025-04-16_18h56.24.201,CLTandFLE,2024.1.5,Win32,60.09615385,5a77529ff49c9a0001f2fdbd,67ffc4c40efe1bd1090b10ee,67ffe1188a456e5d825ea63a,,,,,,,,,,,,,,,,,,,,,,,,,,,,,,,,,,,,,,,,,,,267.483,271.995,4.511,1,0,151.034,-0.010416667,-0.02734375,0,0,0,0,27,27,1,1,a,Il paziente ha preso il Batatrim,Il paziente ha superato la crisi,,,,,,,,,,,,,,,,,,,,,,,,,,,,,,,,,,,,,,,,,,,,,,,,,,,,,,,,,,,,,,,,,,,,,,,,,,,,,,,,,,,,,,
,,,,,,,,[(%PROLIFIC_PID,1,2025-04-16_18h56.24.201,CLTandFLE,2024.1.5,Win32,60.09615385,5a77529ff49c9a0001f2fdbd,67ffc4c40efe1bd1090b10ee,67ffe1188a456e5d825ea63a,,,,,,,,,,,,,,,,,,,,,,,,,,,,,,,,,,,,,,,,,,,271.995,276.547,4.551,0,1,155.585,-0.022135417,-0.041666667,0,0,0,0,28,28,21,1,c,Il paziente non ha preso il Batatrim,Il paziente ha superato la crisi,,,,,,,,,,,,,,,,,,,,,,,,,,,,,,,,,,,,,,,,,,,,,,,,,,,,,,,,,,,,,,,,,,,,,,,,,,,,,,,,,,,,,,
,,,,,,,,[(%PROLIFIC_PID,1,2025-04-16_18h56.24.201,CLTandFLE,2024.1.5,Win32,60.09615385,5a77529ff49c9a0001f2fdbd,67ffc4c40efe1bd1090b10ee,67ffe1188a456e5d825ea63a,,,,,,,,,,,,,,,,,,,,,,,,,,,,,,,,,,,,,,,,,,,276.549,281.41,4.86,0,1,160.445,0.001302083,-0.05078125,0,0,0,0,29,29,24,1,c,Il paziente non ha preso il Batatrim,Il paziente ha superato la crisi,,,,,,,,,,,,,,,,,,,,,,,,,,,,,,,,,,,,,,,,,,,,,,,,,,,,,,,,,,,,,,,,,,,,,,,,,,,,,,,,,,,,,,
,,,,,,,,[(%PROLIFIC_PID,1,2025-04-16_18h56.24.201,CLTandFLE,2024.1.5,Win32,60.09615385,5a77529ff49c9a0001f2fdbd,67ffc4c40efe1bd1090b10ee,67ffe1188a456e5d825ea63a,,,,,,,,,,,,,,,,,,,,,,,,,,,,,,,,,,,,,,,,,,,281.411,286.325,4.914,0,1,165.359,0,-0.0390625,0,0,0,0,30,30,20,1,c,Il paziente non ha preso il Batatrim,Il paziente ha superato la crisi,,,,,,,,,,,,,,,,,,,,,,,,,,,,,,,,,,,,,,,,,,,,,,,,,,,,,,,,,,,,,,,,,,,,,,,,,,,,,,,,,,,,,,
,,,,,,,,[(%PROLIFIC_PID,1,2025-04-16_18h56.24.201,CLTandFLE,2024.1.5,Win32,60.09615385,5a77529ff49c9a0001f2fdbd,67ffc4c40efe1bd1090b10ee,67ffe1188a456e5d825ea63a,,,,,,,,,,,,,,,,,,,,,,,,,,,,,,,,,,,,,,,,,,,286.329,291.297,4.967,0,1,170.326,0.059895833,-0.044270833,0,0,0,0,31,31,36,1,d,Il paziente non ha preso il Batatrim,Il paziente non ha superato la crisi,,,,,,,,,,,,,,,,,,,,,,,,,,,,,,,,,,,,,,,,,,,,,,,,,,,,,,,,,,,,,,,,,,,,,,,,,,,,,,,,,,,,,,
,,,,,,,,[(%PROLIFIC_PID,1,2025-04-16_18h56.24.201,CLTandFLE,2024.1.5,Win32,60.09615385,5a77529ff49c9a0001f2fdbd,67ffc4c40efe1bd1090b10ee,67ffe1188a456e5d825ea63a,,,,,,,,,,,,,,,,,,,,,,,,,,,,,,,,,,,,,,,,,,,291.297,296.02,4.722,0,1,175.048,0.0078125,-0.036458333,0,0,0,0,32,32,35,1,d,Il paziente non ha preso il Batatrim,Il paziente non ha superato la crisi,,,,,,,,,,,,,,,,,,,,,,,,,,,,,,,,,,,,,,,,,,,,,,,,,,,,,,,,,,,,,,,,,,,,,,,,,,,,,,,,,,,,,,
,,,,,,,,[(%PROLIFIC_PID,1,2025-04-16_18h56.24.201,CLTandFLE,2024.1.5,Win32,60.09615385,5a77529ff49c9a0001f2fdbd,67ffc4c40efe1bd1090b10ee,67ffe1188a456e5d825ea63a,,,,,,,,,,,,,,,,,,,,,,,,,,,,,,,,,,,,,,,,,,,296.021,300.645,4.624,0,1,179.672,0.1015625,-0.071614583,0,0,0,0,33,33,25,1,c,Il paziente non ha preso il Batatrim,Il paziente ha superato la crisi,,,,,,,,,,,,,,,,,,,,,,,,,,,,,,,,,,,,,,,,,,,,,,,,,,,,,,,,,,,,,,,,,,,,,,,,,,,,,,,,,,,,,,
,,,,,,,,[(%PROLIFIC_PID,1,2025-04-16_18h56.24.201,CLTandFLE,2024.1.5,Win32,60.09615385,5a77529ff49c9a0001f2fdbd,67ffc4c40efe1bd1090b10ee,67ffe1188a456e5d825ea63a,,,,,,,,,,,,,,,,,,,,,,,,,,,,,,,,,,,,,,,,,,,300.649,305.117,4.468,0,1,184.14,0.080729167,-0.075520833,0,0,0,0,34,34,23,1,c,Il paziente non ha preso il Batatrim,Il paziente ha superato la crisi,,,,,,,,,,,,,,,,,,,,,,,,,,,,,,,,,,,,,,,,,,,,,,,,,,,,,,,,,,,,,,,,,,,,,,,,,,,,,,,,,,,,,,
,,,,,,,,[(%PROLIFIC_PID,1,2025-04-16_18h56.24.201,CLTandFLE,2024.1.5,Win32,60.09615385,5a77529ff49c9a0001f2fdbd,67ffc4c40efe1bd1090b10ee,67ffe1188a456e5d825ea63a,,,,,,,,,,,,,,,,,,,,,,,,,,,,,,,,,,,,,,,,,,,305.118,309.967,4.848,0,1,188.988,0.084635417,-0.063802083,0,0,0,0,35,35,9,1,a,Il paziente ha preso il Batatrim,Il paziente ha superato la crisi,,,,,,,,,,,,,,,,,,,,,,,,,,,,,,,,,,,,,,,,,,,,,,,,,,,,,,,,,,,,,,,,,,,,,,,,,,,,,,,,,,,,,,
,,,,,,,,[(%PROLIFIC_PID,1,2025-04-16_18h56.24.201,CLTandFLE,2024.1.5,Win32,60.09615385,5a77529ff49c9a0001f2fdbd,67ffc4c40efe1bd1090b10ee,67ffe1188a456e5d825ea63a,,,,,,,,,,,,,,,,,,,,,,,,,,,,,,,,,,,,,,,,,,,309.97,315.083,5.113,0,1,194.101,0.201822917,-0.0390625,0,0,0,0,36,36,32,1,c,Il paziente non ha preso il Batatrim,Il paziente ha superato la crisi,,,,,,,,,,,,,,,,,,,,,,,,,,,,,,,,,,,,,,,,,,,,,,,,,,,,,,,,,,,,,,,,,,,,,,,,,,,,,,,,,,,,,,
,,,,,,,,[(%PROLIFIC_PID,1,2025-04-16_18h56.24.201,CLTandFLE,2024.1.5,Win32,60.09615385,5a77529ff49c9a0001f2fdbd,67ffc4c40efe1bd1090b10ee,67ffe1188a456e5d825ea63a,,,,,,,,,,,,,,,,,,,,,,,,,,,,,,,,,,,,,,,,,,,315.084,320.403,5.319,1,0,199.42,0.036458333,-0.0234375,0,0,0,0,37,37,10,1,a,Il paziente ha preso il Batatrim,Il paziente ha superato la crisi,,,,,,,,,,,,,,,,,,,,,,,,,,,,,,,,,,,,,,,,,,,,,,,,,,,,,,,,,,,,,,,,,,,,,,,,,,,,,,,,,,,,,,
,,,,,,,,[(%PROLIFIC_PID,1,2025-04-16_18h56.24.201,CLTandFLE,2024.1.5,Win32,60.09615385,5a77529ff49c9a0001f2fdbd,67ffc4c40efe1bd1090b10ee,67ffe1188a456e5d825ea63a,,,,,,,,,,,,,,,,,,,,,,,,,,,,,,,,,,,,,,,,,,,320.404,325.3,4.895,0,1,204.315,-0.161458333,-0.040364583,0,0,0,0,38,38,26,1,c,Il paziente non ha preso il Batatrim,Il paziente ha superato la crisi,,,,,,,,,,,,,,,,,,,,,,,,,,,,,,,,,,,,,,,,,,,,,,,,,,,,,,,,,,,,,,,,,,,,,,,,,,,,,,,,,,,,,,
,,,,,,,,[(%PROLIFIC_PID,1,2025-04-16_18h56.24.201,CLTandFLE,2024.1.5,Win32,60.09615385,5a77529ff49c9a0001f2fdbd,67ffc4c40efe1bd1090b10ee,67ffe1188a456e5d825ea63a,,,,,,,,,,,,,,,,,,,,,,,,,,,,,,,,,,,,,,,,,,,325.3,330.7,5.4,1,0,209.715,-0.1015625,-0.040364583,0,0,0,0,39,39,6,1,a,Il paziente ha preso il Batatrim,Il paziente ha superato la crisi,,,,,,,,,,,,,,,,,,,,,,,,,,,,,,,,,,,,,,,,,,,,,,,,,,,,,,,,,,,,,,,,,,,,,,,,,,,,,,,,,,,,,,
,,,,,,,,[(%PROLIFIC_PID,1,2025-04-16_18h56.24.201,CLTandFLE,2024.1.5,Win32,60.09615385,5a77529ff49c9a0001f2fdbd,67ffc4c40efe1bd1090b10ee,67ffe1188a456e5d825ea63a,,368.518,369.511,,,,,,,,,,,,,,,,,,,,,,,,,,,,,,,,,,,,,,,,,,,,,,,,,,,,,,,,,,,331.698,348.866,17.166,80,15.68,0.053385417,-0.2109375,1,0,0,349.864,368.518,18.652,92,17.778,0.0625,-0.217447917,1,0,0,12,30,8,20,0,0,0,0,1,,,,,,,,,,,,,,,,,,,,,,,,,,,,,,,,,,,,,,,,,,,,,,,,,,,,,,,,,
,,,,,,,,[(%PROLIFIC_PID,1,2025-04-16_18h56.24.201,CLTandFLE,2024.1.5,Win32,60.09615385,5a77529ff49c9a0001f2fdbd,67ffc4c40efe1bd1090b10ee,67ffe1188a456e5d825ea63a,,535.634,536.631,,,,,,,,,,,,,,,,,,,,,,,,,,,,,,,,,,,,,,,,,,,,,,,,,,,,,,,,,,,,,,,,,,,,,,,,,,,,,,,,,,,,,,,,447.426,457.095,9.666,1,6.498,0.0234375,-0.19921875,1,0,0,35,Maschio,No,16,No,TRUE,FALSE,8,7,8,6,5,FALSE,Conferma,c1ok,c2ok,c3ok,c4err2,c5ok,c6ok,c7ok,c8err3,c9err2,c10ok,c11ok,c12err,c13ok,c14err2,c15ok,c16err3,c17ok,c18err2,c19err2,c20ok,c21err,c22err2,c23ok,c24err3,c25ok,c26ok,843.102,849.841,0,0,0,0,1
