﻿Alfa.started,Alfa.stopped,alfa_mouse.x,alfa_mouse.y,alfa_mouse.leftButton,alfa_mouse.midButton,alfa_mouse.rightButton,alfa_mouse.clicked_name,participant,group,date,expName,psychopyVersion,OS,frameRate,PROLIFIC_PID,STUDY_ID,SESSION_ID,)],ITI.started,ITI.stopped,B_consensoinformato.started,B_consensoinformato.stopped,tempo_consenso,cons_mouse.x,cons_mouse.y,cons_mouse.leftButton,cons_mouse.midButton,cons_mouse.rightButton,A_benvenuto.started,A_benvenuto.stopped,ben_mouse.x,ben_mouse.y,ben_mouse.leftButton,ben_mouse.midButton,ben_mouse.rightButton,B2_istruzioni.started,B2_istruzioni.stopped,tempo_istru,cons_mouse_2.x,cons_mouse_2.y,cons_mouse_2.leftButton,cons_mouse_2.midButton,cons_mouse_2.rightButton,SAMevaluation.started,SAMevaluation.stopped,temposam,sliderintensity.response,sliderintensity.rt,slidervalence.response,slidervalence.rt,mouse_sam.x,mouse_sam.y,mouse_sam.leftButton,mouse_sam.midButton,mouse_sam.rightButton,mouse_sam.time,mouse_sam.clicked_name,Loading.started,Loading.stopped,C_associative_task.started,C_associative_task.stopped,tempo_trial,hapremutosi,hapremutono,tempo_tasktot,mouse.x,mouse.y,mouse.leftButton,mouse.midButton,mouse.rightButton,trials.thisRepN,trials.thisTrialN,trials.thisN,trials.thisIndex,trials.ran,cond,causa,effetto,D_VD.started,D_VD.stopped,tempo_vd,vd.response,vd.rt,mouse_vd.x,mouse_vd.y,mouse_vd.leftButton,mouse_vd.midButton,mouse_vd.rightButton,Previous.started,Previous.stopped,tempo_vd1,previous.response,previous.rt,mouse_vd_2.x,mouse_vd_2.y,mouse_vd_2.leftButton,mouse_vd_2.midButton,mouse_vd_2.rightButton,EstITA.TrialSN,EstITA.TrialD,EstITA.TrialNS,EstITA.TrialSS,itaest.thisRepN,itaest.thisTrialN,itaest.thisN,itaest.thisIndex,itaest.ran,PF.started,PF.stopped,tempo_pf,processfluency.response,processfluency.rt,mouse_ch.x,mouse_ch.y,mouse_ch.leftButton,mouse_ch.midButton,mouse_ch.rightButton,Questionario_Lingua.Age,Questionario_Lingua.Sesso,Questionario_Lingua.StaiStudiando?,Questionario_Lingua.Anniscolarita,Questionario_Lingua.Diploma,Questionario_Lingua.ItaMADRE?,Questionario_Lingua.INGmadre?,Questionario_Lingua.Q5(AOAIng),Questionario_Lingua.INGLETTURA,Questionario_Lingua.INGCOMPRESO,Questionario_Lingua.INGSCRITTO,Questionario_Lingua.INGPARLATO,Questionario_Lingua.haivissutoestero,ProvaInglese.ProcediamoENg,ProvaInglese.C1,ProvaInglese.C2,ProvaInglese.C3,ProvaInglese.C4,ProvaInglese.C5,ProvaInglese.C6,ProvaInglese.C7,ProvaInglese.C8,ProvaInglese.C9,ProvaInglese.C10,ProvaInglese.C11,ProvaInglese.C12,ProvaInglese.C13,ProvaInglese.C14,ProvaInglese.C15,ProvaInglese.C16,ProvaInglese.C17,ProvaInglese.C18,ProvaInglese.C19,ProvaInglese.C20,ProvaInglese.C21,ProvaInglese.C22,ProvaInglese.C23,ProvaInglese.C24,ProvaInglese.C25,ProvaInglese.controlquestion,Ant_lastquestion.started,Ant_lastquestion.stopped,exp_loop.thisRepN,exp_loop.thisTrialN,exp_loop.thisN,exp_loop.thisIndex,exp_loop.ran
0.000200001,11.3976,-0.040740741,0.00462963,1,0,0,alfa_mask,[(%PROLIFIC_PID,1,2025-04-16_19h11.15.221,CLTandFLE,2024.1.5,Win32,59.88023952,6066e7ea9a055fbb18974846,67ffc4c40efe1bd1090b10ee,67ffe4a40b25b2c6482183fa,,,,,,,,,,,,,,,,,,,,,,,,,,,,,,,,,,,,,,,,,,,,,,,,,,,,,,,,,,,,,,,,,,,,,,,,,,,,,,,,,,,,,,,,,,,,,,,,,,,,,,,,,,,,,,,,,,,,,,,,,,,,,,,,,,,,,,,,,,,,,,,,,,,
,,,,,,,,[(%PROLIFIC_PID,1,2025-04-16_19h11.15.221,CLTandFLE,2024.1.5,Win32,59.88023952,6066e7ea9a055fbb18974846,67ffc4c40efe1bd1090b10ee,67ffe4a40b25b2c6482183fa,,11.3978,12.3968,,,,,,,,,,,,,,,,,,,,,,,,,,,,,,,,,,,,,,,,,,,,,,,,,,,,,,,,,,,,,,,,,,,,,,,,,,,,,,,,,,,,,,,,,,,,,,,,,,,,,,,,,,,,,,,,,,,,,,,,,,,,,,,,,,,,,,,,,,,,,,,,
,,,,,,,,[(%PROLIFIC_PID,1,2025-04-16_19h11.15.221,CLTandFLE,2024.1.5,Win32,59.88023952,6066e7ea9a055fbb18974846,67ffc4c40efe1bd1090b10ee,67ffe4a40b25b2c6482183fa,,,,12.3969,17.8275,5.430099999,0.176851852,-0.391666667,1,0,0,,,,,,,,,,,,,,,,,,,,,,,,,,,,,,,,,,,,,,,,,,,,,,,,,,,,,,,,,,,,,,,,,,,,,,,,,,,,,,,,,,,,,,,,,,,,,,,,,,,,,,,,,,,,,,,,,,,,,,,,,,,,,,,,,,,,,,,,
,,,,,,,,[(%PROLIFIC_PID,1,2025-04-16_19h11.15.221,CLTandFLE,2024.1.5,Win32,59.88023952,6066e7ea9a055fbb18974846,67ffc4c40efe1bd1090b10ee,67ffe4a40b25b2c6482183fa,,111.4667,112.4667,,,,,,,,,18.8272,21.0277,-0.012962963,-0.010185185,1,0,0,22.0272,83.3985,61.3707,-0.001851852,-0.396296296,1,0,0,84.3983,103.4664,19.0676,0.03125,18.3291,0.255787037,13.345,"[0.011111111111111112,-0.000925925925925926,0.07222222222222222,-0.003703703703703704,0.040740740740740744]","[0.2064814814814815,-0.003703703703703704,0.21666666666666667,0.004629629629629629,-0.21666666666666667]","[1,1,1,1,1]","[0,0,0,0,0]","[0,0,0,0,0]","[3.7946000003814646,8.594600000381462,12.628600000381468,16.62849999999999,19.062100000381463]","[""slidervalence"",""slidervalence"",""rettoksam""]",104.4667,111.4667,112.482,120.6842,8.201700001,0,1,8.201700001,0.117592593,-0.047222222,0,0,0,0,0,0,35,1,d,Il paziente non ha preso il Batatrim,Il paziente non ha superato la crisi,,,,,,,,,,,,,,,,,,,,,,,,,,,,,,,,,,,,,,,,,,,,,,,,,,,,,,,,,,,,,,,,,,,,,,,,,,,,,,,,,,,,,,
,,,,,,,,[(%PROLIFIC_PID,1,2025-04-16_19h11.15.221,CLTandFLE,2024.1.5,Win32,59.88023952,6066e7ea9a055fbb18974846,67ffc4c40efe1bd1090b10ee,67ffe4a40b25b2c6482183fa,,,,,,,,,,,,,,,,,,,,,,,,,,,,,,,,,,,,,,,,,,,120.6846,125.9175,5.2326,1,0,13.4343,-0.228703704,-0.043518519,0,0,0,0,1,1,15,1,b,Il paziente ha preso il Batatrim,Il paziente non ha superato la crisi,,,,,,,,,,,,,,,,,,,,,,,,,,,,,,,,,,,,,,,,,,,,,,,,,,,,,,,,,,,,,,,,,,,,,,,,,,,,,,,,,,,,,,
,,,,,,,,[(%PROLIFIC_PID,1,2025-04-16_19h11.15.221,CLTandFLE,2024.1.5,Win32,59.88023952,6066e7ea9a055fbb18974846,67ffc4c40efe1bd1090b10ee,67ffe4a40b25b2c6482183fa,,,,,,,,,,,,,,,,,,,,,,,,,,,,,,,,,,,,,,,,,,,125.9177,131.4018,5.483799999,0,1,18.9181,-0.089814815,0.002777778,0,0,0,0,2,2,36,1,d,Il paziente non ha preso il Batatrim,Il paziente non ha superato la crisi,,,,,,,,,,,,,,,,,,,,,,,,,,,,,,,,,,,,,,,,,,,,,,,,,,,,,,,,,,,,,,,,,,,,,,,,,,,,,,,,,,,,,,
,,,,,,,,[(%PROLIFIC_PID,1,2025-04-16_19h11.15.221,CLTandFLE,2024.1.5,Win32,59.88023952,6066e7ea9a055fbb18974846,67ffc4c40efe1bd1090b10ee,67ffe4a40b25b2c6482183fa,,,,,,,,,,,,,,,,,,,,,,,,,,,,,,,,,,,,,,,,,,,131.4021,136.3018,4.899400001,1,0,23.8175,-0.080555556,-0.018518519,0,0,0,0,3,3,27,1,c,Il paziente non ha preso il Batatrim,Il paziente ha superato la crisi,,,,,,,,,,,,,,,,,,,,,,,,,,,,,,,,,,,,,,,,,,,,,,,,,,,,,,,,,,,,,,,,,,,,,,,,,,,,,,,,,,,,,,
,,,,,,,,[(%PROLIFIC_PID,1,2025-04-16_19h11.15.221,CLTandFLE,2024.1.5,Win32,59.88023952,6066e7ea9a055fbb18974846,67ffc4c40efe1bd1090b10ee,67ffe4a40b25b2c6482183fa,,,,,,,,,,,,,,,,,,,,,,,,,,,,,,,,,,,,,,,,,,,136.3022,142.1021,5.7997,1,0,29.6172,-0.092592593,-0.02962963,0,0,0,0,4,4,14,1,b,Il paziente ha preso il Batatrim,Il paziente ha superato la crisi,,,,,,,,,,,,,,,,,,,,,,,,,,,,,,,,,,,,,,,,,,,,,,,,,,,,,,,,,,,,,,,,,,,,,,,,,,,,,,,,,,,,,,
,,,,,,,,[(%PROLIFIC_PID,1,2025-04-16_19h11.15.221,CLTandFLE,2024.1.5,Win32,59.88023952,6066e7ea9a055fbb18974846,67ffc4c40efe1bd1090b10ee,67ffe4a40b25b2c6482183fa,,,,,,,,,,,,,,,,,,,,,,,,,,,,,,,,,,,,,,,,,,,142.1025,147.5192,5.4165,0,1,35.0337,-0.240740741,-0.093518519,0,0,0,0,5,5,38,1,d,Il paziente non ha preso il Batatrim,Il paziente non ha superato la crisi,,,,,,,,,,,,,,,,,,,,,,,,,,,,,,,,,,,,,,,,,,,,,,,,,,,,,,,,,,,,,,,,,,,,,,,,,,,,,,,,,,,,,,
,,,,,,,,[(%PROLIFIC_PID,1,2025-04-16_19h11.15.221,CLTandFLE,2024.1.5,Win32,59.88023952,6066e7ea9a055fbb18974846,67ffc4c40efe1bd1090b10ee,67ffe4a40b25b2c6482183fa,,,,,,,,,,,,,,,,,,,,,,,,,,,,,,,,,,,,,,,,,,,147.5195,152.3194,4.799700001,1,0,39.8334,-0.136111111,-0.030555556,0,0,0,0,6,6,5,1,a,Il paziente ha preso il Batatrim,Il paziente ha superato la crisi,,,,,,,,,,,,,,,,,,,,,,,,,,,,,,,,,,,,,,,,,,,,,,,,,,,,,,,,,,,,,,,,,,,,,,,,,,,,,,,,,,,,,,
,,,,,,,,[(%PROLIFIC_PID,1,2025-04-16_19h11.15.221,CLTandFLE,2024.1.5,Win32,59.88023952,6066e7ea9a055fbb18974846,67ffc4c40efe1bd1090b10ee,67ffe4a40b25b2c6482183fa,,,,,,,,,,,,,,,,,,,,,,,,,,,,,,,,,,,,,,,,,,,152.3197,157.4531,5.133299999,1,0,44.9667,-0.136111111,-0.030555556,0,0,0,0,7,7,6,1,a,Il paziente ha preso il Batatrim,Il paziente ha superato la crisi,,,,,,,,,,,,,,,,,,,,,,,,,,,,,,,,,,,,,,,,,,,,,,,,,,,,,,,,,,,,,,,,,,,,,,,,,,,,,,,,,,,,,,
,,,,,,,,[(%PROLIFIC_PID,1,2025-04-16_19h11.15.221,CLTandFLE,2024.1.5,Win32,59.88023952,6066e7ea9a055fbb18974846,67ffc4c40efe1bd1090b10ee,67ffe4a40b25b2c6482183fa,,,,,,,,,,,,,,,,,,,,,,,,,,,,,,,,,,,,,,,,,,,157.4535,162.2033,4.749700001,0,1,49.7164,0.215740741,-0.036111111,0,0,0,0,8,8,29,1,c,Il paziente non ha preso il Batatrim,Il paziente ha superato la crisi,,,,,,,,,,,,,,,,,,,,,,,,,,,,,,,,,,,,,,,,,,,,,,,,,,,,,,,,,,,,,,,,,,,,,,,,,,,,,,,,,,,,,,
,,,,,,,,[(%PROLIFIC_PID,1,2025-04-16_19h11.15.221,CLTandFLE,2024.1.5,Win32,59.88023952,6066e7ea9a055fbb18974846,67ffc4c40efe1bd1090b10ee,67ffe4a40b25b2c6482183fa,,,,,,,,,,,,,,,,,,,,,,,,,,,,,,,,,,,,,,,,,,,162.2038,167.5205,5.316400001,0,1,55.0328,-0.055555556,-0.037962963,0,0,0,0,9,9,26,1,c,Il paziente non ha preso il Batatrim,Il paziente ha superato la crisi,,,,,,,,,,,,,,,,,,,,,,,,,,,,,,,,,,,,,,,,,,,,,,,,,,,,,,,,,,,,,,,,,,,,,,,,,,,,,,,,,,,,,,
,,,,,,,,[(%PROLIFIC_PID,1,2025-04-16_19h11.15.221,CLTandFLE,2024.1.5,Win32,59.88023952,6066e7ea9a055fbb18974846,67ffc4c40efe1bd1090b10ee,67ffe4a40b25b2c6482183fa,,,,,,,,,,,,,,,,,,,,,,,,,,,,,,,,,,,,,,,,,,,167.5208,172.4875,4.966400001,0,1,59.9992,0.164814815,-0.034259259,0,0,0,0,10,10,22,1,c,Il paziente non ha preso il Batatrim,Il paziente ha superato la crisi,,,,,,,,,,,,,,,,,,,,,,,,,,,,,,,,,,,,,,,,,,,,,,,,,,,,,,,,,,,,,,,,,,,,,,,,,,,,,,,,,,,,,,
,,,,,,,,[(%PROLIFIC_PID,1,2025-04-16_19h11.15.221,CLTandFLE,2024.1.5,Win32,59.88023952,6066e7ea9a055fbb18974846,67ffc4c40efe1bd1090b10ee,67ffe4a40b25b2c6482183fa,,,,,,,,,,,,,,,,,,,,,,,,,,,,,,,,,,,,,,,,,,,172.4876,177.7044,5.2167,1,0,65.2159,-0.199074074,-0.032407407,0,0,0,0,11,11,4,1,a,Il paziente ha preso il Batatrim,Il paziente ha superato la crisi,,,,,,,,,,,,,,,,,,,,,,,,,,,,,,,,,,,,,,,,,,,,,,,,,,,,,,,,,,,,,,,,,,,,,,,,,,,,,,,,,,,,,,
,,,,,,,,[(%PROLIFIC_PID,1,2025-04-16_19h11.15.221,CLTandFLE,2024.1.5,Win32,59.88023952,6066e7ea9a055fbb18974846,67ffc4c40efe1bd1090b10ee,67ffe4a40b25b2c6482183fa,,,,,,,,,,,,,,,,,,,,,,,,,,,,,,,,,,,,,,,,,,,177.7048,183.9549,6.249900001,1,0,71.4658,-0.187962963,-0.02962963,0,0,0,0,12,12,19,1,b,Il paziente ha preso il Batatrim,Il paziente non ha superato la crisi,,,,,,,,,,,,,,,,,,,,,,,,,,,,,,,,,,,,,,,,,,,,,,,,,,,,,,,,,,,,,,,,,,,,,,,,,,,,,,,,,,,,,,
,,,,,,,,[(%PROLIFIC_PID,1,2025-04-16_19h11.15.221,CLTandFLE,2024.1.5,Win32,59.88023952,6066e7ea9a055fbb18974846,67ffc4c40efe1bd1090b10ee,67ffe4a40b25b2c6482183fa,,,,,,,,,,,,,,,,,,,,,,,,,,,,,,,,,,,,,,,,,,,183.9553,190.0053,6.0498,1,0,77.5156,-0.141666667,-0.028703704,0,0,0,0,13,13,17,1,b,Il paziente ha preso il Batatrim,Il paziente non ha superato la crisi,,,,,,,,,,,,,,,,,,,,,,,,,,,,,,,,,,,,,,,,,,,,,,,,,,,,,,,,,,,,,,,,,,,,,,,,,,,,,,,,,,,,,,
,,,,,,,,[(%PROLIFIC_PID,1,2025-04-16_19h11.15.221,CLTandFLE,2024.1.5,Win32,59.88023952,6066e7ea9a055fbb18974846,67ffc4c40efe1bd1090b10ee,67ffe4a40b25b2c6482183fa,,,,,,,,,,,,,,,,,,,,,,,,,,,,,,,,,,,,,,,,,,,190.0057,196.5056,6.4997,0,1,84.0153,0.14537037,-0.037037037,0,0,0,0,14,14,13,1,a,Il paziente ha preso il Batatrim,Il paziente ha superato la crisi,,,,,,,,,,,,,,,,,,,,,,,,,,,,,,,,,,,,,,,,,,,,,,,,,,,,,,,,,,,,,,,,,,,,,,,,,,,,,,,,,,,,,,
,,,,,,,,[(%PROLIFIC_PID,1,2025-04-16_19h11.15.221,CLTandFLE,2024.1.5,Win32,59.88023952,6066e7ea9a055fbb18974846,67ffc4c40efe1bd1090b10ee,67ffe4a40b25b2c6482183fa,,,,,,,,,,,,,,,,,,,,,,,,,,,,,,,,,,,,,,,,,,,196.5061,201.3893,4.8831,0,1,88.8984,0.156481481,-0.036111111,0,0,0,0,15,15,33,1,c,Il paziente non ha preso il Batatrim,Il paziente ha superato la crisi,,,,,,,,,,,,,,,,,,,,,,,,,,,,,,,,,,,,,,,,,,,,,,,,,,,,,,,,,,,,,,,,,,,,,,,,,,,,,,,,,,,,,,
,,,,,,,,[(%PROLIFIC_PID,1,2025-04-16_19h11.15.221,CLTandFLE,2024.1.5,Win32,59.88023952,6066e7ea9a055fbb18974846,67ffc4c40efe1bd1090b10ee,67ffe4a40b25b2c6482183fa,,,,,,,,,,,,,,,,,,,,,,,,,,,,,,,,,,,,,,,,,,,201.3897,209.1899,7.8,1,0,96.6984,-0.155555556,-0.035185185,0,0,0,0,16,16,12,1,a,Il paziente ha preso il Batatrim,Il paziente ha superato la crisi,,,,,,,,,,,,,,,,,,,,,,,,,,,,,,,,,,,,,,,,,,,,,,,,,,,,,,,,,,,,,,,,,,,,,,,,,,,,,,,,,,,,,,
,,,,,,,,[(%PROLIFIC_PID,1,2025-04-16_19h11.15.221,CLTandFLE,2024.1.5,Win32,59.88023952,6066e7ea9a055fbb18974846,67ffc4c40efe1bd1090b10ee,67ffe4a40b25b2c6482183fa,,,,,,,,,,,,,,,,,,,,,,,,,,,,,,,,,,,,,,,,,,,209.1902,213.89,4.6997,1,0,101.3981,-0.153703704,-0.033333333,0,0,0,0,17,17,0,1,a,Il paziente ha preso il Batatrim,Il paziente ha superato la crisi,,,,,,,,,,,,,,,,,,,,,,,,,,,,,,,,,,,,,,,,,,,,,,,,,,,,,,,,,,,,,,,,,,,,,,,,,,,,,,,,,,,,,,
,,,,,,,,[(%PROLIFIC_PID,1,2025-04-16_19h11.15.221,CLTandFLE,2024.1.5,Win32,59.88023952,6066e7ea9a055fbb18974846,67ffc4c40efe1bd1090b10ee,67ffe4a40b25b2c6482183fa,,,,,,,,,,,,,,,,,,,,,,,,,,,,,,,,,,,,,,,,,,,213.8904,219.3239,5.4333,0,1,106.8314,0.098148148,-0.05,0,0,0,0,18,18,23,1,c,Il paziente non ha preso il Batatrim,Il paziente ha superato la crisi,,,,,,,,,,,,,,,,,,,,,,,,,,,,,,,,,,,,,,,,,,,,,,,,,,,,,,,,,,,,,,,,,,,,,,,,,,,,,,,,,,,,,,
,,,,,,,,[(%PROLIFIC_PID,1,2025-04-16_19h11.15.221,CLTandFLE,2024.1.5,Win32,59.88023952,6066e7ea9a055fbb18974846,67ffc4c40efe1bd1090b10ee,67ffe4a40b25b2c6482183fa,,,,,,,,,,,,,,,,,,,,,,,,,,,,,,,,,,,,,,,,,,,219.3242,225.7076,6.3832,1,0,113.2146,-0.163888889,-0.040740741,0,0,0,0,19,19,7,1,a,Il paziente ha preso il Batatrim,Il paziente ha superato la crisi,,,,,,,,,,,,,,,,,,,,,,,,,,,,,,,,,,,,,,,,,,,,,,,,,,,,,,,,,,,,,,,,,,,,,,,,,,,,,,,,,,,,,,
,,,,,,,,[(%PROLIFIC_PID,1,2025-04-16_19h11.15.221,CLTandFLE,2024.1.5,Win32,59.88023952,6066e7ea9a055fbb18974846,67ffc4c40efe1bd1090b10ee,67ffe4a40b25b2c6482183fa,,,,,,,,,,,,,,,,,,,,,,,,,,,,,,,,,,,,,,,,,,,225.708,231.3582,5.649900001,0,1,118.8645,0.150925926,-0.042592593,0,0,0,0,20,20,21,1,c,Il paziente non ha preso il Batatrim,Il paziente ha superato la crisi,,,,,,,,,,,,,,,,,,,,,,,,,,,,,,,,,,,,,,,,,,,,,,,,,,,,,,,,,,,,,,,,,,,,,,,,,,,,,,,,,,,,,,
,,,,,,,,[(%PROLIFIC_PID,1,2025-04-16_19h11.15.221,CLTandFLE,2024.1.5,Win32,59.88023952,6066e7ea9a055fbb18974846,67ffc4c40efe1bd1090b10ee,67ffe4a40b25b2c6482183fa,,,,,,,,,,,,,,,,,,,,,,,,,,,,,,,,,,,,,,,,,,,231.3585,237.0583,5.6996,0,1,124.5641,0.137962963,-0.033333333,0,0,0,0,21,21,39,1,d,Il paziente non ha preso il Batatrim,Il paziente non ha superato la crisi,,,,,,,,,,,,,,,,,,,,,,,,,,,,,,,,,,,,,,,,,,,,,,,,,,,,,,,,,,,,,,,,,,,,,,,,,,,,,,,,,,,,,,
,,,,,,,,[(%PROLIFIC_PID,1,2025-04-16_19h11.15.221,CLTandFLE,2024.1.5,Win32,59.88023952,6066e7ea9a055fbb18974846,67ffc4c40efe1bd1090b10ee,67ffe4a40b25b2c6482183fa,,,,,,,,,,,,,,,,,,,,,,,,,,,,,,,,,,,,,,,,,,,237.0587,243.1588,6.0999,1,0,130.664,-0.137962963,-0.037037037,0,0,0,0,22,22,2,1,a,Il paziente ha preso il Batatrim,Il paziente ha superato la crisi,,,,,,,,,,,,,,,,,,,,,,,,,,,,,,,,,,,,,,,,,,,,,,,,,,,,,,,,,,,,,,,,,,,,,,,,,,,,,,,,,,,,,,
,,,,,,,,[(%PROLIFIC_PID,1,2025-04-16_19h11.15.221,CLTandFLE,2024.1.5,Win32,59.88023952,6066e7ea9a055fbb18974846,67ffc4c40efe1bd1090b10ee,67ffe4a40b25b2c6482183fa,,,,,,,,,,,,,,,,,,,,,,,,,,,,,,,,,,,,,,,,,,,243.1591,248.0095,4.8501,0,1,135.5141,-0.162037037,-0.038888889,0,0,0,0,23,23,28,1,c,Il paziente non ha preso il Batatrim,Il paziente ha superato la crisi,,,,,,,,,,,,,,,,,,,,,,,,,,,,,,,,,,,,,,,,,,,,,,,,,,,,,,,,,,,,,,,,,,,,,,,,,,,,,,,,,,,,,,
,,,,,,,,[(%PROLIFIC_PID,1,2025-04-16_19h11.15.221,CLTandFLE,2024.1.5,Win32,59.88023952,6066e7ea9a055fbb18974846,67ffc4c40efe1bd1090b10ee,67ffe4a40b25b2c6482183fa,,,,,,,,,,,,,,,,,,,,,,,,,,,,,,,,,,,,,,,,,,,248.0097,252.5593,4.5494,1,0,140.0635,-0.159259259,-0.037962963,0,0,0,0,24,24,3,1,a,Il paziente ha preso il Batatrim,Il paziente ha superato la crisi,,,,,,,,,,,,,,,,,,,,,,,,,,,,,,,,,,,,,,,,,,,,,,,,,,,,,,,,,,,,,,,,,,,,,,,,,,,,,,,,,,,,,,
,,,,,,,,[(%PROLIFIC_PID,1,2025-04-16_19h11.15.221,CLTandFLE,2024.1.5,Win32,59.88023952,6066e7ea9a055fbb18974846,67ffc4c40efe1bd1090b10ee,67ffe4a40b25b2c6482183fa,,,,,,,,,,,,,,,,,,,,,,,,,,,,,,,,,,,,,,,,,,,252.5597,257.4764,4.9164,1,0,144.9799,-0.159259259,-0.037962963,0,0,0,0,25,25,8,1,a,Il paziente ha preso il Batatrim,Il paziente ha superato la crisi,,,,,,,,,,,,,,,,,,,,,,,,,,,,,,,,,,,,,,,,,,,,,,,,,,,,,,,,,,,,,,,,,,,,,,,,,,,,,,,,,,,,,,
,,,,,,,,[(%PROLIFIC_PID,1,2025-04-16_19h11.15.221,CLTandFLE,2024.1.5,Win32,59.88023952,6066e7ea9a055fbb18974846,67ffc4c40efe1bd1090b10ee,67ffe4a40b25b2c6482183fa,,,,,,,,,,,,,,,,,,,,,,,,,,,,,,,,,,,,,,,,,,,257.4767,261.8768,4.3999,1,0,149.3798,-0.159259259,-0.037962963,0,0,0,0,26,26,10,1,a,Il paziente ha preso il Batatrim,Il paziente ha superato la crisi,,,,,,,,,,,,,,,,,,,,,,,,,,,,,,,,,,,,,,,,,,,,,,,,,,,,,,,,,,,,,,,,,,,,,,,,,,,,,,,,,,,,,,
,,,,,,,,[(%PROLIFIC_PID,1,2025-04-16_19h11.15.221,CLTandFLE,2024.1.5,Win32,59.88023952,6066e7ea9a055fbb18974846,67ffc4c40efe1bd1090b10ee,67ffe4a40b25b2c6482183fa,,,,,,,,,,,,,,,,,,,,,,,,,,,,,,,,,,,,,,,,,,,261.877,266.0437,4.1665,1,0,153.5463,-0.159259259,-0.037962963,0,0,0,0,27,27,11,1,a,Il paziente ha preso il Batatrim,Il paziente ha superato la crisi,,,,,,,,,,,,,,,,,,,,,,,,,,,,,,,,,,,,,,,,,,,,,,,,,,,,,,,,,,,,,,,,,,,,,,,,,,,,,,,,,,,,,,
,,,,,,,,[(%PROLIFIC_PID,1,2025-04-16_19h11.15.221,CLTandFLE,2024.1.5,Win32,59.88023952,6066e7ea9a055fbb18974846,67ffc4c40efe1bd1090b10ee,67ffe4a40b25b2c6482183fa,,,,,,,,,,,,,,,,,,,,,,,,,,,,,,,,,,,,,,,,,,,266.044,270.6107,4.566400001,1,0,158.1127,-0.142592593,-0.044444444,0,0,0,0,28,28,20,1,c,Il paziente non ha preso il Batatrim,Il paziente ha superato la crisi,,,,,,,,,,,,,,,,,,,,,,,,,,,,,,,,,,,,,,,,,,,,,,,,,,,,,,,,,,,,,,,,,,,,,,,,,,,,,,,,,,,,,,
,,,,,,,,[(%PROLIFIC_PID,1,2025-04-16_19h11.15.221,CLTandFLE,2024.1.5,Win32,59.88023952,6066e7ea9a055fbb18974846,67ffc4c40efe1bd1090b10ee,67ffe4a40b25b2c6482183fa,,,,,,,,,,,,,,,,,,,,,,,,,,,,,,,,,,,,,,,,,,,270.611,274.9273,4.316200001,1,0,162.4289,-0.142592593,-0.044444444,0,0,0,0,29,29,34,1,c,Il paziente non ha preso il Batatrim,Il paziente ha superato la crisi,,,,,,,,,,,,,,,,,,,,,,,,,,,,,,,,,,,,,,,,,,,,,,,,,,,,,,,,,,,,,,,,,,,,,,,,,,,,,,,,,,,,,,
,,,,,,,,[(%PROLIFIC_PID,1,2025-04-16_19h11.15.221,CLTandFLE,2024.1.5,Win32,59.88023952,6066e7ea9a055fbb18974846,67ffc4c40efe1bd1090b10ee,67ffe4a40b25b2c6482183fa,,,,,,,,,,,,,,,,,,,,,,,,,,,,,,,,,,,,,,,,,,,274.9276,280.1611,5.2334,1,0,167.6623,-0.142592593,-0.044444444,0,0,0,0,30,30,9,1,a,Il paziente ha preso il Batatrim,Il paziente ha superato la crisi,,,,,,,,,,,,,,,,,,,,,,,,,,,,,,,,,,,,,,,,,,,,,,,,,,,,,,,,,,,,,,,,,,,,,,,,,,,,,,,,,,,,,,
,,,,,,,,[(%PROLIFIC_PID,1,2025-04-16_19h11.15.221,CLTandFLE,2024.1.5,Win32,59.88023952,6066e7ea9a055fbb18974846,67ffc4c40efe1bd1090b10ee,67ffe4a40b25b2c6482183fa,,,,,,,,,,,,,,,,,,,,,,,,,,,,,,,,,,,,,,,,,,,280.1614,284.2614,4.0998,1,0,171.7621,-0.142592593,-0.044444444,0,0,0,0,31,31,16,1,b,Il paziente ha preso il Batatrim,Il paziente non ha superato la crisi,,,,,,,,,,,,,,,,,,,,,,,,,,,,,,,,,,,,,,,,,,,,,,,,,,,,,,,,,,,,,,,,,,,,,,,,,,,,,,,,,,,,,,
,,,,,,,,[(%PROLIFIC_PID,1,2025-04-16_19h11.15.221,CLTandFLE,2024.1.5,Win32,59.88023952,6066e7ea9a055fbb18974846,67ffc4c40efe1bd1090b10ee,67ffe4a40b25b2c6482183fa,,,,,,,,,,,,,,,,,,,,,,,,,,,,,,,,,,,,,,,,,,,284.2618,288.7617,4.4997,1,0,176.2618,-0.142592593,-0.044444444,0,0,0,0,32,32,30,1,c,Il paziente non ha preso il Batatrim,Il paziente ha superato la crisi,,,,,,,,,,,,,,,,,,,,,,,,,,,,,,,,,,,,,,,,,,,,,,,,,,,,,,,,,,,,,,,,,,,,,,,,,,,,,,,,,,,,,,
,,,,,,,,[(%PROLIFIC_PID,1,2025-04-16_19h11.15.221,CLTandFLE,2024.1.5,Win32,59.88023952,6066e7ea9a055fbb18974846,67ffc4c40efe1bd1090b10ee,67ffe4a40b25b2c6482183fa,,,,,,,,,,,,,,,,,,,,,,,,,,,,,,,,,,,,,,,,,,,288.762,293.1623,4.399900001,1,0,180.6617,-0.142592593,-0.044444444,0,0,0,0,33,33,25,1,c,Il paziente non ha preso il Batatrim,Il paziente ha superato la crisi,,,,,,,,,,,,,,,,,,,,,,,,,,,,,,,,,,,,,,,,,,,,,,,,,,,,,,,,,,,,,,,,,,,,,,,,,,,,,,,,,,,,,,
,,,,,,,,[(%PROLIFIC_PID,1,2025-04-16_19h11.15.221,CLTandFLE,2024.1.5,Win32,59.88023952,6066e7ea9a055fbb18974846,67ffc4c40efe1bd1090b10ee,67ffe4a40b25b2c6482183fa,,,,,,,,,,,,,,,,,,,,,,,,,,,,,,,,,,,,,,,,,,,293.1625,297.1457,3.9831,1,0,184.6448,-0.142592593,-0.044444444,0,0,0,0,34,34,32,1,c,Il paziente non ha preso il Batatrim,Il paziente ha superato la crisi,,,,,,,,,,,,,,,,,,,,,,,,,,,,,,,,,,,,,,,,,,,,,,,,,,,,,,,,,,,,,,,,,,,,,,,,,,,,,,,,,,,,,,
,,,,,,,,[(%PROLIFIC_PID,1,2025-04-16_19h11.15.221,CLTandFLE,2024.1.5,Win32,59.88023952,6066e7ea9a055fbb18974846,67ffc4c40efe1bd1090b10ee,67ffe4a40b25b2c6482183fa,,,,,,,,,,,,,,,,,,,,,,,,,,,,,,,,,,,,,,,,,,,297.1461,301.546,4.3998,1,0,189.0446,-0.142592593,-0.044444444,0,0,0,0,35,35,24,1,c,Il paziente non ha preso il Batatrim,Il paziente ha superato la crisi,,,,,,,,,,,,,,,,,,,,,,,,,,,,,,,,,,,,,,,,,,,,,,,,,,,,,,,,,,,,,,,,,,,,,,,,,,,,,,,,,,,,,,
,,,,,,,,[(%PROLIFIC_PID,1,2025-04-16_19h11.15.221,CLTandFLE,2024.1.5,Win32,59.88023952,6066e7ea9a055fbb18974846,67ffc4c40efe1bd1090b10ee,67ffe4a40b25b2c6482183fa,,,,,,,,,,,,,,,,,,,,,,,,,,,,,,,,,,,,,,,,,,,301.5464,305.9797,4.433099999,1,0,193.4777,-0.141666667,-0.043518519,0,0,0,0,36,36,1,1,a,Il paziente ha preso il Batatrim,Il paziente ha superato la crisi,,,,,,,,,,,,,,,,,,,,,,,,,,,,,,,,,,,,,,,,,,,,,,,,,,,,,,,,,,,,,,,,,,,,,,,,,,,,,,,,,,,,,,
,,,,,,,,[(%PROLIFIC_PID,1,2025-04-16_19h11.15.221,CLTandFLE,2024.1.5,Win32,59.88023952,6066e7ea9a055fbb18974846,67ffc4c40efe1bd1090b10ee,67ffe4a40b25b2c6482183fa,,,,,,,,,,,,,,,,,,,,,,,,,,,,,,,,,,,,,,,,,,,305.9801,310.1131,4.1328,1,0,197.6105,-0.162962963,-0.05462963,0,0,0,0,37,37,31,1,c,Il paziente non ha preso il Batatrim,Il paziente ha superato la crisi,,,,,,,,,,,,,,,,,,,,,,,,,,,,,,,,,,,,,,,,,,,,,,,,,,,,,,,,,,,,,,,,,,,,,,,,,,,,,,,,,,,,,,
,,,,,,,,[(%PROLIFIC_PID,1,2025-04-16_19h11.15.221,CLTandFLE,2024.1.5,Win32,59.88023952,6066e7ea9a055fbb18974846,67ffc4c40efe1bd1090b10ee,67ffe4a40b25b2c6482183fa,,,,,,,,,,,,,,,,,,,,,,,,,,,,,,,,,,,,,,,,,,,310.1134,315.0639,4.9502,1,0,202.5607,-0.167592593,-0.018518519,0,0,0,0,38,38,37,1,d,Il paziente non ha preso il Batatrim,Il paziente non ha superato la crisi,,,,,,,,,,,,,,,,,,,,,,,,,,,,,,,,,,,,,,,,,,,,,,,,,,,,,,,,,,,,,,,,,,,,,,,,,,,,,,,,,,,,,,
,,,,,,,,[(%PROLIFIC_PID,1,2025-04-16_19h11.15.221,CLTandFLE,2024.1.5,Win32,59.88023952,6066e7ea9a055fbb18974846,67ffc4c40efe1bd1090b10ee,67ffe4a40b25b2c6482183fa,,,,,,,,,,,,,,,,,,,,,,,,,,,,,,,,,,,,,,,,,,,315.0641,319.1468,4.0826,1,0,206.6433,-0.158333333,-0.006481481,0,0,0,0,39,39,18,1,b,Il paziente ha preso il Batatrim,Il paziente non ha superato la crisi,,,,,,,,,,,,,,,,,,,,,,,,,,,,,,,,,,,,,,,,,,,,,,,,,,,,,,,,,,,,,,,,,,,,,,,,,,,,,,,,,,,,,,
,,,,,,,,[(%PROLIFIC_PID,1,2025-04-16_19h11.15.221,CLTandFLE,2024.1.5,Win32,59.88023952,6066e7ea9a055fbb18974846,67ffc4c40efe1bd1090b10ee,67ffe4a40b25b2c6482183fa,,336.1187,337.1187,,,,,,,,,,,,,,,,,,,,,,,,,,,,,,,,,,,,,,,,,,,,,,,,,,,,,,,,,,,320.1474,328.5017,8.354099999,11,7.7527,-0.009259259,-0.211111111,1,0,0,329.4998,336.1187,6.6185,76,5.5845,-0.023148148,-0.183333333,1,0,0,4,8,14,15,0,0,0,0,1,,,,,,,,,,,,,,,,,,,,,,,,,,,,,,,,,,,,,,,,,,,,,,,,,,,,,,,,,
,,,,,,,,[(%PROLIFIC_PID,1,2025-04-16_19h11.15.221,CLTandFLE,2024.1.5,Win32,59.88023952,6066e7ea9a055fbb18974846,67ffc4c40efe1bd1090b10ee,67ffe4a40b25b2c6482183fa,,451.4167,452.4059,,,,,,,,,,,,,,,,,,,,,,,,,,,,,,,,,,,,,,,,,,,,,,,,,,,,,,,,,,,,,,,,,,,,,,,,,,,,,,,,,,,,,,,,372.7007,380.1346,7.4337,2,5.604,-0.001851852,-0.210185185,1,0,0,35,Maschio,No,14,No,TRUE,FALSE,6,10,10,8,4,FALSE,Conferma,c1ok,c2ok,c3ok,c4ok,c5ok,c6ok,c7ok,c8ok,c9ok,c10ok,c11ok,c12err,c13err,c14ok,c15ok,c16ok,c17ok,c18err2,c19ok,c20ok,c21err,c22ok,c23ok,c24ok,c25ok,c26ok,721.7376,728.5078,0,0,0,0,1
