﻿Alfa.started,Alfa.stopped,alfa_mouse.x,alfa_mouse.y,alfa_mouse.leftButton,alfa_mouse.midButton,alfa_mouse.rightButton,alfa_mouse.clicked_name,participant,group,date,expName,psychopyVersion,OS,frameRate,PROLIFIC_PID,STUDY_ID,SESSION_ID,)],ITI.started,ITI.stopped,B_consensoinformato.started,B_consensoinformato.stopped,tempo_consenso,cons_mouse.x,cons_mouse.y,cons_mouse.leftButton,cons_mouse.midButton,cons_mouse.rightButton,A_benvenuto.started,A_benvenuto.stopped,ben_mouse.x,ben_mouse.y,ben_mouse.leftButton,ben_mouse.midButton,ben_mouse.rightButton,B2_istruzioni.started,B2_istruzioni.stopped,tempo_istru,cons_mouse_2.x,cons_mouse_2.y,cons_mouse_2.leftButton,cons_mouse_2.midButton,cons_mouse_2.rightButton,SAMevaluation.started,SAMevaluation.stopped,temposam,sliderintensity.response,sliderintensity.rt,slidervalence.response,slidervalence.rt,mouse_sam.x,mouse_sam.y,mouse_sam.leftButton,mouse_sam.midButton,mouse_sam.rightButton,mouse_sam.time,mouse_sam.clicked_name,Loading.started,Loading.stopped,C_associative_task.started,C_associative_task.stopped,tempo_trial,hapremutosi,hapremutono,tempo_tasktot,mouse.x,mouse.y,mouse.leftButton,mouse.midButton,mouse.rightButton,trials.thisRepN,trials.thisTrialN,trials.thisN,trials.thisIndex,trials.ran,cond,causa,effetto,D_VD.started,D_VD.stopped,tempo_vd,vd.response,vd.rt,mouse_vd.x,mouse_vd.y,mouse_vd.leftButton,mouse_vd.midButton,mouse_vd.rightButton,Previous.started,Previous.stopped,tempo_vd1,previous.response,previous.rt,mouse_vd_2.x,mouse_vd_2.y,mouse_vd_2.leftButton,mouse_vd_2.midButton,mouse_vd_2.rightButton,EstITA.TrialNS,EstITA.TrialD,EstITA.TrialSS,EstITA.TrialSN,itaest.thisRepN,itaest.thisTrialN,itaest.thisN,itaest.thisIndex,itaest.ran,PF.started,PF.stopped,tempo_pf,processfluency.response,processfluency.rt,mouse_ch.x,mouse_ch.y,mouse_ch.leftButton,mouse_ch.midButton,mouse_ch.rightButton,Questionario_Lingua.Age,Questionario_Lingua.Sesso,Questionario_Lingua.StaiStudiando?,Questionario_Lingua.Anniscolarita,Questionario_Lingua.Diploma,Questionario_Lingua.Punteggiodiploma,Questionario_Lingua.ItaMADRE?,Questionario_Lingua.INGmadre?,Questionario_Lingua.Q5(AOAIng),Questionario_Lingua.INGLETTURA,Questionario_Lingua.INGCOMPRESO,Questionario_Lingua.INGSCRITTO,Questionario_Lingua.INGPARLATO,Questionario_Lingua.haivissutoestero,ProvaInglese.ProcediamoENg,ProvaInglese.C1,ProvaInglese.C2,ProvaInglese.C3,ProvaInglese.C4,ProvaInglese.C5,ProvaInglese.C6,ProvaInglese.C7,ProvaInglese.C8,ProvaInglese.C9,ProvaInglese.C10,ProvaInglese.C11,ProvaInglese.C12,ProvaInglese.C13,ProvaInglese.C14,ProvaInglese.C15,ProvaInglese.C16,ProvaInglese.C17,ProvaInglese.C18,ProvaInglese.C19,ProvaInglese.C20,ProvaInglese.C21,ProvaInglese.C22,ProvaInglese.C23,ProvaInglese.C24,ProvaInglese.C25,ProvaInglese.controlquestion,Ant_lastquestion.started,Ant_lastquestion.stopped,exp_loop.thisRepN,exp_loop.thisTrialN,exp_loop.thisN,exp_loop.thisIndex,exp_loop.ran
0.0005,20.3722,-0.015740712,0.01944443,1,0,0,alfa_mask,[(%PROLIFIC_PID,1,2025-04-16_19h38.36.513,CLTandFLE,2024.1.5,Win32,59.88023952,66ad31d00535f7155255fdd0,67ffc4c40efe1bd1090b10ee,67ffeb0637a852d8abfbc119,,,,,,,,,,,,,,,,,,,,,,,,,,,,,,,,,,,,,,,,,,,,,,,,,,,,,,,,,,,,,,,,,,,,,,,,,,,,,,,,,,,,,,,,,,,,,,,,,,,,,,,,,,,,,,,,,,,,,,,,,,,,,,,,,,,,,,,,,,,,,,,,,,,,
,,,,,,,,[(%PROLIFIC_PID,1,2025-04-16_19h38.36.513,CLTandFLE,2024.1.5,Win32,59.88023952,66ad31d00535f7155255fdd0,67ffc4c40efe1bd1090b10ee,67ffeb0637a852d8abfbc119,,20.3724,21.366,,,,,,,,,,,,,,,,,,,,,,,,,,,,,,,,,,,,,,,,,,,,,,,,,,,,,,,,,,,,,,,,,,,,,,,,,,,,,,,,,,,,,,,,,,,,,,,,,,,,,,,,,,,,,,,,,,,,,,,,,,,,,,,,,,,,,,,,,,,,,,,,,
,,,,,,,,[(%PROLIFIC_PID,1,2025-04-16_19h38.36.513,CLTandFLE,2024.1.5,Win32,59.88023952,66ad31d00535f7155255fdd0,67ffc4c40efe1bd1090b10ee,67ffeb0637a852d8abfbc119,,,,21.3665,39.7487,18.3816,0.194444444,-0.373148176,1,0,0,,,,,,,,,,,,,,,,,,,,,,,,,,,,,,,,,,,,,,,,,,,,,,,,,,,,,,,,,,,,,,,,,,,,,,,,,,,,,,,,,,,,,,,,,,,,,,,,,,,,,,,,,,,,,,,,,,,,,,,,,,,,,,,,,,,,,,,,,
,,,,,,,,[(%PROLIFIC_PID,1,2025-04-16_19h38.36.513,CLTandFLE,2024.1.5,Win32,59.88023952,66ad31d00535f7155255fdd0,67ffc4c40efe1bd1090b10ee,67ffeb0637a852d8abfbc119,,108.0626,109.062,,,,,,,,,40.7485,43.8065,0.017592607,-0.066666674,1,0,0,44.8151,83.448,38.6318,-0.05277775,-0.389814801,1,0,0,84.446,100.0628,15.616,0.289351887,5.9235,0.408564797,9.3232,"[-0.16851849026150173,-0.07314816227665653,-0.05185183772334346]","[0.19629630336055048,0.003703682510941117,-0.19537035624186197]","[1,1,1]","[0,0,0]","[0,0,0]","[5.693200000017882,9.093300000011922,15.609499999999997]","[""rettoksam""]",101.0635,108.0624,109.0951,116.6282,7.5327,1,0,7.5327,-0.007407365,-0.263888889,0,0,0,0,0,0,7,1,a,Il paziente ha preso il Batatrim,Il paziente ha superato la crisi,,,,,,,,,,,,,,,,,,,,,,,,,,,,,,,,,,,,,,,,,,,,,,,,,,,,,,,,,,,,,,,,,,,,,,,,,,,,,,,,,,,,,,,
,,,,,,,,[(%PROLIFIC_PID,1,2025-04-16_19h38.36.513,CLTandFLE,2024.1.5,Win32,59.88023952,66ad31d00535f7155255fdd0,67ffc4c40efe1bd1090b10ee,67ffeb0637a852d8abfbc119,,,,,,,,,,,,,,,,,,,,,,,,,,,,,,,,,,,,,,,,,,,116.6289,123.6613,7.0322,1,0,14.5649,0.003703718,-0.124074088,0,0,0,0,1,1,14,1,b,Il paziente ha preso il Batatrim,Il paziente ha superato la crisi,,,,,,,,,,,,,,,,,,,,,,,,,,,,,,,,,,,,,,,,,,,,,,,,,,,,,,,,,,,,,,,,,,,,,,,,,,,,,,,,,,,,,,,
,,,,,,,,[(%PROLIFIC_PID,1,2025-04-16_19h38.36.513,CLTandFLE,2024.1.5,Win32,59.88023952,66ad31d00535f7155255fdd0,67ffc4c40efe1bd1090b10ee,67ffeb0637a852d8abfbc119,,,,,,,,,,,,,,,,,,,,,,,,,,,,,,,,,,,,,,,,,,,123.6618,130.4714,6.8095,0,1,21.3744,0.034259302,-0.112963005,0,0,0,0,2,2,1,1,a,Il paziente ha preso il Batatrim,Il paziente ha superato la crisi,,,,,,,,,,,,,,,,,,,,,,,,,,,,,,,,,,,,,,,,,,,,,,,,,,,,,,,,,,,,,,,,,,,,,,,,,,,,,,,,,,,,,,,
,,,,,,,,[(%PROLIFIC_PID,1,2025-04-16_19h38.36.513,CLTandFLE,2024.1.5,Win32,59.88023952,66ad31d00535f7155255fdd0,67ffc4c40efe1bd1090b10ee,67ffeb0637a852d8abfbc119,,,,,,,,,,,,,,,,,,,,,,,,,,,,,,,,,,,,,,,,,,,130.4719,136.1953,5.723,1,0,27.0974,-0.201851809,-0.042592614,0,0,0,0,3,3,3,1,a,Il paziente ha preso il Batatrim,Il paziente ha superato la crisi,,,,,,,,,,,,,,,,,,,,,,,,,,,,,,,,,,,,,,,,,,,,,,,,,,,,,,,,,,,,,,,,,,,,,,,,,,,,,,,,,,,,,,,
,,,,,,,,[(%PROLIFIC_PID,1,2025-04-16_19h38.36.513,CLTandFLE,2024.1.5,Win32,59.88023952,66ad31d00535f7155255fdd0,67ffc4c40efe1bd1090b10ee,67ffeb0637a852d8abfbc119,,,,,,,,,,,,,,,,,,,,,,,,,,,,,,,,,,,,,,,,,,,136.1957,144.4713,8.2746,0,1,35.372,0.042592578,-0.086111104,0,0,0,0,4,4,21,1,c,Il paziente non ha preso il Batatrim,Il paziente ha superato la crisi,,,,,,,,,,,,,,,,,,,,,,,,,,,,,,,,,,,,,,,,,,,,,,,,,,,,,,,,,,,,,,,,,,,,,,,,,,,,,,,,,,,,,,,
,,,,,,,,[(%PROLIFIC_PID,1,2025-04-16_19h38.36.513,CLTandFLE,2024.1.5,Win32,59.88023952,66ad31d00535f7155255fdd0,67ffc4c40efe1bd1090b10ee,67ffeb0637a852d8abfbc119,,,,,,,,,,,,,,,,,,,,,,,,,,,,,,,,,,,,,,,,,,,144.4717,150.0956,5.6236,1,0,40.9956,-0.000925912,-0.041666667,0,0,0,0,5,5,35,1,d,Il paziente non ha preso il Batatrim,Il paziente non ha superato la crisi,,,,,,,,,,,,,,,,,,,,,,,,,,,,,,,,,,,,,,,,,,,,,,,,,,,,,,,,,,,,,,,,,,,,,,,,,,,,,,,,,,,,,,,
,,,,,,,,[(%PROLIFIC_PID,1,2025-04-16_19h38.36.513,CLTandFLE,2024.1.5,Win32,59.88023952,66ad31d00535f7155255fdd0,67ffc4c40efe1bd1090b10ee,67ffeb0637a852d8abfbc119,,,,,,,,,,,,,,,,,,,,,,,,,,,,,,,,,,,,,,,,,,,150.0963,155.5764,5.4798,1,0,46.4754,-0.195370356,-0.040740755,0,0,0,0,6,6,5,1,a,Il paziente ha preso il Batatrim,Il paziente ha superato la crisi,,,,,,,,,,,,,,,,,,,,,,,,,,,,,,,,,,,,,,,,,,,,,,,,,,,,,,,,,,,,,,,,,,,,,,,,,,,,,,,,,,,,,,,
,,,,,,,,[(%PROLIFIC_PID,1,2025-04-16_19h38.36.513,CLTandFLE,2024.1.5,Win32,59.88023952,66ad31d00535f7155255fdd0,67ffc4c40efe1bd1090b10ee,67ffeb0637a852d8abfbc119,,,,,,,,,,,,,,,,,,,,,,,,,,,,,,,,,,,,,,,,,,,155.5771,160.8594,5.282,1,0,51.7574,-0.195370356,-0.040740755,0,0,0,0,7,7,23,1,c,Il paziente non ha preso il Batatrim,Il paziente ha superato la crisi,,,,,,,,,,,,,,,,,,,,,,,,,,,,,,,,,,,,,,,,,,,,,,,,,,,,,,,,,,,,,,,,,,,,,,,,,,,,,,,,,,,,,,,
,,,,,,,,[(%PROLIFIC_PID,1,2025-04-16_19h38.36.513,CLTandFLE,2024.1.5,Win32,59.88023952,66ad31d00535f7155255fdd0,67ffc4c40efe1bd1090b10ee,67ffeb0637a852d8abfbc119,,,,,,,,,,,,,,,,,,,,,,,,,,,,,,,,,,,,,,,,,,,160.8599,166.3593,5.4989,1,0,57.2563,-0.195370356,-0.040740755,0,0,0,0,8,8,20,1,c,Il paziente non ha preso il Batatrim,Il paziente ha superato la crisi,,,,,,,,,,,,,,,,,,,,,,,,,,,,,,,,,,,,,,,,,,,,,,,,,,,,,,,,,,,,,,,,,,,,,,,,,,,,,,,,,,,,,,,
,,,,,,,,[(%PROLIFIC_PID,1,2025-04-16_19h38.36.513,CLTandFLE,2024.1.5,Win32,59.88023952,66ad31d00535f7155255fdd0,67ffc4c40efe1bd1090b10ee,67ffeb0637a852d8abfbc119,,,,,,,,,,,,,,,,,,,,,,,,,,,,,,,,,,,,,,,,,,,166.3598,171.7759,5.4157,1,0,62.672,0.087037051,-0.275925954,0,0,0,0,9,9,39,1,d,Il paziente non ha preso il Batatrim,Il paziente non ha superato la crisi,,,,,,,,,,,,,,,,,,,,,,,,,,,,,,,,,,,,,,,,,,,,,,,,,,,,,,,,,,,,,,,,,,,,,,,,,,,,,,,,,,,,,,,
,,,,,,,,[(%PROLIFIC_PID,1,2025-04-16_19h38.36.513,CLTandFLE,2024.1.5,Win32,59.88023952,66ad31d00535f7155255fdd0,67ffc4c40efe1bd1090b10ee,67ffeb0637a852d8abfbc119,,,,,,,,,,,,,,,,,,,,,,,,,,,,,,,,,,,,,,,,,,,171.7764,177.2876,5.5109,1,0,68.1829,-0.185185185,-0.047222243,0,0,0,0,10,10,4,1,a,Il paziente ha preso il Batatrim,Il paziente ha superato la crisi,,,,,,,,,,,,,,,,,,,,,,,,,,,,,,,,,,,,,,,,,,,,,,,,,,,,,,,,,,,,,,,,,,,,,,,,,,,,,,,,,,,,,,,
,,,,,,,,[(%PROLIFIC_PID,1,2025-04-16_19h38.36.513,CLTandFLE,2024.1.5,Win32,59.88023952,66ad31d00535f7155255fdd0,67ffc4c40efe1bd1090b10ee,67ffeb0637a852d8abfbc119,,,,,,,,,,,,,,,,,,,,,,,,,,,,,,,,,,,,,,,,,,,177.2879,184.1593,6.8711,1,0,75.054,-0.215740698,-0.041666667,0,0,0,0,11,11,22,1,c,Il paziente non ha preso il Batatrim,Il paziente ha superato la crisi,,,,,,,,,,,,,,,,,,,,,,,,,,,,,,,,,,,,,,,,,,,,,,,,,,,,,,,,,,,,,,,,,,,,,,,,,,,,,,,,,,,,,,,
,,,,,,,,[(%PROLIFIC_PID,1,2025-04-16_19h38.36.513,CLTandFLE,2024.1.5,Win32,59.88023952,66ad31d00535f7155255fdd0,67ffc4c40efe1bd1090b10ee,67ffeb0637a852d8abfbc119,,,,,,,,,,,,,,,,,,,,,,,,,,,,,,,,,,,,,,,,,,,184.1599,190.0749,5.9148,1,0,80.9688,-0.215740698,-0.041666667,0,0,0,0,12,12,10,1,a,Il paziente ha preso il Batatrim,Il paziente ha superato la crisi,,,,,,,,,,,,,,,,,,,,,,,,,,,,,,,,,,,,,,,,,,,,,,,,,,,,,,,,,,,,,,,,,,,,,,,,,,,,,,,,,,,,,,,
,,,,,,,,[(%PROLIFIC_PID,1,2025-04-16_19h38.36.513,CLTandFLE,2024.1.5,Win32,59.88023952,66ad31d00535f7155255fdd0,67ffc4c40efe1bd1090b10ee,67ffeb0637a852d8abfbc119,,,,,,,,,,,,,,,,,,,,,,,,,,,,,,,,,,,,,,,,,,,190.0753,194.9681,4.8926,1,0,85.8614,-0.215740698,-0.041666667,0,0,0,0,13,13,0,1,a,Il paziente ha preso il Batatrim,Il paziente ha superato la crisi,,,,,,,,,,,,,,,,,,,,,,,,,,,,,,,,,,,,,,,,,,,,,,,,,,,,,,,,,,,,,,,,,,,,,,,,,,,,,,,,,,,,,,,
,,,,,,,,[(%PROLIFIC_PID,1,2025-04-16_19h38.36.513,CLTandFLE,2024.1.5,Win32,59.88023952,66ad31d00535f7155255fdd0,67ffc4c40efe1bd1090b10ee,67ffeb0637a852d8abfbc119,,,,,,,,,,,,,,,,,,,,,,,,,,,,,,,,,,,,,,,,,,,194.9684,200.1809,5.212,1,0,91.0734,-0.215740698,-0.041666667,0,0,0,0,14,14,11,1,a,Il paziente ha preso il Batatrim,Il paziente ha superato la crisi,,,,,,,,,,,,,,,,,,,,,,,,,,,,,,,,,,,,,,,,,,,,,,,,,,,,,,,,,,,,,,,,,,,,,,,,,,,,,,,,,,,,,,,
,,,,,,,,[(%PROLIFIC_PID,1,2025-04-16_19h38.36.513,CLTandFLE,2024.1.5,Win32,59.88023952,66ad31d00535f7155255fdd0,67ffc4c40efe1bd1090b10ee,67ffeb0637a852d8abfbc119,,,,,,,,,,,,,,,,,,,,,,,,,,,,,,,,,,,,,,,,,,,200.1815,206.1511,5.9694,1,0,97.0428,-0.215740698,-0.041666667,0,0,0,0,15,15,24,1,c,Il paziente non ha preso il Batatrim,Il paziente ha superato la crisi,,,,,,,,,,,,,,,,,,,,,,,,,,,,,,,,,,,,,,,,,,,,,,,,,,,,,,,,,,,,,,,,,,,,,,,,,,,,,,,,,,,,,,,
,,,,,,,,[(%PROLIFIC_PID,1,2025-04-16_19h38.36.513,CLTandFLE,2024.1.5,Win32,59.88023952,66ad31d00535f7155255fdd0,67ffc4c40efe1bd1090b10ee,67ffeb0637a852d8abfbc119,,,,,,,,,,,,,,,,,,,,,,,,,,,,,,,,,,,,,,,,,,,206.1515,211.2074,5.0556,1,0,102.0984,-0.184259273,-0.066666674,0,0,0,0,16,16,36,1,d,Il paziente non ha preso il Batatrim,Il paziente non ha superato la crisi,,,,,,,,,,,,,,,,,,,,,,,,,,,,,,,,,,,,,,,,,,,,,,,,,,,,,,,,,,,,,,,,,,,,,,,,,,,,,,,,,,,,,,,
,,,,,,,,[(%PROLIFIC_PID,1,2025-04-16_19h38.36.513,CLTandFLE,2024.1.5,Win32,59.88023952,66ad31d00535f7155255fdd0,67ffc4c40efe1bd1090b10ee,67ffeb0637a852d8abfbc119,,,,,,,,,,,,,,,,,,,,,,,,,,,,,,,,,,,,,,,,,,,211.2077,218.0735,6.8656,1,0,108.964,-0.199074074,-0.034259266,0,0,0,0,17,17,9,1,a,Il paziente ha preso il Batatrim,Il paziente ha superato la crisi,,,,,,,,,,,,,,,,,,,,,,,,,,,,,,,,,,,,,,,,,,,,,,,,,,,,,,,,,,,,,,,,,,,,,,,,,,,,,,,,,,,,,,,
,,,,,,,,[(%PROLIFIC_PID,1,2025-04-16_19h38.36.513,CLTandFLE,2024.1.5,Win32,59.88023952,66ad31d00535f7155255fdd0,67ffc4c40efe1bd1090b10ee,67ffeb0637a852d8abfbc119,,,,,,,,,,,,,,,,,,,,,,,,,,,,,,,,,,,,,,,,,,,218.0738,224.7067,6.6326,0,1,115.5966,-0.047222208,-0.241666653,0,0,0,0,18,18,31,1,c,Il paziente non ha preso il Batatrim,Il paziente ha superato la crisi,,,,,,,,,,,,,,,,,,,,,,,,,,,,,,,,,,,,,,,,,,,,,,,,,,,,,,,,,,,,,,,,,,,,,,,,,,,,,,,,,,,,,,,
,,,,,,,,[(%PROLIFIC_PID,1,2025-04-16_19h38.36.513,CLTandFLE,2024.1.5,Win32,59.88023952,66ad31d00535f7155255fdd0,67ffc4c40efe1bd1090b10ee,67ffeb0637a852d8abfbc119,,,,,,,,,,,,,,,,,,,,,,,,,,,,,,,,,,,,,,,,,,,224.7071,229.5166,4.8092,1,0,120.4058,-0.169444402,-0.039814808,0,0,0,0,19,19,8,1,a,Il paziente ha preso il Batatrim,Il paziente ha superato la crisi,,,,,,,,,,,,,,,,,,,,,,,,,,,,,,,,,,,,,,,,,,,,,,,,,,,,,,,,,,,,,,,,,,,,,,,,,,,,,,,,,,,,,,,
,,,,,,,,[(%PROLIFIC_PID,1,2025-04-16_19h38.36.513,CLTandFLE,2024.1.5,Win32,59.88023952,66ad31d00535f7155255fdd0,67ffc4c40efe1bd1090b10ee,67ffeb0637a852d8abfbc119,,,,,,,,,,,,,,,,,,,,,,,,,,,,,,,,,,,,,,,,,,,229.517,233.7957,4.2785,1,0,124.6843,-0.169444402,-0.039814808,0,0,0,0,20,20,2,1,a,Il paziente ha preso il Batatrim,Il paziente ha superato la crisi,,,,,,,,,,,,,,,,,,,,,,,,,,,,,,,,,,,,,,,,,,,,,,,,,,,,,,,,,,,,,,,,,,,,,,,,,,,,,,,,,,,,,,,
,,,,,,,,[(%PROLIFIC_PID,1,2025-04-16_19h38.36.513,CLTandFLE,2024.1.5,Win32,59.88023952,66ad31d00535f7155255fdd0,67ffc4c40efe1bd1090b10ee,67ffeb0637a852d8abfbc119,,,,,,,,,,,,,,,,,,,,,,,,,,,,,,,,,,,,,,,,,,,233.7962,238.329,4.5325,1,0,129.2168,-0.169444402,-0.039814808,0,0,0,0,21,21,16,1,b,Il paziente ha preso il Batatrim,Il paziente non ha superato la crisi,,,,,,,,,,,,,,,,,,,,,,,,,,,,,,,,,,,,,,,,,,,,,,,,,,,,,,,,,,,,,,,,,,,,,,,,,,,,,,,,,,,,,,,
,,,,,,,,[(%PROLIFIC_PID,1,2025-04-16_19h38.36.513,CLTandFLE,2024.1.5,Win32,59.88023952,66ad31d00535f7155255fdd0,67ffc4c40efe1bd1090b10ee,67ffeb0637a852d8abfbc119,,,,,,,,,,,,,,,,,,,,,,,,,,,,,,,,,,,,,,,,,,,238.3299,243.6068,5.2767,0,1,134.4935,-0.285185143,-0.175000014,0,0,0,0,22,22,32,1,c,Il paziente non ha preso il Batatrim,Il paziente ha superato la crisi,,,,,,,,,,,,,,,,,,,,,,,,,,,,,,,,,,,,,,,,,,,,,,,,,,,,,,,,,,,,,,,,,,,,,,,,,,,,,,,,,,,,,,,
,,,,,,,,[(%PROLIFIC_PID,1,2025-04-16_19h38.36.513,CLTandFLE,2024.1.5,Win32,59.88023952,66ad31d00535f7155255fdd0,67ffc4c40efe1bd1090b10ee,67ffeb0637a852d8abfbc119,,,,,,,,,,,,,,,,,,,,,,,,,,,,,,,,,,,,,,,,,,,243.6072,248.8776,5.2703,1,0,139.7638,-0.195370356,-0.056481503,0,0,0,0,23,23,38,1,d,Il paziente non ha preso il Batatrim,Il paziente non ha superato la crisi,,,,,,,,,,,,,,,,,,,,,,,,,,,,,,,,,,,,,,,,,,,,,,,,,,,,,,,,,,,,,,,,,,,,,,,,,,,,,,,,,,,,,,,
,,,,,,,,[(%PROLIFIC_PID,1,2025-04-16_19h38.36.513,CLTandFLE,2024.1.5,Win32,59.88023952,66ad31d00535f7155255fdd0,67ffc4c40efe1bd1090b10ee,67ffeb0637a852d8abfbc119,,,,,,,,,,,,,,,,,,,,,,,,,,,,,,,,,,,,,,,,,,,248.8781,253.9329,5.0546,1,0,144.8184,0.188888903,-0.057407414,0,0,0,0,24,24,15,1,b,Il paziente ha preso il Batatrim,Il paziente non ha superato la crisi,,,,,,,,,,,,,,,,,,,,,,,,,,,,,,,,,,,,,,,,,,,,,,,,,,,,,,,,,,,,,,,,,,,,,,,,,,,,,,,,,,,,,,,
,,,,,,,,[(%PROLIFIC_PID,1,2025-04-16_19h38.36.513,CLTandFLE,2024.1.5,Win32,59.88023952,66ad31d00535f7155255fdd0,67ffc4c40efe1bd1090b10ee,67ffeb0637a852d8abfbc119,,,,,,,,,,,,,,,,,,,,,,,,,,,,,,,,,,,,,,,,,,,253.9333,258.6385,4.705,0,1,149.5234,0.188888903,-0.057407414,0,0,0,0,25,25,18,1,b,Il paziente ha preso il Batatrim,Il paziente non ha superato la crisi,,,,,,,,,,,,,,,,,,,,,,,,,,,,,,,,,,,,,,,,,,,,,,,,,,,,,,,,,,,,,,,,,,,,,,,,,,,,,,,,,,,,,,,
,,,,,,,,[(%PROLIFIC_PID,1,2025-04-16_19h38.36.513,CLTandFLE,2024.1.5,Win32,59.88023952,66ad31d00535f7155255fdd0,67ffc4c40efe1bd1090b10ee,67ffeb0637a852d8abfbc119,,,,,,,,,,,,,,,,,,,,,,,,,,,,,,,,,,,,,,,,,,,258.6387,263.6717,5.0327,0,1,154.5561,0.188888903,-0.057407414,0,0,0,0,26,26,26,1,c,Il paziente non ha preso il Batatrim,Il paziente ha superato la crisi,,,,,,,,,,,,,,,,,,,,,,,,,,,,,,,,,,,,,,,,,,,,,,,,,,,,,,,,,,,,,,,,,,,,,,,,,,,,,,,,,,,,,,,
,,,,,,,,[(%PROLIFIC_PID,1,2025-04-16_19h38.36.513,CLTandFLE,2024.1.5,Win32,59.88023952,66ad31d00535f7155255fdd0,67ffc4c40efe1bd1090b10ee,67ffeb0637a852d8abfbc119,,,,,,,,,,,,,,,,,,,,,,,,,,,,,,,,,,,,,,,,,,,263.6722,268.4106,4.7376,1,0,159.2937,-0.167592578,-0.053703697,0,0,0,0,27,27,12,1,a,Il paziente ha preso il Batatrim,Il paziente ha superato la crisi,,,,,,,,,,,,,,,,,,,,,,,,,,,,,,,,,,,,,,,,,,,,,,,,,,,,,,,,,,,,,,,,,,,,,,,,,,,,,,,,,,,,,,,
,,,,,,,,[(%PROLIFIC_PID,1,2025-04-16_19h38.36.513,CLTandFLE,2024.1.5,Win32,59.88023952,66ad31d00535f7155255fdd0,67ffc4c40efe1bd1090b10ee,67ffeb0637a852d8abfbc119,,,,,,,,,,,,,,,,,,,,,,,,,,,,,,,,,,,,,,,,,,,268.4119,272.9215,4.5094,1,0,163.8031,-0.074074074,-0.247222265,0,0,0,0,28,28,17,1,b,Il paziente ha preso il Batatrim,Il paziente non ha superato la crisi,,,,,,,,,,,,,,,,,,,,,,,,,,,,,,,,,,,,,,,,,,,,,,,,,,,,,,,,,,,,,,,,,,,,,,,,,,,,,,,,,,,,,,,
,,,,,,,,[(%PROLIFIC_PID,1,2025-04-16_19h38.36.513,CLTandFLE,2024.1.5,Win32,59.88023952,66ad31d00535f7155255fdd0,67ffc4c40efe1bd1090b10ee,67ffeb0637a852d8abfbc119,,,,,,,,,,,,,,,,,,,,,,,,,,,,,,,,,,,,,,,,,,,272.9218,279.2377,6.3156,1,0,170.1187,-0.169444402,-0.029629637,0,0,0,0,29,29,33,1,c,Il paziente non ha preso il Batatrim,Il paziente ha superato la crisi,,,,,,,,,,,,,,,,,,,,,,,,,,,,,,,,,,,,,,,,,,,,,,,,,,,,,,,,,,,,,,,,,,,,,,,,,,,,,,,,,,,,,,,
,,,,,,,,[(%PROLIFIC_PID,1,2025-04-16_19h38.36.513,CLTandFLE,2024.1.5,Win32,59.88023952,66ad31d00535f7155255fdd0,67ffc4c40efe1bd1090b10ee,67ffeb0637a852d8abfbc119,,,,,,,,,,,,,,,,,,,,,,,,,,,,,,,,,,,,,,,,,,,279.2381,284.1047,4.8664,1,0,174.9851,-0.169444402,-0.029629637,0,0,0,0,30,30,30,1,c,Il paziente non ha preso il Batatrim,Il paziente ha superato la crisi,,,,,,,,,,,,,,,,,,,,,,,,,,,,,,,,,,,,,,,,,,,,,,,,,,,,,,,,,,,,,,,,,,,,,,,,,,,,,,,,,,,,,,,
,,,,,,,,[(%PROLIFIC_PID,1,2025-04-16_19h38.36.513,CLTandFLE,2024.1.5,Win32,59.88023952,66ad31d00535f7155255fdd0,67ffc4c40efe1bd1090b10ee,67ffeb0637a852d8abfbc119,,,,,,,,,,,,,,,,,,,,,,,,,,,,,,,,,,,,,,,,,,,284.1051,291.137,7.0318,0,1,182.0169,0.222222222,-0.031481496,0,0,0,0,31,31,37,1,d,Il paziente non ha preso il Batatrim,Il paziente non ha superato la crisi,,,,,,,,,,,,,,,,,,,,,,,,,,,,,,,,,,,,,,,,,,,,,,,,,,,,,,,,,,,,,,,,,,,,,,,,,,,,,,,,,,,,,,,
,,,,,,,,[(%PROLIFIC_PID,1,2025-04-16_19h38.36.513,CLTandFLE,2024.1.5,Win32,59.88023952,66ad31d00535f7155255fdd0,67ffc4c40efe1bd1090b10ee,67ffeb0637a852d8abfbc119,,,,,,,,,,,,,,,,,,,,,,,,,,,,,,,,,,,,,,,,,,,291.1374,296.8615,5.7238,1,0,187.7407,-0.181481467,-0.050000014,0,0,0,0,32,32,6,1,a,Il paziente ha preso il Batatrim,Il paziente ha superato la crisi,,,,,,,,,,,,,,,,,,,,,,,,,,,,,,,,,,,,,,,,,,,,,,,,,,,,,,,,,,,,,,,,,,,,,,,,,,,,,,,,,,,,,,,
,,,,,,,,[(%PROLIFIC_PID,1,2025-04-16_19h38.36.513,CLTandFLE,2024.1.5,Win32,59.88023952,66ad31d00535f7155255fdd0,67ffc4c40efe1bd1090b10ee,67ffeb0637a852d8abfbc119,,,,,,,,,,,,,,,,,,,,,,,,,,,,,,,,,,,,,,,,,,,296.8619,304.7093,7.8472,0,1,195.5879,0.150925954,-0.050000014,0,0,0,0,33,33,27,1,c,Il paziente non ha preso il Batatrim,Il paziente ha superato la crisi,,,,,,,,,,,,,,,,,,,,,,,,,,,,,,,,,,,,,,,,,,,,,,,,,,,,,,,,,,,,,,,,,,,,,,,,,,,,,,,,,,,,,,,
,,,,,,,,[(%PROLIFIC_PID,1,2025-04-16_19h38.36.513,CLTandFLE,2024.1.5,Win32,59.88023952,66ad31d00535f7155255fdd0,67ffc4c40efe1bd1090b10ee,67ffeb0637a852d8abfbc119,,,,,,,,,,,,,,,,,,,,,,,,,,,,,,,,,,,,,,,,,,,304.7098,309.7587,5.0487,1,0,200.6366,-0.139814801,-0.036111125,0,0,0,0,34,34,28,1,c,Il paziente non ha preso il Batatrim,Il paziente ha superato la crisi,,,,,,,,,,,,,,,,,,,,,,,,,,,,,,,,,,,,,,,,,,,,,,,,,,,,,,,,,,,,,,,,,,,,,,,,,,,,,,,,,,,,,,,
,,,,,,,,[(%PROLIFIC_PID,1,2025-04-16_19h38.36.513,CLTandFLE,2024.1.5,Win32,59.88023952,66ad31d00535f7155255fdd0,67ffc4c40efe1bd1090b10ee,67ffeb0637a852d8abfbc119,,,,,,,,,,,,,,,,,,,,,,,,,,,,,,,,,,,,,,,,,,,309.7592,314.2361,4.4767,1,0,205.1133,-0.139814801,-0.036111125,0,0,0,0,35,35,29,1,c,Il paziente non ha preso il Batatrim,Il paziente ha superato la crisi,,,,,,,,,,,,,,,,,,,,,,,,,,,,,,,,,,,,,,,,,,,,,,,,,,,,,,,,,,,,,,,,,,,,,,,,,,,,,,,,,,,,,,,
,,,,,,,,[(%PROLIFIC_PID,1,2025-04-16_19h38.36.513,CLTandFLE,2024.1.5,Win32,59.88023952,66ad31d00535f7155255fdd0,67ffc4c40efe1bd1090b10ee,67ffeb0637a852d8abfbc119,,,,,,,,,,,,,,,,,,,,,,,,,,,,,,,,,,,,,,,,,,,314.2364,318.9527,4.716,1,0,209.8293,-0.139814801,-0.036111125,0,0,0,0,36,36,13,1,a,Il paziente ha preso il Batatrim,Il paziente ha superato la crisi,,,,,,,,,,,,,,,,,,,,,,,,,,,,,,,,,,,,,,,,,,,,,,,,,,,,,,,,,,,,,,,,,,,,,,,,,,,,,,,,,,,,,,,
,,,,,,,,[(%PROLIFIC_PID,1,2025-04-16_19h38.36.513,CLTandFLE,2024.1.5,Win32,59.88023952,66ad31d00535f7155255fdd0,67ffc4c40efe1bd1090b10ee,67ffeb0637a852d8abfbc119,,,,,,,,,,,,,,,,,,,,,,,,,,,,,,,,,,,,,,,,,,,318.9531,324.6525,5.6992,1,0,215.5285,-0.139814801,-0.036111125,0,0,0,0,37,37,25,1,c,Il paziente non ha preso il Batatrim,Il paziente ha superato la crisi,,,,,,,,,,,,,,,,,,,,,,,,,,,,,,,,,,,,,,,,,,,,,,,,,,,,,,,,,,,,,,,,,,,,,,,,,,,,,,,,,,,,,,,
,,,,,,,,[(%PROLIFIC_PID,1,2025-04-16_19h38.36.513,CLTandFLE,2024.1.5,Win32,59.88023952,66ad31d00535f7155255fdd0,67ffc4c40efe1bd1090b10ee,67ffeb0637a852d8abfbc119,,,,,,,,,,,,,,,,,,,,,,,,,,,,,,,,,,,,,,,,,,,324.6529,330.2023,5.5492,1,0,221.0777,-0.060185185,-0.499074088,0,0,0,0,38,38,19,1,b,Il paziente ha preso il Batatrim,Il paziente non ha superato la crisi,,,,,,,,,,,,,,,,,,,,,,,,,,,,,,,,,,,,,,,,,,,,,,,,,,,,,,,,,,,,,,,,,,,,,,,,,,,,,,,,,,,,,,,
,,,,,,,,[(%PROLIFIC_PID,1,2025-04-16_19h38.36.513,CLTandFLE,2024.1.5,Win32,59.88023952,66ad31d00535f7155255fdd0,67ffc4c40efe1bd1090b10ee,67ffeb0637a852d8abfbc119,,,,,,,,,,,,,,,,,,,,,,,,,,,,,,,,,,,,,,,,,,,330.2028,335.9352,5.7324,0,1,226.8101,0.137037065,-0.035185178,0,0,0,0,39,39,34,1,c,Il paziente non ha preso il Batatrim,Il paziente ha superato la crisi,,,,,,,,,,,,,,,,,,,,,,,,,,,,,,,,,,,,,,,,,,,,,,,,,,,,,,,,,,,,,,,,,,,,,,,,,,,,,,,,,,,,,,,
,,,,,,,,[(%PROLIFIC_PID,1,2025-04-16_19h38.36.513,CLTandFLE,2024.1.5,Win32,59.88023952,66ad31d00535f7155255fdd0,67ffc4c40efe1bd1090b10ee,67ffeb0637a852d8abfbc119,,369.5011,370.5001,,,,,,,,,,,,,,,,,,,,,,,,,,,,,,,,,,,,,,,,,,,,,,,,,,,,,,,,,,,336.9351,352.9227,15.9873,70,13.3711,0.040740755,-0.209259245,1,0,0,353.9183,369.5009,15.582,85,12.8093,0.029629672,-0.222222222,1,0,0,15,11,25,8,0,0,0,0,1,,,,,,,,,,,,,,,,,,,,,,,,,,,,,,,,,,,,,,,,,,,,,,,,,,,,,,,,,,
,,,,,,,,[(%PROLIFIC_PID,1,2025-04-16_19h38.36.513,CLTandFLE,2024.1.5,Win32,59.88023952,66ad31d00535f7155255fdd0,67ffc4c40efe1bd1090b10ee,67ffeb0637a852d8abfbc119,,526.4984,527.4941,,,,,,,,,,,,,,,,,,,,,,,,,,,,,,,,,,,,,,,,,,,,,,,,,,,,,,,,,,,,,,,,,,,,,,,,,,,,,,,,,,,,,,,,419.2983,428.2481,8.9494,5,7.6907,0.009259259,-0.222222222,1,0,0,28,Femmina,No,18,"Sì, l'ho ottenuta più di due anni fa",B1 CEFR (4 - 5 IELTS),TRUE,FALSE,6,8,7,5,4,FALSE,Conferma,c1ok,c2ok,c3ok,c4ok,c5ok,c6ok,c7ok,c8ok,c9ok,c10ok,c11ok,c12err,c13ok,c14ok,c15ok,c16ok,c17ok,c18err3,c19err2,c20err3,c21err2,c22err2,c23ok,c24ok,c25ok,c26err3,726.7908,733.4519,0,0,0,0,1
