﻿Alfa.started,Alfa.stopped,alfa_mouse.x,alfa_mouse.y,alfa_mouse.leftButton,alfa_mouse.midButton,alfa_mouse.rightButton,alfa_mouse.clicked_name,participant,group,date,expName,psychopyVersion,OS,frameRate,PROLIFIC_PID,STUDY_ID,SESSION_ID,)],ITI.started,ITI.stopped,B_consensoinformato.started,B_consensoinformato.stopped,tempo_consenso,cons_mouse.x,cons_mouse.y,cons_mouse.leftButton,cons_mouse.midButton,cons_mouse.rightButton,A_benvenuto.started,A_benvenuto.stopped,ben_mouse.x,ben_mouse.y,ben_mouse.leftButton,ben_mouse.midButton,ben_mouse.rightButton,B2_istruzioni.started,B2_istruzioni.stopped,tempo_istru,cons_mouse_2.x,cons_mouse_2.y,cons_mouse_2.leftButton,cons_mouse_2.midButton,cons_mouse_2.rightButton,SAMevaluation.started,SAMevaluation.stopped,temposam,sliderintensity.response,sliderintensity.rt,slidervalence.response,slidervalence.rt,mouse_sam.x,mouse_sam.y,mouse_sam.leftButton,mouse_sam.midButton,mouse_sam.rightButton,mouse_sam.time,mouse_sam.clicked_name,Loading.started,Loading.stopped,C_associative_task.started,C_associative_task.stopped,tempo_trial,hapremutosi,hapremutono,tempo_tasktot,mouse.x,mouse.y,mouse.leftButton,mouse.midButton,mouse.rightButton,trials.thisRepN,trials.thisTrialN,trials.thisN,trials.thisIndex,trials.ran,cond,causa,effetto,D_VD.started,D_VD.stopped,tempo_vd,vd.response,vd.rt,mouse_vd.x,mouse_vd.y,mouse_vd.leftButton,mouse_vd.midButton,mouse_vd.rightButton,Previous.started,Previous.stopped,tempo_vd1,previous.response,previous.rt,mouse_vd_2.x,mouse_vd_2.y,mouse_vd_2.leftButton,mouse_vd_2.midButton,mouse_vd_2.rightButton,EstENG.TrialNS,EstENG.TrialNN,EstENG.TrialSN,EstENG.TrialSS,ingesta.thisRepN,ingesta.thisTrialN,ingesta.thisN,ingesta.thisIndex,ingesta.ran,PF.started,PF.stopped,tempo_pf,processfluency.response,processfluency.rt,mouse_ch.x,mouse_ch.y,mouse_ch.leftButton,mouse_ch.midButton,mouse_ch.rightButton,Questionario_Lingua.Age,Questionario_Lingua.Sesso,Questionario_Lingua.StaiStudiando?,Questionario_Lingua.Anniscolarita,Questionario_Lingua.Diploma,Questionario_Lingua.Punteggiodiploma,Questionario_Lingua.ItaMADRE?,Questionario_Lingua.INGmadre?,Questionario_Lingua.Q5(AOAIng),Questionario_Lingua.INGLETTURA,Questionario_Lingua.INGCOMPRESO,Questionario_Lingua.INGSCRITTO,Questionario_Lingua.INGPARLATO,Questionario_Lingua.haivissutoestero,ProvaInglese.ProcediamoENg,ProvaInglese.C1,ProvaInglese.C2,ProvaInglese.C3,ProvaInglese.C4,ProvaInglese.C5,ProvaInglese.C6,ProvaInglese.C7,ProvaInglese.C8,ProvaInglese.C9,ProvaInglese.C10,ProvaInglese.C11,ProvaInglese.C12,ProvaInglese.C13,ProvaInglese.C14,ProvaInglese.C15,ProvaInglese.C16,ProvaInglese.C17,ProvaInglese.C18,ProvaInglese.C19,ProvaInglese.C20,ProvaInglese.C21,ProvaInglese.C22,ProvaInglese.C23,ProvaInglese.C24,ProvaInglese.C25,ProvaInglese.controlquestion,Ant_lastquestion.started,Ant_lastquestion.stopped,exp_loop.thisRepN,exp_loop.thisTrialN,exp_loop.thisN,exp_loop.thisIndex,exp_loop.ran
0.0006,10.3068,0.049074074,-0.02962963,1,0,0,alfa_mask,[(%PROLIFIC_PID,2,2025-04-16_17h14.58.031,CLTandFLE,2024.1.5,Win32,163.9344262,5e68bd3b003be1000c6c4d25,67ffc4c40efe1bd1090b10ee,67ffc842905502c6e5e62681,,,,,,,,,,,,,,,,,,,,,,,,,,,,,,,,,,,,,,,,,,,,,,,,,,,,,,,,,,,,,,,,,,,,,,,,,,,,,,,,,,,,,,,,,,,,,,,,,,,,,,,,,,,,,,,,,,,,,,,,,,,,,,,,,,,,,,,,,,,,,,,,,,,,
,,,,,,,,[(%PROLIFIC_PID,2,2025-04-16_17h14.58.031,CLTandFLE,2024.1.5,Win32,163.9344262,5e68bd3b003be1000c6c4d25,67ffc4c40efe1bd1090b10ee,67ffc842905502c6e5e62681,,10.307,10.6702,,,,,,,,,,,,,,,,,,,,,,,,,,,,,,,,,,,,,,,,,,,,,,,,,,,,,,,,,,,,,,,,,,,,,,,,,,,,,,,,,,,,,,,,,,,,,,,,,,,,,,,,,,,,,,,,,,,,,,,,,,,,,,,,,,,,,,,,,,,,,,,,,
,,,,,,,,[(%PROLIFIC_PID,2,2025-04-16_17h14.58.031,CLTandFLE,2024.1.5,Win32,163.9344262,5e68bd3b003be1000c6c4d25,67ffc4c40efe1bd1090b10ee,67ffc842905502c6e5e62681,,,,10.6703,40.5838,29.9134,0.217592593,-0.409259259,1,0,0,,,,,,,,,,,,,,,,,,,,,,,,,,,,,,,,,,,,,,,,,,,,,,,,,,,,,,,,,,,,,,,,,,,,,,,,,,,,,,,,,,,,,,,,,,,,,,,,,,,,,,,,,,,,,,,,,,,,,,,,,,,,,,,,,,,,,,,,,
,,,,,,,,[(%PROLIFIC_PID,2,2025-04-16_17h14.58.031,CLTandFLE,2024.1.5,Win32,163.9344262,5e68bd3b003be1000c6c4d25,67ffc4c40efe1bd1090b10ee,67ffc842905502c6e5e62681,,101.0837,101.4472,,,,,,,,,40.9475,43.5291,-0.016666667,-0.106481481,1,0,0,43.8927,83.9574,40.0644,-0.019444444,-0.397222222,1,0,0,84.3209,93.7205,9.3994,0.126157407,7.6532,0.118055556,8.3823,"[0.008333333333333333,0.004629629629629629,0.001851851851851852,-0.1787037037037037,-0.287962962962963,-0.03425925925925926]","[0.2074074074074074,-0.026851851851851852,-0.017592592592592594,0.19814814814814816,0.010185185185185186,-0.21481481481481482]","[1,1,1,1,1,1]","[0,0,0,0,0,0]","[0,0,0,0,0,0]","[3.202099999999575,5.14739999999847,5.9956999999992036,7.177599999999586,8.086599999999578,9.395599999999604]","[""sliderintensity"",""slidervalence"",""slidervalence"",""rettoksam""]",94.0839,101.0837,101.462,108.3441,6.8818,0,1,6.8818,-0.088888889,-0.125,0,0,0,0,0,0,27,1,c,The patient has not taken Batatrim,The patient has overcome the crisis,,,,,,,,,,,,,,,,,,,,,,,,,,,,,,,,,,,,,,,,,,,,,,,,,,,,,,,,,,,,,,,,,,,,,,,,,,,,,,,,,,,,,,,
,,,,,,,,[(%PROLIFIC_PID,2,2025-04-16_17h14.58.031,CLTandFLE,2024.1.5,Win32,163.9344262,5e68bd3b003be1000c6c4d25,67ffc4c40efe1bd1090b10ee,67ffc842905502c6e5e62681,,,,,,,,,,,,,,,,,,,,,,,,,,,,,,,,,,,,,,,,,,,108.3444,113.7133,5.3688,0,1,12.2506,0.044444444,-0.080555556,0,0,0,0,1,1,39,1,d,The patient has not taken Batatrim,The patient has not overcome the crisis,,,,,,,,,,,,,,,,,,,,,,,,,,,,,,,,,,,,,,,,,,,,,,,,,,,,,,,,,,,,,,,,,,,,,,,,,,,,,,,,,,,,,,,
,,,,,,,,[(%PROLIFIC_PID,2,2025-04-16_17h14.58.031,CLTandFLE,2024.1.5,Win32,163.9344262,5e68bd3b003be1000c6c4d25,67ffc4c40efe1bd1090b10ee,67ffc842905502c6e5e62681,,,,,,,,,,,,,,,,,,,,,,,,,,,,,,,,,,,,,,,,,,,113.7135,120.1675,6.4539,1,0,18.7045,0.182407407,-0.003703704,0,0,0,0,2,2,18,1,b,The patient has taken Batatrim,The patient has not overcome the crisis,,,,,,,,,,,,,,,,,,,,,,,,,,,,,,,,,,,,,,,,,,,,,,,,,,,,,,,,,,,,,,,,,,,,,,,,,,,,,,,,,,,,,,,
,,,,,,,,[(%PROLIFIC_PID,2,2025-04-16_17h14.58.031,CLTandFLE,2024.1.5,Win32,163.9344262,5e68bd3b003be1000c6c4d25,67ffc4c40efe1bd1090b10ee,67ffc842905502c6e5e62681,,,,,,,,,,,,,,,,,,,,,,,,,,,,,,,,,,,,,,,,,,,120.1677,124.2885,4.1207,0,1,22.8252,0.209259259,-0.028703704,0,0,0,0,3,3,5,1,a,The patient has taken Batatrim,The patient has overcome the crisis,,,,,,,,,,,,,,,,,,,,,,,,,,,,,,,,,,,,,,,,,,,,,,,,,,,,,,,,,,,,,,,,,,,,,,,,,,,,,,,,,,,,,,,
,,,,,,,,[(%PROLIFIC_PID,2,2025-04-16_17h14.58.031,CLTandFLE,2024.1.5,Win32,163.9344262,5e68bd3b003be1000c6c4d25,67ffc4c40efe1bd1090b10ee,67ffc842905502c6e5e62681,,,,,,,,,,,,,,,,,,,,,,,,,,,,,,,,,,,,,,,,,,,124.2887,128.1554,3.8666,0,1,26.6918,0.187962963,-0.018518519,0,0,0,0,4,4,24,1,c,The patient has not taken Batatrim,The patient has overcome the crisis,,,,,,,,,,,,,,,,,,,,,,,,,,,,,,,,,,,,,,,,,,,,,,,,,,,,,,,,,,,,,,,,,,,,,,,,,,,,,,,,,,,,,,,
,,,,,,,,[(%PROLIFIC_PID,2,2025-04-16_17h14.58.031,CLTandFLE,2024.1.5,Win32,163.9344262,5e68bd3b003be1000c6c4d25,67ffc4c40efe1bd1090b10ee,67ffc842905502c6e5e62681,,,,,,,,,,,,,,,,,,,,,,,,,,,,,,,,,,,,,,,,,,,128.1557,133.1008,4.945,0,1,31.6368,0.128703704,-0.052777778,0,0,0,0,5,5,14,1,b,The patient has taken Batatrim,The patient has overcome the crisis,,,,,,,,,,,,,,,,,,,,,,,,,,,,,,,,,,,,,,,,,,,,,,,,,,,,,,,,,,,,,,,,,,,,,,,,,,,,,,,,,,,,,,,
,,,,,,,,[(%PROLIFIC_PID,2,2025-04-16_17h14.58.031,CLTandFLE,2024.1.5,Win32,163.9344262,5e68bd3b003be1000c6c4d25,67ffc4c40efe1bd1090b10ee,67ffc842905502c6e5e62681,,,,,,,,,,,,,,,,,,,,,,,,,,,,,,,,,,,,,,,,,,,133.101,137.6151,4.5139,1,0,36.1507,-0.15462963,-0.062962963,0,0,0,0,6,6,0,1,a,The patient has taken Batatrim,The patient has overcome the crisis,,,,,,,,,,,,,,,,,,,,,,,,,,,,,,,,,,,,,,,,,,,,,,,,,,,,,,,,,,,,,,,,,,,,,,,,,,,,,,,,,,,,,,,
,,,,,,,,[(%PROLIFIC_PID,2,2025-04-16_17h14.58.031,CLTandFLE,2024.1.5,Win32,163.9344262,5e68bd3b003be1000c6c4d25,67ffc4c40efe1bd1090b10ee,67ffc842905502c6e5e62681,,,,,,,,,,,,,,,,,,,,,,,,,,,,,,,,,,,,,,,,,,,137.6152,141.6634,4.048,0,1,40.1987,0.024074074,-0.092592593,0,0,0,0,7,7,34,1,c,The patient has not taken Batatrim,The patient has overcome the crisis,,,,,,,,,,,,,,,,,,,,,,,,,,,,,,,,,,,,,,,,,,,,,,,,,,,,,,,,,,,,,,,,,,,,,,,,,,,,,,,,,,,,,,,
,,,,,,,,[(%PROLIFIC_PID,2,2025-04-16_17h14.58.031,CLTandFLE,2024.1.5,Win32,163.9344262,5e68bd3b003be1000c6c4d25,67ffc4c40efe1bd1090b10ee,67ffc842905502c6e5e62681,,,,,,,,,,,,,,,,,,,,,,,,,,,,,,,,,,,,,,,,,,,141.6636,145.3298,3.6661,1,0,43.8648,0.019444444,-0.161111111,0,0,0,0,8,8,7,1,a,The patient has taken Batatrim,The patient has overcome the crisis,,,,,,,,,,,,,,,,,,,,,,,,,,,,,,,,,,,,,,,,,,,,,,,,,,,,,,,,,,,,,,,,,,,,,,,,,,,,,,,,,,,,,,,
,,,,,,,,[(%PROLIFIC_PID,2,2025-04-16_17h14.58.031,CLTandFLE,2024.1.5,Win32,163.9344262,5e68bd3b003be1000c6c4d25,67ffc4c40efe1bd1090b10ee,67ffc842905502c6e5e62681,,,,,,,,,,,,,,,,,,,,,,,,,,,,,,,,,,,,,,,,,,,145.3299,149.0206,3.6906,1,0,47.5554,0.068518519,-0.160185185,0,0,0,0,9,9,2,1,a,The patient has taken Batatrim,The patient has overcome the crisis,,,,,,,,,,,,,,,,,,,,,,,,,,,,,,,,,,,,,,,,,,,,,,,,,,,,,,,,,,,,,,,,,,,,,,,,,,,,,,,,,,,,,,,
,,,,,,,,[(%PROLIFIC_PID,2,2025-04-16_17h14.58.031,CLTandFLE,2024.1.5,Win32,163.9344262,5e68bd3b003be1000c6c4d25,67ffc4c40efe1bd1090b10ee,67ffc842905502c6e5e62681,,,,,,,,,,,,,,,,,,,,,,,,,,,,,,,,,,,,,,,,,,,149.0208,153.4809,4.46,1,0,52.0154,-0.112037037,-0.177777778,0,0,0,0,10,10,15,1,b,The patient has taken Batatrim,The patient has not overcome the crisis,,,,,,,,,,,,,,,,,,,,,,,,,,,,,,,,,,,,,,,,,,,,,,,,,,,,,,,,,,,,,,,,,,,,,,,,,,,,,,,,,,,,,,,
,,,,,,,,[(%PROLIFIC_PID,2,2025-04-16_17h14.58.031,CLTandFLE,2024.1.5,Win32,163.9344262,5e68bd3b003be1000c6c4d25,67ffc4c40efe1bd1090b10ee,67ffc842905502c6e5e62681,,,,,,,,,,,,,,,,,,,,,,,,,,,,,,,,,,,,,,,,,,,153.481,157.4383,3.9572,0,1,55.9726,0.063888889,-0.162037037,0,0,0,0,11,11,20,1,c,The patient has not taken Batatrim,The patient has overcome the crisis,,,,,,,,,,,,,,,,,,,,,,,,,,,,,,,,,,,,,,,,,,,,,,,,,,,,,,,,,,,,,,,,,,,,,,,,,,,,,,,,,,,,,,,
,,,,,,,,[(%PROLIFIC_PID,2,2025-04-16_17h14.58.031,CLTandFLE,2024.1.5,Win32,163.9344262,5e68bd3b003be1000c6c4d25,67ffc4c40efe1bd1090b10ee,67ffc842905502c6e5e62681,,,,,,,,,,,,,,,,,,,,,,,,,,,,,,,,,,,,,,,,,,,157.4385,161.2019,3.7633,1,0,59.7359,-0.153703704,-0.037962963,0,0,0,0,12,12,9,1,a,The patient has taken Batatrim,The patient has overcome the crisis,,,,,,,,,,,,,,,,,,,,,,,,,,,,,,,,,,,,,,,,,,,,,,,,,,,,,,,,,,,,,,,,,,,,,,,,,,,,,,,,,,,,,,,
,,,,,,,,[(%PROLIFIC_PID,2,2025-04-16_17h14.58.031,CLTandFLE,2024.1.5,Win32,163.9344262,5e68bd3b003be1000c6c4d25,67ffc4c40efe1bd1090b10ee,67ffc842905502c6e5e62681,,,,,,,,,,,,,,,,,,,,,,,,,,,,,,,,,,,,,,,,,,,161.202,165.4743,4.2722,1,0,64.0081,-0.173148148,-0.037962963,0,0,0,0,13,13,10,1,a,The patient has taken Batatrim,The patient has overcome the crisis,,,,,,,,,,,,,,,,,,,,,,,,,,,,,,,,,,,,,,,,,,,,,,,,,,,,,,,,,,,,,,,,,,,,,,,,,,,,,,,,,,,,,,,
,,,,,,,,[(%PROLIFIC_PID,2,2025-04-16_17h14.58.031,CLTandFLE,2024.1.5,Win32,163.9344262,5e68bd3b003be1000c6c4d25,67ffc4c40efe1bd1090b10ee,67ffc842905502c6e5e62681,,,,,,,,,,,,,,,,,,,,,,,,,,,,,,,,,,,,,,,,,,,165.4744,169.577,4.1025,0,1,68.1106,0.084259259,-0.1,0,0,0,0,14,14,28,1,c,The patient has not taken Batatrim,The patient has overcome the crisis,,,,,,,,,,,,,,,,,,,,,,,,,,,,,,,,,,,,,,,,,,,,,,,,,,,,,,,,,,,,,,,,,,,,,,,,,,,,,,,,,,,,,,,
,,,,,,,,[(%PROLIFIC_PID,2,2025-04-16_17h14.58.031,CLTandFLE,2024.1.5,Win32,163.9344262,5e68bd3b003be1000c6c4d25,67ffc4c40efe1bd1090b10ee,67ffc842905502c6e5e62681,,,,,,,,,,,,,,,,,,,,,,,,,,,,,,,,,,,,,,,,,,,169.5771,174.1829,4.6057,1,0,72.7163,-0.225925926,-0.014814815,0,0,0,0,15,15,13,1,a,The patient has taken Batatrim,The patient has overcome the crisis,,,,,,,,,,,,,,,,,,,,,,,,,,,,,,,,,,,,,,,,,,,,,,,,,,,,,,,,,,,,,,,,,,,,,,,,,,,,,,,,,,,,,,,
,,,,,,,,[(%PROLIFIC_PID,2,2025-04-16_17h14.58.031,CLTandFLE,2024.1.5,Win32,163.9344262,5e68bd3b003be1000c6c4d25,67ffc4c40efe1bd1090b10ee,67ffc842905502c6e5e62681,,,,,,,,,,,,,,,,,,,,,,,,,,,,,,,,,,,,,,,,,,,174.183,179.4555,5.2724,0,1,77.9887,0.026851852,-0.149074074,0,0,0,0,16,16,36,1,d,The patient has not taken Batatrim,The patient has not overcome the crisis,,,,,,,,,,,,,,,,,,,,,,,,,,,,,,,,,,,,,,,,,,,,,,,,,,,,,,,,,,,,,,,,,,,,,,,,,,,,,,,,,,,,,,,
,,,,,,,,[(%PROLIFIC_PID,2,2025-04-16_17h14.58.031,CLTandFLE,2024.1.5,Win32,163.9344262,5e68bd3b003be1000c6c4d25,67ffc4c40efe1bd1090b10ee,67ffc842905502c6e5e62681,,,,,,,,,,,,,,,,,,,,,,,,,,,,,,,,,,,,,,,,,,,179.4557,184.6252,5.1695,1,0,83.1582,-0.086111111,-0.212962963,0,0,0,0,17,17,8,1,a,The patient has taken Batatrim,The patient has overcome the crisis,,,,,,,,,,,,,,,,,,,,,,,,,,,,,,,,,,,,,,,,,,,,,,,,,,,,,,,,,,,,,,,,,,,,,,,,,,,,,,,,,,,,,,,
,,,,,,,,[(%PROLIFIC_PID,2,2025-04-16_17h14.58.031,CLTandFLE,2024.1.5,Win32,163.9344262,5e68bd3b003be1000c6c4d25,67ffc4c40efe1bd1090b10ee,67ffc842905502c6e5e62681,,,,,,,,,,,,,,,,,,,,,,,,,,,,,,,,,,,,,,,,,,,184.6254,188.8251,4.1996,1,0,87.3578,-0.153703704,-0.125,0,0,0,0,18,18,4,1,a,The patient has taken Batatrim,The patient has overcome the crisis,,,,,,,,,,,,,,,,,,,,,,,,,,,,,,,,,,,,,,,,,,,,,,,,,,,,,,,,,,,,,,,,,,,,,,,,,,,,,,,,,,,,,,,
,,,,,,,,[(%PROLIFIC_PID,2,2025-04-16_17h14.58.031,CLTandFLE,2024.1.5,Win32,163.9344262,5e68bd3b003be1000c6c4d25,67ffc4c40efe1bd1090b10ee,67ffc842905502c6e5e62681,,,,,,,,,,,,,,,,,,,,,,,,,,,,,,,,,,,,,,,,,,,188.8253,192.8061,3.9808,1,0,91.3386,-0.130555556,-0.162037037,0,0,0,0,19,19,11,1,a,The patient has taken Batatrim,The patient has overcome the crisis,,,,,,,,,,,,,,,,,,,,,,,,,,,,,,,,,,,,,,,,,,,,,,,,,,,,,,,,,,,,,,,,,,,,,,,,,,,,,,,,,,,,,,,
,,,,,,,,[(%PROLIFIC_PID,2,2025-04-16_17h14.58.031,CLTandFLE,2024.1.5,Win32,163.9344262,5e68bd3b003be1000c6c4d25,67ffc4c40efe1bd1090b10ee,67ffc842905502c6e5e62681,,,,,,,,,,,,,,,,,,,,,,,,,,,,,,,,,,,,,,,,,,,192.8063,197.9792,5.1729,1,0,96.5115,-0.158333333,-0.042592593,0,0,0,0,20,20,35,1,d,The patient has not taken Batatrim,The patient has not overcome the crisis,,,,,,,,,,,,,,,,,,,,,,,,,,,,,,,,,,,,,,,,,,,,,,,,,,,,,,,,,,,,,,,,,,,,,,,,,,,,,,,,,,,,,,,
,,,,,,,,[(%PROLIFIC_PID,2,2025-04-16_17h14.58.031,CLTandFLE,2024.1.5,Win32,163.9344262,5e68bd3b003be1000c6c4d25,67ffc4c40efe1bd1090b10ee,67ffc842905502c6e5e62681,,,,,,,,,,,,,,,,,,,,,,,,,,,,,,,,,,,,,,,,,,,197.9794,201.6725,3.6929,1,0,100.2044,0.162962963,0.031481481,0,0,0,0,21,21,6,1,a,The patient has taken Batatrim,The patient has overcome the crisis,,,,,,,,,,,,,,,,,,,,,,,,,,,,,,,,,,,,,,,,,,,,,,,,,,,,,,,,,,,,,,,,,,,,,,,,,,,,,,,,,,,,,,,
,,,,,,,,[(%PROLIFIC_PID,2,2025-04-16_17h14.58.031,CLTandFLE,2024.1.5,Win32,163.9344262,5e68bd3b003be1000c6c4d25,67ffc4c40efe1bd1090b10ee,67ffc842905502c6e5e62681,,,,,,,,,,,,,,,,,,,,,,,,,,,,,,,,,,,,,,,,,,,201.6726,205.4176,3.7449,0,1,103.9493,-0.142592593,-0.069444444,0,0,0,0,22,22,37,1,d,The patient has not taken Batatrim,The patient has not overcome the crisis,,,,,,,,,,,,,,,,,,,,,,,,,,,,,,,,,,,,,,,,,,,,,,,,,,,,,,,,,,,,,,,,,,,,,,,,,,,,,,,,,,,,,,,
,,,,,,,,[(%PROLIFIC_PID,2,2025-04-16_17h14.58.031,CLTandFLE,2024.1.5,Win32,163.9344262,5e68bd3b003be1000c6c4d25,67ffc4c40efe1bd1090b10ee,67ffc842905502c6e5e62681,,,,,,,,,,,,,,,,,,,,,,,,,,,,,,,,,,,,,,,,,,,205.4178,209.2114,3.7935,0,1,107.7428,-0.097222222,-0.141666667,0,0,0,0,23,23,21,1,c,The patient has not taken Batatrim,The patient has overcome the crisis,,,,,,,,,,,,,,,,,,,,,,,,,,,,,,,,,,,,,,,,,,,,,,,,,,,,,,,,,,,,,,,,,,,,,,,,,,,,,,,,,,,,,,,
,,,,,,,,[(%PROLIFIC_PID,2,2025-04-16_17h14.58.031,CLTandFLE,2024.1.5,Win32,163.9344262,5e68bd3b003be1000c6c4d25,67ffc4c40efe1bd1090b10ee,67ffc842905502c6e5e62681,,,,,,,,,,,,,,,,,,,,,,,,,,,,,,,,,,,,,,,,,,,209.2116,213.5506,4.3389,1,0,112.0817,-0.075925926,-0.160185185,0,0,0,0,24,24,16,1,b,The patient has taken Batatrim,The patient has not overcome the crisis,,,,,,,,,,,,,,,,,,,,,,,,,,,,,,,,,,,,,,,,,,,,,,,,,,,,,,,,,,,,,,,,,,,,,,,,,,,,,,,,,,,,,,,
,,,,,,,,[(%PROLIFIC_PID,2,2025-04-16_17h14.58.031,CLTandFLE,2024.1.5,Win32,163.9344262,5e68bd3b003be1000c6c4d25,67ffc4c40efe1bd1090b10ee,67ffc842905502c6e5e62681,,,,,,,,,,,,,,,,,,,,,,,,,,,,,,,,,,,,,,,,,,,213.5507,218.308,4.7572,0,1,116.8389,-0.059259259,-0.05462963,0,0,0,0,25,25,29,1,c,The patient has not taken Batatrim,The patient has overcome the crisis,,,,,,,,,,,,,,,,,,,,,,,,,,,,,,,,,,,,,,,,,,,,,,,,,,,,,,,,,,,,,,,,,,,,,,,,,,,,,,,,,,,,,,,
,,,,,,,,[(%PROLIFIC_PID,2,2025-04-16_17h14.58.031,CLTandFLE,2024.1.5,Win32,163.9344262,5e68bd3b003be1000c6c4d25,67ffc4c40efe1bd1090b10ee,67ffc842905502c6e5e62681,,,,,,,,,,,,,,,,,,,,,,,,,,,,,,,,,,,,,,,,,,,218.3082,222.1803,3.8721,0,1,120.711,-0.074074074,-0.188888889,0,0,0,0,26,26,25,1,c,The patient has not taken Batatrim,The patient has overcome the crisis,,,,,,,,,,,,,,,,,,,,,,,,,,,,,,,,,,,,,,,,,,,,,,,,,,,,,,,,,,,,,,,,,,,,,,,,,,,,,,,,,,,,,,,
,,,,,,,,[(%PROLIFIC_PID,2,2025-04-16_17h14.58.031,CLTandFLE,2024.1.5,Win32,163.9344262,5e68bd3b003be1000c6c4d25,67ffc4c40efe1bd1090b10ee,67ffc842905502c6e5e62681,,,,,,,,,,,,,,,,,,,,,,,,,,,,,,,,,,,,,,,,,,,222.1806,227.1923,5.0116,1,0,125.7226,-0.163888889,-0.052777778,0,0,0,0,27,27,1,1,a,The patient has taken Batatrim,The patient has overcome the crisis,,,,,,,,,,,,,,,,,,,,,,,,,,,,,,,,,,,,,,,,,,,,,,,,,,,,,,,,,,,,,,,,,,,,,,,,,,,,,,,,,,,,,,,
,,,,,,,,[(%PROLIFIC_PID,2,2025-04-16_17h14.58.031,CLTandFLE,2024.1.5,Win32,163.9344262,5e68bd3b003be1000c6c4d25,67ffc4c40efe1bd1090b10ee,67ffc842905502c6e5e62681,,,,,,,,,,,,,,,,,,,,,,,,,,,,,,,,,,,,,,,,,,,227.1925,233.43,6.2374,1,0,131.96,-0.187037037,-0.066666667,0,0,0,0,28,28,17,1,b,The patient has taken Batatrim,The patient has not overcome the crisis,,,,,,,,,,,,,,,,,,,,,,,,,,,,,,,,,,,,,,,,,,,,,,,,,,,,,,,,,,,,,,,,,,,,,,,,,,,,,,,,,,,,,,,
,,,,,,,,[(%PROLIFIC_PID,2,2025-04-16_17h14.58.031,CLTandFLE,2024.1.5,Win32,163.9344262,5e68bd3b003be1000c6c4d25,67ffc4c40efe1bd1090b10ee,67ffc842905502c6e5e62681,,,,,,,,,,,,,,,,,,,,,,,,,,,,,,,,,,,,,,,,,,,233.4303,237.9493,4.5188,0,1,136.4788,0.134259259,-0.04537037,0,0,0,0,29,29,31,1,c,The patient has not taken Batatrim,The patient has overcome the crisis,,,,,,,,,,,,,,,,,,,,,,,,,,,,,,,,,,,,,,,,,,,,,,,,,,,,,,,,,,,,,,,,,,,,,,,,,,,,,,,,,,,,,,,
,,,,,,,,[(%PROLIFIC_PID,2,2025-04-16_17h14.58.031,CLTandFLE,2024.1.5,Win32,163.9344262,5e68bd3b003be1000c6c4d25,67ffc4c40efe1bd1090b10ee,67ffc842905502c6e5e62681,,,,,,,,,,,,,,,,,,,,,,,,,,,,,,,,,,,,,,,,,,,237.9496,242.3009,4.3513,0,1,140.8301,0.090740741,-0.05,0,0,0,0,30,30,26,1,c,The patient has not taken Batatrim,The patient has overcome the crisis,,,,,,,,,,,,,,,,,,,,,,,,,,,,,,,,,,,,,,,,,,,,,,,,,,,,,,,,,,,,,,,,,,,,,,,,,,,,,,,,,,,,,,,
,,,,,,,,[(%PROLIFIC_PID,2,2025-04-16_17h14.58.031,CLTandFLE,2024.1.5,Win32,163.9344262,5e68bd3b003be1000c6c4d25,67ffc4c40efe1bd1090b10ee,67ffc842905502c6e5e62681,,,,,,,,,,,,,,,,,,,,,,,,,,,,,,,,,,,,,,,,,,,242.3011,246.1973,3.8962,1,0,144.7263,-0.171296296,-0.035185185,0,0,0,0,31,31,19,1,b,The patient has taken Batatrim,The patient has not overcome the crisis,,,,,,,,,,,,,,,,,,,,,,,,,,,,,,,,,,,,,,,,,,,,,,,,,,,,,,,,,,,,,,,,,,,,,,,,,,,,,,,,,,,,,,,
,,,,,,,,[(%PROLIFIC_PID,2,2025-04-16_17h14.58.031,CLTandFLE,2024.1.5,Win32,163.9344262,5e68bd3b003be1000c6c4d25,67ffc4c40efe1bd1090b10ee,67ffc842905502c6e5e62681,,,,,,,,,,,,,,,,,,,,,,,,,,,,,,,,,,,,,,,,,,,246.1975,250.3001,4.1026,0,1,148.8289,0.158333333,-0.036111111,0,0,0,0,32,32,38,1,d,The patient has not taken Batatrim,The patient has not overcome the crisis,,,,,,,,,,,,,,,,,,,,,,,,,,,,,,,,,,,,,,,,,,,,,,,,,,,,,,,,,,,,,,,,,,,,,,,,,,,,,,,,,,,,,,,
,,,,,,,,[(%PROLIFIC_PID,2,2025-04-16_17h14.58.031,CLTandFLE,2024.1.5,Win32,163.9344262,5e68bd3b003be1000c6c4d25,67ffc4c40efe1bd1090b10ee,67ffc842905502c6e5e62681,,,,,,,,,,,,,,,,,,,,,,,,,,,,,,,,,,,,,,,,,,,250.3003,254.4879,4.1875,0,1,153.0164,0.082407407,-0.09537037,0,0,0,0,33,33,33,1,c,The patient has not taken Batatrim,The patient has overcome the crisis,,,,,,,,,,,,,,,,,,,,,,,,,,,,,,,,,,,,,,,,,,,,,,,,,,,,,,,,,,,,,,,,,,,,,,,,,,,,,,,,,,,,,,,
,,,,,,,,[(%PROLIFIC_PID,2,2025-04-16_17h14.58.031,CLTandFLE,2024.1.5,Win32,163.9344262,5e68bd3b003be1000c6c4d25,67ffc4c40efe1bd1090b10ee,67ffc842905502c6e5e62681,,,,,,,,,,,,,,,,,,,,,,,,,,,,,,,,,,,,,,,,,,,254.4881,258.6391,4.1509,1,0,157.1673,-0.153703704,-0.05462963,0,0,0,0,34,34,3,1,a,The patient has taken Batatrim,The patient has overcome the crisis,,,,,,,,,,,,,,,,,,,,,,,,,,,,,,,,,,,,,,,,,,,,,,,,,,,,,,,,,,,,,,,,,,,,,,,,,,,,,,,,,,,,,,,
,,,,,,,,[(%PROLIFIC_PID,2,2025-04-16_17h14.58.031,CLTandFLE,2024.1.5,Win32,163.9344262,5e68bd3b003be1000c6c4d25,67ffc4c40efe1bd1090b10ee,67ffc842905502c6e5e62681,,,,,,,,,,,,,,,,,,,,,,,,,,,,,,,,,,,,,,,,,,,258.6393,265.2024,6.5631,0,1,163.7304,0.117592593,-0.044444444,0,0,0,0,35,35,23,1,c,The patient has not taken Batatrim,The patient has overcome the crisis,,,,,,,,,,,,,,,,,,,,,,,,,,,,,,,,,,,,,,,,,,,,,,,,,,,,,,,,,,,,,,,,,,,,,,,,,,,,,,,,,,,,,,,
,,,,,,,,[(%PROLIFIC_PID,2,2025-04-16_17h14.58.031,CLTandFLE,2024.1.5,Win32,163.9344262,5e68bd3b003be1000c6c4d25,67ffc4c40efe1bd1090b10ee,67ffc842905502c6e5e62681,,,,,,,,,,,,,,,,,,,,,,,,,,,,,,,,,,,,,,,,,,,265.2026,270.0263,4.8237,0,1,168.5541,0.133333333,-0.030555556,0,0,0,0,36,36,30,1,c,The patient has not taken Batatrim,The patient has overcome the crisis,,,,,,,,,,,,,,,,,,,,,,,,,,,,,,,,,,,,,,,,,,,,,,,,,,,,,,,,,,,,,,,,,,,,,,,,,,,,,,,,,,,,,,,
,,,,,,,,[(%PROLIFIC_PID,2,2025-04-16_17h14.58.031,CLTandFLE,2024.1.5,Win32,163.9344262,5e68bd3b003be1000c6c4d25,67ffc4c40efe1bd1090b10ee,67ffc842905502c6e5e62681,,,,,,,,,,,,,,,,,,,,,,,,,,,,,,,,,,,,,,,,,,,270.0266,275.0867,5.0601,1,0,173.6142,-0.081481481,-0.061111111,0,0,0,0,37,37,12,1,a,The patient has taken Batatrim,The patient has overcome the crisis,,,,,,,,,,,,,,,,,,,,,,,,,,,,,,,,,,,,,,,,,,,,,,,,,,,,,,,,,,,,,,,,,,,,,,,,,,,,,,,,,,,,,,,
,,,,,,,,[(%PROLIFIC_PID,2,2025-04-16_17h14.58.031,CLTandFLE,2024.1.5,Win32,163.9344262,5e68bd3b003be1000c6c4d25,67ffc4c40efe1bd1090b10ee,67ffc842905502c6e5e62681,,,,,,,,,,,,,,,,,,,,,,,,,,,,,,,,,,,,,,,,,,,275.0869,280.1228,5.0358,0,1,178.65,0.112962963,-0.069444444,0,0,0,0,38,38,22,1,c,The patient has not taken Batatrim,The patient has overcome the crisis,,,,,,,,,,,,,,,,,,,,,,,,,,,,,,,,,,,,,,,,,,,,,,,,,,,,,,,,,,,,,,,,,,,,,,,,,,,,,,,,,,,,,,,
,,,,,,,,[(%PROLIFIC_PID,2,2025-04-16_17h14.58.031,CLTandFLE,2024.1.5,Win32,163.9344262,5e68bd3b003be1000c6c4d25,67ffc4c40efe1bd1090b10ee,67ffc842905502c6e5e62681,,,,,,,,,,,,,,,,,,,,,,,,,,,,,,,,,,,,,,,,,,,280.123,284.6635,4.5403,0,1,183.1903,0.137962963,-0.039814815,0,0,0,0,39,39,32,1,c,The patient has not taken Batatrim,The patient has overcome the crisis,,,,,,,,,,,,,,,,,,,,,,,,,,,,,,,,,,,,,,,,,,,,,,,,,,,,,,,,,,,,,,,,,,,,,,,,,,,,,,,,,,,,,,,
,,,,,,,,[(%PROLIFIC_PID,2,2025-04-16_17h14.58.031,CLTandFLE,2024.1.5,Win32,163.9344262,5e68bd3b003be1000c6c4d25,67ffc4c40efe1bd1090b10ee,67ffc842905502c6e5e62681,,306.0488,306.4123,,,,,,,,,,,,,,,,,,,,,,,,,,,,,,,,,,,,,,,,,,,,,,,,,,,,,,,,,,,285.0256,298.2249,13.1992,75,12.8026,0.081481481,-0.181481481,1,0,0,298.5885,306.0488,7.4601,82,6.9303,0.050925926,-0.177777778,1,0,0,5,2,3,10,0,0,0,0,1,,,,,,,,,,,,,,,,,,,,,,,,,,,,,,,,,,,,,,,,,,,,,,,,,,,,,,,,,,
,,,,,,,,[(%PROLIFIC_PID,2,2025-04-16_17h14.58.031,CLTandFLE,2024.1.5,Win32,163.9344262,5e68bd3b003be1000c6c4d25,67ffc4c40efe1bd1090b10ee,67ffc842905502c6e5e62681,,405.9021,406.2618,,,,,,,,,,,,,,,,,,,,,,,,,,,,,,,,,,,,,,,,,,,,,,,,,,,,,,,,,,,,,,,,,,,,,,,,,,,,,,,,,,,,,,,,337.6228,341.5076,3.8846,1,3.3425,0.013888889,-0.225,1,0,0,24,Maschio,Sì,19,"Sì, l'ho ottenuta negli ultimi due anni",C1 CEFR (7 - 8 IELTS),TRUE,FALSE,4,8,8,7,6,FALSE,Conferma,c1ok,c2ok,c3ok,c4ok,c5ok,c6ok,c7ok,c8err2,c9ok,c10ok,c11ok,c12err,c13ok,c14err2,c15ok,c16ok,c17ok,c18err3,c19ok,c20err,c21err3,c22ok,c23ok,c24ok,c25ok,c26ok,566.2304,573.1016,0,0,0,0,1
