﻿Alfa.started,Alfa.stopped,alfa_mouse.x,alfa_mouse.y,alfa_mouse.leftButton,alfa_mouse.midButton,alfa_mouse.rightButton,alfa_mouse.clicked_name,participant,group,date,expName,psychopyVersion,OS,frameRate,PROLIFIC_PID,STUDY_ID,SESSION_ID,)],ITI.started,ITI.stopped,B_consensoinformato.started,B_consensoinformato.stopped,tempo_consenso,cons_mouse.x,cons_mouse.y,cons_mouse.leftButton,cons_mouse.midButton,cons_mouse.rightButton,A_benvenuto.started,A_benvenuto.stopped,ben_mouse.x,ben_mouse.y,ben_mouse.leftButton,ben_mouse.midButton,ben_mouse.rightButton,B2_istruzioni.started,B2_istruzioni.stopped,tempo_istru,cons_mouse_2.x,cons_mouse_2.y,cons_mouse_2.leftButton,cons_mouse_2.midButton,cons_mouse_2.rightButton,SAMevaluation.started,SAMevaluation.stopped,temposam,sliderintensity.response,sliderintensity.rt,slidervalence.response,slidervalence.rt,mouse_sam.x,mouse_sam.y,mouse_sam.leftButton,mouse_sam.midButton,mouse_sam.rightButton,mouse_sam.time,mouse_sam.clicked_name,Loading.started,Loading.stopped,C_associative_task.started,C_associative_task.stopped,tempo_trial,hapremutosi,hapremutono,tempo_tasktot,mouse.x,mouse.y,mouse.leftButton,mouse.midButton,mouse.rightButton,trials.thisRepN,trials.thisTrialN,trials.thisN,trials.thisIndex,trials.ran,cond,causa,effetto,D_VD.started,D_VD.stopped,tempo_vd,vd.response,vd.rt,mouse_vd.x,mouse_vd.y,mouse_vd.leftButton,mouse_vd.midButton,mouse_vd.rightButton,Previous.started,Previous.stopped,tempo_vd1,previous.response,previous.rt,mouse_vd_2.x,mouse_vd_2.y,mouse_vd_2.leftButton,mouse_vd_2.midButton,mouse_vd_2.rightButton,EstITA.TrialSS,EstITA.TrialD,EstITA.TrialNS,EstITA.TrialSN,itaest.thisRepN,itaest.thisTrialN,itaest.thisN,itaest.thisIndex,itaest.ran,PF.started,PF.stopped,tempo_pf,processfluency.response,processfluency.rt,mouse_ch.x,mouse_ch.y,mouse_ch.leftButton,mouse_ch.midButton,mouse_ch.rightButton,Questionario_Lingua.Age,Questionario_Lingua.Sesso,Questionario_Lingua.StaiStudiando?,Questionario_Lingua.Anniscolarita,Questionario_Lingua.Diploma,Questionario_Lingua.ItaMADRE?,Questionario_Lingua.INGmadre?,Questionario_Lingua.Q5(AOAIng),Questionario_Lingua.INGLETTURA,Questionario_Lingua.INGCOMPRESO,Questionario_Lingua.INGSCRITTO,Questionario_Lingua.INGPARLATO,Questionario_Lingua.haivissutoestero,ProvaInglese.ProcediamoENg,ProvaInglese.C1,ProvaInglese.C2,ProvaInglese.C3,ProvaInglese.C4,ProvaInglese.C5,ProvaInglese.C6,ProvaInglese.C7,ProvaInglese.C8,ProvaInglese.C9,ProvaInglese.C10,ProvaInglese.C11,ProvaInglese.C12,ProvaInglese.C13,ProvaInglese.C14,ProvaInglese.C15,ProvaInglese.C16,ProvaInglese.C17,ProvaInglese.C18,ProvaInglese.C19,ProvaInglese.C20,ProvaInglese.C21,ProvaInglese.C22,ProvaInglese.C23,ProvaInglese.C24,ProvaInglese.C25,ProvaInglese.controlquestion,Ant_lastquestion.started,Ant_lastquestion.stopped,exp_loop.thisRepN,exp_loop.thisTrialN,exp_loop.thisN,exp_loop.thisIndex,exp_loop.ran
0.0008,7.2517,-0.075,-0.000925926,1,0,0,alfa_mask,[(%PROLIFIC_PID,1,2025-05-08_11h27.47.641,CLTandFLE,2024.1.5,Win32,60.24096386,5f7d002d141e4e1c0e84e98e,67ffc4c40efe1bd1090b10ee,681c7903b2381b87b79a7b28,,,,,,,,,,,,,,,,,,,,,,,,,,,,,,,,,,,,,,,,,,,,,,,,,,,,,,,,,,,,,,,,,,,,,,,,,,,,,,,,,,,,,,,,,,,,,,,,,,,,,,,,,,,,,,,,,,,,,,,,,,,,,,,,,,,,,,,,,,,,,,,,,,,
,,,,,,,,[(%PROLIFIC_PID,1,2025-05-08_11h27.47.641,CLTandFLE,2024.1.5,Win32,60.24096386,5f7d002d141e4e1c0e84e98e,67ffc4c40efe1bd1090b10ee,681c7903b2381b87b79a7b28,,7.252,8.3044,,,,,,,,,,,,,,,,,,,,,,,,,,,,,,,,,,,,,,,,,,,,,,,,,,,,,,,,,,,,,,,,,,,,,,,,,,,,,,,,,,,,,,,,,,,,,,,,,,,,,,,,,,,,,,,,,,,,,,,,,,,,,,,,,,,,,,,,,,,,,,,,
,,,,,,,,[(%PROLIFIC_PID,1,2025-05-08_11h27.47.641,CLTandFLE,2024.1.5,Win32,60.24096386,5f7d002d141e4e1c0e84e98e,67ffc4c40efe1bd1090b10ee,681c7903b2381b87b79a7b28,,,,8.3052,25.2431,16.9361,0.252777778,-0.403703704,1,0,0,,,,,,,,,,,,,,,,,,,,,,,,,,,,,,,,,,,,,,,,,,,,,,,,,,,,,,,,,,,,,,,,,,,,,,,,,,,,,,,,,,,,,,,,,,,,,,,,,,,,,,,,,,,,,,,,,,,,,,,,,,,,,,,,,,,,,,,,
,,,,,,,,[(%PROLIFIC_PID,1,2025-05-08_11h27.47.641,CLTandFLE,2024.1.5,Win32,60.24096386,5f7d002d141e4e1c0e84e98e,67ffc4c40efe1bd1090b10ee,681c7903b2381b87b79a7b28,,103.3191,104.5714,,,,,,,,,26.2699,29.0168,0.024074074,-0.107407407,1,0,0,30.2064,75.436,45.2283,0.021296296,-0.40462963,1,0,0,76.7128,95.0923,18.3787,0.58912037,15.2473,0.177083333,7.5711,"[-0.005555555555555556,-0.006481481481481481,-0.1361111111111111,-0.025]","[0.19814814814814816,-0.006481481481481481,0.2064814814814815,-0.24259259259259258]","[1,1,1,1]","[0,0,0,0]","[0,0,0,0]","[2.6848999998569525,6.8827999999523115,10.785299999952315,18.36779999995231]","[""rettoksam""]",96.3156,103.319,104.6002,111.6237,7.0228,1,0,7.0228,-0.031481481,-0.167592593,0,0,0,0,0,0,9,1,a,Il paziente ha preso il Batatrim,Il paziente ha superato la crisi,,,,,,,,,,,,,,,,,,,,,,,,,,,,,,,,,,,,,,,,,,,,,,,,,,,,,,,,,,,,,,,,,,,,,,,,,,,,,,,,,,,,,,
,,,,,,,,[(%PROLIFIC_PID,1,2025-05-08_11h27.47.641,CLTandFLE,2024.1.5,Win32,60.24096386,5f7d002d141e4e1c0e84e98e,67ffc4c40efe1bd1090b10ee,681c7903b2381b87b79a7b28,,,,,,,,,,,,,,,,,,,,,,,,,,,,,,,,,,,,,,,,,,,111.626,118.3174,6.6911,1,0,13.7139,-0.064814815,-0.108333333,0,0,0,0,1,1,23,1,c,Il paziente non ha preso il Batatrim,Il paziente ha superato la crisi,,,,,,,,,,,,,,,,,,,,,,,,,,,,,,,,,,,,,,,,,,,,,,,,,,,,,,,,,,,,,,,,,,,,,,,,,,,,,,,,,,,,,,
,,,,,,,,[(%PROLIFIC_PID,1,2025-05-08_11h27.47.641,CLTandFLE,2024.1.5,Win32,60.24096386,5f7d002d141e4e1c0e84e98e,67ffc4c40efe1bd1090b10ee,681c7903b2381b87b79a7b28,,,,,,,,,,,,,,,,,,,,,,,,,,,,,,,,,,,,,,,,,,,118.3183,123.2,4.8813,0,1,18.5952,-0.080555556,-0.072222222,0,0,0,0,2,2,12,1,a,Il paziente ha preso il Batatrim,Il paziente ha superato la crisi,,,,,,,,,,,,,,,,,,,,,,,,,,,,,,,,,,,,,,,,,,,,,,,,,,,,,,,,,,,,,,,,,,,,,,,,,,,,,,,,,,,,,,
,,,,,,,,[(%PROLIFIC_PID,1,2025-05-08_11h27.47.641,CLTandFLE,2024.1.5,Win32,60.24096386,5f7d002d141e4e1c0e84e98e,67ffc4c40efe1bd1090b10ee,681c7903b2381b87b79a7b28,,,,,,,,,,,,,,,,,,,,,,,,,,,,,,,,,,,,,,,,,,,123.201,128.2652,5.0637,1,0,23.6589,-0.07962963,-0.087962963,0,0,0,0,3,3,20,1,c,Il paziente non ha preso il Batatrim,Il paziente ha superato la crisi,,,,,,,,,,,,,,,,,,,,,,,,,,,,,,,,,,,,,,,,,,,,,,,,,,,,,,,,,,,,,,,,,,,,,,,,,,,,,,,,,,,,,,
,,,,,,,,[(%PROLIFIC_PID,1,2025-05-08_11h27.47.641,CLTandFLE,2024.1.5,Win32,60.24096386,5f7d002d141e4e1c0e84e98e,67ffc4c40efe1bd1090b10ee,681c7903b2381b87b79a7b28,,,,,,,,,,,,,,,,,,,,,,,,,,,,,,,,,,,,,,,,,,,128.266,134.0566,5.7903,1,0,29.4492,-0.087037037,-0.05,0,0,0,0,4,4,36,1,d,Il paziente non ha preso il Batatrim,Il paziente non ha superato la crisi,,,,,,,,,,,,,,,,,,,,,,,,,,,,,,,,,,,,,,,,,,,,,,,,,,,,,,,,,,,,,,,,,,,,,,,,,,,,,,,,,,,,,,
,,,,,,,,[(%PROLIFIC_PID,1,2025-05-08_11h27.47.641,CLTandFLE,2024.1.5,Win32,60.24096386,5f7d002d141e4e1c0e84e98e,67ffc4c40efe1bd1090b10ee,681c7903b2381b87b79a7b28,,,,,,,,,,,,,,,,,,,,,,,,,,,,,,,,,,,,,,,,,,,134.0575,139.3598,5.3017,0,1,34.7509,-0.067592593,-0.067592593,0,0,0,0,5,5,1,1,a,Il paziente ha preso il Batatrim,Il paziente ha superato la crisi,,,,,,,,,,,,,,,,,,,,,,,,,,,,,,,,,,,,,,,,,,,,,,,,,,,,,,,,,,,,,,,,,,,,,,,,,,,,,,,,,,,,,,
,,,,,,,,[(%PROLIFIC_PID,1,2025-05-08_11h27.47.641,CLTandFLE,2024.1.5,Win32,60.24096386,5f7d002d141e4e1c0e84e98e,67ffc4c40efe1bd1090b10ee,681c7903b2381b87b79a7b28,,,,,,,,,,,,,,,,,,,,,,,,,,,,,,,,,,,,,,,,,,,139.3608,144.1666,4.8056,1,0,39.5565,-0.090740741,-0.083333333,0,0,0,0,6,6,11,1,a,Il paziente ha preso il Batatrim,Il paziente ha superato la crisi,,,,,,,,,,,,,,,,,,,,,,,,,,,,,,,,,,,,,,,,,,,,,,,,,,,,,,,,,,,,,,,,,,,,,,,,,,,,,,,,,,,,,,
,,,,,,,,[(%PROLIFIC_PID,1,2025-05-08_11h27.47.641,CLTandFLE,2024.1.5,Win32,60.24096386,5f7d002d141e4e1c0e84e98e,67ffc4c40efe1bd1090b10ee,681c7903b2381b87b79a7b28,,,,,,,,,,,,,,,,,,,,,,,,,,,,,,,,,,,,,,,,,,,144.1677,152.4895,8.3214,1,0,47.8779,-0.047222222,-0.068518519,0,0,0,0,7,7,33,1,c,Il paziente non ha preso il Batatrim,Il paziente ha superato la crisi,,,,,,,,,,,,,,,,,,,,,,,,,,,,,,,,,,,,,,,,,,,,,,,,,,,,,,,,,,,,,,,,,,,,,,,,,,,,,,,,,,,,,,
,,,,,,,,[(%PROLIFIC_PID,1,2025-05-08_11h27.47.641,CLTandFLE,2024.1.5,Win32,60.24096386,5f7d002d141e4e1c0e84e98e,67ffc4c40efe1bd1090b10ee,681c7903b2381b87b79a7b28,,,,,,,,,,,,,,,,,,,,,,,,,,,,,,,,,,,,,,,,,,,152.4904,157.3757,4.8839,1,0,52.7618,-0.069444444,-0.069444444,0,0,0,0,8,8,19,1,b,Il paziente ha preso il Batatrim,Il paziente non ha superato la crisi,,,,,,,,,,,,,,,,,,,,,,,,,,,,,,,,,,,,,,,,,,,,,,,,,,,,,,,,,,,,,,,,,,,,,,,,,,,,,,,,,,,,,,
,,,,,,,,[(%PROLIFIC_PID,1,2025-05-08_11h27.47.641,CLTandFLE,2024.1.5,Win32,60.24096386,5f7d002d141e4e1c0e84e98e,67ffc4c40efe1bd1090b10ee,681c7903b2381b87b79a7b28,,,,,,,,,,,,,,,,,,,,,,,,,,,,,,,,,,,,,,,,,,,157.3767,161.9641,4.5871,1,0,57.3489,-0.087037037,-0.075,0,0,0,0,9,9,4,1,a,Il paziente ha preso il Batatrim,Il paziente ha superato la crisi,,,,,,,,,,,,,,,,,,,,,,,,,,,,,,,,,,,,,,,,,,,,,,,,,,,,,,,,,,,,,,,,,,,,,,,,,,,,,,,,,,,,,,
,,,,,,,,[(%PROLIFIC_PID,1,2025-05-08_11h27.47.641,CLTandFLE,2024.1.5,Win32,60.24096386,5f7d002d141e4e1c0e84e98e,67ffc4c40efe1bd1090b10ee,681c7903b2381b87b79a7b28,,,,,,,,,,,,,,,,,,,,,,,,,,,,,,,,,,,,,,,,,,,161.9651,166.9605,4.9951,1,0,62.344,-0.099074074,-0.092592593,0,0,0,0,10,10,18,1,b,Il paziente ha preso il Batatrim,Il paziente non ha superato la crisi,,,,,,,,,,,,,,,,,,,,,,,,,,,,,,,,,,,,,,,,,,,,,,,,,,,,,,,,,,,,,,,,,,,,,,,,,,,,,,,,,,,,,,
,,,,,,,,[(%PROLIFIC_PID,1,2025-05-08_11h27.47.641,CLTandFLE,2024.1.5,Win32,60.24096386,5f7d002d141e4e1c0e84e98e,67ffc4c40efe1bd1090b10ee,681c7903b2381b87b79a7b28,,,,,,,,,,,,,,,,,,,,,,,,,,,,,,,,,,,,,,,,,,,166.9615,171.7984,4.8367,1,0,67.1807,-0.047222222,-0.112037037,0,0,0,0,11,11,31,1,c,Il paziente non ha preso il Batatrim,Il paziente ha superato la crisi,,,,,,,,,,,,,,,,,,,,,,,,,,,,,,,,,,,,,,,,,,,,,,,,,,,,,,,,,,,,,,,,,,,,,,,,,,,,,,,,,,,,,,
,,,,,,,,[(%PROLIFIC_PID,1,2025-05-08_11h27.47.641,CLTandFLE,2024.1.5,Win32,60.24096386,5f7d002d141e4e1c0e84e98e,67ffc4c40efe1bd1090b10ee,681c7903b2381b87b79a7b28,,,,,,,,,,,,,,,,,,,,,,,,,,,,,,,,,,,,,,,,,,,171.7993,176.6792,4.8796,1,0,72.0603,-0.07037037,-0.068518519,0,0,0,0,12,12,0,1,a,Il paziente ha preso il Batatrim,Il paziente ha superato la crisi,,,,,,,,,,,,,,,,,,,,,,,,,,,,,,,,,,,,,,,,,,,,,,,,,,,,,,,,,,,,,,,,,,,,,,,,,,,,,,,,,,,,,,
,,,,,,,,[(%PROLIFIC_PID,1,2025-05-08_11h27.47.641,CLTandFLE,2024.1.5,Win32,60.24096386,5f7d002d141e4e1c0e84e98e,67ffc4c40efe1bd1090b10ee,681c7903b2381b87b79a7b28,,,,,,,,,,,,,,,,,,,,,,,,,,,,,,,,,,,,,,,,,,,176.6801,181.2548,4.5744,1,0,76.6347,-0.043518519,-0.073148148,0,0,0,0,13,13,17,1,b,Il paziente ha preso il Batatrim,Il paziente non ha superato la crisi,,,,,,,,,,,,,,,,,,,,,,,,,,,,,,,,,,,,,,,,,,,,,,,,,,,,,,,,,,,,,,,,,,,,,,,,,,,,,,,,,,,,,,
,,,,,,,,[(%PROLIFIC_PID,1,2025-05-08_11h27.47.641,CLTandFLE,2024.1.5,Win32,60.24096386,5f7d002d141e4e1c0e84e98e,67ffc4c40efe1bd1090b10ee,681c7903b2381b87b79a7b28,,,,,,,,,,,,,,,,,,,,,,,,,,,,,,,,,,,,,,,,,,,181.2552,187.1267,5.8713,0,1,82.506,-0.051851852,-0.058333333,0,0,0,0,14,14,21,1,c,Il paziente non ha preso il Batatrim,Il paziente ha superato la crisi,,,,,,,,,,,,,,,,,,,,,,,,,,,,,,,,,,,,,,,,,,,,,,,,,,,,,,,,,,,,,,,,,,,,,,,,,,,,,,,,,,,,,,
,,,,,,,,[(%PROLIFIC_PID,1,2025-05-08_11h27.47.641,CLTandFLE,2024.1.5,Win32,60.24096386,5f7d002d141e4e1c0e84e98e,67ffc4c40efe1bd1090b10ee,681c7903b2381b87b79a7b28,,,,,,,,,,,,,,,,,,,,,,,,,,,,,,,,,,,,,,,,,,,187.1276,191.9214,4.7935,1,0,87.2995,-0.050925926,-0.049074074,0,0,0,0,15,15,25,1,c,Il paziente non ha preso il Batatrim,Il paziente ha superato la crisi,,,,,,,,,,,,,,,,,,,,,,,,,,,,,,,,,,,,,,,,,,,,,,,,,,,,,,,,,,,,,,,,,,,,,,,,,,,,,,,,,,,,,,
,,,,,,,,[(%PROLIFIC_PID,1,2025-05-08_11h27.47.641,CLTandFLE,2024.1.5,Win32,60.24096386,5f7d002d141e4e1c0e84e98e,67ffc4c40efe1bd1090b10ee,681c7903b2381b87b79a7b28,,,,,,,,,,,,,,,,,,,,,,,,,,,,,,,,,,,,,,,,,,,191.9222,196.7333,4.8107,1,0,92.1102,-0.060185185,-0.071296296,0,0,0,0,16,16,30,1,c,Il paziente non ha preso il Batatrim,Il paziente ha superato la crisi,,,,,,,,,,,,,,,,,,,,,,,,,,,,,,,,,,,,,,,,,,,,,,,,,,,,,,,,,,,,,,,,,,,,,,,,,,,,,,,,,,,,,,
,,,,,,,,[(%PROLIFIC_PID,1,2025-05-08_11h27.47.641,CLTandFLE,2024.1.5,Win32,60.24096386,5f7d002d141e4e1c0e84e98e,67ffc4c40efe1bd1090b10ee,681c7903b2381b87b79a7b28,,,,,,,,,,,,,,,,,,,,,,,,,,,,,,,,,,,,,,,,,,,196.734,201.3458,4.6116,1,0,96.7218,-0.062962963,-0.056481481,0,0,0,0,17,17,27,1,c,Il paziente non ha preso il Batatrim,Il paziente ha superato la crisi,,,,,,,,,,,,,,,,,,,,,,,,,,,,,,,,,,,,,,,,,,,,,,,,,,,,,,,,,,,,,,,,,,,,,,,,,,,,,,,,,,,,,,
,,,,,,,,[(%PROLIFIC_PID,1,2025-05-08_11h27.47.641,CLTandFLE,2024.1.5,Win32,60.24096386,5f7d002d141e4e1c0e84e98e,67ffc4c40efe1bd1090b10ee,681c7903b2381b87b79a7b28,,,,,,,,,,,,,,,,,,,,,,,,,,,,,,,,,,,,,,,,,,,201.3468,206.0253,4.6783,1,0,101.4001,-0.05462963,-0.075925926,0,0,0,0,18,18,14,1,b,Il paziente ha preso il Batatrim,Il paziente ha superato la crisi,,,,,,,,,,,,,,,,,,,,,,,,,,,,,,,,,,,,,,,,,,,,,,,,,,,,,,,,,,,,,,,,,,,,,,,,,,,,,,,,,,,,,,
,,,,,,,,[(%PROLIFIC_PID,1,2025-05-08_11h27.47.641,CLTandFLE,2024.1.5,Win32,60.24096386,5f7d002d141e4e1c0e84e98e,67ffc4c40efe1bd1090b10ee,681c7903b2381b87b79a7b28,,,,,,,,,,,,,,,,,,,,,,,,,,,,,,,,,,,,,,,,,,,206.0264,210.5562,4.5295,1,0,105.9296,-0.065740741,-0.074074074,0,0,0,0,19,19,13,1,a,Il paziente ha preso il Batatrim,Il paziente ha superato la crisi,,,,,,,,,,,,,,,,,,,,,,,,,,,,,,,,,,,,,,,,,,,,,,,,,,,,,,,,,,,,,,,,,,,,,,,,,,,,,,,,,,,,,,
,,,,,,,,[(%PROLIFIC_PID,1,2025-05-08_11h27.47.641,CLTandFLE,2024.1.5,Win32,60.24096386,5f7d002d141e4e1c0e84e98e,67ffc4c40efe1bd1090b10ee,681c7903b2381b87b79a7b28,,,,,,,,,,,,,,,,,,,,,,,,,,,,,,,,,,,,,,,,,,,210.5569,214.9553,4.398,1,0,110.3276,-0.061111111,-0.059259259,0,0,0,0,20,20,5,1,a,Il paziente ha preso il Batatrim,Il paziente ha superato la crisi,,,,,,,,,,,,,,,,,,,,,,,,,,,,,,,,,,,,,,,,,,,,,,,,,,,,,,,,,,,,,,,,,,,,,,,,,,,,,,,,,,,,,,
,,,,,,,,[(%PROLIFIC_PID,1,2025-05-08_11h27.47.641,CLTandFLE,2024.1.5,Win32,60.24096386,5f7d002d141e4e1c0e84e98e,67ffc4c40efe1bd1090b10ee,681c7903b2381b87b79a7b28,,,,,,,,,,,,,,,,,,,,,,,,,,,,,,,,,,,,,,,,,,,214.9562,219.6839,4.7273,1,0,115.0549,-0.082407407,-0.053703704,0,0,0,0,21,21,39,1,d,Il paziente non ha preso il Batatrim,Il paziente non ha superato la crisi,,,,,,,,,,,,,,,,,,,,,,,,,,,,,,,,,,,,,,,,,,,,,,,,,,,,,,,,,,,,,,,,,,,,,,,,,,,,,,,,,,,,,,
,,,,,,,,[(%PROLIFIC_PID,1,2025-05-08_11h27.47.641,CLTandFLE,2024.1.5,Win32,60.24096386,5f7d002d141e4e1c0e84e98e,67ffc4c40efe1bd1090b10ee,681c7903b2381b87b79a7b28,,,,,,,,,,,,,,,,,,,,,,,,,,,,,,,,,,,,,,,,,,,219.6848,224.6045,4.9196,0,1,119.9745,-0.075,-0.051851852,0,0,0,0,22,22,8,1,a,Il paziente ha preso il Batatrim,Il paziente ha superato la crisi,,,,,,,,,,,,,,,,,,,,,,,,,,,,,,,,,,,,,,,,,,,,,,,,,,,,,,,,,,,,,,,,,,,,,,,,,,,,,,,,,,,,,,
,,,,,,,,[(%PROLIFIC_PID,1,2025-05-08_11h27.47.641,CLTandFLE,2024.1.5,Win32,60.24096386,5f7d002d141e4e1c0e84e98e,67ffc4c40efe1bd1090b10ee,681c7903b2381b87b79a7b28,,,,,,,,,,,,,,,,,,,,,,,,,,,,,,,,,,,,,,,,,,,224.6054,229.4072,4.8015,1,0,124.776,-0.062037037,-0.065740741,0,0,0,0,23,23,34,1,c,Il paziente non ha preso il Batatrim,Il paziente ha superato la crisi,,,,,,,,,,,,,,,,,,,,,,,,,,,,,,,,,,,,,,,,,,,,,,,,,,,,,,,,,,,,,,,,,,,,,,,,,,,,,,,,,,,,,,
,,,,,,,,[(%PROLIFIC_PID,1,2025-05-08_11h27.47.641,CLTandFLE,2024.1.5,Win32,60.24096386,5f7d002d141e4e1c0e84e98e,67ffc4c40efe1bd1090b10ee,681c7903b2381b87b79a7b28,,,,,,,,,,,,,,,,,,,,,,,,,,,,,,,,,,,,,,,,,,,229.4083,234.0424,4.6339,1,0,129.4099,-0.07037037,-0.05462963,0,0,0,0,24,24,15,1,b,Il paziente ha preso il Batatrim,Il paziente non ha superato la crisi,,,,,,,,,,,,,,,,,,,,,,,,,,,,,,,,,,,,,,,,,,,,,,,,,,,,,,,,,,,,,,,,,,,,,,,,,,,,,,,,,,,,,,
,,,,,,,,[(%PROLIFIC_PID,1,2025-05-08_11h27.47.641,CLTandFLE,2024.1.5,Win32,60.24096386,5f7d002d141e4e1c0e84e98e,67ffc4c40efe1bd1090b10ee,681c7903b2381b87b79a7b28,,,,,,,,,,,,,,,,,,,,,,,,,,,,,,,,,,,,,,,,,,,234.0427,238.7578,4.7149,1,0,134.1248,-0.05462963,-0.056481481,0,0,0,0,25,25,3,1,a,Il paziente ha preso il Batatrim,Il paziente ha superato la crisi,,,,,,,,,,,,,,,,,,,,,,,,,,,,,,,,,,,,,,,,,,,,,,,,,,,,,,,,,,,,,,,,,,,,,,,,,,,,,,,,,,,,,,
,,,,,,,,[(%PROLIFIC_PID,1,2025-05-08_11h27.47.641,CLTandFLE,2024.1.5,Win32,60.24096386,5f7d002d141e4e1c0e84e98e,67ffc4c40efe1bd1090b10ee,681c7903b2381b87b79a7b28,,,,,,,,,,,,,,,,,,,,,,,,,,,,,,,,,,,,,,,,,,,238.7587,243.5054,4.7464,1,0,138.8712,-0.058333333,-0.050925926,0,0,0,0,26,26,38,1,d,Il paziente non ha preso il Batatrim,Il paziente non ha superato la crisi,,,,,,,,,,,,,,,,,,,,,,,,,,,,,,,,,,,,,,,,,,,,,,,,,,,,,,,,,,,,,,,,,,,,,,,,,,,,,,,,,,,,,,
,,,,,,,,[(%PROLIFIC_PID,1,2025-05-08_11h27.47.641,CLTandFLE,2024.1.5,Win32,60.24096386,5f7d002d141e4e1c0e84e98e,67ffc4c40efe1bd1090b10ee,681c7903b2381b87b79a7b28,,,,,,,,,,,,,,,,,,,,,,,,,,,,,,,,,,,,,,,,,,,243.5073,248.1763,4.6688,1,0,143.54,-0.07962963,-0.038888889,0,0,0,0,27,27,28,1,c,Il paziente non ha preso il Batatrim,Il paziente ha superato la crisi,,,,,,,,,,,,,,,,,,,,,,,,,,,,,,,,,,,,,,,,,,,,,,,,,,,,,,,,,,,,,,,,,,,,,,,,,,,,,,,,,,,,,,
,,,,,,,,[(%PROLIFIC_PID,1,2025-05-08_11h27.47.641,CLTandFLE,2024.1.5,Win32,60.24096386,5f7d002d141e4e1c0e84e98e,67ffc4c40efe1bd1090b10ee,681c7903b2381b87b79a7b28,,,,,,,,,,,,,,,,,,,,,,,,,,,,,,,,,,,,,,,,,,,248.1773,253.0086,4.8309,1,0,148.3709,-0.063888889,-0.047222222,0,0,0,0,28,28,22,1,c,Il paziente non ha preso il Batatrim,Il paziente ha superato la crisi,,,,,,,,,,,,,,,,,,,,,,,,,,,,,,,,,,,,,,,,,,,,,,,,,,,,,,,,,,,,,,,,,,,,,,,,,,,,,,,,,,,,,,
,,,,,,,,[(%PROLIFIC_PID,1,2025-05-08_11h27.47.641,CLTandFLE,2024.1.5,Win32,60.24096386,5f7d002d141e4e1c0e84e98e,67ffc4c40efe1bd1090b10ee,681c7903b2381b87b79a7b28,,,,,,,,,,,,,,,,,,,,,,,,,,,,,,,,,,,,,,,,,,,253.0097,257.8927,4.8826,1,0,153.2535,-0.050925926,-0.04537037,0,0,0,0,29,29,7,1,a,Il paziente ha preso il Batatrim,Il paziente ha superato la crisi,,,,,,,,,,,,,,,,,,,,,,,,,,,,,,,,,,,,,,,,,,,,,,,,,,,,,,,,,,,,,,,,,,,,,,,,,,,,,,,,,,,,,,
,,,,,,,,[(%PROLIFIC_PID,1,2025-05-08_11h27.47.641,CLTandFLE,2024.1.5,Win32,60.24096386,5f7d002d141e4e1c0e84e98e,67ffc4c40efe1bd1090b10ee,681c7903b2381b87b79a7b28,,,,,,,,,,,,,,,,,,,,,,,,,,,,,,,,,,,,,,,,,,,257.8935,262.6562,4.7623,1,0,158.0158,-0.068518519,-0.065740741,0,0,0,0,30,30,2,1,a,Il paziente ha preso il Batatrim,Il paziente ha superato la crisi,,,,,,,,,,,,,,,,,,,,,,,,,,,,,,,,,,,,,,,,,,,,,,,,,,,,,,,,,,,,,,,,,,,,,,,,,,,,,,,,,,,,,,
,,,,,,,,[(%PROLIFIC_PID,1,2025-05-08_11h27.47.641,CLTandFLE,2024.1.5,Win32,60.24096386,5f7d002d141e4e1c0e84e98e,67ffc4c40efe1bd1090b10ee,681c7903b2381b87b79a7b28,,,,,,,,,,,,,,,,,,,,,,,,,,,,,,,,,,,,,,,,,,,262.6572,267.2726,4.6151,1,0,162.6309,-0.041666667,-0.066666667,0,0,0,0,31,31,29,1,c,Il paziente non ha preso il Batatrim,Il paziente ha superato la crisi,,,,,,,,,,,,,,,,,,,,,,,,,,,,,,,,,,,,,,,,,,,,,,,,,,,,,,,,,,,,,,,,,,,,,,,,,,,,,,,,,,,,,,
,,,,,,,,[(%PROLIFIC_PID,1,2025-05-08_11h27.47.641,CLTandFLE,2024.1.5,Win32,60.24096386,5f7d002d141e4e1c0e84e98e,67ffc4c40efe1bd1090b10ee,681c7903b2381b87b79a7b28,,,,,,,,,,,,,,,,,,,,,,,,,,,,,,,,,,,,,,,,,,,267.2736,271.9644,4.6906,1,0,167.3215,-0.066666667,-0.064814815,0,0,0,0,32,32,6,1,a,Il paziente ha preso il Batatrim,Il paziente ha superato la crisi,,,,,,,,,,,,,,,,,,,,,,,,,,,,,,,,,,,,,,,,,,,,,,,,,,,,,,,,,,,,,,,,,,,,,,,,,,,,,,,,,,,,,,
,,,,,,,,[(%PROLIFIC_PID,1,2025-05-08_11h27.47.641,CLTandFLE,2024.1.5,Win32,60.24096386,5f7d002d141e4e1c0e84e98e,67ffc4c40efe1bd1090b10ee,681c7903b2381b87b79a7b28,,,,,,,,,,,,,,,,,,,,,,,,,,,,,,,,,,,,,,,,,,,271.9655,276.9604,4.9945,1,0,172.316,-0.082407407,-0.049074074,0,0,0,0,33,33,37,1,d,Il paziente non ha preso il Batatrim,Il paziente non ha superato la crisi,,,,,,,,,,,,,,,,,,,,,,,,,,,,,,,,,,,,,,,,,,,,,,,,,,,,,,,,,,,,,,,,,,,,,,,,,,,,,,,,,,,,,,
,,,,,,,,[(%PROLIFIC_PID,1,2025-05-08_11h27.47.641,CLTandFLE,2024.1.5,Win32,60.24096386,5f7d002d141e4e1c0e84e98e,67ffc4c40efe1bd1090b10ee,681c7903b2381b87b79a7b28,,,,,,,,,,,,,,,,,,,,,,,,,,,,,,,,,,,,,,,,,,,276.9613,281.7641,4.8024,1,0,177.1184,-0.036111111,-0.055555556,0,0,0,0,34,34,32,1,c,Il paziente non ha preso il Batatrim,Il paziente ha superato la crisi,,,,,,,,,,,,,,,,,,,,,,,,,,,,,,,,,,,,,,,,,,,,,,,,,,,,,,,,,,,,,,,,,,,,,,,,,,,,,,,,,,,,,,
,,,,,,,,[(%PROLIFIC_PID,1,2025-05-08_11h27.47.641,CLTandFLE,2024.1.5,Win32,60.24096386,5f7d002d141e4e1c0e84e98e,67ffc4c40efe1bd1090b10ee,681c7903b2381b87b79a7b28,,,,,,,,,,,,,,,,,,,,,,,,,,,,,,,,,,,,,,,,,,,281.7645,286.222,4.4571,0,1,181.5755,-0.067592593,-0.04537037,0,0,0,0,35,35,16,1,b,Il paziente ha preso il Batatrim,Il paziente non ha superato la crisi,,,,,,,,,,,,,,,,,,,,,,,,,,,,,,,,,,,,,,,,,,,,,,,,,,,,,,,,,,,,,,,,,,,,,,,,,,,,,,,,,,,,,,
,,,,,,,,[(%PROLIFIC_PID,1,2025-05-08_11h27.47.641,CLTandFLE,2024.1.5,Win32,60.24096386,5f7d002d141e4e1c0e84e98e,67ffc4c40efe1bd1090b10ee,681c7903b2381b87b79a7b28,,,,,,,,,,,,,,,,,,,,,,,,,,,,,,,,,,,,,,,,,,,286.2228,290.8513,4.6283,1,0,186.2038,-0.019444444,-0.101851852,0,0,0,0,36,36,26,1,c,Il paziente non ha preso il Batatrim,Il paziente ha superato la crisi,,,,,,,,,,,,,,,,,,,,,,,,,,,,,,,,,,,,,,,,,,,,,,,,,,,,,,,,,,,,,,,,,,,,,,,,,,,,,,,,,,,,,,
,,,,,,,,[(%PROLIFIC_PID,1,2025-05-08_11h27.47.641,CLTandFLE,2024.1.5,Win32,60.24096386,5f7d002d141e4e1c0e84e98e,67ffc4c40efe1bd1090b10ee,681c7903b2381b87b79a7b28,,,,,,,,,,,,,,,,,,,,,,,,,,,,,,,,,,,,,,,,,,,290.8522,295.3973,4.5449,1,0,190.7487,-0.057407407,-0.060185185,0,0,0,0,37,37,10,1,a,Il paziente ha preso il Batatrim,Il paziente ha superato la crisi,,,,,,,,,,,,,,,,,,,,,,,,,,,,,,,,,,,,,,,,,,,,,,,,,,,,,,,,,,,,,,,,,,,,,,,,,,,,,,,,,,,,,,
,,,,,,,,[(%PROLIFIC_PID,1,2025-05-08_11h27.47.641,CLTandFLE,2024.1.5,Win32,60.24096386,5f7d002d141e4e1c0e84e98e,67ffc4c40efe1bd1090b10ee,681c7903b2381b87b79a7b28,,,,,,,,,,,,,,,,,,,,,,,,,,,,,,,,,,,,,,,,,,,295.3986,300.1334,4.7346,1,0,195.4833,-0.039814815,-0.060185185,0,0,0,0,38,38,24,1,c,Il paziente non ha preso il Batatrim,Il paziente ha superato la crisi,,,,,,,,,,,,,,,,,,,,,,,,,,,,,,,,,,,,,,,,,,,,,,,,,,,,,,,,,,,,,,,,,,,,,,,,,,,,,,,,,,,,,,
,,,,,,,,[(%PROLIFIC_PID,1,2025-05-08_11h27.47.641,CLTandFLE,2024.1.5,Win32,60.24096386,5f7d002d141e4e1c0e84e98e,67ffc4c40efe1bd1090b10ee,681c7903b2381b87b79a7b28,,,,,,,,,,,,,,,,,,,,,,,,,,,,,,,,,,,,,,,,,,,300.1344,304.9796,4.8449,1,0,200.3282,-0.061111111,-0.035185185,0,0,0,0,39,39,35,1,d,Il paziente non ha preso il Batatrim,Il paziente non ha superato la crisi,,,,,,,,,,,,,,,,,,,,,,,,,,,,,,,,,,,,,,,,,,,,,,,,,,,,,,,,,,,,,,,,,,,,,,,,,,,,,,,,,,,,,,
,,,,,,,,[(%PROLIFIC_PID,1,2025-05-08_11h27.47.641,CLTandFLE,2024.1.5,Win32,60.24096386,5f7d002d141e4e1c0e84e98e,67ffc4c40efe1bd1090b10ee,681c7903b2381b87b79a7b28,,326.9504,328.2041,,,,,,,,,,,,,,,,,,,,,,,,,,,,,,,,,,,,,,,,,,,,,,,,,,,,,,,,,,,306.2869,317.8381,11.5505,80,7.132,0.014814815,-0.189814815,1,0,0,319.1284,326.9499,7.82,80,5.7736,0.015740741,-0.218518519,1,0,0,20,4,18,8,0,0,0,0,1,,,,,,,,,,,,,,,,,,,,,,,,,,,,,,,,,,,,,,,,,,,,,,,,,,,,,,,,,
,,,,,,,,[(%PROLIFIC_PID,1,2025-05-08_11h27.47.641,CLTandFLE,2024.1.5,Win32,60.24096386,5f7d002d141e4e1c0e84e98e,67ffc4c40efe1bd1090b10ee,681c7903b2381b87b79a7b28,,436.9521,438.1938,,,,,,,,,,,,,,,,,,,,,,,,,,,,,,,,,,,,,,,,,,,,,,,,,,,,,,,,,,,,,,,,,,,,,,,,,,,,,,,,,,,,,,,,378.9932,386.3545,7.3606,2,4.5181,0.019444444,-0.233333333,1,0,0,46,Femmina,Sì,17,No,TRUE,FALSE,11,8,8,7,7,FALSE,Conferma,c1ok,c2ok,c3ok,c4ok,c5ok,c6ok,c7ok,c8ok,c9ok,c10ok,c11ok,c12ok,c13ok,c14err2,c15err,c16ok,c17ok,c18ok,c19ok,c20ok,c21ok,c22ok,c23ok,c24err3,c25ok,c26ok,648.5354,655.1402,0,0,0,0,1
