﻿Alfa.started,Alfa.stopped,alfa_mouse.x,alfa_mouse.y,alfa_mouse.leftButton,alfa_mouse.midButton,alfa_mouse.rightButton,alfa_mouse.clicked_name,participant,group,date,expName,psychopyVersion,OS,frameRate,PROLIFIC_PID,STUDY_ID,SESSION_ID,)],ITI.started,ITI.stopped,B_consensoinformato.started,B_consensoinformato.stopped,tempo_consenso,cons_mouse.x,cons_mouse.y,cons_mouse.leftButton,cons_mouse.midButton,cons_mouse.rightButton,A_benvenuto.started,A_benvenuto.stopped,ben_mouse.x,ben_mouse.y,ben_mouse.leftButton,ben_mouse.midButton,ben_mouse.rightButton,B2_istruzioni.started,B2_istruzioni.stopped,tempo_istru,cons_mouse_2.x,cons_mouse_2.y,cons_mouse_2.leftButton,cons_mouse_2.midButton,cons_mouse_2.rightButton,SAMevaluation.started,SAMevaluation.stopped,temposam,sliderintensity.response,sliderintensity.rt,slidervalence.response,slidervalence.rt,mouse_sam.x,mouse_sam.y,mouse_sam.leftButton,mouse_sam.midButton,mouse_sam.rightButton,mouse_sam.time,mouse_sam.clicked_name,Loading.started,Loading.stopped,C_associative_task.started,C_associative_task.stopped,tempo_trial,hapremutosi,hapremutono,tempo_tasktot,mouse.x,mouse.y,mouse.leftButton,mouse.midButton,mouse.rightButton,trials.thisRepN,trials.thisTrialN,trials.thisN,trials.thisIndex,trials.ran,cond,causa,effetto,D_VD.started,D_VD.stopped,tempo_vd,vd.response,vd.rt,mouse_vd.x,mouse_vd.y,mouse_vd.leftButton,mouse_vd.midButton,mouse_vd.rightButton,Previous.started,Previous.stopped,tempo_vd1,previous.response,previous.rt,mouse_vd_2.x,mouse_vd_2.y,mouse_vd_2.leftButton,mouse_vd_2.midButton,mouse_vd_2.rightButton,EstITA.TrialSN,EstITA.TrialNS,EstITA.TrialD,EstITA.TrialSS,itaest.thisRepN,itaest.thisTrialN,itaest.thisN,itaest.thisIndex,itaest.ran,PF.started,PF.stopped,tempo_pf,processfluency.response,processfluency.rt,mouse_ch.x,mouse_ch.y,mouse_ch.leftButton,mouse_ch.midButton,mouse_ch.rightButton,Questionario_Lingua.Age,Questionario_Lingua.Sesso,Questionario_Lingua.StaiStudiando?,Questionario_Lingua.Anniscolarita,Questionario_Lingua.Diploma,Questionario_Lingua.Punteggiodiploma,Questionario_Lingua.ItaMADRE?,Questionario_Lingua.INGmadre?,Questionario_Lingua.Q5(AOAIng),Questionario_Lingua.INGLETTURA,Questionario_Lingua.INGCOMPRESO,Questionario_Lingua.INGSCRITTO,Questionario_Lingua.INGPARLATO,Questionario_Lingua.haivissutoestero,ProvaInglese.ProcediamoENg,ProvaInglese.C1,ProvaInglese.C2,ProvaInglese.C3,ProvaInglese.C4,ProvaInglese.C5,ProvaInglese.C6,ProvaInglese.C7,ProvaInglese.C8,ProvaInglese.C9,ProvaInglese.C10,ProvaInglese.C11,ProvaInglese.C12,ProvaInglese.C13,ProvaInglese.C14,ProvaInglese.C15,ProvaInglese.C16,ProvaInglese.C17,ProvaInglese.C18,ProvaInglese.C19,ProvaInglese.C20,ProvaInglese.C21,ProvaInglese.C22,ProvaInglese.C23,ProvaInglese.C24,ProvaInglese.C25,ProvaInglese.controlquestion,Ant_lastquestion.started,Ant_lastquestion.stopped,exp_loop.thisRepN,exp_loop.thisTrialN,exp_loop.thisN,exp_loop.thisIndex,exp_loop.ran
0,9.57,-0.052083333,0.002777778,1,0,0,alfa_mask,[(%PROLIFIC_PID,1,2025-04-16_19h24.49.925,CLTandFLE,2024.1.5,MacIntel,71.42857143,614efd595bcde57c73d0ecf7,67ffc4c40efe1bd1090b10ee,67ffe7d703227e6215a27b9f,,,,,,,,,,,,,,,,,,,,,,,,,,,,,,,,,,,,,,,,,,,,,,,,,,,,,,,,,,,,,,,,,,,,,,,,,,,,,,,,,,,,,,,,,,,,,,,,,,,,,,,,,,,,,,,,,,,,,,,,,,,,,,,,,,,,,,,,,,,,,,,,,,,,
,,,,,,,,[(%PROLIFIC_PID,1,2025-04-16_19h24.49.925,CLTandFLE,2024.1.5,MacIntel,71.42857143,614efd595bcde57c73d0ecf7,67ffc4c40efe1bd1090b10ee,67ffe7d703227e6215a27b9f,,9.57,10.395,,,,,,,,,,,,,,,,,,,,,,,,,,,,,,,,,,,,,,,,,,,,,,,,,,,,,,,,,,,,,,,,,,,,,,,,,,,,,,,,,,,,,,,,,,,,,,,,,,,,,,,,,,,,,,,,,,,,,,,,,,,,,,,,,,,,,,,,,,,,,,,,,
,,,,,,,,[(%PROLIFIC_PID,1,2025-04-16_19h24.49.925,CLTandFLE,2024.1.5,MacIntel,71.42857143,614efd595bcde57c73d0ecf7,67ffc4c40efe1bd1090b10ee,67ffe7d703227e6215a27b9f,,,,10.396,20.229,9.832,0.185416667,-0.368055556,1,0,0,,,,,,,,,,,,,,,,,,,,,,,,,,,,,,,,,,,,,,,,,,,,,,,,,,,,,,,,,,,,,,,,,,,,,,,,,,,,,,,,,,,,,,,,,,,,,,,,,,,,,,,,,,,,,,,,,,,,,,,,,,,,,,,,,,,,,,,,,
,,,,,,,,[(%PROLIFIC_PID,1,2025-04-16_19h24.49.925,CLTandFLE,2024.1.5,MacIntel,71.42857143,614efd595bcde57c73d0ecf7,67ffc4c40efe1bd1090b10ee,67ffe7d703227e6215a27b9f,,96.714,97.547,,,,,,,,,21.062,25.494,0.005555556,-0.103472222,1,0,0,26.326,70.494,44.166,-0.004166667,-0.395138889,1,0,0,71.326,88.881,17.554,0.704861111,7.931,0.388020833,10.417,"[0.004861111111111111,0.011111111111111112,-0.008333333333333333]","[0.20069444444444445,-0.00625,-0.19652777777777777]","[1,1,1]","[0,0,0]","[0,0,0]","[4.668999999999997,9.349000000000004,17.543000000000006]","[""sliderintensity"",""slidervalence"",""rettoksam""]",89.714,96.714,97.563,108.006,10.442,1,0,10.442,-0.114583333,-0.172222222,0,0,0,0,0,0,3,1,a,Il paziente ha preso il Batatrim,Il paziente ha superato la crisi,,,,,,,,,,,,,,,,,,,,,,,,,,,,,,,,,,,,,,,,,,,,,,,,,,,,,,,,,,,,,,,,,,,,,,,,,,,,,,,,,,,,,,,
,,,,,,,,[(%PROLIFIC_PID,1,2025-04-16_19h24.49.925,CLTandFLE,2024.1.5,MacIntel,71.42857143,614efd595bcde57c73d0ecf7,67ffc4c40efe1bd1090b10ee,67ffe7d703227e6215a27b9f,,,,,,,,,,,,,,,,,,,,,,,,,,,,,,,,,,,,,,,,,,,108.01,113.672,5.661,1,0,16.103,-0.060416667,-0.055555556,0,0,0,0,1,1,1,1,a,Il paziente ha preso il Batatrim,Il paziente ha superato la crisi,,,,,,,,,,,,,,,,,,,,,,,,,,,,,,,,,,,,,,,,,,,,,,,,,,,,,,,,,,,,,,,,,,,,,,,,,,,,,,,,,,,,,,,
,,,,,,,,[(%PROLIFIC_PID,1,2025-04-16_19h24.49.925,CLTandFLE,2024.1.5,MacIntel,71.42857143,614efd595bcde57c73d0ecf7,67ffc4c40efe1bd1090b10ee,67ffe7d703227e6215a27b9f,,,,,,,,,,,,,,,,,,,,,,,,,,,,,,,,,,,,,,,,,,,113.672,118.963,5.291,1,0,21.394,-0.071527778,-0.061111111,0,0,0,0,2,2,0,1,a,Il paziente ha preso il Batatrim,Il paziente ha superato la crisi,,,,,,,,,,,,,,,,,,,,,,,,,,,,,,,,,,,,,,,,,,,,,,,,,,,,,,,,,,,,,,,,,,,,,,,,,,,,,,,,,,,,,,,
,,,,,,,,[(%PROLIFIC_PID,1,2025-04-16_19h24.49.925,CLTandFLE,2024.1.5,MacIntel,71.42857143,614efd595bcde57c73d0ecf7,67ffc4c40efe1bd1090b10ee,67ffe7d703227e6215a27b9f,,,,,,,,,,,,,,,,,,,,,,,,,,,,,,,,,,,,,,,,,,,118.964,125.672,6.707,0,1,28.101,0.070833333,-0.006944444,0,0,0,0,3,3,26,1,c,Il paziente non ha preso il Batatrim,Il paziente ha superato la crisi,,,,,,,,,,,,,,,,,,,,,,,,,,,,,,,,,,,,,,,,,,,,,,,,,,,,,,,,,,,,,,,,,,,,,,,,,,,,,,,,,,,,,,,
,,,,,,,,[(%PROLIFIC_PID,1,2025-04-16_19h24.49.925,CLTandFLE,2024.1.5,MacIntel,71.42857143,614efd595bcde57c73d0ecf7,67ffc4c40efe1bd1090b10ee,67ffe7d703227e6215a27b9f,,,,,,,,,,,,,,,,,,,,,,,,,,,,,,,,,,,,,,,,,,,125.672,131.824,6.152,1,0,34.253,-0.159027778,-0.043055556,0,0,0,0,4,4,15,1,b,Il paziente ha preso il Batatrim,Il paziente non ha superato la crisi,,,,,,,,,,,,,,,,,,,,,,,,,,,,,,,,,,,,,,,,,,,,,,,,,,,,,,,,,,,,,,,,,,,,,,,,,,,,,,,,,,,,,,,
,,,,,,,,[(%PROLIFIC_PID,1,2025-04-16_19h24.49.925,CLTandFLE,2024.1.5,MacIntel,71.42857143,614efd595bcde57c73d0ecf7,67ffc4c40efe1bd1090b10ee,67ffe7d703227e6215a27b9f,,,,,,,,,,,,,,,,,,,,,,,,,,,,,,,,,,,,,,,,,,,131.824,137.922,6.097,1,0,40.35,-0.001388889,-0.022222222,0,0,0,0,5,5,11,1,a,Il paziente ha preso il Batatrim,Il paziente ha superato la crisi,,,,,,,,,,,,,,,,,,,,,,,,,,,,,,,,,,,,,,,,,,,,,,,,,,,,,,,,,,,,,,,,,,,,,,,,,,,,,,,,,,,,,,,
,,,,,,,,[(%PROLIFIC_PID,1,2025-04-16_19h24.49.925,CLTandFLE,2024.1.5,MacIntel,71.42857143,614efd595bcde57c73d0ecf7,67ffc4c40efe1bd1090b10ee,67ffe7d703227e6215a27b9f,,,,,,,,,,,,,,,,,,,,,,,,,,,,,,,,,,,,,,,,,,,137.922,143.005,5.083,1,0,45.433,0.03125,-0.01875,0,0,0,0,6,6,8,1,a,Il paziente ha preso il Batatrim,Il paziente ha superato la crisi,,,,,,,,,,,,,,,,,,,,,,,,,,,,,,,,,,,,,,,,,,,,,,,,,,,,,,,,,,,,,,,,,,,,,,,,,,,,,,,,,,,,,,,
,,,,,,,,[(%PROLIFIC_PID,1,2025-04-16_19h24.49.925,CLTandFLE,2024.1.5,MacIntel,71.42857143,614efd595bcde57c73d0ecf7,67ffc4c40efe1bd1090b10ee,67ffe7d703227e6215a27b9f,,,,,,,,,,,,,,,,,,,,,,,,,,,,,,,,,,,,,,,,,,,143.006,147.977,4.971,1,0,50.404,0.015972222,-0.016666667,0,0,0,0,7,7,13,1,a,Il paziente ha preso il Batatrim,Il paziente ha superato la crisi,,,,,,,,,,,,,,,,,,,,,,,,,,,,,,,,,,,,,,,,,,,,,,,,,,,,,,,,,,,,,,,,,,,,,,,,,,,,,,,,,,,,,,,
,,,,,,,,[(%PROLIFIC_PID,1,2025-04-16_19h24.49.925,CLTandFLE,2024.1.5,MacIntel,71.42857143,614efd595bcde57c73d0ecf7,67ffc4c40efe1bd1090b10ee,67ffe7d703227e6215a27b9f,,,,,,,,,,,,,,,,,,,,,,,,,,,,,,,,,,,,,,,,,,,147.978,155.671,7.693,1,0,58.097,-0.051388889,-0.022916667,0,0,0,0,8,8,35,1,d,Il paziente non ha preso il Batatrim,Il paziente non ha superato la crisi,,,,,,,,,,,,,,,,,,,,,,,,,,,,,,,,,,,,,,,,,,,,,,,,,,,,,,,,,,,,,,,,,,,,,,,,,,,,,,,,,,,,,,,
,,,,,,,,[(%PROLIFIC_PID,1,2025-04-16_19h24.49.925,CLTandFLE,2024.1.5,MacIntel,71.42857143,614efd595bcde57c73d0ecf7,67ffc4c40efe1bd1090b10ee,67ffe7d703227e6215a27b9f,,,,,,,,,,,,,,,,,,,,,,,,,,,,,,,,,,,,,,,,,,,155.672,160.893,5.221,1,0,63.318,-0.029166667,-0.001388889,0,0,0,0,9,9,7,1,a,Il paziente ha preso il Batatrim,Il paziente ha superato la crisi,,,,,,,,,,,,,,,,,,,,,,,,,,,,,,,,,,,,,,,,,,,,,,,,,,,,,,,,,,,,,,,,,,,,,,,,,,,,,,,,,,,,,,,
,,,,,,,,[(%PROLIFIC_PID,1,2025-04-16_19h24.49.925,CLTandFLE,2024.1.5,MacIntel,71.42857143,614efd595bcde57c73d0ecf7,67ffc4c40efe1bd1090b10ee,67ffe7d703227e6215a27b9f,,,,,,,,,,,,,,,,,,,,,,,,,,,,,,,,,,,,,,,,,,,160.894,165.644,4.749,1,0,68.067,-0.007638889,0.01875,0,0,0,0,10,10,5,1,a,Il paziente ha preso il Batatrim,Il paziente ha superato la crisi,,,,,,,,,,,,,,,,,,,,,,,,,,,,,,,,,,,,,,,,,,,,,,,,,,,,,,,,,,,,,,,,,,,,,,,,,,,,,,,,,,,,,,,
,,,,,,,,[(%PROLIFIC_PID,1,2025-04-16_19h24.49.925,CLTandFLE,2024.1.5,MacIntel,71.42857143,614efd595bcde57c73d0ecf7,67ffc4c40efe1bd1090b10ee,67ffe7d703227e6215a27b9f,,,,,,,,,,,,,,,,,,,,,,,,,,,,,,,,,,,,,,,,,,,165.644,171.893,6.249,0,1,74.316,-0.025694444,-0.026388889,0,0,0,0,11,11,21,1,c,Il paziente non ha preso il Batatrim,Il paziente ha superato la crisi,,,,,,,,,,,,,,,,,,,,,,,,,,,,,,,,,,,,,,,,,,,,,,,,,,,,,,,,,,,,,,,,,,,,,,,,,,,,,,,,,,,,,,,
,,,,,,,,[(%PROLIFIC_PID,1,2025-04-16_19h24.49.925,CLTandFLE,2024.1.5,MacIntel,71.42857143,614efd595bcde57c73d0ecf7,67ffc4c40efe1bd1090b10ee,67ffe7d703227e6215a27b9f,,,,,,,,,,,,,,,,,,,,,,,,,,,,,,,,,,,,,,,,,,,171.894,177.324,5.43,1,0,79.746,-0.013194444,-0.027083333,0,0,0,0,12,12,31,1,c,Il paziente non ha preso il Batatrim,Il paziente ha superato la crisi,,,,,,,,,,,,,,,,,,,,,,,,,,,,,,,,,,,,,,,,,,,,,,,,,,,,,,,,,,,,,,,,,,,,,,,,,,,,,,,,,,,,,,,
,,,,,,,,[(%PROLIFIC_PID,1,2025-04-16_19h24.49.925,CLTandFLE,2024.1.5,MacIntel,71.42857143,614efd595bcde57c73d0ecf7,67ffc4c40efe1bd1090b10ee,67ffe7d703227e6215a27b9f,,,,,,,,,,,,,,,,,,,,,,,,,,,,,,,,,,,,,,,,,,,177.325,183.407,6.082,1,0,85.828,-0.079861111,0.029861111,0,0,0,0,13,13,36,1,d,Il paziente non ha preso il Batatrim,Il paziente non ha superato la crisi,,,,,,,,,,,,,,,,,,,,,,,,,,,,,,,,,,,,,,,,,,,,,,,,,,,,,,,,,,,,,,,,,,,,,,,,,,,,,,,,,,,,,,,
,,,,,,,,[(%PROLIFIC_PID,1,2025-04-16_19h24.49.925,CLTandFLE,2024.1.5,MacIntel,71.42857143,614efd595bcde57c73d0ecf7,67ffc4c40efe1bd1090b10ee,67ffe7d703227e6215a27b9f,,,,,,,,,,,,,,,,,,,,,,,,,,,,,,,,,,,,,,,,,,,183.408,188.837,5.429,0,1,91.257,0.020833333,-0.0125,0,0,0,0,14,14,34,1,c,Il paziente non ha preso il Batatrim,Il paziente ha superato la crisi,,,,,,,,,,,,,,,,,,,,,,,,,,,,,,,,,,,,,,,,,,,,,,,,,,,,,,,,,,,,,,,,,,,,,,,,,,,,,,,,,,,,,,,
,,,,,,,,[(%PROLIFIC_PID,1,2025-04-16_19h24.49.925,CLTandFLE,2024.1.5,MacIntel,71.42857143,614efd595bcde57c73d0ecf7,67ffc4c40efe1bd1090b10ee,67ffe7d703227e6215a27b9f,,,,,,,,,,,,,,,,,,,,,,,,,,,,,,,,,,,,,,,,,,,188.838,194.407,5.569,0,1,96.826,0.030555556,-0.020138889,0,0,0,0,15,15,28,1,c,Il paziente non ha preso il Batatrim,Il paziente ha superato la crisi,,,,,,,,,,,,,,,,,,,,,,,,,,,,,,,,,,,,,,,,,,,,,,,,,,,,,,,,,,,,,,,,,,,,,,,,,,,,,,,,,,,,,,,
,,,,,,,,[(%PROLIFIC_PID,1,2025-04-16_19h24.49.925,CLTandFLE,2024.1.5,MacIntel,71.42857143,614efd595bcde57c73d0ecf7,67ffc4c40efe1bd1090b10ee,67ffe7d703227e6215a27b9f,,,,,,,,,,,,,,,,,,,,,,,,,,,,,,,,,,,,,,,,,,,194.408,200.504,6.096,0,1,102.922,0.027777778,-0.029166667,0,0,0,0,16,16,30,1,c,Il paziente non ha preso il Batatrim,Il paziente ha superato la crisi,,,,,,,,,,,,,,,,,,,,,,,,,,,,,,,,,,,,,,,,,,,,,,,,,,,,,,,,,,,,,,,,,,,,,,,,,,,,,,,,,,,,,,,
,,,,,,,,[(%PROLIFIC_PID,1,2025-04-16_19h24.49.925,CLTandFLE,2024.1.5,MacIntel,71.42857143,614efd595bcde57c73d0ecf7,67ffc4c40efe1bd1090b10ee,67ffe7d703227e6215a27b9f,,,,,,,,,,,,,,,,,,,,,,,,,,,,,,,,,,,,,,,,,,,200.505,205.213,4.707,1,0,107.629,0.028472222,-0.015277778,0,0,0,0,17,17,20,1,c,Il paziente non ha preso il Batatrim,Il paziente ha superato la crisi,,,,,,,,,,,,,,,,,,,,,,,,,,,,,,,,,,,,,,,,,,,,,,,,,,,,,,,,,,,,,,,,,,,,,,,,,,,,,,,,,,,,,,,
,,,,,,,,[(%PROLIFIC_PID,1,2025-04-16_19h24.49.925,CLTandFLE,2024.1.5,MacIntel,71.42857143,614efd595bcde57c73d0ecf7,67ffc4c40efe1bd1090b10ee,67ffe7d703227e6215a27b9f,,,,,,,,,,,,,,,,,,,,,,,,,,,,,,,,,,,,,,,,,,,205.213,210.046,4.833,1,0,112.462,0.006944444,-0.008333333,0,0,0,0,18,18,9,1,a,Il paziente ha preso il Batatrim,Il paziente ha superato la crisi,,,,,,,,,,,,,,,,,,,,,,,,,,,,,,,,,,,,,,,,,,,,,,,,,,,,,,,,,,,,,,,,,,,,,,,,,,,,,,,,,,,,,,,
,,,,,,,,[(%PROLIFIC_PID,1,2025-04-16_19h24.49.925,CLTandFLE,2024.1.5,MacIntel,71.42857143,614efd595bcde57c73d0ecf7,67ffc4c40efe1bd1090b10ee,67ffe7d703227e6215a27b9f,,,,,,,,,,,,,,,,,,,,,,,,,,,,,,,,,,,,,,,,,,,210.046,214.212,4.166,1,0,116.628,0.009027778,0.025,0,0,0,0,19,19,19,1,b,Il paziente ha preso il Batatrim,Il paziente non ha superato la crisi,,,,,,,,,,,,,,,,,,,,,,,,,,,,,,,,,,,,,,,,,,,,,,,,,,,,,,,,,,,,,,,,,,,,,,,,,,,,,,,,,,,,,,,
,,,,,,,,[(%PROLIFIC_PID,1,2025-04-16_19h24.49.925,CLTandFLE,2024.1.5,MacIntel,71.42857143,614efd595bcde57c73d0ecf7,67ffc4c40efe1bd1090b10ee,67ffe7d703227e6215a27b9f,,,,,,,,,,,,,,,,,,,,,,,,,,,,,,,,,,,,,,,,,,,214.213,218.573,4.36,1,0,120.988,-0.006944444,-0.001388889,0,0,0,0,20,20,14,1,b,Il paziente ha preso il Batatrim,Il paziente ha superato la crisi,,,,,,,,,,,,,,,,,,,,,,,,,,,,,,,,,,,,,,,,,,,,,,,,,,,,,,,,,,,,,,,,,,,,,,,,,,,,,,,,,,,,,,,
,,,,,,,,[(%PROLIFIC_PID,1,2025-04-16_19h24.49.925,CLTandFLE,2024.1.5,MacIntel,71.42857143,614efd595bcde57c73d0ecf7,67ffc4c40efe1bd1090b10ee,67ffe7d703227e6215a27b9f,,,,,,,,,,,,,,,,,,,,,,,,,,,,,,,,,,,,,,,,,,,218.574,222.851,4.277,1,0,125.265,-0.021527778,-0.004861111,0,0,0,0,21,21,17,1,b,Il paziente ha preso il Batatrim,Il paziente non ha superato la crisi,,,,,,,,,,,,,,,,,,,,,,,,,,,,,,,,,,,,,,,,,,,,,,,,,,,,,,,,,,,,,,,,,,,,,,,,,,,,,,,,,,,,,,,
,,,,,,,,[(%PROLIFIC_PID,1,2025-04-16_19h24.49.925,CLTandFLE,2024.1.5,MacIntel,71.42857143,614efd595bcde57c73d0ecf7,67ffc4c40efe1bd1090b10ee,67ffe7d703227e6215a27b9f,,,,,,,,,,,,,,,,,,,,,,,,,,,,,,,,,,,,,,,,,,,222.852,227.587,4.735,1,0,130,-0.165277778,-0.039583333,0,0,0,0,22,22,32,1,c,Il paziente non ha preso il Batatrim,Il paziente ha superato la crisi,,,,,,,,,,,,,,,,,,,,,,,,,,,,,,,,,,,,,,,,,,,,,,,,,,,,,,,,,,,,,,,,,,,,,,,,,,,,,,,,,,,,,,,
,,,,,,,,[(%PROLIFIC_PID,1,2025-04-16_19h24.49.925,CLTandFLE,2024.1.5,MacIntel,71.42857143,614efd595bcde57c73d0ecf7,67ffc4c40efe1bd1090b10ee,67ffe7d703227e6215a27b9f,,,,,,,,,,,,,,,,,,,,,,,,,,,,,,,,,,,,,,,,,,,227.587,233.018,5.431,1,0,135.431,-0.165277778,-0.039583333,0,0,0,0,23,23,4,1,a,Il paziente ha preso il Batatrim,Il paziente ha superato la crisi,,,,,,,,,,,,,,,,,,,,,,,,,,,,,,,,,,,,,,,,,,,,,,,,,,,,,,,,,,,,,,,,,,,,,,,,,,,,,,,,,,,,,,,
,,,,,,,,[(%PROLIFIC_PID,1,2025-04-16_19h24.49.925,CLTandFLE,2024.1.5,MacIntel,71.42857143,614efd595bcde57c73d0ecf7,67ffc4c40efe1bd1090b10ee,67ffe7d703227e6215a27b9f,,,,,,,,,,,,,,,,,,,,,,,,,,,,,,,,,,,,,,,,,,,233.018,239.448,6.43,1,0,141.861,-0.165277778,-0.039583333,0,0,0,0,24,24,10,1,a,Il paziente ha preso il Batatrim,Il paziente ha superato la crisi,,,,,,,,,,,,,,,,,,,,,,,,,,,,,,,,,,,,,,,,,,,,,,,,,,,,,,,,,,,,,,,,,,,,,,,,,,,,,,,,,,,,,,,
,,,,,,,,[(%PROLIFIC_PID,1,2025-04-16_19h24.49.925,CLTandFLE,2024.1.5,MacIntel,71.42857143,614efd595bcde57c73d0ecf7,67ffc4c40efe1bd1090b10ee,67ffe7d703227e6215a27b9f,,,,,,,,,,,,,,,,,,,,,,,,,,,,,,,,,,,,,,,,,,,239.449,244.629,5.179,1,0,147.04,-0.059722222,-0.008333333,0,0,0,0,25,25,39,1,d,Il paziente non ha preso il Batatrim,Il paziente non ha superato la crisi,,,,,,,,,,,,,,,,,,,,,,,,,,,,,,,,,,,,,,,,,,,,,,,,,,,,,,,,,,,,,,,,,,,,,,,,,,,,,,,,,,,,,,,
,,,,,,,,[(%PROLIFIC_PID,1,2025-04-16_19h24.49.925,CLTandFLE,2024.1.5,MacIntel,71.42857143,614efd595bcde57c73d0ecf7,67ffc4c40efe1bd1090b10ee,67ffe7d703227e6215a27b9f,,,,,,,,,,,,,,,,,,,,,,,,,,,,,,,,,,,,,,,,,,,244.63,248.934,4.304,1,0,151.344,-0.025,-0.029861111,0,0,0,0,26,26,16,1,b,Il paziente ha preso il Batatrim,Il paziente non ha superato la crisi,,,,,,,,,,,,,,,,,,,,,,,,,,,,,,,,,,,,,,,,,,,,,,,,,,,,,,,,,,,,,,,,,,,,,,,,,,,,,,,,,,,,,,,
,,,,,,,,[(%PROLIFIC_PID,1,2025-04-16_19h24.49.925,CLTandFLE,2024.1.5,MacIntel,71.42857143,614efd595bcde57c73d0ecf7,67ffc4c40efe1bd1090b10ee,67ffe7d703227e6215a27b9f,,,,,,,,,,,,,,,,,,,,,,,,,,,,,,,,,,,,,,,,,,,248.935,253.518,4.582,1,0,155.926,-0.001388889,-0.015972222,0,0,0,0,27,27,6,1,a,Il paziente ha preso il Batatrim,Il paziente ha superato la crisi,,,,,,,,,,,,,,,,,,,,,,,,,,,,,,,,,,,,,,,,,,,,,,,,,,,,,,,,,,,,,,,,,,,,,,,,,,,,,,,,,,,,,,,
,,,,,,,,[(%PROLIFIC_PID,1,2025-04-16_19h24.49.925,CLTandFLE,2024.1.5,MacIntel,71.42857143,614efd595bcde57c73d0ecf7,67ffc4c40efe1bd1090b10ee,67ffe7d703227e6215a27b9f,,,,,,,,,,,,,,,,,,,,,,,,,,,,,,,,,,,,,,,,,,,253.518,258.24,4.721,0,1,160.647,-0.039583333,-0.000694444,0,0,0,0,28,28,24,1,c,Il paziente non ha preso il Batatrim,Il paziente ha superato la crisi,,,,,,,,,,,,,,,,,,,,,,,,,,,,,,,,,,,,,,,,,,,,,,,,,,,,,,,,,,,,,,,,,,,,,,,,,,,,,,,,,,,,,,,
,,,,,,,,[(%PROLIFIC_PID,1,2025-04-16_19h24.49.925,CLTandFLE,2024.1.5,MacIntel,71.42857143,614efd595bcde57c73d0ecf7,67ffc4c40efe1bd1090b10ee,67ffe7d703227e6215a27b9f,,,,,,,,,,,,,,,,,,,,,,,,,,,,,,,,,,,,,,,,,,,258.24,262.754,4.513,1,0,165.16,0.038888889,-0.033333333,0,0,0,0,29,29,25,1,c,Il paziente non ha preso il Batatrim,Il paziente ha superato la crisi,,,,,,,,,,,,,,,,,,,,,,,,,,,,,,,,,,,,,,,,,,,,,,,,,,,,,,,,,,,,,,,,,,,,,,,,,,,,,,,,,,,,,,,
,,,,,,,,[(%PROLIFIC_PID,1,2025-04-16_19h24.49.925,CLTandFLE,2024.1.5,MacIntel,71.42857143,614efd595bcde57c73d0ecf7,67ffc4c40efe1bd1090b10ee,67ffe7d703227e6215a27b9f,,,,,,,,,,,,,,,,,,,,,,,,,,,,,,,,,,,,,,,,,,,262.754,268.517,5.763,1,0,170.923,-0.020138889,-0.040972222,0,0,0,0,30,30,27,1,c,Il paziente non ha preso il Batatrim,Il paziente ha superato la crisi,,,,,,,,,,,,,,,,,,,,,,,,,,,,,,,,,,,,,,,,,,,,,,,,,,,,,,,,,,,,,,,,,,,,,,,,,,,,,,,,,,,,,,,
,,,,,,,,[(%PROLIFIC_PID,1,2025-04-16_19h24.49.925,CLTandFLE,2024.1.5,MacIntel,71.42857143,614efd595bcde57c73d0ecf7,67ffc4c40efe1bd1090b10ee,67ffe7d703227e6215a27b9f,,,,,,,,,,,,,,,,,,,,,,,,,,,,,,,,,,,,,,,,,,,268.518,273.976,5.457,1,0,176.38,-0.063888889,-0.027777778,0,0,0,0,31,31,29,1,c,Il paziente non ha preso il Batatrim,Il paziente ha superato la crisi,,,,,,,,,,,,,,,,,,,,,,,,,,,,,,,,,,,,,,,,,,,,,,,,,,,,,,,,,,,,,,,,,,,,,,,,,,,,,,,,,,,,,,,
,,,,,,,,[(%PROLIFIC_PID,1,2025-04-16_19h24.49.925,CLTandFLE,2024.1.5,MacIntel,71.42857143,614efd595bcde57c73d0ecf7,67ffc4c40efe1bd1090b10ee,67ffe7d703227e6215a27b9f,,,,,,,,,,,,,,,,,,,,,,,,,,,,,,,,,,,,,,,,,,,273.977,279.545,5.567,1,0,181.947,-0.154861111,-0.034027778,0,0,0,0,32,32,37,1,d,Il paziente non ha preso il Batatrim,Il paziente non ha superato la crisi,,,,,,,,,,,,,,,,,,,,,,,,,,,,,,,,,,,,,,,,,,,,,,,,,,,,,,,,,,,,,,,,,,,,,,,,,,,,,,,,,,,,,,,
,,,,,,,,[(%PROLIFIC_PID,1,2025-04-16_19h24.49.925,CLTandFLE,2024.1.5,MacIntel,71.42857143,614efd595bcde57c73d0ecf7,67ffc4c40efe1bd1090b10ee,67ffe7d703227e6215a27b9f,,,,,,,,,,,,,,,,,,,,,,,,,,,,,,,,,,,,,,,,,,,279.545,285.101,5.555,1,0,187.502,-0.154861111,-0.034027778,0,0,0,0,33,33,22,1,c,Il paziente non ha preso il Batatrim,Il paziente ha superato la crisi,,,,,,,,,,,,,,,,,,,,,,,,,,,,,,,,,,,,,,,,,,,,,,,,,,,,,,,,,,,,,,,,,,,,,,,,,,,,,,,,,,,,,,,
,,,,,,,,[(%PROLIFIC_PID,1,2025-04-16_19h24.49.925,CLTandFLE,2024.1.5,MacIntel,71.42857143,614efd595bcde57c73d0ecf7,67ffc4c40efe1bd1090b10ee,67ffe7d703227e6215a27b9f,,,,,,,,,,,,,,,,,,,,,,,,,,,,,,,,,,,,,,,,,,,285.101,289.892,4.791,1,0,192.293,-0.154861111,-0.034027778,0,0,0,0,34,34,38,1,d,Il paziente non ha preso il Batatrim,Il paziente non ha superato la crisi,,,,,,,,,,,,,,,,,,,,,,,,,,,,,,,,,,,,,,,,,,,,,,,,,,,,,,,,,,,,,,,,,,,,,,,,,,,,,,,,,,,,,,,
,,,,,,,,[(%PROLIFIC_PID,1,2025-04-16_19h24.49.925,CLTandFLE,2024.1.5,MacIntel,71.42857143,614efd595bcde57c73d0ecf7,67ffc4c40efe1bd1090b10ee,67ffe7d703227e6215a27b9f,,,,,,,,,,,,,,,,,,,,,,,,,,,,,,,,,,,,,,,,,,,289.893,295.296,5.402,0,1,197.695,0.005555556,-0.03125,0,0,0,0,35,35,23,1,c,Il paziente non ha preso il Batatrim,Il paziente ha superato la crisi,,,,,,,,,,,,,,,,,,,,,,,,,,,,,,,,,,,,,,,,,,,,,,,,,,,,,,,,,,,,,,,,,,,,,,,,,,,,,,,,,,,,,,,
,,,,,,,,[(%PROLIFIC_PID,1,2025-04-16_19h24.49.925,CLTandFLE,2024.1.5,MacIntel,71.42857143,614efd595bcde57c73d0ecf7,67ffc4c40efe1bd1090b10ee,67ffe7d703227e6215a27b9f,,,,,,,,,,,,,,,,,,,,,,,,,,,,,,,,,,,,,,,,,,,295.296,299.531,4.235,1,0,201.93,-0.149305556,-0.01875,0,0,0,0,36,36,18,1,b,Il paziente ha preso il Batatrim,Il paziente non ha superato la crisi,,,,,,,,,,,,,,,,,,,,,,,,,,,,,,,,,,,,,,,,,,,,,,,,,,,,,,,,,,,,,,,,,,,,,,,,,,,,,,,,,,,,,,,
,,,,,,,,[(%PROLIFIC_PID,1,2025-04-16_19h24.49.925,CLTandFLE,2024.1.5,MacIntel,71.42857143,614efd595bcde57c73d0ecf7,67ffc4c40efe1bd1090b10ee,67ffe7d703227e6215a27b9f,,,,,,,,,,,,,,,,,,,,,,,,,,,,,,,,,,,,,,,,,,,299.532,303.614,4.082,1,0,206.012,-0.044444444,0.036111111,0,0,0,0,37,37,12,1,a,Il paziente ha preso il Batatrim,Il paziente ha superato la crisi,,,,,,,,,,,,,,,,,,,,,,,,,,,,,,,,,,,,,,,,,,,,,,,,,,,,,,,,,,,,,,,,,,,,,,,,,,,,,,,,,,,,,,,
,,,,,,,,[(%PROLIFIC_PID,1,2025-04-16_19h24.49.925,CLTandFLE,2024.1.5,MacIntel,71.42857143,614efd595bcde57c73d0ecf7,67ffc4c40efe1bd1090b10ee,67ffe7d703227e6215a27b9f,,,,,,,,,,,,,,,,,,,,,,,,,,,,,,,,,,,,,,,,,,,303.615,307.711,4.096,1,0,210.108,-0.077083333,-0.011111111,0,0,0,0,38,38,2,1,a,Il paziente ha preso il Batatrim,Il paziente ha superato la crisi,,,,,,,,,,,,,,,,,,,,,,,,,,,,,,,,,,,,,,,,,,,,,,,,,,,,,,,,,,,,,,,,,,,,,,,,,,,,,,,,,,,,,,,
,,,,,,,,[(%PROLIFIC_PID,1,2025-04-16_19h24.49.925,CLTandFLE,2024.1.5,MacIntel,71.42857143,614efd595bcde57c73d0ecf7,67ffc4c40efe1bd1090b10ee,67ffe7d703227e6215a27b9f,,,,,,,,,,,,,,,,,,,,,,,,,,,,,,,,,,,,,,,,,,,307.711,312.225,4.514,0,1,214.622,0.031944444,-0.013888889,0,0,0,0,39,39,33,1,c,Il paziente non ha preso il Batatrim,Il paziente ha superato la crisi,,,,,,,,,,,,,,,,,,,,,,,,,,,,,,,,,,,,,,,,,,,,,,,,,,,,,,,,,,,,,,,,,,,,,,,,,,,,,,,,,,,,,,,
,,,,,,,,[(%PROLIFIC_PID,1,2025-04-16_19h24.49.925,CLTandFLE,2024.1.5,MacIntel,71.42857143,614efd595bcde57c73d0ecf7,67ffc4c40efe1bd1090b10ee,67ffe7d703227e6215a27b9f,,353.42,354.253,,,,,,,,,,,,,,,,,,,,,,,,,,,,,,,,,,,,,,,,,,,,,,,,,,,,,,,,,,,313.059,336.49,23.43,61,21.892,0.013888889,-0.20625,1,0,0,337.323,353.42,16.096,80,14.997,0.011111111,-0.192361111,1,0,0,4,8,10,15,0,0,0,0,1,,,,,,,,,,,,,,,,,,,,,,,,,,,,,,,,,,,,,,,,,,,,,,,,,,,,,,,,,,
,,,,,,,,[(%PROLIFIC_PID,1,2025-04-16_19h24.49.925,CLTandFLE,2024.1.5,MacIntel,71.42857143,614efd595bcde57c73d0ecf7,67ffc4c40efe1bd1090b10ee,67ffe7d703227e6215a27b9f,,521.067,521.89,,,,,,,,,,,,,,,,,,,,,,,,,,,,,,,,,,,,,,,,,,,,,,,,,,,,,,,,,,,,,,,,,,,,,,,,,,,,,,,,,,,,,,,,407.489,414.045,6.555,1,5.161,-0.044444444,-0.205555556,1,0,0,35,Maschio,No,18,"Sì, l'ho ottenuta più di due anni fa",B2 CEFR (5.5 - 6 IELTS),TRUE,FALSE,8,8,8,7,6,FALSE,Conferma,c1ok,c2ok,c3ok,c4ok,c5ok,c6ok,c7ok,c8ok,c9ok,c10ok,c11ok,c12err,c13ok,c14ok,c15ok,c16ok,c17ok,c18ok,c19ok,c20ok,c21ok,c22ok,c23ok,c24ok,c25ok,c26ok,759.434,766.262,0,0,0,0,1
