﻿Alfa.started,Alfa.stopped,alfa_mouse.x,alfa_mouse.y,alfa_mouse.leftButton,alfa_mouse.midButton,alfa_mouse.rightButton,alfa_mouse.clicked_name,participant,group,date,expName,psychopyVersion,OS,frameRate,PROLIFIC_PID,STUDY_ID,SESSION_ID,)],ITI.started,ITI.stopped,B_consensoinformato.started,B_consensoinformato.stopped,tempo_consenso,cons_mouse.x,cons_mouse.y,cons_mouse.leftButton,cons_mouse.midButton,cons_mouse.rightButton,A_benvenuto.started,A_benvenuto.stopped,ben_mouse.x,ben_mouse.y,ben_mouse.leftButton,ben_mouse.midButton,ben_mouse.rightButton,B2_istruzioni.started,B2_istruzioni.stopped,tempo_istru,cons_mouse_2.x,cons_mouse_2.y,cons_mouse_2.leftButton,cons_mouse_2.midButton,cons_mouse_2.rightButton,SAMevaluation.started,SAMevaluation.stopped,temposam,sliderintensity.response,sliderintensity.rt,slidervalence.response,slidervalence.rt,mouse_sam.x,mouse_sam.y,mouse_sam.leftButton,mouse_sam.midButton,mouse_sam.rightButton,mouse_sam.time,mouse_sam.clicked_name,Loading.started,Loading.stopped,C_associative_task.started,C_associative_task.stopped,tempo_trial,hapremutosi,hapremutono,tempo_tasktot,mouse.x,mouse.y,mouse.leftButton,mouse.midButton,mouse.rightButton,trials.thisRepN,trials.thisTrialN,trials.thisN,trials.thisIndex,trials.ran,cond,causa,effetto,D_VD.started,D_VD.stopped,tempo_vd,vd.response,vd.rt,mouse_vd.x,mouse_vd.y,mouse_vd.leftButton,mouse_vd.midButton,mouse_vd.rightButton,Previous.started,Previous.stopped,tempo_vd1,previous.response,previous.rt,mouse_vd_2.x,mouse_vd_2.y,mouse_vd_2.leftButton,mouse_vd_2.midButton,mouse_vd_2.rightButton,EstENG.TrialNN,EstENG.TrialSS,EstENG.TrialNS,EstENG.TrialSN,ingesta.thisRepN,ingesta.thisTrialN,ingesta.thisN,ingesta.thisIndex,ingesta.ran,PF.started,PF.stopped,tempo_pf,processfluency.response,processfluency.rt,mouse_ch.x,mouse_ch.y,mouse_ch.leftButton,mouse_ch.midButton,mouse_ch.rightButton,Questionario_Lingua.Age,Questionario_Lingua.Sesso,Questionario_Lingua.StaiStudiando?,Questionario_Lingua.Anniscolarita,Questionario_Lingua.Diploma,Questionario_Lingua.ItaMADRE?,Questionario_Lingua.INGmadre?,Questionario_Lingua.Q5(AOAIng),Questionario_Lingua.INGLETTURA,Questionario_Lingua.INGCOMPRESO,Questionario_Lingua.INGSCRITTO,Questionario_Lingua.INGPARLATO,Questionario_Lingua.haivissutoestero,ProvaInglese.ProcediamoENg,ProvaInglese.C1,ProvaInglese.C2,ProvaInglese.C3,ProvaInglese.C4,ProvaInglese.C5,ProvaInglese.C6,ProvaInglese.C7,ProvaInglese.C8,ProvaInglese.C9,ProvaInglese.C10,ProvaInglese.C11,ProvaInglese.C12,ProvaInglese.C13,ProvaInglese.C14,ProvaInglese.C15,ProvaInglese.C16,ProvaInglese.C17,ProvaInglese.C18,ProvaInglese.C19,ProvaInglese.C20,ProvaInglese.C21,ProvaInglese.C22,ProvaInglese.C23,ProvaInglese.C24,ProvaInglese.C25,ProvaInglese.controlquestion,Ant_lastquestion.started,Ant_lastquestion.stopped,exp_loop.thisRepN,exp_loop.thisTrialN,exp_loop.thisN,exp_loop.thisIndex,exp_loop.ran
0.0002,143.7122,-0.079629616,0.006481489,1,0,0,alfa_mask,[(%PROLIFIC_PID,2,2025-04-16_18h51.44.951,CLTandFLE,2024.1.5,Win32,59.88023952,58c62eac444ade00010231a9,67ffc4c40efe1bd1090b10ee,67ffdf600ea7ca9dba5a9b0a,,,,,,,,,,,,,,,,,,,,,,,,,,,,,,,,,,,,,,,,,,,,,,,,,,,,,,,,,,,,,,,,,,,,,,,,,,,,,,,,,,,,,,,,,,,,,,,,,,,,,,,,,,,,,,,,,,,,,,,,,,,,,,,,,,,,,,,,,,,,,,,,,,,
,,,,,,,,[(%PROLIFIC_PID,2,2025-04-16_18h51.44.951,CLTandFLE,2024.1.5,Win32,59.88023952,58c62eac444ade00010231a9,67ffc4c40efe1bd1090b10ee,67ffdf600ea7ca9dba5a9b0a,,143.7126,144.7047,,,,,,,,,,,,,,,,,,,,,,,,,,,,,,,,,,,,,,,,,,,,,,,,,,,,,,,,,,,,,,,,,,,,,,,,,,,,,,,,,,,,,,,,,,,,,,,,,,,,,,,,,,,,,,,,,,,,,,,,,,,,,,,,,,,,,,,,,,,,,,,,
,,,,,,,,[(%PROLIFIC_PID,2,2025-04-16_18h51.44.951,CLTandFLE,2024.1.5,Win32,59.88023952,58c62eac444ade00010231a9,67ffc4c40efe1bd1090b10ee,67ffdf600ea7ca9dba5a9b0a,,,,144.7051,218.8802,74.1739,0.204629616,-0.387962977,1,0,0,,,,,,,,,,,,,,,,,,,,,,,,,,,,,,,,,,,,,,,,,,,,,,,,,,,,,,,,,,,,,,,,,,,,,,,,,,,,,,,,,,,,,,,,,,,,,,,,,,,,,,,,,,,,,,,,,,,,,,,,,,,,,,,,,,,,,,,,
,,,,,,,,[(%PROLIFIC_PID,2,2025-04-16_18h51.44.951,CLTandFLE,2024.1.5,Win32,59.88023952,58c62eac444ade00010231a9,67ffc4c40efe1bd1090b10ee,67ffdf600ea7ca9dba5a9b0a,,439.0882,440.0875,,,,,,,,,219.8795,264.724,-0.001851824,-0.097222222,1,0,0,265.7244,404.8745,139.1498,0.033333319,-0.400925954,1,0,0,405.8749,431.0905,25.2141,0.937500035,10.0586,0.534722222,16.205,"[0.005555541427047165,0.35000002825701676,0,0.03518521344220197]","[0.19259258552833838,0.19074072661223235,-0.006481488545735677,-0.21018522757071037]","[1,1,1,1]","[0,0,0,0]","[0,0,0,0]","[8.26010000002384,10.04189999997618,13.00780000007154,25.207899999976178]","[""sliderintensity"",""sliderintensity"",""slidervalence"",""rettoksam""]",432.0891,439.088,440.1076,464.6178,24.5099,0,1,24.5099,0.011111153,-0.041666667,0,0,0,0,0,0,22,1,c,The patient has not taken Batatrim,The patient has overcome the crisis,,,,,,,,,,,,,,,,,,,,,,,,,,,,,,,,,,,,,,,,,,,,,,,,,,,,,,,,,,,,,,,,,,,,,,,,,,,,,,,,,,,,,,
,,,,,,,,[(%PROLIFIC_PID,2,2025-04-16_18h51.44.951,CLTandFLE,2024.1.5,Win32,59.88023952,58c62eac444ade00010231a9,67ffc4c40efe1bd1090b10ee,67ffdf600ea7ca9dba5a9b0a,,,,,,,,,,,,,,,,,,,,,,,,,,,,,,,,,,,,,,,,,,,464.6183,481.4905,16.872,1,0,41.3819,-0.215740698,-0.046296296,0,0,0,0,1,1,29,1,c,The patient has not taken Batatrim,The patient has overcome the crisis,,,,,,,,,,,,,,,,,,,,,,,,,,,,,,,,,,,,,,,,,,,,,,,,,,,,,,,,,,,,,,,,,,,,,,,,,,,,,,,,,,,,,,
,,,,,,,,[(%PROLIFIC_PID,2,2025-04-16_18h51.44.951,CLTandFLE,2024.1.5,Win32,59.88023952,58c62eac444ade00010231a9,67ffc4c40efe1bd1090b10ee,67ffdf600ea7ca9dba5a9b0a,,,,,,,,,,,,,,,,,,,,,,,,,,,,,,,,,,,,,,,,,,,481.4909,487.3232,5.8322,1,0,47.2141,-0.215740698,-0.046296296,0,0,0,0,2,2,24,1,c,The patient has not taken Batatrim,The patient has overcome the crisis,,,,,,,,,,,,,,,,,,,,,,,,,,,,,,,,,,,,,,,,,,,,,,,,,,,,,,,,,,,,,,,,,,,,,,,,,,,,,,,,,,,,,,
,,,,,,,,[(%PROLIFIC_PID,2,2025-04-16_18h51.44.951,CLTandFLE,2024.1.5,Win32,59.88023952,58c62eac444ade00010231a9,67ffc4c40efe1bd1090b10ee,67ffdf600ea7ca9dba5a9b0a,,,,,,,,,,,,,,,,,,,,,,,,,,,,,,,,,,,,,,,,,,,487.3236,521.6032,34.2794,0,1,81.4935,-0.224999958,-0.048148155,0,0,0,0,3,3,7,1,a,The patient has taken Batatrim,The patient has overcome the crisis,,,,,,,,,,,,,,,,,,,,,,,,,,,,,,,,,,,,,,,,,,,,,,,,,,,,,,,,,,,,,,,,,,,,,,,,,,,,,,,,,,,,,,
,,,,,,,,[(%PROLIFIC_PID,2,2025-04-16_18h51.44.951,CLTandFLE,2024.1.5,Win32,59.88023952,58c62eac444ade00010231a9,67ffc4c40efe1bd1090b10ee,67ffdf600ea7ca9dba5a9b0a,,,,,,,,,,,,,,,,,,,,,,,,,,,,,,,,,,,,,,,,,,,521.6035,536.9179,15.3142,1,0,96.8077,-0.174074032,-0.042592614,0,0,0,0,4,4,25,1,c,The patient has not taken Batatrim,The patient has overcome the crisis,,,,,,,,,,,,,,,,,,,,,,,,,,,,,,,,,,,,,,,,,,,,,,,,,,,,,,,,,,,,,,,,,,,,,,,,,,,,,,,,,,,,,,
,,,,,,,,[(%PROLIFIC_PID,2,2025-04-16_18h51.44.951,CLTandFLE,2024.1.5,Win32,59.88023952,58c62eac444ade00010231a9,67ffc4c40efe1bd1090b10ee,67ffdf600ea7ca9dba5a9b0a,,,,,,,,,,,,,,,,,,,,,,,,,,,,,,,,,,,,,,,,,,,536.9181,548.3498,11.4315,1,0,108.2392,-0.175000014,-0.026851866,0,0,0,0,5,5,15,1,b,The patient has taken Batatrim,The patient has not overcome the crisis,,,,,,,,,,,,,,,,,,,,,,,,,,,,,,,,,,,,,,,,,,,,,,,,,,,,,,,,,,,,,,,,,,,,,,,,,,,,,,,,,,,,,,
,,,,,,,,[(%PROLIFIC_PID,2,2025-04-16_18h51.44.951,CLTandFLE,2024.1.5,Win32,59.88023952,58c62eac444ade00010231a9,67ffc4c40efe1bd1090b10ee,67ffdf600ea7ca9dba5a9b0a,,,,,,,,,,,,,,,,,,,,,,,,,,,,,,,,,,,,,,,,,,,548.3502,557.8151,9.4648,1,0,117.704,-0.178703661,-0.027777778,0,0,0,0,6,6,1,1,a,The patient has taken Batatrim,The patient has overcome the crisis,,,,,,,,,,,,,,,,,,,,,,,,,,,,,,,,,,,,,,,,,,,,,,,,,,,,,,,,,,,,,,,,,,,,,,,,,,,,,,,,,,,,,,
,,,,,,,,[(%PROLIFIC_PID,2,2025-04-16_18h51.44.951,CLTandFLE,2024.1.5,Win32,59.88023952,58c62eac444ade00010231a9,67ffc4c40efe1bd1090b10ee,67ffdf600ea7ca9dba5a9b0a,,,,,,,,,,,,,,,,,,,,,,,,,,,,,,,,,,,,,,,,,,,557.8154,565.5642,7.7486,1,0,125.4526,-0.180555556,-0.025925919,0,0,0,0,7,7,36,1,d,The patient has not taken Batatrim,The patient has not overcome the crisis,,,,,,,,,,,,,,,,,,,,,,,,,,,,,,,,,,,,,,,,,,,,,,,,,,,,,,,,,,,,,,,,,,,,,,,,,,,,,,,,,,,,,,
,,,,,,,,[(%PROLIFIC_PID,2,2025-04-16_18h51.44.951,CLTandFLE,2024.1.5,Win32,59.88023952,58c62eac444ade00010231a9,67ffc4c40efe1bd1090b10ee,67ffdf600ea7ca9dba5a9b0a,,,,,,,,,,,,,,,,,,,,,,,,,,,,,,,,,,,,,,,,,,,565.5644,578.7545,13.1899,1,0,138.6425,-0.17777775,-0.026851866,0,0,0,0,8,8,0,1,a,The patient has taken Batatrim,The patient has overcome the crisis,,,,,,,,,,,,,,,,,,,,,,,,,,,,,,,,,,,,,,,,,,,,,,,,,,,,,,,,,,,,,,,,,,,,,,,,,,,,,,,,,,,,,,
,,,,,,,,[(%PROLIFIC_PID,2,2025-04-16_18h51.44.951,CLTandFLE,2024.1.5,Win32,59.88023952,58c62eac444ade00010231a9,67ffc4c40efe1bd1090b10ee,67ffdf600ea7ca9dba5a9b0a,,,,,,,,,,,,,,,,,,,,,,,,,,,,,,,,,,,,,,,,,,,578.7547,586.5036,7.7488,1,0,146.3913,-0.179629644,-0.029629637,0,0,0,0,9,9,17,1,b,The patient has taken Batatrim,The patient has not overcome the crisis,,,,,,,,,,,,,,,,,,,,,,,,,,,,,,,,,,,,,,,,,,,,,,,,,,,,,,,,,,,,,,,,,,,,,,,,,,,,,,,,,,,,,,
,,,,,,,,[(%PROLIFIC_PID,2,2025-04-16_18h51.44.951,CLTandFLE,2024.1.5,Win32,59.88023952,58c62eac444ade00010231a9,67ffc4c40efe1bd1090b10ee,67ffdf600ea7ca9dba5a9b0a,,,,,,,,,,,,,,,,,,,,,,,,,,,,,,,,,,,,,,,,,,,586.5038,597.1856,10.6816,1,0,157.0729,-0.166666667,-0.026851866,0,0,0,0,10,10,8,1,a,The patient has taken Batatrim,The patient has overcome the crisis,,,,,,,,,,,,,,,,,,,,,,,,,,,,,,,,,,,,,,,,,,,,,,,,,,,,,,,,,,,,,,,,,,,,,,,,,,,,,,,,,,,,,,
,,,,,,,,[(%PROLIFIC_PID,2,2025-04-16_18h51.44.951,CLTandFLE,2024.1.5,Win32,59.88023952,58c62eac444ade00010231a9,67ffc4c40efe1bd1090b10ee,67ffdf600ea7ca9dba5a9b0a,,,,,,,,,,,,,,,,,,,,,,,,,,,,,,,,,,,,,,,,,,,597.1859,610.9675,13.7814,1,0,170.8543,-0.170370384,-0.024074095,0,0,0,0,11,11,16,1,b,The patient has taken Batatrim,The patient has not overcome the crisis,,,,,,,,,,,,,,,,,,,,,,,,,,,,,,,,,,,,,,,,,,,,,,,,,,,,,,,,,,,,,,,,,,,,,,,,,,,,,,,,,,,,,,
,,,,,,,,[(%PROLIFIC_PID,2,2025-04-16_18h51.44.951,CLTandFLE,2024.1.5,Win32,59.88023952,58c62eac444ade00010231a9,67ffc4c40efe1bd1090b10ee,67ffdf600ea7ca9dba5a9b0a,,,,,,,,,,,,,,,,,,,,,,,,,,,,,,,,,,,,,,,,,,,610.9677,620.583,9.6152,1,0,180.4695,-0.203703704,-0.041666667,0,0,0,0,12,12,20,1,c,The patient has not taken Batatrim,The patient has overcome the crisis,,,,,,,,,,,,,,,,,,,,,,,,,,,,,,,,,,,,,,,,,,,,,,,,,,,,,,,,,,,,,,,,,,,,,,,,,,,,,,,,,,,,,,
,,,,,,,,[(%PROLIFIC_PID,2,2025-04-16_18h51.44.951,CLTandFLE,2024.1.5,Win32,59.88023952,58c62eac444ade00010231a9,67ffc4c40efe1bd1090b10ee,67ffdf600ea7ca9dba5a9b0a,,,,,,,,,,,,,,,,,,,,,,,,,,,,,,,,,,,,,,,,,,,620.5832,630.6819,10.0985,1,0,190.568,-0.162037037,-0.037962984,0,0,0,0,13,13,35,1,d,The patient has not taken Batatrim,The patient has not overcome the crisis,,,,,,,,,,,,,,,,,,,,,,,,,,,,,,,,,,,,,,,,,,,,,,,,,,,,,,,,,,,,,,,,,,,,,,,,,,,,,,,,,,,,,,
,,,,,,,,[(%PROLIFIC_PID,2,2025-04-16_18h51.44.951,CLTandFLE,2024.1.5,Win32,59.88023952,58c62eac444ade00010231a9,67ffc4c40efe1bd1090b10ee,67ffdf600ea7ca9dba5a9b0a,,,,,,,,,,,,,,,,,,,,,,,,,,,,,,,,,,,,,,,,,,,630.6822,646.9799,16.2975,1,0,206.8655,-0.159259231,-0.026851866,0,0,0,0,14,14,6,1,a,The patient has taken Batatrim,The patient has overcome the crisis,,,,,,,,,,,,,,,,,,,,,,,,,,,,,,,,,,,,,,,,,,,,,,,,,,,,,,,,,,,,,,,,,,,,,,,,,,,,,,,,,,,,,,
,,,,,,,,[(%PROLIFIC_PID,2,2025-04-16_18h51.44.951,CLTandFLE,2024.1.5,Win32,59.88023952,58c62eac444ade00010231a9,67ffc4c40efe1bd1090b10ee,67ffdf600ea7ca9dba5a9b0a,,,,,,,,,,,,,,,,,,,,,,,,,,,,,,,,,,,,,,,,,,,646.9801,653.0461,6.0659,1,0,212.9314,-0.163888861,-0.035185178,0,0,0,0,15,15,32,1,c,The patient has not taken Batatrim,The patient has overcome the crisis,,,,,,,,,,,,,,,,,,,,,,,,,,,,,,,,,,,,,,,,,,,,,,,,,,,,,,,,,,,,,,,,,,,,,,,,,,,,,,,,,,,,,,
,,,,,,,,[(%PROLIFIC_PID,2,2025-04-16_18h51.44.951,CLTandFLE,2024.1.5,Win32,59.88023952,58c62eac444ade00010231a9,67ffc4c40efe1bd1090b10ee,67ffdf600ea7ca9dba5a9b0a,,,,,,,,,,,,,,,,,,,,,,,,,,,,,,,,,,,,,,,,,,,653.0463,668.1775,15.1311,1,0,228.0625,-0.163888861,-0.035185178,0,0,0,0,16,16,5,1,a,The patient has taken Batatrim,The patient has overcome the crisis,,,,,,,,,,,,,,,,,,,,,,,,,,,,,,,,,,,,,,,,,,,,,,,,,,,,,,,,,,,,,,,,,,,,,,,,,,,,,,,,,,,,,,
,,,,,,,,[(%PROLIFIC_PID,2,2025-04-16_18h51.44.951,CLTandFLE,2024.1.5,Win32,59.88023952,58c62eac444ade00010231a9,67ffc4c40efe1bd1090b10ee,67ffdf600ea7ca9dba5a9b0a,,,,,,,,,,,,,,,,,,,,,,,,,,,,,,,,,,,,,,,,,,,668.1778,676.9265,8.7487,1,0,236.8112,-0.162037037,-0.026851866,0,0,0,0,17,17,23,1,c,The patient has not taken Batatrim,The patient has overcome the crisis,,,,,,,,,,,,,,,,,,,,,,,,,,,,,,,,,,,,,,,,,,,,,,,,,,,,,,,,,,,,,,,,,,,,,,,,,,,,,,,,,,,,,,
,,,,,,,,[(%PROLIFIC_PID,2,2025-04-16_18h51.44.951,CLTandFLE,2024.1.5,Win32,59.88023952,58c62eac444ade00010231a9,67ffc4c40efe1bd1090b10ee,67ffdf600ea7ca9dba5a9b0a,,,,,,,,,,,,,,,,,,,,,,,,,,,,,,,,,,,,,,,,,,,676.9268,682.5593,5.6323,1,0,242.4435,-0.162037037,-0.026851866,0,0,0,0,18,18,30,1,c,The patient has not taken Batatrim,The patient has overcome the crisis,,,,,,,,,,,,,,,,,,,,,,,,,,,,,,,,,,,,,,,,,,,,,,,,,,,,,,,,,,,,,,,,,,,,,,,,,,,,,,,,,,,,,,
,,,,,,,,[(%PROLIFIC_PID,2,2025-04-16_18h51.44.951,CLTandFLE,2024.1.5,Win32,59.88023952,58c62eac444ade00010231a9,67ffc4c40efe1bd1090b10ee,67ffdf600ea7ca9dba5a9b0a,,,,,,,,,,,,,,,,,,,,,,,,,,,,,,,,,,,,,,,,,,,682.5596,690.1417,7.582,1,0,250.0255,-0.162037037,-0.026851866,0,0,0,0,19,19,13,1,a,The patient has taken Batatrim,The patient has overcome the crisis,,,,,,,,,,,,,,,,,,,,,,,,,,,,,,,,,,,,,,,,,,,,,,,,,,,,,,,,,,,,,,,,,,,,,,,,,,,,,,,,,,,,,,
,,,,,,,,[(%PROLIFIC_PID,2,2025-04-16_18h51.44.951,CLTandFLE,2024.1.5,Win32,59.88023952,58c62eac444ade00010231a9,67ffc4c40efe1bd1090b10ee,67ffdf600ea7ca9dba5a9b0a,,,,,,,,,,,,,,,,,,,,,,,,,,,,,,,,,,,,,,,,,,,690.1419,697.7575,7.6154,0,1,257.6409,-0.208333333,-0.040740755,0,0,0,0,20,20,34,1,c,The patient has not taken Batatrim,The patient has overcome the crisis,,,,,,,,,,,,,,,,,,,,,,,,,,,,,,,,,,,,,,,,,,,,,,,,,,,,,,,,,,,,,,,,,,,,,,,,,,,,,,,,,,,,,,
,,,,,,,,[(%PROLIFIC_PID,2,2025-04-16_18h51.44.951,CLTandFLE,2024.1.5,Win32,59.88023952,58c62eac444ade00010231a9,67ffc4c40efe1bd1090b10ee,67ffdf600ea7ca9dba5a9b0a,,,,,,,,,,,,,,,,,,,,,,,,,,,,,,,,,,,,,,,,,,,697.7576,704.6733,6.9156,1,0,264.5565,-0.208333333,-0.040740755,0,0,0,0,21,21,28,1,c,The patient has not taken Batatrim,The patient has overcome the crisis,,,,,,,,,,,,,,,,,,,,,,,,,,,,,,,,,,,,,,,,,,,,,,,,,,,,,,,,,,,,,,,,,,,,,,,,,,,,,,,,,,,,,,
,,,,,,,,[(%PROLIFIC_PID,2,2025-04-16_18h51.44.951,CLTandFLE,2024.1.5,Win32,59.88023952,58c62eac444ade00010231a9,67ffc4c40efe1bd1090b10ee,67ffdf600ea7ca9dba5a9b0a,,,,,,,,,,,,,,,,,,,,,,,,,,,,,,,,,,,,,,,,,,,704.6736,712.9723,8.2986,1,0,272.8551,-0.208333333,-0.040740755,0,0,0,0,22,22,27,1,c,The patient has not taken Batatrim,The patient has overcome the crisis,,,,,,,,,,,,,,,,,,,,,,,,,,,,,,,,,,,,,,,,,,,,,,,,,,,,,,,,,,,,,,,,,,,,,,,,,,,,,,,,,,,,,,
,,,,,,,,[(%PROLIFIC_PID,2,2025-04-16_18h51.44.951,CLTandFLE,2024.1.5,Win32,59.88023952,58c62eac444ade00010231a9,67ffc4c40efe1bd1090b10ee,67ffdf600ea7ca9dba5a9b0a,,,,,,,,,,,,,,,,,,,,,,,,,,,,,,,,,,,,,,,,,,,712.9725,719.1068,6.134,1,0,278.9891,-0.184259273,-0.040740755,0,0,0,0,23,23,33,1,c,The patient has not taken Batatrim,The patient has overcome the crisis,,,,,,,,,,,,,,,,,,,,,,,,,,,,,,,,,,,,,,,,,,,,,,,,,,,,,,,,,,,,,,,,,,,,,,,,,,,,,,,,,,,,,,
,,,,,,,,[(%PROLIFIC_PID,2,2025-04-16_18h51.44.951,CLTandFLE,2024.1.5,Win32,59.88023952,58c62eac444ade00010231a9,67ffc4c40efe1bd1090b10ee,67ffdf600ea7ca9dba5a9b0a,,,,,,,,,,,,,,,,,,,,,,,,,,,,,,,,,,,,,,,,,,,719.1072,725.5626,6.4552,1,0,285.4443,-0.171296296,-0.013888889,0,0,0,0,24,24,3,1,a,The patient has taken Batatrim,The patient has overcome the crisis,,,,,,,,,,,,,,,,,,,,,,,,,,,,,,,,,,,,,,,,,,,,,,,,,,,,,,,,,,,,,,,,,,,,,,,,,,,,,,,,,,,,,,
,,,,,,,,[(%PROLIFIC_PID,2,2025-04-16_18h51.44.951,CLTandFLE,2024.1.5,Win32,59.88023952,58c62eac444ade00010231a9,67ffc4c40efe1bd1090b10ee,67ffdf600ea7ca9dba5a9b0a,,,,,,,,,,,,,,,,,,,,,,,,,,,,,,,,,,,,,,,,,,,725.5629,731.4615,5.8985,1,0,291.3428,-0.172222208,-0.01666666,0,0,0,0,25,25,2,1,a,The patient has taken Batatrim,The patient has overcome the crisis,,,,,,,,,,,,,,,,,,,,,,,,,,,,,,,,,,,,,,,,,,,,,,,,,,,,,,,,,,,,,,,,,,,,,,,,,,,,,,,,,,,,,,
,,,,,,,,[(%PROLIFIC_PID,2,2025-04-16_18h51.44.951,CLTandFLE,2024.1.5,Win32,59.88023952,58c62eac444ade00010231a9,67ffc4c40efe1bd1090b10ee,67ffdf600ea7ca9dba5a9b0a,,,,,,,,,,,,,,,,,,,,,,,,,,,,,,,,,,,,,,,,,,,731.4618,737.8111,6.3493,1,0,297.6921,-0.178703661,-0.025000007,0,0,0,0,26,26,39,1,d,The patient has not taken Batatrim,The patient has not overcome the crisis,,,,,,,,,,,,,,,,,,,,,,,,,,,,,,,,,,,,,,,,,,,,,,,,,,,,,,,,,,,,,,,,,,,,,,,,,,,,,,,,,,,,,,
,,,,,,,,[(%PROLIFIC_PID,2,2025-04-16_18h51.44.951,CLTandFLE,2024.1.5,Win32,59.88023952,58c62eac444ade00010231a9,67ffc4c40efe1bd1090b10ee,67ffdf600ea7ca9dba5a9b0a,,,,,,,,,,,,,,,,,,,,,,,,,,,,,,,,,,,,,,,,,,,737.8113,742.3111,4.4997,1,0,302.1918,-0.178703661,-0.025000007,0,0,0,0,27,27,11,1,a,The patient has taken Batatrim,The patient has overcome the crisis,,,,,,,,,,,,,,,,,,,,,,,,,,,,,,,,,,,,,,,,,,,,,,,,,,,,,,,,,,,,,,,,,,,,,,,,,,,,,,,,,,,,,,
,,,,,,,,[(%PROLIFIC_PID,2,2025-04-16_18h51.44.951,CLTandFLE,2024.1.5,Win32,59.88023952,58c62eac444ade00010231a9,67ffc4c40efe1bd1090b10ee,67ffdf600ea7ca9dba5a9b0a,,,,,,,,,,,,,,,,,,,,,,,,,,,,,,,,,,,,,,,,,,,742.3114,756.8255,14.5139,1,0,316.7057,-0.183333291,-0.029629637,0,0,0,0,28,28,26,1,c,The patient has not taken Batatrim,The patient has overcome the crisis,,,,,,,,,,,,,,,,,,,,,,,,,,,,,,,,,,,,,,,,,,,,,,,,,,,,,,,,,,,,,,,,,,,,,,,,,,,,,,,,,,,,,,
,,,,,,,,[(%PROLIFIC_PID,2,2025-04-16_18h51.44.951,CLTandFLE,2024.1.5,Win32,59.88023952,58c62eac444ade00010231a9,67ffc4c40efe1bd1090b10ee,67ffdf600ea7ca9dba5a9b0a,,,,,,,,,,,,,,,,,,,,,,,,,,,,,,,,,,,,,,,,,,,756.8258,760.9926,4.1666,1,0,320.8723,-0.183333291,-0.029629637,0,0,0,0,29,29,10,1,a,The patient has taken Batatrim,The patient has overcome the crisis,,,,,,,,,,,,,,,,,,,,,,,,,,,,,,,,,,,,,,,,,,,,,,,,,,,,,,,,,,,,,,,,,,,,,,,,,,,,,,,,,,,,,,
,,,,,,,,[(%PROLIFIC_PID,2,2025-04-16_18h51.44.951,CLTandFLE,2024.1.5,Win32,59.88023952,58c62eac444ade00010231a9,67ffc4c40efe1bd1090b10ee,67ffdf600ea7ca9dba5a9b0a,,,,,,,,,,,,,,,,,,,,,,,,,,,,,,,,,,,,,,,,,,,760.993,765.4086,4.4154,1,0,325.2877,-0.183333291,-0.029629637,0,0,0,0,30,30,14,1,b,The patient has taken Batatrim,The patient has overcome the crisis,,,,,,,,,,,,,,,,,,,,,,,,,,,,,,,,,,,,,,,,,,,,,,,,,,,,,,,,,,,,,,,,,,,,,,,,,,,,,,,,,,,,,,
,,,,,,,,[(%PROLIFIC_PID,2,2025-04-16_18h51.44.951,CLTandFLE,2024.1.5,Win32,59.88023952,58c62eac444ade00010231a9,67ffc4c40efe1bd1090b10ee,67ffdf600ea7ca9dba5a9b0a,,,,,,,,,,,,,,,,,,,,,,,,,,,,,,,,,,,,,,,,,,,765.4088,770.3077,4.8988,1,0,330.1865,-0.182407379,-0.032407407,0,0,0,0,31,31,31,1,c,The patient has not taken Batatrim,The patient has overcome the crisis,,,,,,,,,,,,,,,,,,,,,,,,,,,,,,,,,,,,,,,,,,,,,,,,,,,,,,,,,,,,,,,,,,,,,,,,,,,,,,,,,,,,,,
,,,,,,,,[(%PROLIFIC_PID,2,2025-04-16_18h51.44.951,CLTandFLE,2024.1.5,Win32,59.88023952,58c62eac444ade00010231a9,67ffc4c40efe1bd1090b10ee,67ffdf600ea7ca9dba5a9b0a,,,,,,,,,,,,,,,,,,,,,,,,,,,,,,,,,,,,,,,,,,,770.3079,776.1608,5.8527,1,0,336.0392,-0.182407379,-0.032407407,0,0,0,0,32,32,9,1,a,The patient has taken Batatrim,The patient has overcome the crisis,,,,,,,,,,,,,,,,,,,,,,,,,,,,,,,,,,,,,,,,,,,,,,,,,,,,,,,,,,,,,,,,,,,,,,,,,,,,,,,,,,,,,,
,,,,,,,,[(%PROLIFIC_PID,2,2025-04-16_18h51.44.951,CLTandFLE,2024.1.5,Win32,59.88023952,58c62eac444ade00010231a9,67ffc4c40efe1bd1090b10ee,67ffdf600ea7ca9dba5a9b0a,,,,,,,,,,,,,,,,,,,,,,,,,,,,,,,,,,,,,,,,,,,776.1613,780.9062,4.7448,1,0,340.784,-0.182407379,-0.032407407,0,0,0,0,33,33,18,1,b,The patient has taken Batatrim,The patient has not overcome the crisis,,,,,,,,,,,,,,,,,,,,,,,,,,,,,,,,,,,,,,,,,,,,,,,,,,,,,,,,,,,,,,,,,,,,,,,,,,,,,,,,,,,,,,
,,,,,,,,[(%PROLIFIC_PID,2,2025-04-16_18h51.44.951,CLTandFLE,2024.1.5,Win32,59.88023952,58c62eac444ade00010231a9,67ffc4c40efe1bd1090b10ee,67ffdf600ea7ca9dba5a9b0a,,,,,,,,,,,,,,,,,,,,,,,,,,,,,,,,,,,,,,,,,,,780.9066,786.4053,5.4986,1,0,346.2826,-0.167592578,-0.034259266,0,0,0,0,34,34,19,1,b,The patient has taken Batatrim,The patient has not overcome the crisis,,,,,,,,,,,,,,,,,,,,,,,,,,,,,,,,,,,,,,,,,,,,,,,,,,,,,,,,,,,,,,,,,,,,,,,,,,,,,,,,,,,,,,
,,,,,,,,[(%PROLIFIC_PID,2,2025-04-16_18h51.44.951,CLTandFLE,2024.1.5,Win32,59.88023952,58c62eac444ade00010231a9,67ffc4c40efe1bd1090b10ee,67ffdf600ea7ca9dba5a9b0a,,,,,,,,,,,,,,,,,,,,,,,,,,,,,,,,,,,,,,,,,,,786.4056,791.7547,5.3491,1,0,351.6317,-0.167592578,-0.034259266,0,0,0,0,35,35,38,1,d,The patient has not taken Batatrim,The patient has not overcome the crisis,,,,,,,,,,,,,,,,,,,,,,,,,,,,,,,,,,,,,,,,,,,,,,,,,,,,,,,,,,,,,,,,,,,,,,,,,,,,,,,,,,,,,,
,,,,,,,,[(%PROLIFIC_PID,2,2025-04-16_18h51.44.951,CLTandFLE,2024.1.5,Win32,59.88023952,58c62eac444ade00010231a9,67ffc4c40efe1bd1090b10ee,67ffdf600ea7ca9dba5a9b0a,,,,,,,,,,,,,,,,,,,,,,,,,,,,,,,,,,,,,,,,,,,791.755,796.9381,5.1829,1,0,356.8146,-0.15370369,-0.025925919,0,0,0,0,36,36,4,1,a,The patient has taken Batatrim,The patient has overcome the crisis,,,,,,,,,,,,,,,,,,,,,,,,,,,,,,,,,,,,,,,,,,,,,,,,,,,,,,,,,,,,,,,,,,,,,,,,,,,,,,,,,,,,,,
,,,,,,,,[(%PROLIFIC_PID,2,2025-04-16_18h51.44.951,CLTandFLE,2024.1.5,Win32,59.88023952,58c62eac444ade00010231a9,67ffc4c40efe1bd1090b10ee,67ffdf600ea7ca9dba5a9b0a,,,,,,,,,,,,,,,,,,,,,,,,,,,,,,,,,,,,,,,,,,,796.9384,801.0544,4.1158,1,0,360.9304,-0.15370369,-0.025925919,0,0,0,0,37,37,37,1,d,The patient has not taken Batatrim,The patient has not overcome the crisis,,,,,,,,,,,,,,,,,,,,,,,,,,,,,,,,,,,,,,,,,,,,,,,,,,,,,,,,,,,,,,,,,,,,,,,,,,,,,,,,,,,,,,
,,,,,,,,[(%PROLIFIC_PID,2,2025-04-16_18h51.44.951,CLTandFLE,2024.1.5,Win32,59.88023952,58c62eac444ade00010231a9,67ffc4c40efe1bd1090b10ee,67ffdf600ea7ca9dba5a9b0a,,,,,,,,,,,,,,,,,,,,,,,,,,,,,,,,,,,,,,,,,,,801.0547,805.537,4.4822,1,0,365.4126,-0.148148148,-0.014814836,0,0,0,0,38,38,21,1,c,The patient has not taken Batatrim,The patient has overcome the crisis,,,,,,,,,,,,,,,,,,,,,,,,,,,,,,,,,,,,,,,,,,,,,,,,,,,,,,,,,,,,,,,,,,,,,,,,,,,,,,,,,,,,,,
,,,,,,,,[(%PROLIFIC_PID,2,2025-04-16_18h51.44.951,CLTandFLE,2024.1.5,Win32,59.88023952,58c62eac444ade00010231a9,67ffc4c40efe1bd1090b10ee,67ffdf600ea7ca9dba5a9b0a,,,,,,,,,,,,,,,,,,,,,,,,,,,,,,,,,,,,,,,,,,,805.5373,811.7362,6.1988,1,0,371.6114,-0.210185157,-0.025925919,0,0,0,0,39,39,12,1,a,The patient has taken Batatrim,The patient has overcome the crisis,,,,,,,,,,,,,,,,,,,,,,,,,,,,,,,,,,,,,,,,,,,,,,,,,,,,,,,,,,,,,,,,,,,,,,,,,,,,,,,,,,,,,,
,,,,,,,,[(%PROLIFIC_PID,2,2025-04-16_18h51.44.951,CLTandFLE,2024.1.5,Win32,59.88023952,58c62eac444ade00010231a9,67ffc4c40efe1bd1090b10ee,67ffdf600ea7ca9dba5a9b0a,,846.3924,847.3908,,,,,,,,,,,,,,,,,,,,,,,,,,,,,,,,,,,,,,,,,,,,,,,,,,,,,,,,,,,812.7291,830.4273,17.697,62,6.2588,0.009259259,-0.200925968,1,0,0,831.4267,846.3921,14.9642,95,7.3939,-0.012036995,-0.212962963,1,0,0,10,20,20,14,0,0,0,0,1,,,,,,,,,,,,,,,,,,,,,,,,,,,,,,,,,,,,,,,,,,,,,,,,,,,,,,,,,
,,,,,,,,[(%PROLIFIC_PID,2,2025-04-16_18h51.44.951,CLTandFLE,2024.1.5,Win32,59.88023952,58c62eac444ade00010231a9,67ffc4c40efe1bd1090b10ee,67ffdf600ea7ca9dba5a9b0a,,1002.9098,1003.9061,,,,,,,,,,,,,,,,,,,,,,,,,,,,,,,,,,,,,,,,,,,,,,,,,,,,,,,,,,,,,,,,,,,,,,,,,,,,,,,,,,,,,,,,906.3339,925.6149,19.2806,1,9.7047,0.00462963,-0.228703746,1,0,0,57,Maschio,No,16,No,TRUE,FALSE,6,8,8,8,8,FALSE,Conferma,c1ok,c2ok,c3err2,c4ok,c5err2,c6ok,c7ok,c8ok,c9ok,c10ok,c11ok,c12err,c13ok,c14err2,c15ok,c16err3,c17ok,c18ok,c19ok,c20ok,c21err3,c22ok,c23ok,c24err3,c25err3,c26err,1339.1917,1345.7668,0,0,0,0,1
