﻿Alfa.started,Alfa.stopped,alfa_mouse.x,alfa_mouse.y,alfa_mouse.leftButton,alfa_mouse.midButton,alfa_mouse.rightButton,alfa_mouse.clicked_name,participant,group,date,expName,psychopyVersion,OS,frameRate,PROLIFIC_PID,STUDY_ID,SESSION_ID,)],ITI.started,ITI.stopped,B_consensoinformato.started,B_consensoinformato.stopped,tempo_consenso,cons_mouse.x,cons_mouse.y,cons_mouse.leftButton,cons_mouse.midButton,cons_mouse.rightButton,A_benvenuto.started,A_benvenuto.stopped,ben_mouse.x,ben_mouse.y,ben_mouse.leftButton,ben_mouse.midButton,ben_mouse.rightButton,B2_istruzioni.started,B2_istruzioni.stopped,tempo_istru,cons_mouse_2.x,cons_mouse_2.y,cons_mouse_2.leftButton,cons_mouse_2.midButton,cons_mouse_2.rightButton,SAMevaluation.started,SAMevaluation.stopped,temposam,sliderintensity.response,sliderintensity.rt,slidervalence.response,slidervalence.rt,mouse_sam.x,mouse_sam.y,mouse_sam.leftButton,mouse_sam.midButton,mouse_sam.rightButton,mouse_sam.time,mouse_sam.clicked_name,Loading.started,Loading.stopped,C_associative_task.started,C_associative_task.stopped,tempo_trial,hapremutosi,hapremutono,tempo_tasktot,mouse.x,mouse.y,mouse.leftButton,mouse.midButton,mouse.rightButton,trials.thisRepN,trials.thisTrialN,trials.thisN,trials.thisIndex,trials.ran,cond,causa,effetto,D_VD.started,D_VD.stopped,tempo_vd,vd.response,vd.rt,mouse_vd.x,mouse_vd.y,mouse_vd.leftButton,mouse_vd.midButton,mouse_vd.rightButton,Previous.started,Previous.stopped,tempo_vd1,previous.response,previous.rt,mouse_vd_2.x,mouse_vd_2.y,mouse_vd_2.leftButton,mouse_vd_2.midButton,mouse_vd_2.rightButton,EstITA.TrialD,EstITA.TrialNS,EstITA.TrialSN,EstITA.TrialSS,itaest.thisRepN,itaest.thisTrialN,itaest.thisN,itaest.thisIndex,itaest.ran,PF.started,PF.stopped,tempo_pf,processfluency.response,processfluency.rt,mouse_ch.x,mouse_ch.y,mouse_ch.leftButton,mouse_ch.midButton,mouse_ch.rightButton,Questionario_Lingua.Age,Questionario_Lingua.Sesso,Questionario_Lingua.StaiStudiando?,Questionario_Lingua.Anniscolarita,Questionario_Lingua.Diploma,Questionario_Lingua.ItaMADRE?,Questionario_Lingua.INGmadre?,Questionario_Lingua.Q5(AOAIng),Questionario_Lingua.INGLETTURA,Questionario_Lingua.INGCOMPRESO,Questionario_Lingua.INGSCRITTO,Questionario_Lingua.INGPARLATO,Questionario_Lingua.haivissutoestero,ProvaInglese.ProcediamoENg,ProvaInglese.C1,ProvaInglese.C2,ProvaInglese.C3,ProvaInglese.C4,ProvaInglese.C5,ProvaInglese.C6,ProvaInglese.C7,ProvaInglese.C8,ProvaInglese.C9,ProvaInglese.C10,ProvaInglese.C11,ProvaInglese.C12,ProvaInglese.C13,ProvaInglese.C14,ProvaInglese.C15,ProvaInglese.C16,ProvaInglese.C17,ProvaInglese.C18,ProvaInglese.C19,ProvaInglese.C20,ProvaInglese.C21,ProvaInglese.C22,ProvaInglese.C23,ProvaInglese.C24,ProvaInglese.C25,ProvaInglese.controlquestion,Ant_lastquestion.started,Ant_lastquestion.stopped,exp_loop.thisRepN,exp_loop.thisTrialN,exp_loop.thisN,exp_loop.thisIndex,exp_loop.ran
0.0002,16.2013,0.011969532,-0.002720348,1,0,0,alfa_mask,[(%PROLIFIC_PID,1,2025-04-16_17h00.47.905,CLTandFLE,2024.1.5,Win32,60.24096386,5a87c6a91904200001560ef9,67ffc4c40efe1bd1090b10ee,67ffc6060b7856dfeeb302a2,,,,,,,,,,,,,,,,,,,,,,,,,,,,,,,,,,,,,,,,,,,,,,,,,,,,,,,,,,,,,,,,,,,,,,,,,,,,,,,,,,,,,,,,,,,,,,,,,,,,,,,,,,,,,,,,,,,,,,,,,,,,,,,,,,,,,,,,,,,,,,,,,,,
,,,,,,,,[(%PROLIFIC_PID,1,2025-04-16_17h00.47.905,CLTandFLE,2024.1.5,Win32,60.24096386,5a87c6a91904200001560ef9,67ffc4c40efe1bd1090b10ee,67ffc6060b7856dfeeb302a2,,16.2017,17.201,,,,,,,,,,,,,,,,,,,,,,,,,,,,,,,,,,,,,,,,,,,,,,,,,,,,,,,,,,,,,,,,,,,,,,,,,,,,,,,,,,,,,,,,,,,,,,,,,,,,,,,,,,,,,,,,,,,,,,,,,,,,,,,,,,,,,,,,,,,,,,,,
,,,,,,,,[(%PROLIFIC_PID,1,2025-04-16_17h00.47.905,CLTandFLE,2024.1.5,Win32,60.24096386,5a87c6a91904200001560ef9,67ffc4c40efe1bd1090b10ee,67ffc6060b7856dfeeb302a2,,,,17.2012,36.001,18.7994,0.210010881,-0.403155604,1,0,0,,,,,,,,,,,,,,,,,,,,,,,,,,,,,,,,,,,,,,,,,,,,,,,,,,,,,,,,,,,,,,,,,,,,,,,,,,,,,,,,,,,,,,,,,,,,,,,,,,,,,,,,,,,,,,,,,,,,,,,,,,,,,,,,,,,,,,,,
,,,,,,,,[(%PROLIFIC_PID,1,2025-04-16_17h00.47.905,CLTandFLE,2024.1.5,Win32,60.24096386,5a87c6a91904200001560ef9,67ffc4c40efe1bd1090b10ee,67ffc6060b7856dfeeb302a2,,127.5004,128.5002,,,,,,,,,37.0011,41.3676,0.005440696,-0.108269859,1,0,0,42.3676,95.3341,52.966,0.025027203,-0.404243743,1,0,0,96.3341,119.5005,23.1659,0.419749728,11.615,0.430631121,16.3598,"[0.009793253536452665,0.007616974972796518,0.07072905331882481,0.025027203482045703]","[0.190968443960827,-0.005984766050054407,0.2029379760609358,-0.23014145810663764]","[1,1,1,1]","[0,0,0,0]","[0,0,0,0]","[3.661399999991062,7.711200000002989,15.111000000000004,23.161000000000016]","[""slidervalence"",""sliderintensity"",""slidervalence"",""rettoksam""]",120.5005,127.5004,128.515,136.2673,7.7518,0,1,7.7518,0.054406964,-0.193144723,0,0,0,0,0,0,37,1,d,Il paziente non ha preso il Batatrim,Il paziente non ha superato la crisi,,,,,,,,,,,,,,,,,,,,,,,,,,,,,,,,,,,,,,,,,,,,,,,,,,,,,,,,,,,,,,,,,,,,,,,,,,,,,,,,,,,,,,
,,,,,,,,[(%PROLIFIC_PID,1,2025-04-16_17h00.47.905,CLTandFLE,2024.1.5,Win32,60.24096386,5a87c6a91904200001560ef9,67ffc4c40efe1bd1090b10ee,67ffc6060b7856dfeeb302a2,,,,,,,,,,,,,,,,,,,,,,,,,,,,,,,,,,,,,,,,,,,136.2677,142.2837,6.0158,0,1,13.7676,0.191512514,-0.041893362,0,0,0,0,1,1,32,1,c,Il paziente non ha preso il Batatrim,Il paziente ha superato la crisi,,,,,,,,,,,,,,,,,,,,,,,,,,,,,,,,,,,,,,,,,,,,,,,,,,,,,,,,,,,,,,,,,,,,,,,,,,,,,,,,,,,,,,
,,,,,,,,[(%PROLIFIC_PID,1,2025-04-16_17h00.47.905,CLTandFLE,2024.1.5,Win32,60.24096386,5a87c6a91904200001560ef9,67ffc4c40efe1bd1090b10ee,67ffc6060b7856dfeeb302a2,,,,,,,,,,,,,,,,,,,,,,,,,,,,,,,,,,,,,,,,,,,142.2842,147.9335,5.649,1,0,19.4166,-0.192600653,-0.06039173,0,0,0,0,2,2,4,1,a,Il paziente ha preso il Batatrim,Il paziente ha superato la crisi,,,,,,,,,,,,,,,,,,,,,,,,,,,,,,,,,,,,,,,,,,,,,,,,,,,,,,,,,,,,,,,,,,,,,,,,,,,,,,,,,,,,,,
,,,,,,,,[(%PROLIFIC_PID,1,2025-04-16_17h00.47.905,CLTandFLE,2024.1.5,Win32,60.24096386,5a87c6a91904200001560ef9,67ffc4c40efe1bd1090b10ee,67ffc6060b7856dfeeb302a2,,,,,,,,,,,,,,,,,,,,,,,,,,,,,,,,,,,,,,,,,,,147.9339,153.7005,5.7662,1,0,25.1828,-0.194776931,-0.048422198,0,0,0,0,3,3,16,1,b,Il paziente ha preso il Batatrim,Il paziente non ha superato la crisi,,,,,,,,,,,,,,,,,,,,,,,,,,,,,,,,,,,,,,,,,,,,,,,,,,,,,,,,,,,,,,,,,,,,,,,,,,,,,,,,,,,,,,
,,,,,,,,[(%PROLIFIC_PID,1,2025-04-16_17h00.47.905,CLTandFLE,2024.1.5,Win32,60.24096386,5a87c6a91904200001560ef9,67ffc4c40efe1bd1090b10ee,67ffc6060b7856dfeeb302a2,,,,,,,,,,,,,,,,,,,,,,,,,,,,,,,,,,,,,,,,,,,153.7008,159.9334,6.2324,0,1,31.4152,0.193688792,-0.050598477,0,0,0,0,4,4,24,1,c,Il paziente non ha preso il Batatrim,Il paziente ha superato la crisi,,,,,,,,,,,,,,,,,,,,,,,,,,,,,,,,,,,,,,,,,,,,,,,,,,,,,,,,,,,,,,,,,,,,,,,,,,,,,,,,,,,,,,
,,,,,,,,[(%PROLIFIC_PID,1,2025-04-16_17h00.47.905,CLTandFLE,2024.1.5,Win32,60.24096386,5a87c6a91904200001560ef9,67ffc4c40efe1bd1090b10ee,67ffc6060b7856dfeeb302a2,,,,,,,,,,,,,,,,,,,,,,,,,,,,,,,,,,,,,,,,,,,159.9338,166.1168,6.1828,1,0,37.598,-0.164309032,-0.044069641,0,0,0,0,5,5,0,1,a,Il paziente ha preso il Batatrim,Il paziente ha superato la crisi,,,,,,,,,,,,,,,,,,,,,,,,,,,,,,,,,,,,,,,,,,,,,,,,,,,,,,,,,,,,,,,,,,,,,,,,,,,,,,,,,,,,,,
,,,,,,,,[(%PROLIFIC_PID,1,2025-04-16_17h00.47.905,CLTandFLE,2024.1.5,Win32,60.24096386,5a87c6a91904200001560ef9,67ffc4c40efe1bd1090b10ee,67ffc6060b7856dfeeb302a2,,,,,,,,,,,,,,,,,,,,,,,,,,,,,,,,,,,,,,,,,,,166.1172,172.65,6.5326,1,0,44.1306,-0.169749728,-0.035364527,0,0,0,0,6,6,12,1,a,Il paziente ha preso il Batatrim,Il paziente ha superato la crisi,,,,,,,,,,,,,,,,,,,,,,,,,,,,,,,,,,,,,,,,,,,,,,,,,,,,,,,,,,,,,,,,,,,,,,,,,,,,,,,,,,,,,,
,,,,,,,,[(%PROLIFIC_PID,1,2025-04-16_17h00.47.905,CLTandFLE,2024.1.5,Win32,60.24096386,5a87c6a91904200001560ef9,67ffc4c40efe1bd1090b10ee,67ffc6060b7856dfeeb302a2,,,,,,,,,,,,,,,,,,,,,,,,,,,,,,,,,,,,,,,,,,,172.6505,181.9,9.2492,1,0,53.3798,-0.165397171,-0.036452666,0,0,0,0,7,7,6,1,a,Il paziente ha preso il Batatrim,Il paziente ha superato la crisi,,,,,,,,,,,,,,,,,,,,,,,,,,,,,,,,,,,,,,,,,,,,,,,,,,,,,,,,,,,,,,,,,,,,,,,,,,,,,,,,,,,,,,
,,,,,,,,[(%PROLIFIC_PID,1,2025-04-16_17h00.47.905,CLTandFLE,2024.1.5,Win32,60.24096386,5a87c6a91904200001560ef9,67ffc4c40efe1bd1090b10ee,67ffc6060b7856dfeeb302a2,,,,,,,,,,,,,,,,,,,,,,,,,,,,,,,,,,,,,,,,,,,181.9006,187.3669,5.4659,1,0,58.8457,-0.162132753,-0.041893362,0,0,0,0,8,8,5,1,a,Il paziente ha preso il Batatrim,Il paziente ha superato la crisi,,,,,,,,,,,,,,,,,,,,,,,,,,,,,,,,,,,,,,,,,,,,,,,,,,,,,,,,,,,,,,,,,,,,,,,,,,,,,,,,,,,,,,
,,,,,,,,[(%PROLIFIC_PID,1,2025-04-16_17h00.47.905,CLTandFLE,2024.1.5,Win32,60.24096386,5a87c6a91904200001560ef9,67ffc4c40efe1bd1090b10ee,67ffc6060b7856dfeeb302a2,,,,,,,,,,,,,,,,,,,,,,,,,,,,,,,,,,,,,,,,,,,187.3672,192.7334,5.3659,1,0,64.2116,-0.168661589,-0.035364527,0,0,0,0,9,9,7,1,a,Il paziente ha preso il Batatrim,Il paziente ha superato la crisi,,,,,,,,,,,,,,,,,,,,,,,,,,,,,,,,,,,,,,,,,,,,,,,,,,,,,,,,,,,,,,,,,,,,,,,,,,,,,,,,,,,,,,
,,,,,,,,[(%PROLIFIC_PID,1,2025-04-16_17h00.47.905,CLTandFLE,2024.1.5,Win32,60.24096386,5a87c6a91904200001560ef9,67ffc4c40efe1bd1090b10ee,67ffc6060b7856dfeeb302a2,,,,,,,,,,,,,,,,,,,,,,,,,,,,,,,,,,,,,,,,,,,192.7338,197.7165,4.9825,1,0,69.1941,-0.16648531,-0.047334059,0,0,0,0,10,10,3,1,a,Il paziente ha preso il Batatrim,Il paziente ha superato la crisi,,,,,,,,,,,,,,,,,,,,,,,,,,,,,,,,,,,,,,,,,,,,,,,,,,,,,,,,,,,,,,,,,,,,,,,,,,,,,,,,,,,,,,
,,,,,,,,[(%PROLIFIC_PID,1,2025-04-16_17h00.47.905,CLTandFLE,2024.1.5,Win32,60.24096386,5a87c6a91904200001560ef9,67ffc4c40efe1bd1090b10ee,67ffc6060b7856dfeeb302a2,,,,,,,,,,,,,,,,,,,,,,,,,,,,,,,,,,,,,,,,,,,197.7169,202.6498,4.9326,1,0,74.1267,-0.163220892,-0.038628945,0,0,0,0,11,11,19,1,b,Il paziente ha preso il Batatrim,Il paziente non ha superato la crisi,,,,,,,,,,,,,,,,,,,,,,,,,,,,,,,,,,,,,,,,,,,,,,,,,,,,,,,,,,,,,,,,,,,,,,,,,,,,,,,,,,,,,,
,,,,,,,,[(%PROLIFIC_PID,1,2025-04-16_17h00.47.905,CLTandFLE,2024.1.5,Win32,60.24096386,5a87c6a91904200001560ef9,67ffc4c40efe1bd1090b10ee,67ffc6060b7856dfeeb302a2,,,,,,,,,,,,,,,,,,,,,,,,,,,,,,,,,,,,,,,,,,,202.6503,208.5164,5.866,1,0,79.9927,-0.163220892,-0.038628945,0,0,0,0,12,12,9,1,a,Il paziente ha preso il Batatrim,Il paziente ha superato la crisi,,,,,,,,,,,,,,,,,,,,,,,,,,,,,,,,,,,,,,,,,,,,,,,,,,,,,,,,,,,,,,,,,,,,,,,,,,,,,,,,,,,,,,
,,,,,,,,[(%PROLIFIC_PID,1,2025-04-16_17h00.47.905,CLTandFLE,2024.1.5,Win32,60.24096386,5a87c6a91904200001560ef9,67ffc4c40efe1bd1090b10ee,67ffc6060b7856dfeeb302a2,,,,,,,,,,,,,,,,,,,,,,,,,,,,,,,,,,,,,,,,,,,208.5169,213.8664,5.3494,1,0,85.3421,-0.162132753,-0.037540805,0,0,0,0,13,13,11,1,a,Il paziente ha preso il Batatrim,Il paziente ha superato la crisi,,,,,,,,,,,,,,,,,,,,,,,,,,,,,,,,,,,,,,,,,,,,,,,,,,,,,,,,,,,,,,,,,,,,,,,,,,,,,,,,,,,,,,
,,,,,,,,[(%PROLIFIC_PID,1,2025-04-16_17h00.47.905,CLTandFLE,2024.1.5,Win32,60.24096386,5a87c6a91904200001560ef9,67ffc4c40efe1bd1090b10ee,67ffc6060b7856dfeeb302a2,,,,,,,,,,,,,,,,,,,,,,,,,,,,,,,,,,,,,,,,,,,213.8669,218.5831,4.716,1,0,90.0581,-0.162132753,-0.037540805,0,0,0,0,14,14,2,1,a,Il paziente ha preso il Batatrim,Il paziente ha superato la crisi,,,,,,,,,,,,,,,,,,,,,,,,,,,,,,,,,,,,,,,,,,,,,,,,,,,,,,,,,,,,,,,,,,,,,,,,,,,,,,,,,,,,,,
,,,,,,,,[(%PROLIFIC_PID,1,2025-04-16_17h00.47.905,CLTandFLE,2024.1.5,Win32,60.24096386,5a87c6a91904200001560ef9,67ffc4c40efe1bd1090b10ee,67ffc6060b7856dfeeb302a2,,,,,,,,,,,,,,,,,,,,,,,,,,,,,,,,,,,,,,,,,,,218.5836,224.7,6.116,0,1,96.1741,-0.101196953,-0.032100109,0,0,0,0,15,15,34,1,c,Il paziente non ha preso il Batatrim,Il paziente ha superato la crisi,,,,,,,,,,,,,,,,,,,,,,,,,,,,,,,,,,,,,,,,,,,,,,,,,,,,,,,,,,,,,,,,,,,,,,,,,,,,,,,,,,,,,,
,,,,,,,,[(%PROLIFIC_PID,1,2025-04-16_17h00.47.905,CLTandFLE,2024.1.5,Win32,60.24096386,5a87c6a91904200001560ef9,67ffc4c40efe1bd1090b10ee,67ffc6060b7856dfeeb302a2,,,,,,,,,,,,,,,,,,,,,,,,,,,,,,,,,,,,,,,,,,,224.7003,231.0829,6.3824,1,0,102.5565,-0.205658324,-0.034276387,0,0,0,0,16,16,10,1,a,Il paziente ha preso il Batatrim,Il paziente ha superato la crisi,,,,,,,,,,,,,,,,,,,,,,,,,,,,,,,,,,,,,,,,,,,,,,,,,,,,,,,,,,,,,,,,,,,,,,,,,,,,,,,,,,,,,,
,,,,,,,,[(%PROLIFIC_PID,1,2025-04-16_17h00.47.905,CLTandFLE,2024.1.5,Win32,60.24096386,5a87c6a91904200001560ef9,67ffc4c40efe1bd1090b10ee,67ffc6060b7856dfeeb302a2,,,,,,,,,,,,,,,,,,,,,,,,,,,,,,,,,,,,,,,,,,,231.0833,236.5495,5.466,0,1,108.0225,-0.175190424,-0.053862894,0,0,0,0,17,17,26,1,c,Il paziente non ha preso il Batatrim,Il paziente ha superato la crisi,,,,,,,,,,,,,,,,,,,,,,,,,,,,,,,,,,,,,,,,,,,,,,,,,,,,,,,,,,,,,,,,,,,,,,,,,,,,,,,,,,,,,,
,,,,,,,,[(%PROLIFIC_PID,1,2025-04-16_17h00.47.905,CLTandFLE,2024.1.5,Win32,60.24096386,5a87c6a91904200001560ef9,67ffc4c40efe1bd1090b10ee,67ffc6060b7856dfeeb302a2,,,,,,,,,,,,,,,,,,,,,,,,,,,,,,,,,,,,,,,,,,,236.55,242.7829,6.2327,0,1,114.2552,-0.157780196,-0.040805223,0,0,0,0,18,18,25,1,c,Il paziente non ha preso il Batatrim,Il paziente ha superato la crisi,,,,,,,,,,,,,,,,,,,,,,,,,,,,,,,,,,,,,,,,,,,,,,,,,,,,,,,,,,,,,,,,,,,,,,,,,,,,,,,,,,,,,,
,,,,,,,,[(%PROLIFIC_PID,1,2025-04-16_17h00.47.905,CLTandFLE,2024.1.5,Win32,60.24096386,5a87c6a91904200001560ef9,67ffc4c40efe1bd1090b10ee,67ffc6060b7856dfeeb302a2,,,,,,,,,,,,,,,,,,,,,,,,,,,,,,,,,,,,,,,,,,,242.7834,248.083,5.2993,0,1,119.5545,-0.047878128,-0.027747552,0,0,0,0,19,19,31,1,c,Il paziente non ha preso il Batatrim,Il paziente ha superato la crisi,,,,,,,,,,,,,,,,,,,,,,,,,,,,,,,,,,,,,,,,,,,,,,,,,,,,,,,,,,,,,,,,,,,,,,,,,,,,,,,,,,,,,,
,,,,,,,,[(%PROLIFIC_PID,1,2025-04-16_17h00.47.905,CLTandFLE,2024.1.5,Win32,60.24096386,5a87c6a91904200001560ef9,67ffc4c40efe1bd1090b10ee,67ffc6060b7856dfeeb302a2,,,,,,,,,,,,,,,,,,,,,,,,,,,,,,,,,,,,,,,,,,,248.0835,257.4494,9.3658,0,1,128.9203,0.162132753,-0.028835691,0,0,0,0,20,20,35,1,d,Il paziente non ha preso il Batatrim,Il paziente non ha superato la crisi,,,,,,,,,,,,,,,,,,,,,,,,,,,,,,,,,,,,,,,,,,,,,,,,,,,,,,,,,,,,,,,,,,,,,,,,,,,,,,,,,,,,,,
,,,,,,,,[(%PROLIFIC_PID,1,2025-04-16_17h00.47.905,CLTandFLE,2024.1.5,Win32,60.24096386,5a87c6a91904200001560ef9,67ffc4c40efe1bd1090b10ee,67ffc6060b7856dfeeb302a2,,,,,,,,,,,,,,,,,,,,,,,,,,,,,,,,,,,,,,,,,,,257.4499,264.8494,7.3993,0,1,136.3196,0.150163221,-0.026659412,0,0,0,0,21,21,39,1,d,Il paziente non ha preso il Batatrim,Il paziente non ha superato la crisi,,,,,,,,,,,,,,,,,,,,,,,,,,,,,,,,,,,,,,,,,,,,,,,,,,,,,,,,,,,,,,,,,,,,,,,,,,,,,,,,,,,,,,
,,,,,,,,[(%PROLIFIC_PID,1,2025-04-16_17h00.47.905,CLTandFLE,2024.1.5,Win32,60.24096386,5a87c6a91904200001560ef9,67ffc4c40efe1bd1090b10ee,67ffc6060b7856dfeeb302a2,,,,,,,,,,,,,,,,,,,,,,,,,,,,,,,,,,,,,,,,,,,264.8498,270.4161,5.5659,0,1,141.8855,0.150163221,-0.026659412,0,0,0,0,22,22,20,1,c,Il paziente non ha preso il Batatrim,Il paziente ha superato la crisi,,,,,,,,,,,,,,,,,,,,,,,,,,,,,,,,,,,,,,,,,,,,,,,,,,,,,,,,,,,,,,,,,,,,,,,,,,,,,,,,,,,,,,
,,,,,,,,[(%PROLIFIC_PID,1,2025-04-16_17h00.47.905,CLTandFLE,2024.1.5,Win32,60.24096386,5a87c6a91904200001560ef9,67ffc4c40efe1bd1090b10ee,67ffc6060b7856dfeeb302a2,,,,,,,,,,,,,,,,,,,,,,,,,,,,,,,,,,,,,,,,,,,270.4165,275.1828,4.766,1,0,146.6515,-0.208922742,-0.053862894,0,0,0,0,23,23,18,1,b,Il paziente ha preso il Batatrim,Il paziente non ha superato la crisi,,,,,,,,,,,,,,,,,,,,,,,,,,,,,,,,,,,,,,,,,,,,,,,,,,,,,,,,,,,,,,,,,,,,,,,,,,,,,,,,,,,,,,
,,,,,,,,[(%PROLIFIC_PID,1,2025-04-16_17h00.47.905,CLTandFLE,2024.1.5,Win32,60.24096386,5a87c6a91904200001560ef9,67ffc4c40efe1bd1090b10ee,67ffc6060b7856dfeeb302a2,,,,,,,,,,,,,,,,,,,,,,,,,,,,,,,,,,,,,,,,,,,275.183,279.966,4.7827,0,1,151.4342,-0.217627856,-0.056039173,0,0,0,0,24,24,22,1,c,Il paziente non ha preso il Batatrim,Il paziente ha superato la crisi,,,,,,,,,,,,,,,,,,,,,,,,,,,,,,,,,,,,,,,,,,,,,,,,,,,,,,,,,,,,,,,,,,,,,,,,,,,,,,,,,,,,,,
,,,,,,,,[(%PROLIFIC_PID,1,2025-04-16_17h00.47.905,CLTandFLE,2024.1.5,Win32,60.24096386,5a87c6a91904200001560ef9,67ffc4c40efe1bd1090b10ee,67ffc6060b7856dfeeb302a2,,,,,,,,,,,,,,,,,,,,,,,,,,,,,,,,,,,,,,,,,,,279.9665,285.9992,6.0324,1,0,157.4666,-0.216539717,-0.040805223,0,0,0,0,25,25,1,1,a,Il paziente ha preso il Batatrim,Il paziente ha superato la crisi,,,,,,,,,,,,,,,,,,,,,,,,,,,,,,,,,,,,,,,,,,,,,,,,,,,,,,,,,,,,,,,,,,,,,,,,,,,,,,,,,,,,,,
,,,,,,,,[(%PROLIFIC_PID,1,2025-04-16_17h00.47.905,CLTandFLE,2024.1.5,Win32,60.24096386,5a87c6a91904200001560ef9,67ffc4c40efe1bd1090b10ee,67ffc6060b7856dfeeb302a2,,,,,,,,,,,,,,,,,,,,,,,,,,,,,,,,,,,,,,,,,,,285.9997,290.9335,4.9337,0,1,162.4003,0.057671382,0.088683351,0,0,0,0,26,26,38,1,d,Il paziente non ha preso il Batatrim,Il paziente non ha superato la crisi,,,,,,,,,,,,,,,,,,,,,,,,,,,,,,,,,,,,,,,,,,,,,,,,,,,,,,,,,,,,,,,,,,,,,,,,,,,,,,,,,,,,,,
,,,,,,,,[(%PROLIFIC_PID,1,2025-04-16_17h00.47.905,CLTandFLE,2024.1.5,Win32,60.24096386,5a87c6a91904200001560ef9,67ffc4c40efe1bd1090b10ee,67ffc6060b7856dfeeb302a2,,,,,,,,,,,,,,,,,,,,,,,,,,,,,,,,,,,,,,,,,,,290.9338,298.5492,7.6152,0,1,170.0155,-0.133841132,0.032100109,0,0,0,0,27,27,28,1,c,Il paziente non ha preso il Batatrim,Il paziente ha superato la crisi,,,,,,,,,,,,,,,,,,,,,,,,,,,,,,,,,,,,,,,,,,,,,,,,,,,,,,,,,,,,,,,,,,,,,,,,,,,,,,,,,,,,,,
,,,,,,,,[(%PROLIFIC_PID,1,2025-04-16_17h00.47.905,CLTandFLE,2024.1.5,Win32,60.24096386,5a87c6a91904200001560ef9,67ffc4c40efe1bd1090b10ee,67ffc6060b7856dfeeb302a2,,,,,,,,,,,,,,,,,,,,,,,,,,,,,,,,,,,,,,,,,,,298.5496,303.8993,5.3493,1,0,175.3648,-0.175190424,-0.056039173,0,0,0,0,28,28,17,1,b,Il paziente ha preso il Batatrim,Il paziente non ha superato la crisi,,,,,,,,,,,,,,,,,,,,,,,,,,,,,,,,,,,,,,,,,,,,,,,,,,,,,,,,,,,,,,,,,,,,,,,,,,,,,,,,,,,,,,
,,,,,,,,[(%PROLIFIC_PID,1,2025-04-16_17h00.47.905,CLTandFLE,2024.1.5,Win32,60.24096386,5a87c6a91904200001560ef9,67ffc4c40efe1bd1090b10ee,67ffc6060b7856dfeeb302a2,,,,,,,,,,,,,,,,,,,,,,,,,,,,,,,,,,,,,,,,,,,303.8996,310.9159,7.0161,0,1,182.3809,-0.217627856,-0.04515778,0,0,0,0,29,29,21,1,c,Il paziente non ha preso il Batatrim,Il paziente ha superato la crisi,,,,,,,,,,,,,,,,,,,,,,,,,,,,,,,,,,,,,,,,,,,,,,,,,,,,,,,,,,,,,,,,,,,,,,,,,,,,,,,,,,,,,,
,,,,,,,,[(%PROLIFIC_PID,1,2025-04-16_17h00.47.905,CLTandFLE,2024.1.5,Win32,60.24096386,5a87c6a91904200001560ef9,67ffc4c40efe1bd1090b10ee,67ffc6060b7856dfeeb302a2,,,,,,,,,,,,,,,,,,,,,,,,,,,,,,,,,,,,,,,,,,,310.9164,316.1657,5.2492,1,0,187.6301,-0.217627856,-0.041893362,0,0,0,0,30,30,13,1,a,Il paziente ha preso il Batatrim,Il paziente ha superato la crisi,,,,,,,,,,,,,,,,,,,,,,,,,,,,,,,,,,,,,,,,,,,,,,,,,,,,,,,,,,,,,,,,,,,,,,,,,,,,,,,,,,,,,,
,,,,,,,,[(%PROLIFIC_PID,1,2025-04-16_17h00.47.905,CLTandFLE,2024.1.5,Win32,60.24096386,5a87c6a91904200001560ef9,67ffc4c40efe1bd1090b10ee,67ffc6060b7856dfeeb302a2,,,,,,,,,,,,,,,,,,,,,,,,,,,,,,,,,,,,,,,,,,,316.1661,323.616,7.4496,0,1,195.0797,-0.170837867,-0.03101197,0,0,0,0,31,31,30,1,c,Il paziente non ha preso il Batatrim,Il paziente ha superato la crisi,,,,,,,,,,,,,,,,,,,,,,,,,,,,,,,,,,,,,,,,,,,,,,,,,,,,,,,,,,,,,,,,,,,,,,,,,,,,,,,,,,,,,,
,,,,,,,,[(%PROLIFIC_PID,1,2025-04-16_17h00.47.905,CLTandFLE,2024.1.5,Win32,60.24096386,5a87c6a91904200001560ef9,67ffc4c40efe1bd1090b10ee,67ffc6060b7856dfeeb302a2,,,,,,,,,,,,,,,,,,,,,,,,,,,,,,,,,,,,,,,,,,,323.6162,328.5326,4.9161,1,0,199.9958,-0.171926007,-0.02992383,0,0,0,0,32,32,15,1,b,Il paziente ha preso il Batatrim,Il paziente non ha superato la crisi,,,,,,,,,,,,,,,,,,,,,,,,,,,,,,,,,,,,,,,,,,,,,,,,,,,,,,,,,,,,,,,,,,,,,,,,,,,,,,,,,,,,,,
,,,,,,,,[(%PROLIFIC_PID,1,2025-04-16_17h00.47.905,CLTandFLE,2024.1.5,Win32,60.24096386,5a87c6a91904200001560ef9,67ffc4c40efe1bd1090b10ee,67ffc6060b7856dfeeb302a2,,,,,,,,,,,,,,,,,,,,,,,,,,,,,,,,,,,,,,,,,,,328.533,335.4158,6.8825,0,1,206.8783,0.177366703,-0.041893362,0,0,0,0,33,33,36,1,d,Il paziente non ha preso il Batatrim,Il paziente non ha superato la crisi,,,,,,,,,,,,,,,,,,,,,,,,,,,,,,,,,,,,,,,,,,,,,,,,,,,,,,,,,,,,,,,,,,,,,,,,,,,,,,,,,,,,,,
,,,,,,,,[(%PROLIFIC_PID,1,2025-04-16_17h00.47.905,CLTandFLE,2024.1.5,Win32,60.24096386,5a87c6a91904200001560ef9,67ffc4c40efe1bd1090b10ee,67ffc6060b7856dfeeb302a2,,,,,,,,,,,,,,,,,,,,,,,,,,,,,,,,,,,,,,,,,,,335.4162,340.0323,4.616,0,1,211.4943,0.177366703,-0.041893362,0,0,0,0,34,34,33,1,c,Il paziente non ha preso il Batatrim,Il paziente ha superato la crisi,,,,,,,,,,,,,,,,,,,,,,,,,,,,,,,,,,,,,,,,,,,,,,,,,,,,,,,,,,,,,,,,,,,,,,,,,,,,,,,,,,,,,,
,,,,,,,,[(%PROLIFIC_PID,1,2025-04-16_17h00.47.905,CLTandFLE,2024.1.5,Win32,60.24096386,5a87c6a91904200001560ef9,67ffc4c40efe1bd1090b10ee,67ffc6060b7856dfeeb302a2,,,,,,,,,,,,,,,,,,,,,,,,,,,,,,,,,,,,,,,,,,,340.0327,345.8824,5.8494,1,0,217.3437,-0.100108814,0.079978237,0,0,0,0,35,35,14,1,b,Il paziente ha preso il Batatrim,Il paziente ha superato la crisi,,,,,,,,,,,,,,,,,,,,,,,,,,,,,,,,,,,,,,,,,,,,,,,,,,,,,,,,,,,,,,,,,,,,,,,,,,,,,,,,,,,,,,
,,,,,,,,[(%PROLIFIC_PID,1,2025-04-16_17h00.47.905,CLTandFLE,2024.1.5,Win32,60.24096386,5a87c6a91904200001560ef9,67ffc4c40efe1bd1090b10ee,67ffc6060b7856dfeeb302a2,,,,,,,,,,,,,,,,,,,,,,,,,,,,,,,,,,,,,,,,,,,345.8828,352.3822,6.4992,0,1,223.8429,0.16648531,-0.049510337,0,0,0,0,36,36,23,1,c,Il paziente non ha preso il Batatrim,Il paziente ha superato la crisi,,,,,,,,,,,,,,,,,,,,,,,,,,,,,,,,,,,,,,,,,,,,,,,,,,,,,,,,,,,,,,,,,,,,,,,,,,,,,,,,,,,,,,
,,,,,,,,[(%PROLIFIC_PID,1,2025-04-16_17h00.47.905,CLTandFLE,2024.1.5,Win32,60.24096386,5a87c6a91904200001560ef9,67ffc4c40efe1bd1090b10ee,67ffc6060b7856dfeeb302a2,,,,,,,,,,,,,,,,,,,,,,,,,,,,,,,,,,,,,,,,,,,352.3826,358.1156,5.7328,1,0,229.5757,-0.149075082,-0.053862894,0,0,0,0,37,37,8,1,a,Il paziente ha preso il Batatrim,Il paziente ha superato la crisi,,,,,,,,,,,,,,,,,,,,,,,,,,,,,,,,,,,,,,,,,,,,,,,,,,,,,,,,,,,,,,,,,,,,,,,,,,,,,,,,,,,,,,
,,,,,,,,[(%PROLIFIC_PID,1,2025-04-16_17h00.47.905,CLTandFLE,2024.1.5,Win32,60.24096386,5a87c6a91904200001560ef9,67ffc4c40efe1bd1090b10ee,67ffc6060b7856dfeeb302a2,,,,,,,,,,,,,,,,,,,,,,,,,,,,,,,,,,,,,,,,,,,358.116,362.9658,4.8496,0,1,234.4253,-0.131664853,-0.056039173,0,0,0,0,38,38,29,1,c,Il paziente non ha preso il Batatrim,Il paziente ha superato la crisi,,,,,,,,,,,,,,,,,,,,,,,,,,,,,,,,,,,,,,,,,,,,,,,,,,,,,,,,,,,,,,,,,,,,,,,,,,,,,,,,,,,,,,
,,,,,,,,[(%PROLIFIC_PID,1,2025-04-16_17h00.47.905,CLTandFLE,2024.1.5,Win32,60.24096386,5a87c6a91904200001560ef9,67ffc4c40efe1bd1090b10ee,67ffc6060b7856dfeeb302a2,,,,,,,,,,,,,,,,,,,,,,,,,,,,,,,,,,,,,,,,,,,362.966,367.5655,4.5994,0,1,239.0247,-0.165397171,-0.044069641,0,0,0,0,39,39,27,1,c,Il paziente non ha preso il Batatrim,Il paziente ha superato la crisi,,,,,,,,,,,,,,,,,,,,,,,,,,,,,,,,,,,,,,,,,,,,,,,,,,,,,,,,,,,,,,,,,,,,,,,,,,,,,,,,,,,,,,
,,,,,,,,[(%PROLIFIC_PID,1,2025-04-16_17h00.47.905,CLTandFLE,2024.1.5,Win32,60.24096386,5a87c6a91904200001560ef9,67ffc4c40efe1bd1090b10ee,67ffc6060b7856dfeeb302a2,,386.5657,387.5655,,,,,,,,,,,,,,,,,,,,,,,,,,,,,,,,,,,,,,,,,,,,,,,,,,,,,,,,,,,368.5658,376.2655,7.6992,50,3.3925,-0.006528836,-0.21273123,1,0,0,377.2654,386.5656,9.2998,85,6.8595,-0.016322089,-0.210554951,1,0,0,10,6,5,10,0,0,0,0,1,,,,,,,,,,,,,,,,,,,,,,,,,,,,,,,,,,,,,,,,,,,,,,,,,,,,,,,,,
,,,,,,,,[(%PROLIFIC_PID,1,2025-04-16_17h00.47.905,CLTandFLE,2024.1.5,Win32,60.24096386,5a87c6a91904200001560ef9,67ffc4c40efe1bd1090b10ee,67ffc6060b7856dfeeb302a2,,514.5937,515.581,,,,,,,,,,,,,,,,,,,,,,,,,,,,,,,,,,,,,,,,,,,,,,,,,,,,,,,,,,,,,,,,,,,,,,,,,,,,,,,,,,,,,,,,427.365,434.3319,6.9664,1,5.6245,0.008705114,-0.235582155,1,0,0,43,Femmina,No,18,No,TRUE,FALSE,7,8,8,7,7,FALSE,Conferma,c1ok,c2ok,c3ok,c4ok,c5ok,c6err2,c7ok,c8ok,c9err,c10ok,c11err,c12err,c13ok,c14err2,c15ok,c16ok,c17ok,c18ok,c19ok,c20err,c21err2,c22err3,c23ok,c24err2,c25err3,c26ok,1171.3149,1182.1513,0,0,0,0,1
