﻿Alfa.started,Alfa.stopped,alfa_mouse.x,alfa_mouse.y,alfa_mouse.leftButton,alfa_mouse.midButton,alfa_mouse.rightButton,alfa_mouse.clicked_name,participant,group,date,expName,psychopyVersion,OS,frameRate,PROLIFIC_PID,STUDY_ID,SESSION_ID,)],ITI.started,ITI.stopped,B_consensoinformato.started,B_consensoinformato.stopped,tempo_consenso,cons_mouse.x,cons_mouse.y,cons_mouse.leftButton,cons_mouse.midButton,cons_mouse.rightButton,A_benvenuto.started,A_benvenuto.stopped,ben_mouse.x,ben_mouse.y,ben_mouse.leftButton,ben_mouse.midButton,ben_mouse.rightButton,B2_istruzioni.started,B2_istruzioni.stopped,tempo_istru,cons_mouse_2.x,cons_mouse_2.y,cons_mouse_2.leftButton,cons_mouse_2.midButton,cons_mouse_2.rightButton,SAMevaluation.started,SAMevaluation.stopped,temposam,sliderintensity.response,sliderintensity.rt,slidervalence.response,slidervalence.rt,mouse_sam.x,mouse_sam.y,mouse_sam.leftButton,mouse_sam.midButton,mouse_sam.rightButton,mouse_sam.time,mouse_sam.clicked_name,Loading.started,Loading.stopped,C_associative_task.started,C_associative_task.stopped,tempo_trial,hapremutosi,hapremutono,tempo_tasktot,mouse.x,mouse.y,mouse.leftButton,mouse.midButton,mouse.rightButton,trials.thisRepN,trials.thisTrialN,trials.thisN,trials.thisIndex,trials.ran,cond,causa,effetto,D_VD.started,D_VD.stopped,tempo_vd,vd.response,vd.rt,mouse_vd.x,mouse_vd.y,mouse_vd.leftButton,mouse_vd.midButton,mouse_vd.rightButton,Previous.started,Previous.stopped,tempo_vd1,previous.response,previous.rt,mouse_vd_2.x,mouse_vd_2.y,mouse_vd_2.leftButton,mouse_vd_2.midButton,mouse_vd_2.rightButton,EstITA.TrialSS,EstITA.TrialD,EstITA.TrialSN,EstITA.TrialNS,itaest.thisRepN,itaest.thisTrialN,itaest.thisN,itaest.thisIndex,itaest.ran,PF.started,PF.stopped,tempo_pf,processfluency.response,processfluency.rt,mouse_ch.x,mouse_ch.y,mouse_ch.leftButton,mouse_ch.midButton,mouse_ch.rightButton,Questionario_Lingua.Age,Questionario_Lingua.Sesso,Questionario_Lingua.StaiStudiando?,Questionario_Lingua.Anniscolarita,Questionario_Lingua.Diploma,Questionario_Lingua.ItaMADRE?,Questionario_Lingua.INGmadre?,Questionario_Lingua.Q5(AOAIng),Questionario_Lingua.INGLETTURA,Questionario_Lingua.INGCOMPRESO,Questionario_Lingua.INGSCRITTO,Questionario_Lingua.INGPARLATO,Questionario_Lingua.haivissutoestero,ProvaInglese.ProcediamoENg,ProvaInglese.C1,ProvaInglese.C2,ProvaInglese.C3,ProvaInglese.C4,ProvaInglese.C5,ProvaInglese.C6,ProvaInglese.C7,ProvaInglese.C8,ProvaInglese.C9,ProvaInglese.C10,ProvaInglese.C11,ProvaInglese.C12,ProvaInglese.C13,ProvaInglese.C14,ProvaInglese.C15,ProvaInglese.C16,ProvaInglese.C17,ProvaInglese.C18,ProvaInglese.C19,ProvaInglese.C20,ProvaInglese.C21,ProvaInglese.C22,ProvaInglese.C23,ProvaInglese.C24,ProvaInglese.C25,ProvaInglese.controlquestion,Ant_lastquestion.started,Ant_lastquestion.stopped,exp_loop.thisRepN,exp_loop.thisTrialN,exp_loop.thisN,exp_loop.thisIndex,exp_loop.ran
0,11.815,-0.05078125,0.001302083,1,0,0,alfa_mask,[(%PROLIFIC_PID,1,2025-04-16_19h23.39.421,CLTandFLE,2024.1.5,Win32,60.0240096,5a9c38291eda4100013670d9,67ffc4c40efe1bd1090b10ee,67ffe78451d74e987468a16a,,,,,,,,,,,,,,,,,,,,,,,,,,,,,,,,,,,,,,,,,,,,,,,,,,,,,,,,,,,,,,,,,,,,,,,,,,,,,,,,,,,,,,,,,,,,,,,,,,,,,,,,,,,,,,,,,,,,,,,,,,,,,,,,,,,,,,,,,,,,,,,,,,,
,,,,,,,,[(%PROLIFIC_PID,1,2025-04-16_19h23.39.421,CLTandFLE,2024.1.5,Win32,60.0240096,5a9c38291eda4100013670d9,67ffc4c40efe1bd1090b10ee,67ffe78451d74e987468a16a,,11.815,12.814,,,,,,,,,,,,,,,,,,,,,,,,,,,,,,,,,,,,,,,,,,,,,,,,,,,,,,,,,,,,,,,,,,,,,,,,,,,,,,,,,,,,,,,,,,,,,,,,,,,,,,,,,,,,,,,,,,,,,,,,,,,,,,,,,,,,,,,,,,,,,,,,
,,,,,,,,[(%PROLIFIC_PID,1,2025-04-16_19h23.39.421,CLTandFLE,2024.1.5,Win32,60.0240096,5a9c38291eda4100013670d9,67ffc4c40efe1bd1090b10ee,67ffe78451d74e987468a16a,,,,12.814,27.611,14.797,0.239583333,-0.395833333,1,0,0,,,,,,,,,,,,,,,,,,,,,,,,,,,,,,,,,,,,,,,,,,,,,,,,,,,,,,,,,,,,,,,,,,,,,,,,,,,,,,,,,,,,,,,,,,,,,,,,,,,,,,,,,,,,,,,,,,,,,,,,,,,,,,,,,,,,,,,,
,,,,,,,,[(%PROLIFIC_PID,1,2025-04-16_19h23.39.421,CLTandFLE,2024.1.5,Win32,60.0240096,5a9c38291eda4100013670d9,67ffc4c40efe1bd1090b10ee,67ffe78451d74e987468a16a,,112.773,113.773,,,,,,,,,28.61,31.71,0.02734375,-0.119791667,1,0,0,32.71,86.93,54.219,-0.001302083,-0.360677083,1,0,0,87.931,104.775,16.843,0.495117188,3.327,0.495117188,15.057,"[-0.00390625,-0.01171875,0.03515625]","[0.2109375,-0.0026041666666666665,-0.234375]","[1,1,1]","[0,0,0]","[0,0,0]","[3.1899999999999977,14.552999999999997,16.836]","[""rettoksam""]",105.774,112.773,113.786,124.47,10.684,0,1,10.684,0.192708333,-0.05078125,0,0,0,0,0,0,29,1,c,Il paziente non ha preso il Batatrim,Il paziente ha superato la crisi,,,,,,,,,,,,,,,,,,,,,,,,,,,,,,,,,,,,,,,,,,,,,,,,,,,,,,,,,,,,,,,,,,,,,,,,,,,,,,,,,,,,,,
,,,,,,,,[(%PROLIFIC_PID,1,2025-04-16_19h23.39.421,CLTandFLE,2024.1.5,Win32,60.0240096,5a9c38291eda4100013670d9,67ffc4c40efe1bd1090b10ee,67ffe78451d74e987468a16a,,,,,,,,,,,,,,,,,,,,,,,,,,,,,,,,,,,,,,,,,,,124.47,133.067,8.597,1,0,19.281,-0.07421875,-0.0390625,0,0,0,0,1,1,39,1,d,Il paziente non ha preso il Batatrim,Il paziente non ha superato la crisi,,,,,,,,,,,,,,,,,,,,,,,,,,,,,,,,,,,,,,,,,,,,,,,,,,,,,,,,,,,,,,,,,,,,,,,,,,,,,,,,,,,,,,
,,,,,,,,[(%PROLIFIC_PID,1,2025-04-16_19h23.39.421,CLTandFLE,2024.1.5,Win32,60.0240096,5a9c38291eda4100013670d9,67ffc4c40efe1bd1090b10ee,67ffe78451d74e987468a16a,,,,,,,,,,,,,,,,,,,,,,,,,,,,,,,,,,,,,,,,,,,133.069,138.283,5.215,1,0,24.496,0.046875,-0.05078125,0,0,0,0,2,2,15,1,b,Il paziente ha preso il Batatrim,Il paziente non ha superato la crisi,,,,,,,,,,,,,,,,,,,,,,,,,,,,,,,,,,,,,,,,,,,,,,,,,,,,,,,,,,,,,,,,,,,,,,,,,,,,,,,,,,,,,,
,,,,,,,,[(%PROLIFIC_PID,1,2025-04-16_19h23.39.421,CLTandFLE,2024.1.5,Win32,60.0240096,5a9c38291eda4100013670d9,67ffc4c40efe1bd1090b10ee,67ffe78451d74e987468a16a,,,,,,,,,,,,,,,,,,,,,,,,,,,,,,,,,,,,,,,,,,,138.285,142.999,4.713,1,0,29.209,0.059895833,-0.049479167,0,0,0,0,3,3,5,1,a,Il paziente ha preso il Batatrim,Il paziente ha superato la crisi,,,,,,,,,,,,,,,,,,,,,,,,,,,,,,,,,,,,,,,,,,,,,,,,,,,,,,,,,,,,,,,,,,,,,,,,,,,,,,,,,,,,,,
,,,,,,,,[(%PROLIFIC_PID,1,2025-04-16_19h23.39.421,CLTandFLE,2024.1.5,Win32,60.0240096,5a9c38291eda4100013670d9,67ffc4c40efe1bd1090b10ee,67ffe78451d74e987468a16a,,,,,,,,,,,,,,,,,,,,,,,,,,,,,,,,,,,,,,,,,,,143,150.013,7.013,1,0,36.222,0.016927083,-0.040364583,0,0,0,0,4,4,6,1,a,Il paziente ha preso il Batatrim,Il paziente ha superato la crisi,,,,,,,,,,,,,,,,,,,,,,,,,,,,,,,,,,,,,,,,,,,,,,,,,,,,,,,,,,,,,,,,,,,,,,,,,,,,,,,,,,,,,,
,,,,,,,,[(%PROLIFIC_PID,1,2025-04-16_19h23.39.421,CLTandFLE,2024.1.5,Win32,60.0240096,5a9c38291eda4100013670d9,67ffc4c40efe1bd1090b10ee,67ffe78451d74e987468a16a,,,,,,,,,,,,,,,,,,,,,,,,,,,,,,,,,,,,,,,,,,,150.014,156.229,6.215,1,0,42.437,0.049479167,-0.041666667,0,0,0,0,5,5,20,1,c,Il paziente non ha preso il Batatrim,Il paziente ha superato la crisi,,,,,,,,,,,,,,,,,,,,,,,,,,,,,,,,,,,,,,,,,,,,,,,,,,,,,,,,,,,,,,,,,,,,,,,,,,,,,,,,,,,,,,
,,,,,,,,[(%PROLIFIC_PID,1,2025-04-16_19h23.39.421,CLTandFLE,2024.1.5,Win32,60.0240096,5a9c38291eda4100013670d9,67ffc4c40efe1bd1090b10ee,67ffe78451d74e987468a16a,,,,,,,,,,,,,,,,,,,,,,,,,,,,,,,,,,,,,,,,,,,156.23,161.977,5.747,1,0,48.184,-0.03125,-0.041666667,0,0,0,0,6,6,17,1,b,Il paziente ha preso il Batatrim,Il paziente non ha superato la crisi,,,,,,,,,,,,,,,,,,,,,,,,,,,,,,,,,,,,,,,,,,,,,,,,,,,,,,,,,,,,,,,,,,,,,,,,,,,,,,,,,,,,,,
,,,,,,,,[(%PROLIFIC_PID,1,2025-04-16_19h23.39.421,CLTandFLE,2024.1.5,Win32,60.0240096,5a9c38291eda4100013670d9,67ffc4c40efe1bd1090b10ee,67ffe78451d74e987468a16a,,,,,,,,,,,,,,,,,,,,,,,,,,,,,,,,,,,,,,,,,,,161.977,168.059,6.082,1,0,54.266,0.055989583,-0.05078125,0,0,0,0,7,7,7,1,a,Il paziente ha preso il Batatrim,Il paziente ha superato la crisi,,,,,,,,,,,,,,,,,,,,,,,,,,,,,,,,,,,,,,,,,,,,,,,,,,,,,,,,,,,,,,,,,,,,,,,,,,,,,,,,,,,,,,
,,,,,,,,[(%PROLIFIC_PID,1,2025-04-16_19h23.39.421,CLTandFLE,2024.1.5,Win32,60.0240096,5a9c38291eda4100013670d9,67ffc4c40efe1bd1090b10ee,67ffe78451d74e987468a16a,,,,,,,,,,,,,,,,,,,,,,,,,,,,,,,,,,,,,,,,,,,168.06,173.125,5.064,0,1,59.33,0.03125,-0.075520833,0,0,0,0,8,8,27,1,c,Il paziente non ha preso il Batatrim,Il paziente ha superato la crisi,,,,,,,,,,,,,,,,,,,,,,,,,,,,,,,,,,,,,,,,,,,,,,,,,,,,,,,,,,,,,,,,,,,,,,,,,,,,,,,,,,,,,,
,,,,,,,,[(%PROLIFIC_PID,1,2025-04-16_19h23.39.421,CLTandFLE,2024.1.5,Win32,60.0240096,5a9c38291eda4100013670d9,67ffc4c40efe1bd1090b10ee,67ffe78451d74e987468a16a,,,,,,,,,,,,,,,,,,,,,,,,,,,,,,,,,,,,,,,,,,,173.128,178.106,4.978,0,1,64.308,0.11328125,-0.2109375,0,0,0,0,9,9,28,1,c,Il paziente non ha preso il Batatrim,Il paziente ha superato la crisi,,,,,,,,,,,,,,,,,,,,,,,,,,,,,,,,,,,,,,,,,,,,,,,,,,,,,,,,,,,,,,,,,,,,,,,,,,,,,,,,,,,,,,
,,,,,,,,[(%PROLIFIC_PID,1,2025-04-16_19h23.39.421,CLTandFLE,2024.1.5,Win32,60.0240096,5a9c38291eda4100013670d9,67ffc4c40efe1bd1090b10ee,67ffe78451d74e987468a16a,,,,,,,,,,,,,,,,,,,,,,,,,,,,,,,,,,,,,,,,,,,178.107,184.122,6.014,0,1,70.322,0.2578125,-0.186197917,0,0,0,0,10,10,26,1,c,Il paziente non ha preso il Batatrim,Il paziente ha superato la crisi,,,,,,,,,,,,,,,,,,,,,,,,,,,,,,,,,,,,,,,,,,,,,,,,,,,,,,,,,,,,,,,,,,,,,,,,,,,,,,,,,,,,,,
,,,,,,,,[(%PROLIFIC_PID,1,2025-04-16_19h23.39.421,CLTandFLE,2024.1.5,Win32,60.0240096,5a9c38291eda4100013670d9,67ffc4c40efe1bd1090b10ee,67ffe78451d74e987468a16a,,,,,,,,,,,,,,,,,,,,,,,,,,,,,,,,,,,,,,,,,,,184.123,188.987,4.864,1,0,75.186,-0.0625,-0.114583333,0,0,0,0,11,11,14,1,b,Il paziente ha preso il Batatrim,Il paziente ha superato la crisi,,,,,,,,,,,,,,,,,,,,,,,,,,,,,,,,,,,,,,,,,,,,,,,,,,,,,,,,,,,,,,,,,,,,,,,,,,,,,,,,,,,,,,
,,,,,,,,[(%PROLIFIC_PID,1,2025-04-16_19h23.39.421,CLTandFLE,2024.1.5,Win32,60.0240096,5a9c38291eda4100013670d9,67ffc4c40efe1bd1090b10ee,67ffe78451d74e987468a16a,,,,,,,,,,,,,,,,,,,,,,,,,,,,,,,,,,,,,,,,,,,188.988,193.62,4.631,1,0,79.817,0.059895833,-0.076822917,0,0,0,0,12,12,18,1,b,Il paziente ha preso il Batatrim,Il paziente non ha superato la crisi,,,,,,,,,,,,,,,,,,,,,,,,,,,,,,,,,,,,,,,,,,,,,,,,,,,,,,,,,,,,,,,,,,,,,,,,,,,,,,,,,,,,,,
,,,,,,,,[(%PROLIFIC_PID,1,2025-04-16_19h23.39.421,CLTandFLE,2024.1.5,Win32,60.0240096,5a9c38291eda4100013670d9,67ffc4c40efe1bd1090b10ee,67ffe78451d74e987468a16a,,,,,,,,,,,,,,,,,,,,,,,,,,,,,,,,,,,,,,,,,,,193.62,198.318,4.697,1,0,84.514,-0.01171875,-0.076822917,0,0,0,0,13,13,22,1,c,Il paziente non ha preso il Batatrim,Il paziente ha superato la crisi,,,,,,,,,,,,,,,,,,,,,,,,,,,,,,,,,,,,,,,,,,,,,,,,,,,,,,,,,,,,,,,,,,,,,,,,,,,,,,,,,,,,,,
,,,,,,,,[(%PROLIFIC_PID,1,2025-04-16_19h23.39.421,CLTandFLE,2024.1.5,Win32,60.0240096,5a9c38291eda4100013670d9,67ffc4c40efe1bd1090b10ee,67ffe78451d74e987468a16a,,,,,,,,,,,,,,,,,,,,,,,,,,,,,,,,,,,,,,,,,,,198.32,202.733,4.413,1,0,88.927,0.00390625,-0.096354167,0,0,0,0,14,14,23,1,c,Il paziente non ha preso il Batatrim,Il paziente ha superato la crisi,,,,,,,,,,,,,,,,,,,,,,,,,,,,,,,,,,,,,,,,,,,,,,,,,,,,,,,,,,,,,,,,,,,,,,,,,,,,,,,,,,,,,,
,,,,,,,,[(%PROLIFIC_PID,1,2025-04-16_19h23.39.421,CLTandFLE,2024.1.5,Win32,60.0240096,5a9c38291eda4100013670d9,67ffc4c40efe1bd1090b10ee,67ffe78451d74e987468a16a,,,,,,,,,,,,,,,,,,,,,,,,,,,,,,,,,,,,,,,,,,,202.734,207.449,4.715,1,0,93.642,-0.002604167,-0.075520833,0,0,0,0,15,15,36,1,d,Il paziente non ha preso il Batatrim,Il paziente non ha superato la crisi,,,,,,,,,,,,,,,,,,,,,,,,,,,,,,,,,,,,,,,,,,,,,,,,,,,,,,,,,,,,,,,,,,,,,,,,,,,,,,,,,,,,,,
,,,,,,,,[(%PROLIFIC_PID,1,2025-04-16_19h23.39.421,CLTandFLE,2024.1.5,Win32,60.0240096,5a9c38291eda4100013670d9,67ffc4c40efe1bd1090b10ee,67ffe78451d74e987468a16a,,,,,,,,,,,,,,,,,,,,,,,,,,,,,,,,,,,,,,,,,,,207.452,211.981,4.529,1,0,98.171,-0.029947917,-0.057291667,0,0,0,0,16,16,30,1,c,Il paziente non ha preso il Batatrim,Il paziente ha superato la crisi,,,,,,,,,,,,,,,,,,,,,,,,,,,,,,,,,,,,,,,,,,,,,,,,,,,,,,,,,,,,,,,,,,,,,,,,,,,,,,,,,,,,,,
,,,,,,,,[(%PROLIFIC_PID,1,2025-04-16_19h23.39.421,CLTandFLE,2024.1.5,Win32,60.0240096,5a9c38291eda4100013670d9,67ffc4c40efe1bd1090b10ee,67ffe78451d74e987468a16a,,,,,,,,,,,,,,,,,,,,,,,,,,,,,,,,,,,,,,,,,,,211.983,216.647,4.664,1,0,102.835,0,-0.0703125,0,0,0,0,17,17,19,1,b,Il paziente ha preso il Batatrim,Il paziente non ha superato la crisi,,,,,,,,,,,,,,,,,,,,,,,,,,,,,,,,,,,,,,,,,,,,,,,,,,,,,,,,,,,,,,,,,,,,,,,,,,,,,,,,,,,,,,
,,,,,,,,[(%PROLIFIC_PID,1,2025-04-16_19h23.39.421,CLTandFLE,2024.1.5,Win32,60.0240096,5a9c38291eda4100013670d9,67ffc4c40efe1bd1090b10ee,67ffe78451d74e987468a16a,,,,,,,,,,,,,,,,,,,,,,,,,,,,,,,,,,,,,,,,,,,216.648,221.412,4.764,1,0,107.599,0.014322917,-0.07421875,0,0,0,0,18,18,2,1,a,Il paziente ha preso il Batatrim,Il paziente ha superato la crisi,,,,,,,,,,,,,,,,,,,,,,,,,,,,,,,,,,,,,,,,,,,,,,,,,,,,,,,,,,,,,,,,,,,,,,,,,,,,,,,,,,,,,,
,,,,,,,,[(%PROLIFIC_PID,1,2025-04-16_19h23.39.421,CLTandFLE,2024.1.5,Win32,60.0240096,5a9c38291eda4100013670d9,67ffc4c40efe1bd1090b10ee,67ffe78451d74e987468a16a,,,,,,,,,,,,,,,,,,,,,,,,,,,,,,,,,,,,,,,,,,,221.415,230.193,8.778,1,0,116.377,-0.010416667,-0.053385417,0,0,0,0,19,19,3,1,a,Il paziente ha preso il Batatrim,Il paziente ha superato la crisi,,,,,,,,,,,,,,,,,,,,,,,,,,,,,,,,,,,,,,,,,,,,,,,,,,,,,,,,,,,,,,,,,,,,,,,,,,,,,,,,,,,,,,
,,,,,,,,[(%PROLIFIC_PID,1,2025-04-16_19h23.39.421,CLTandFLE,2024.1.5,Win32,60.0240096,5a9c38291eda4100013670d9,67ffc4c40efe1bd1090b10ee,67ffe78451d74e987468a16a,,,,,,,,,,,,,,,,,,,,,,,,,,,,,,,,,,,,,,,,,,,230.194,235.225,5.031,0,1,121.408,-0.046875,-0.040364583,0,0,0,0,20,20,8,1,a,Il paziente ha preso il Batatrim,Il paziente ha superato la crisi,,,,,,,,,,,,,,,,,,,,,,,,,,,,,,,,,,,,,,,,,,,,,,,,,,,,,,,,,,,,,,,,,,,,,,,,,,,,,,,,,,,,,,
,,,,,,,,[(%PROLIFIC_PID,1,2025-04-16_19h23.39.421,CLTandFLE,2024.1.5,Win32,60.0240096,5a9c38291eda4100013670d9,67ffc4c40efe1bd1090b10ee,67ffe78451d74e987468a16a,,,,,,,,,,,,,,,,,,,,,,,,,,,,,,,,,,,,,,,,,,,235.226,239.741,4.514,1,0,125.922,-0.016927083,-0.067708333,0,0,0,0,21,21,16,1,b,Il paziente ha preso il Batatrim,Il paziente non ha superato la crisi,,,,,,,,,,,,,,,,,,,,,,,,,,,,,,,,,,,,,,,,,,,,,,,,,,,,,,,,,,,,,,,,,,,,,,,,,,,,,,,,,,,,,,
,,,,,,,,[(%PROLIFIC_PID,1,2025-04-16_19h23.39.421,CLTandFLE,2024.1.5,Win32,60.0240096,5a9c38291eda4100013670d9,67ffc4c40efe1bd1090b10ee,67ffe78451d74e987468a16a,,,,,,,,,,,,,,,,,,,,,,,,,,,,,,,,,,,,,,,,,,,239.744,245.173,5.429,1,0,131.351,0.00390625,-0.048177083,0,0,0,0,22,22,13,1,a,Il paziente ha preso il Batatrim,Il paziente ha superato la crisi,,,,,,,,,,,,,,,,,,,,,,,,,,,,,,,,,,,,,,,,,,,,,,,,,,,,,,,,,,,,,,,,,,,,,,,,,,,,,,,,,,,,,,
,,,,,,,,[(%PROLIFIC_PID,1,2025-04-16_19h23.39.421,CLTandFLE,2024.1.5,Win32,60.0240096,5a9c38291eda4100013670d9,67ffc4c40efe1bd1090b10ee,67ffe78451d74e987468a16a,,,,,,,,,,,,,,,,,,,,,,,,,,,,,,,,,,,,,,,,,,,245.174,249.688,4.514,1,0,135.865,0.002604167,-0.044270833,0,0,0,0,23,23,12,1,a,Il paziente ha preso il Batatrim,Il paziente ha superato la crisi,,,,,,,,,,,,,,,,,,,,,,,,,,,,,,,,,,,,,,,,,,,,,,,,,,,,,,,,,,,,,,,,,,,,,,,,,,,,,,,,,,,,,,
,,,,,,,,[(%PROLIFIC_PID,1,2025-04-16_19h23.39.421,CLTandFLE,2024.1.5,Win32,60.0240096,5a9c38291eda4100013670d9,67ffc4c40efe1bd1090b10ee,67ffe78451d74e987468a16a,,,,,,,,,,,,,,,,,,,,,,,,,,,,,,,,,,,,,,,,,,,249.69,254.021,4.331,1,0,140.196,0.033854167,-0.05859375,0,0,0,0,24,24,11,1,a,Il paziente ha preso il Batatrim,Il paziente ha superato la crisi,,,,,,,,,,,,,,,,,,,,,,,,,,,,,,,,,,,,,,,,,,,,,,,,,,,,,,,,,,,,,,,,,,,,,,,,,,,,,,,,,,,,,,
,,,,,,,,[(%PROLIFIC_PID,1,2025-04-16_19h23.39.421,CLTandFLE,2024.1.5,Win32,60.0240096,5a9c38291eda4100013670d9,67ffc4c40efe1bd1090b10ee,67ffe78451d74e987468a16a,,,,,,,,,,,,,,,,,,,,,,,,,,,,,,,,,,,,,,,,,,,254.022,258.886,4.864,1,0,145.06,-0.005208333,-0.044270833,0,0,0,0,25,25,32,1,c,Il paziente non ha preso il Batatrim,Il paziente ha superato la crisi,,,,,,,,,,,,,,,,,,,,,,,,,,,,,,,,,,,,,,,,,,,,,,,,,,,,,,,,,,,,,,,,,,,,,,,,,,,,,,,,,,,,,,
,,,,,,,,[(%PROLIFIC_PID,1,2025-04-16_19h23.39.421,CLTandFLE,2024.1.5,Win32,60.0240096,5a9c38291eda4100013670d9,67ffc4c40efe1bd1090b10ee,67ffe78451d74e987468a16a,,,,,,,,,,,,,,,,,,,,,,,,,,,,,,,,,,,,,,,,,,,258.887,264.718,5.831,1,0,150.891,-0.0390625,-0.029947917,0,0,0,0,26,26,0,1,a,Il paziente ha preso il Batatrim,Il paziente ha superato la crisi,,,,,,,,,,,,,,,,,,,,,,,,,,,,,,,,,,,,,,,,,,,,,,,,,,,,,,,,,,,,,,,,,,,,,,,,,,,,,,,,,,,,,,
,,,,,,,,[(%PROLIFIC_PID,1,2025-04-16_19h23.39.421,CLTandFLE,2024.1.5,Win32,60.0240096,5a9c38291eda4100013670d9,67ffc4c40efe1bd1090b10ee,67ffe78451d74e987468a16a,,,,,,,,,,,,,,,,,,,,,,,,,,,,,,,,,,,,,,,,,,,264.719,269.25,4.531,1,0,155.422,0.04296875,-0.03125,0,0,0,0,27,27,9,1,a,Il paziente ha preso il Batatrim,Il paziente ha superato la crisi,,,,,,,,,,,,,,,,,,,,,,,,,,,,,,,,,,,,,,,,,,,,,,,,,,,,,,,,,,,,,,,,,,,,,,,,,,,,,,,,,,,,,,
,,,,,,,,[(%PROLIFIC_PID,1,2025-04-16_19h23.39.421,CLTandFLE,2024.1.5,Win32,60.0240096,5a9c38291eda4100013670d9,67ffc4c40efe1bd1090b10ee,67ffe78451d74e987468a16a,,,,,,,,,,,,,,,,,,,,,,,,,,,,,,,,,,,,,,,,,,,269.252,274.949,5.697,1,0,161.119,-0.03125,-0.028645833,0,0,0,0,28,28,24,1,c,Il paziente non ha preso il Batatrim,Il paziente ha superato la crisi,,,,,,,,,,,,,,,,,,,,,,,,,,,,,,,,,,,,,,,,,,,,,,,,,,,,,,,,,,,,,,,,,,,,,,,,,,,,,,,,,,,,,,
,,,,,,,,[(%PROLIFIC_PID,1,2025-04-16_19h23.39.421,CLTandFLE,2024.1.5,Win32,60.0240096,5a9c38291eda4100013670d9,67ffc4c40efe1bd1090b10ee,67ffe78451d74e987468a16a,,,,,,,,,,,,,,,,,,,,,,,,,,,,,,,,,,,,,,,,,,,274.952,279.981,5.029,0,1,166.148,-0.110677083,-0.03515625,0,0,0,0,29,29,31,1,c,Il paziente non ha preso il Batatrim,Il paziente ha superato la crisi,,,,,,,,,,,,,,,,,,,,,,,,,,,,,,,,,,,,,,,,,,,,,,,,,,,,,,,,,,,,,,,,,,,,,,,,,,,,,,,,,,,,,,
,,,,,,,,[(%PROLIFIC_PID,1,2025-04-16_19h23.39.421,CLTandFLE,2024.1.5,Win32,60.0240096,5a9c38291eda4100013670d9,67ffc4c40efe1bd1090b10ee,67ffe78451d74e987468a16a,,,,,,,,,,,,,,,,,,,,,,,,,,,,,,,,,,,,,,,,,,,279.982,285.746,5.764,0,1,171.912,-0.022135417,-0.018229167,0,0,0,0,30,30,33,1,c,Il paziente non ha preso il Batatrim,Il paziente ha superato la crisi,,,,,,,,,,,,,,,,,,,,,,,,,,,,,,,,,,,,,,,,,,,,,,,,,,,,,,,,,,,,,,,,,,,,,,,,,,,,,,,,,,,,,,
,,,,,,,,[(%PROLIFIC_PID,1,2025-04-16_19h23.39.421,CLTandFLE,2024.1.5,Win32,60.0240096,5a9c38291eda4100013670d9,67ffc4c40efe1bd1090b10ee,67ffe78451d74e987468a16a,,,,,,,,,,,,,,,,,,,,,,,,,,,,,,,,,,,,,,,,,,,285.747,290.428,4.681,0,1,176.593,0.12890625,-0.044270833,0,0,0,0,31,31,38,1,d,Il paziente non ha preso il Batatrim,Il paziente non ha superato la crisi,,,,,,,,,,,,,,,,,,,,,,,,,,,,,,,,,,,,,,,,,,,,,,,,,,,,,,,,,,,,,,,,,,,,,,,,,,,,,,,,,,,,,,
,,,,,,,,[(%PROLIFIC_PID,1,2025-04-16_19h23.39.421,CLTandFLE,2024.1.5,Win32,60.0240096,5a9c38291eda4100013670d9,67ffc4c40efe1bd1090b10ee,67ffe78451d74e987468a16a,,,,,,,,,,,,,,,,,,,,,,,,,,,,,,,,,,,,,,,,,,,290.429,295.644,5.214,1,0,181.807,0.01953125,-0.036458333,0,0,0,0,32,32,35,1,d,Il paziente non ha preso il Batatrim,Il paziente non ha superato la crisi,,,,,,,,,,,,,,,,,,,,,,,,,,,,,,,,,,,,,,,,,,,,,,,,,,,,,,,,,,,,,,,,,,,,,,,,,,,,,,,,,,,,,,
,,,,,,,,[(%PROLIFIC_PID,1,2025-04-16_19h23.39.421,CLTandFLE,2024.1.5,Win32,60.0240096,5a9c38291eda4100013670d9,67ffc4c40efe1bd1090b10ee,67ffe78451d74e987468a16a,,,,,,,,,,,,,,,,,,,,,,,,,,,,,,,,,,,,,,,,,,,295.645,301.675,6.03,1,0,187.837,-0.010416667,-0.029947917,0,0,0,0,33,33,1,1,a,Il paziente ha preso il Batatrim,Il paziente ha superato la crisi,,,,,,,,,,,,,,,,,,,,,,,,,,,,,,,,,,,,,,,,,,,,,,,,,,,,,,,,,,,,,,,,,,,,,,,,,,,,,,,,,,,,,,
,,,,,,,,[(%PROLIFIC_PID,1,2025-04-16_19h23.39.421,CLTandFLE,2024.1.5,Win32,60.0240096,5a9c38291eda4100013670d9,67ffc4c40efe1bd1090b10ee,67ffe78451d74e987468a16a,,,,,,,,,,,,,,,,,,,,,,,,,,,,,,,,,,,,,,,,,,,301.675,307.774,6.098,1,0,193.935,-0.009114583,-0.048177083,0,0,0,0,34,34,34,1,c,Il paziente non ha preso il Batatrim,Il paziente ha superato la crisi,,,,,,,,,,,,,,,,,,,,,,,,,,,,,,,,,,,,,,,,,,,,,,,,,,,,,,,,,,,,,,,,,,,,,,,,,,,,,,,,,,,,,,
,,,,,,,,[(%PROLIFIC_PID,1,2025-04-16_19h23.39.421,CLTandFLE,2024.1.5,Win32,60.0240096,5a9c38291eda4100013670d9,67ffc4c40efe1bd1090b10ee,67ffe78451d74e987468a16a,,,,,,,,,,,,,,,,,,,,,,,,,,,,,,,,,,,,,,,,,,,307.778,312.306,4.528,0,1,198.463,-0.006510417,-0.049479167,0,0,0,0,35,35,4,1,a,Il paziente ha preso il Batatrim,Il paziente ha superato la crisi,,,,,,,,,,,,,,,,,,,,,,,,,,,,,,,,,,,,,,,,,,,,,,,,,,,,,,,,,,,,,,,,,,,,,,,,,,,,,,,,,,,,,,
,,,,,,,,[(%PROLIFIC_PID,1,2025-04-16_19h23.39.421,CLTandFLE,2024.1.5,Win32,60.0240096,5a9c38291eda4100013670d9,67ffc4c40efe1bd1090b10ee,67ffe78451d74e987468a16a,,,,,,,,,,,,,,,,,,,,,,,,,,,,,,,,,,,,,,,,,,,312.306,316.888,4.581,0,1,203.044,-0.0078125,-0.0703125,0,0,0,0,36,36,10,1,a,Il paziente ha preso il Batatrim,Il paziente ha superato la crisi,,,,,,,,,,,,,,,,,,,,,,,,,,,,,,,,,,,,,,,,,,,,,,,,,,,,,,,,,,,,,,,,,,,,,,,,,,,,,,,,,,,,,,
,,,,,,,,[(%PROLIFIC_PID,1,2025-04-16_19h23.39.421,CLTandFLE,2024.1.5,Win32,60.0240096,5a9c38291eda4100013670d9,67ffc4c40efe1bd1090b10ee,67ffe78451d74e987468a16a,,,,,,,,,,,,,,,,,,,,,,,,,,,,,,,,,,,,,,,,,,,316.889,321.487,4.598,0,1,207.642,-0.157552083,-0.05859375,0,0,0,0,37,37,21,1,c,Il paziente non ha preso il Batatrim,Il paziente ha superato la crisi,,,,,,,,,,,,,,,,,,,,,,,,,,,,,,,,,,,,,,,,,,,,,,,,,,,,,,,,,,,,,,,,,,,,,,,,,,,,,,,,,,,,,,
,,,,,,,,[(%PROLIFIC_PID,1,2025-04-16_19h23.39.421,CLTandFLE,2024.1.5,Win32,60.0240096,5a9c38291eda4100013670d9,67ffc4c40efe1bd1090b10ee,67ffe78451d74e987468a16a,,,,,,,,,,,,,,,,,,,,,,,,,,,,,,,,,,,,,,,,,,,321.488,325.636,4.148,1,0,211.79,-0.157552083,-0.05859375,0,0,0,0,38,38,37,1,d,Il paziente non ha preso il Batatrim,Il paziente non ha superato la crisi,,,,,,,,,,,,,,,,,,,,,,,,,,,,,,,,,,,,,,,,,,,,,,,,,,,,,,,,,,,,,,,,,,,,,,,,,,,,,,,,,,,,,,
,,,,,,,,[(%PROLIFIC_PID,1,2025-04-16_19h23.39.421,CLTandFLE,2024.1.5,Win32,60.0240096,5a9c38291eda4100013670d9,67ffc4c40efe1bd1090b10ee,67ffe78451d74e987468a16a,,,,,,,,,,,,,,,,,,,,,,,,,,,,,,,,,,,,,,,,,,,325.636,330.151,4.515,1,0,216.305,-0.157552083,-0.0625,0,0,0,0,39,39,25,1,c,Il paziente non ha preso il Batatrim,Il paziente ha superato la crisi,,,,,,,,,,,,,,,,,,,,,,,,,,,,,,,,,,,,,,,,,,,,,,,,,,,,,,,,,,,,,,,,,,,,,,,,,,,,,,,,,,,,,,
,,,,,,,,[(%PROLIFIC_PID,1,2025-04-16_19h23.39.421,CLTandFLE,2024.1.5,Win32,60.0240096,5a9c38291eda4100013670d9,67ffc4c40efe1bd1090b10ee,67ffe78451d74e987468a16a,,363.21,364.21,,,,,,,,,,,,,,,,,,,,,,,,,,,,,,,,,,,,,,,,,,,,,,,,,,,,,,,,,,,331.152,345.348,14.196,52,12.673,-0.067708333,-0.208333333,1,0,0,346.348,363.21,16.861,66,15.034,0.005208333,-0.20703125,1,0,0,30,6,6,20,0,0,0,0,1,,,,,,,,,,,,,,,,,,,,,,,,,,,,,,,,,,,,,,,,,,,,,,,,,,,,,,,,,
,,,,,,,,[(%PROLIFIC_PID,1,2025-04-16_19h23.39.421,CLTandFLE,2024.1.5,Win32,60.0240096,5a9c38291eda4100013670d9,67ffc4c40efe1bd1090b10ee,67ffe78451d74e987468a16a,,498.019,499.009,,,,,,,,,,,,,,,,,,,,,,,,,,,,,,,,,,,,,,,,,,,,,,,,,,,,,,,,,,,,,,,,,,,,,,,,,,,,,,,,,,,,,,,,407.382,417.48,10.098,1,8.949,-0.024739583,-0.236979167,1,0,0,46,Femmina,No,18,No,TRUE,FALSE,11,7,7,7,4,FALSE,Conferma,c1ok,c2ok,c3ok,c4ok,c5ok,c6ok,c7err3,c8err3,c9err2,c10ok,c11err,c12err,c13err3,c14ok,c15ok,c16err,c17ok,c18err2,c19err2,c20ok,c21err2,c22ok,c23ok,c24err3,c25err3,c26ok,881.204,887.978,0,0,0,0,1
