﻿Alfa.started,Alfa.stopped,alfa_mouse.x,alfa_mouse.y,alfa_mouse.leftButton,alfa_mouse.midButton,alfa_mouse.rightButton,alfa_mouse.clicked_name,participant,group,date,expName,psychopyVersion,OS,frameRate,PROLIFIC_PID,STUDY_ID,SESSION_ID,)],ITI.started,ITI.stopped,B_consensoinformato.started,B_consensoinformato.stopped,tempo_consenso,cons_mouse.x,cons_mouse.y,cons_mouse.leftButton,cons_mouse.midButton,cons_mouse.rightButton,A_benvenuto.started,A_benvenuto.stopped,ben_mouse.x,ben_mouse.y,ben_mouse.leftButton,ben_mouse.midButton,ben_mouse.rightButton,B2_istruzioni.started,B2_istruzioni.stopped,tempo_istru,cons_mouse_2.x,cons_mouse_2.y,cons_mouse_2.leftButton,cons_mouse_2.midButton,cons_mouse_2.rightButton,SAMevaluation.started,SAMevaluation.stopped,temposam,sliderintensity.response,sliderintensity.rt,slidervalence.response,slidervalence.rt,mouse_sam.x,mouse_sam.y,mouse_sam.leftButton,mouse_sam.midButton,mouse_sam.rightButton,mouse_sam.time,mouse_sam.clicked_name,Loading.started,Loading.stopped,C_associative_task.started,C_associative_task.stopped,tempo_trial,hapremutosi,hapremutono,tempo_tasktot,mouse.x,mouse.y,mouse.leftButton,mouse.midButton,mouse.rightButton,trials.thisRepN,trials.thisTrialN,trials.thisN,trials.thisIndex,trials.ran,cond,causa,effetto,D_VD.started,D_VD.stopped,tempo_vd,vd.response,vd.rt,mouse_vd.x,mouse_vd.y,mouse_vd.leftButton,mouse_vd.midButton,mouse_vd.rightButton,Previous.started,Previous.stopped,tempo_vd1,previous.response,previous.rt,mouse_vd_2.x,mouse_vd_2.y,mouse_vd_2.leftButton,mouse_vd_2.midButton,mouse_vd_2.rightButton,EstITA.TrialSS,EstITA.TrialD,EstITA.TrialNS,EstITA.TrialSN,itaest.thisRepN,itaest.thisTrialN,itaest.thisN,itaest.thisIndex,itaest.ran,PF.started,PF.stopped,tempo_pf,processfluency.response,processfluency.rt,mouse_ch.x,mouse_ch.y,mouse_ch.leftButton,mouse_ch.midButton,mouse_ch.rightButton,Questionario_Lingua.Age,Questionario_Lingua.Sesso,Questionario_Lingua.StaiStudiando?,Questionario_Lingua.Anniscolarita,Questionario_Lingua.Diploma,Questionario_Lingua.ItaMADRE?,Questionario_Lingua.INGmadre?,Questionario_Lingua.Q5(AOAIng),Questionario_Lingua.INGLETTURA,Questionario_Lingua.INGCOMPRESO,Questionario_Lingua.INGSCRITTO,Questionario_Lingua.INGPARLATO,Questionario_Lingua.haivissutoestero,ProvaInglese.ProcediamoENg,ProvaInglese.C1,ProvaInglese.C2,ProvaInglese.C3,ProvaInglese.C4,ProvaInglese.C5,ProvaInglese.C6,ProvaInglese.C7,ProvaInglese.C8,ProvaInglese.C9,ProvaInglese.C10,ProvaInglese.C11,ProvaInglese.C12,ProvaInglese.C13,ProvaInglese.C14,ProvaInglese.C15,ProvaInglese.C16,ProvaInglese.C17,ProvaInglese.C18,ProvaInglese.C19,ProvaInglese.C20,ProvaInglese.C21,ProvaInglese.C22,ProvaInglese.C23,ProvaInglese.C24,ProvaInglese.C25,ProvaInglese.controlquestion,Ant_lastquestion.started,Ant_lastquestion.stopped,exp_loop.thisRepN,exp_loop.thisTrialN,exp_loop.thisN,exp_loop.thisIndex,exp_loop.ran
0.0005,8.5497,-0.053703661,-0.024074095,1,0,0,alfa_mask,[(%PROLIFIC_PID,1,2025-04-16_18h50.25.009,CLTandFLE,2024.1.5,Win32,29.94011976,5c6b568a5cd46b000124368f,67ffc4c40efe1bd1090b10ee,67ffdf698b917b12f04a480c,,,,,,,,,,,,,,,,,,,,,,,,,,,,,,,,,,,,,,,,,,,,,,,,,,,,,,,,,,,,,,,,,,,,,,,,,,,,,,,,,,,,,,,,,,,,,,,,,,,,,,,,,,,,,,,,,,,,,,,,,,,,,,,,,,,,,,,,,,,,,,,,,,,
,,,,,,,,[(%PROLIFIC_PID,1,2025-04-16_18h50.25.009,CLTandFLE,2024.1.5,Win32,29.94011976,5c6b568a5cd46b000124368f,67ffc4c40efe1bd1090b10ee,67ffdf698b917b12f04a480c,,8.5501,9.7357,,,,,,,,,,,,,,,,,,,,,,,,,,,,,,,,,,,,,,,,,,,,,,,,,,,,,,,,,,,,,,,,,,,,,,,,,,,,,,,,,,,,,,,,,,,,,,,,,,,,,,,,,,,,,,,,,,,,,,,,,,,,,,,,,,,,,,,,,,,,,,,,
,,,,,,,,[(%PROLIFIC_PID,1,2025-04-16_18h50.25.009,CLTandFLE,2024.1.5,Win32,29.94011976,5c6b568a5cd46b000124368f,67ffc4c40efe1bd1090b10ee,67ffdf698b917b12f04a480c,,,,9.7359,25.1712,15.4346,0.231481481,-0.398148148,1,0,0,,,,,,,,,,,,,,,,,,,,,,,,,,,,,,,,,,,,,,,,,,,,,,,,,,,,,,,,,,,,,,,,,,,,,,,,,,,,,,,,,,,,,,,,,,,,,,,,,,,,,,,,,,,,,,,,,,,,,,,,,,,,,,,,,,,,,,,,
,,,,,,,,[(%PROLIFIC_PID,1,2025-04-16_18h50.25.009,CLTandFLE,2024.1.5,Win32,29.94011976,5c6b568a5cd46b000124368f,67ffc4c40efe1bd1090b10ee,67ffdf698b917b12f04a480c,,99.3693,100.3696,,,,,,,,,26.205,30.0743,0.034259302,-0.12037037,1,0,0,31.0772,72.9665,41.8879,0.030555584,-0.400925954,1,0,0,74.1601,91.3777,17.217,0.784722205,13.1436,0.652777831,3.1662,"[0.015740783126265916,0.00740743566442419,0.06574072661223235,0.026851865980360243]","[0.19629630336055048,-0.014814836007577402,-0.003703717832212095,-0.20648150973849827]","[1,1,1,1]","[0,0,0,0]","[0,0,0,0]","[2.3058999999761625,4.509299999952319,11.936299999952311,17.189999999999998]","[""slidervalence"",""sliderintensity"",""sliderintensity"",""rettoksam""]",92.3774,99.3692,100.4164,108.2287,7.8115,1,0,7.8115,-0.053703661,0.041666667,0,0,0,0,0,0,2,1,a,Il paziente ha preso il Batatrim,Il paziente ha superato la crisi,,,,,,,,,,,,,,,,,,,,,,,,,,,,,,,,,,,,,,,,,,,,,,,,,,,,,,,,,,,,,,,,,,,,,,,,,,,,,,,,,,,,,,
,,,,,,,,[(%PROLIFIC_PID,1,2025-04-16_18h50.25.009,CLTandFLE,2024.1.5,Win32,29.94011976,5c6b568a5cd46b000124368f,67ffc4c40efe1bd1090b10ee,67ffdf698b917b12f04a480c,,,,,,,,,,,,,,,,,,,,,,,,,,,,,,,,,,,,,,,,,,,108.2295,114.2976,6.0678,1,0,13.8793,-0.037037037,0.075925933,0,0,0,0,1,1,0,1,a,Il paziente ha preso il Batatrim,Il paziente ha superato la crisi,,,,,,,,,,,,,,,,,,,,,,,,,,,,,,,,,,,,,,,,,,,,,,,,,,,,,,,,,,,,,,,,,,,,,,,,,,,,,,,,,,,,,,
,,,,,,,,[(%PROLIFIC_PID,1,2025-04-16_18h50.25.009,CLTandFLE,2024.1.5,Win32,29.94011976,5c6b568a5cd46b000124368f,67ffc4c40efe1bd1090b10ee,67ffdf698b917b12f04a480c,,,,,,,,,,,,,,,,,,,,,,,,,,,,,,,,,,,,,,,,,,,114.2983,119.7633,5.4648,0,1,19.3441,0.212962963,0.044444437,0,0,0,0,2,2,38,1,d,Il paziente non ha preso il Batatrim,Il paziente non ha superato la crisi,,,,,,,,,,,,,,,,,,,,,,,,,,,,,,,,,,,,,,,,,,,,,,,,,,,,,,,,,,,,,,,,,,,,,,,,,,,,,,,,,,,,,,
,,,,,,,,[(%PROLIFIC_PID,1,2025-04-16_18h50.25.009,CLTandFLE,2024.1.5,Win32,29.94011976,5c6b568a5cd46b000124368f,67ffc4c40efe1bd1090b10ee,67ffdf698b917b12f04a480c,,,,,,,,,,,,,,,,,,,,,,,,,,,,,,,,,,,,,,,,,,,119.7638,125.1017,5.3375,0,1,24.6816,0.20648151,0.113888882,0,0,0,0,3,3,21,1,c,Il paziente non ha preso il Batatrim,Il paziente ha superato la crisi,,,,,,,,,,,,,,,,,,,,,,,,,,,,,,,,,,,,,,,,,,,,,,,,,,,,,,,,,,,,,,,,,,,,,,,,,,,,,,,,,,,,,,
,,,,,,,,[(%PROLIFIC_PID,1,2025-04-16_18h50.25.009,CLTandFLE,2024.1.5,Win32,29.94011976,5c6b568a5cd46b000124368f,67ffc4c40efe1bd1090b10ee,67ffdf698b917b12f04a480c,,,,,,,,,,,,,,,,,,,,,,,,,,,,,,,,,,,,,,,,,,,125.1022,130.7556,5.6531,0,1,30.3347,0.195370356,0.14166666,0,0,0,0,4,4,28,1,c,Il paziente non ha preso il Batatrim,Il paziente ha superato la crisi,,,,,,,,,,,,,,,,,,,,,,,,,,,,,,,,,,,,,,,,,,,,,,,,,,,,,,,,,,,,,,,,,,,,,,,,,,,,,,,,,,,,,,
,,,,,,,,[(%PROLIFIC_PID,1,2025-04-16_18h50.25.009,CLTandFLE,2024.1.5,Win32,29.94011976,5c6b568a5cd46b000124368f,67ffc4c40efe1bd1090b10ee,67ffdf698b917b12f04a480c,,,,,,,,,,,,,,,,,,,,,,,,,,,,,,,,,,,,,,,,,,,130.7563,136.3289,5.5723,1,0,35.907,-0.156481496,-0.028703725,0,0,0,0,5,5,32,1,c,Il paziente non ha preso il Batatrim,Il paziente ha superato la crisi,,,,,,,,,,,,,,,,,,,,,,,,,,,,,,,,,,,,,,,,,,,,,,,,,,,,,,,,,,,,,,,,,,,,,,,,,,,,,,,,,,,,,,
,,,,,,,,[(%PROLIFIC_PID,1,2025-04-16_18h50.25.009,CLTandFLE,2024.1.5,Win32,29.94011976,5c6b568a5cd46b000124368f,67ffc4c40efe1bd1090b10ee,67ffdf698b917b12f04a480c,,,,,,,,,,,,,,,,,,,,,,,,,,,,,,,,,,,,,,,,,,,136.3293,141.3596,5.0299,1,0,40.9369,-0.116666653,0.103703711,0,0,0,0,6,6,14,1,b,Il paziente ha preso il Batatrim,Il paziente ha superato la crisi,,,,,,,,,,,,,,,,,,,,,,,,,,,,,,,,,,,,,,,,,,,,,,,,,,,,,,,,,,,,,,,,,,,,,,,,,,,,,,,,,,,,,,
,,,,,,,,[(%PROLIFIC_PID,1,2025-04-16_18h50.25.009,CLTandFLE,2024.1.5,Win32,29.94011976,5c6b568a5cd46b000124368f,67ffc4c40efe1bd1090b10ee,67ffdf698b917b12f04a480c,,,,,,,,,,,,,,,,,,,,,,,,,,,,,,,,,,,,,,,,,,,141.3602,146.6278,5.2672,1,0,46.2041,-0.094444416,0.096296275,0,0,0,0,7,7,17,1,b,Il paziente ha preso il Batatrim,Il paziente non ha superato la crisi,,,,,,,,,,,,,,,,,,,,,,,,,,,,,,,,,,,,,,,,,,,,,,,,,,,,,,,,,,,,,,,,,,,,,,,,,,,,,,,,,,,,,,
,,,,,,,,[(%PROLIFIC_PID,1,2025-04-16_18h50.25.009,CLTandFLE,2024.1.5,Win32,29.94011976,5c6b568a5cd46b000124368f,67ffc4c40efe1bd1090b10ee,67ffdf698b917b12f04a480c,,,,,,,,,,,,,,,,,,,,,,,,,,,,,,,,,,,,,,,,,,,146.6285,153.0732,6.4444,0,1,52.6485,0.175925926,-0.037962984,0,0,0,0,8,8,39,1,d,Il paziente non ha preso il Batatrim,Il paziente non ha superato la crisi,,,,,,,,,,,,,,,,,,,,,,,,,,,,,,,,,,,,,,,,,,,,,,,,,,,,,,,,,,,,,,,,,,,,,,,,,,,,,,,,,,,,,,
,,,,,,,,[(%PROLIFIC_PID,1,2025-04-16_18h50.25.009,CLTandFLE,2024.1.5,Win32,29.94011976,5c6b568a5cd46b000124368f,67ffc4c40efe1bd1090b10ee,67ffdf698b917b12f04a480c,,,,,,,,,,,,,,,,,,,,,,,,,,,,,,,,,,,,,,,,,,,153.0739,159.4737,6.3995,1,0,59.048,-0.099074046,0.059259238,0,0,0,0,9,9,3,1,a,Il paziente ha preso il Batatrim,Il paziente ha superato la crisi,,,,,,,,,,,,,,,,,,,,,,,,,,,,,,,,,,,,,,,,,,,,,,,,,,,,,,,,,,,,,,,,,,,,,,,,,,,,,,,,,,,,,,
,,,,,,,,[(%PROLIFIC_PID,1,2025-04-16_18h50.25.009,CLTandFLE,2024.1.5,Win32,29.94011976,5c6b568a5cd46b000124368f,67ffc4c40efe1bd1090b10ee,67ffdf698b917b12f04a480c,,,,,,,,,,,,,,,,,,,,,,,,,,,,,,,,,,,,,,,,,,,159.4743,165.387,5.9123,0,1,64.9603,0.225000028,-0.015740748,0,0,0,0,10,10,34,1,c,Il paziente non ha preso il Batatrim,Il paziente ha superato la crisi,,,,,,,,,,,,,,,,,,,,,,,,,,,,,,,,,,,,,,,,,,,,,,,,,,,,,,,,,,,,,,,,,,,,,,,,,,,,,,,,,,,,,,
,,,,,,,,[(%PROLIFIC_PID,1,2025-04-16_18h50.25.009,CLTandFLE,2024.1.5,Win32,29.94011976,5c6b568a5cd46b000124368f,67ffc4c40efe1bd1090b10ee,67ffdf698b917b12f04a480c,,,,,,,,,,,,,,,,,,,,,,,,,,,,,,,,,,,,,,,,,,,165.3874,170.2904,4.9026,1,0,69.8629,-0.071296268,0.087962963,0,0,0,0,11,11,8,1,a,Il paziente ha preso il Batatrim,Il paziente ha superato la crisi,,,,,,,,,,,,,,,,,,,,,,,,,,,,,,,,,,,,,,,,,,,,,,,,,,,,,,,,,,,,,,,,,,,,,,,,,,,,,,,,,,,,,,
,,,,,,,,[(%PROLIFIC_PID,1,2025-04-16_18h50.25.009,CLTandFLE,2024.1.5,Win32,29.94011976,5c6b568a5cd46b000124368f,67ffc4c40efe1bd1090b10ee,67ffdf698b917b12f04a480c,,,,,,,,,,,,,,,,,,,,,,,,,,,,,,,,,,,,,,,,,,,170.2911,175.2508,4.9593,0,1,74.8222,0.025925954,0.072222215,0,0,0,0,12,12,23,1,c,Il paziente non ha preso il Batatrim,Il paziente ha superato la crisi,,,,,,,,,,,,,,,,,,,,,,,,,,,,,,,,,,,,,,,,,,,,,,,,,,,,,,,,,,,,,,,,,,,,,,,,,,,,,,,,,,,,,,
,,,,,,,,[(%PROLIFIC_PID,1,2025-04-16_18h50.25.009,CLTandFLE,2024.1.5,Win32,29.94011976,5c6b568a5cd46b000124368f,67ffc4c40efe1bd1090b10ee,67ffdf698b917b12f04a480c,,,,,,,,,,,,,,,,,,,,,,,,,,,,,,,,,,,,,,,,,,,175.2514,180.3463,5.0947,1,0,79.9169,-0.012962977,0.113888882,0,0,0,0,13,13,37,1,d,Il paziente non ha preso il Batatrim,Il paziente non ha superato la crisi,,,,,,,,,,,,,,,,,,,,,,,,,,,,,,,,,,,,,,,,,,,,,,,,,,,,,,,,,,,,,,,,,,,,,,,,,,,,,,,,,,,,,,
,,,,,,,,[(%PROLIFIC_PID,1,2025-04-16_18h50.25.009,CLTandFLE,2024.1.5,Win32,29.94011976,5c6b568a5cd46b000124368f,67ffc4c40efe1bd1090b10ee,67ffdf698b917b12f04a480c,,,,,,,,,,,,,,,,,,,,,,,,,,,,,,,,,,,,,,,,,,,180.3468,185.3254,4.9783,1,0,84.8952,0.020370413,0.14907406,0,0,0,0,14,14,18,1,b,Il paziente ha preso il Batatrim,Il paziente non ha superato la crisi,,,,,,,,,,,,,,,,,,,,,,,,,,,,,,,,,,,,,,,,,,,,,,,,,,,,,,,,,,,,,,,,,,,,,,,,,,,,,,,,,,,,,,
,,,,,,,,[(%PROLIFIC_PID,1,2025-04-16_18h50.25.009,CLTandFLE,2024.1.5,Win32,29.94011976,5c6b568a5cd46b000124368f,67ffc4c40efe1bd1090b10ee,67ffdf698b917b12f04a480c,,,,,,,,,,,,,,,,,,,,,,,,,,,,,,,,,,,,,,,,,,,185.3259,190.2068,4.8806,1,0,89.7758,-0.066666638,0.158333319,0,0,0,0,15,15,19,1,b,Il paziente ha preso il Batatrim,Il paziente non ha superato la crisi,,,,,,,,,,,,,,,,,,,,,,,,,,,,,,,,,,,,,,,,,,,,,,,,,,,,,,,,,,,,,,,,,,,,,,,,,,,,,,,,,,,,,,
,,,,,,,,[(%PROLIFIC_PID,1,2025-04-16_18h50.25.009,CLTandFLE,2024.1.5,Win32,29.94011976,5c6b568a5cd46b000124368f,67ffc4c40efe1bd1090b10ee,67ffdf698b917b12f04a480c,,,,,,,,,,,,,,,,,,,,,,,,,,,,,,,,,,,,,,,,,,,190.2074,195.0698,4.862,1,0,94.6378,-0.103703675,0.12037037,0,0,0,0,16,16,4,1,a,Il paziente ha preso il Batatrim,Il paziente ha superato la crisi,,,,,,,,,,,,,,,,,,,,,,,,,,,,,,,,,,,,,,,,,,,,,,,,,,,,,,,,,,,,,,,,,,,,,,,,,,,,,,,,,,,,,,
,,,,,,,,[(%PROLIFIC_PID,1,2025-04-16_18h50.25.009,CLTandFLE,2024.1.5,Win32,29.94011976,5c6b568a5cd46b000124368f,67ffc4c40efe1bd1090b10ee,67ffdf698b917b12f04a480c,,,,,,,,,,,,,,,,,,,,,,,,,,,,,,,,,,,,,,,,,,,195.0702,200.3093,5.2388,0,1,99.8766,0.203703704,0.135185171,0,0,0,0,17,17,25,1,c,Il paziente non ha preso il Batatrim,Il paziente ha superato la crisi,,,,,,,,,,,,,,,,,,,,,,,,,,,,,,,,,,,,,,,,,,,,,,,,,,,,,,,,,,,,,,,,,,,,,,,,,,,,,,,,,,,,,,
,,,,,,,,[(%PROLIFIC_PID,1,2025-04-16_18h50.25.009,CLTandFLE,2024.1.5,Win32,29.94011976,5c6b568a5cd46b000124368f,67ffc4c40efe1bd1090b10ee,67ffdf698b917b12f04a480c,,,,,,,,,,,,,,,,,,,,,,,,,,,,,,,,,,,,,,,,,,,200.3097,207.4783,7.1683,0,1,107.0449,0.167592578,0.166666667,0,0,0,0,18,18,35,1,d,Il paziente non ha preso il Batatrim,Il paziente non ha superato la crisi,,,,,,,,,,,,,,,,,,,,,,,,,,,,,,,,,,,,,,,,,,,,,,,,,,,,,,,,,,,,,,,,,,,,,,,,,,,,,,,,,,,,,,
,,,,,,,,[(%PROLIFIC_PID,1,2025-04-16_18h50.25.009,CLTandFLE,2024.1.5,Win32,29.94011976,5c6b568a5cd46b000124368f,67ffc4c40efe1bd1090b10ee,67ffdf698b917b12f04a480c,,,,,,,,,,,,,,,,,,,,,,,,,,,,,,,,,,,,,,,,,,,207.4789,213.2331,5.7538,1,0,112.7987,-0.093518504,0.130555541,0,0,0,0,19,19,13,1,a,Il paziente ha preso il Batatrim,Il paziente ha superato la crisi,,,,,,,,,,,,,,,,,,,,,,,,,,,,,,,,,,,,,,,,,,,,,,,,,,,,,,,,,,,,,,,,,,,,,,,,,,,,,,,,,,,,,,
,,,,,,,,[(%PROLIFIC_PID,1,2025-04-16_18h50.25.009,CLTandFLE,2024.1.5,Win32,29.94011976,5c6b568a5cd46b000124368f,67ffc4c40efe1bd1090b10ee,67ffdf698b917b12f04a480c,,,,,,,,,,,,,,,,,,,,,,,,,,,,,,,,,,,,,,,,,,,213.2338,218.0793,4.8452,1,0,117.6439,-0.086111069,0.145370377,0,0,0,0,20,20,6,1,a,Il paziente ha preso il Batatrim,Il paziente ha superato la crisi,,,,,,,,,,,,,,,,,,,,,,,,,,,,,,,,,,,,,,,,,,,,,,,,,,,,,,,,,,,,,,,,,,,,,,,,,,,,,,,,,,,,,,
,,,,,,,,[(%PROLIFIC_PID,1,2025-04-16_18h50.25.009,CLTandFLE,2024.1.5,Win32,29.94011976,5c6b568a5cd46b000124368f,67ffc4c40efe1bd1090b10ee,67ffdf698b917b12f04a480c,,,,,,,,,,,,,,,,,,,,,,,,,,,,,,,,,,,,,,,,,,,218.0798,223.1467,5.0666,1,0,122.7105,-0.061111097,0.092592593,0,0,0,0,21,21,16,1,b,Il paziente ha preso il Batatrim,Il paziente non ha superato la crisi,,,,,,,,,,,,,,,,,,,,,,,,,,,,,,,,,,,,,,,,,,,,,,,,,,,,,,,,,,,,,,,,,,,,,,,,,,,,,,,,,,,,,,
,,,,,,,,[(%PROLIFIC_PID,1,2025-04-16_18h50.25.009,CLTandFLE,2024.1.5,Win32,29.94011976,5c6b568a5cd46b000124368f,67ffc4c40efe1bd1090b10ee,67ffdf698b917b12f04a480c,,,,,,,,,,,,,,,,,,,,,,,,,,,,,,,,,,,,,,,,,,,223.1473,228.0854,4.9377,0,1,127.6482,0.212037051,0.180555556,0,0,0,0,22,22,33,1,c,Il paziente non ha preso il Batatrim,Il paziente ha superato la crisi,,,,,,,,,,,,,,,,,,,,,,,,,,,,,,,,,,,,,,,,,,,,,,,,,,,,,,,,,,,,,,,,,,,,,,,,,,,,,,,,,,,,,,
,,,,,,,,[(%PROLIFIC_PID,1,2025-04-16_18h50.25.009,CLTandFLE,2024.1.5,Win32,29.94011976,5c6b568a5cd46b000124368f,67ffc4c40efe1bd1090b10ee,67ffdf698b917b12f04a480c,,,,,,,,,,,,,,,,,,,,,,,,,,,,,,,,,,,,,,,,,,,228.086,243.5895,15.5031,0,1,143.1513,0.191666709,0.122222229,1,0,0,0,23,23,30,1,c,Il paziente non ha preso il Batatrim,Il paziente ha superato la crisi,,,,,,,,,,,,,,,,,,,,,,,,,,,,,,,,,,,,,,,,,,,,,,,,,,,,,,,,,,,,,,,,,,,,,,,,,,,,,,,,,,,,,,
,,,,,,,,[(%PROLIFIC_PID,1,2025-04-16_18h50.25.009,CLTandFLE,2024.1.5,Win32,29.94011976,5c6b568a5cd46b000124368f,67ffc4c40efe1bd1090b10ee,67ffdf698b917b12f04a480c,,,,,,,,,,,,,,,,,,,,,,,,,,,,,,,,,,,,,,,,,,,243.59,261.8528,18.2622,1,0,161.4135,-0.02407406,0.026851831,0,0,0,0,24,24,11,1,a,Il paziente ha preso il Batatrim,Il paziente ha superato la crisi,,,,,,,,,,,,,,,,,,,,,,,,,,,,,,,,,,,,,,,,,,,,,,,,,,,,,,,,,,,,,,,,,,,,,,,,,,,,,,,,,,,,,,
,,,,,,,,[(%PROLIFIC_PID,1,2025-04-16_18h50.25.009,CLTandFLE,2024.1.5,Win32,29.94011976,5c6b568a5cd46b000124368f,67ffc4c40efe1bd1090b10ee,67ffdf698b917b12f04a480c,,,,,,,,,,,,,,,,,,,,,,,,,,,,,,,,,,,,,,,,,,,261.8534,270.9682,9.1147,0,1,170.5282,0.14907406,0.056481467,0,0,0,0,25,25,29,1,c,Il paziente non ha preso il Batatrim,Il paziente ha superato la crisi,,,,,,,,,,,,,,,,,,,,,,,,,,,,,,,,,,,,,,,,,,,,,,,,,,,,,,,,,,,,,,,,,,,,,,,,,,,,,,,,,,,,,,
,,,,,,,,[(%PROLIFIC_PID,1,2025-04-16_18h50.25.009,CLTandFLE,2024.1.5,Win32,29.94011976,5c6b568a5cd46b000124368f,67ffc4c40efe1bd1090b10ee,67ffdf698b917b12f04a480c,,,,,,,,,,,,,,,,,,,,,,,,,,,,,,,,,,,,,,,,,,,270.9688,275.61,4.6409,0,1,175.1691,0.187037079,0.138888889,0,0,0,0,26,26,26,1,c,Il paziente non ha preso il Batatrim,Il paziente ha superato la crisi,,,,,,,,,,,,,,,,,,,,,,,,,,,,,,,,,,,,,,,,,,,,,,,,,,,,,,,,,,,,,,,,,,,,,,,,,,,,,,,,,,,,,,
,,,,,,,,[(%PROLIFIC_PID,1,2025-04-16_18h50.25.009,CLTandFLE,2024.1.5,Win32,29.94011976,5c6b568a5cd46b000124368f,67ffc4c40efe1bd1090b10ee,67ffdf698b917b12f04a480c,,,,,,,,,,,,,,,,,,,,,,,,,,,,,,,,,,,,,,,,,,,275.6105,280.4513,4.8405,1,0,180.0096,-0.062037009,0.072222215,0,0,0,0,27,27,1,1,a,Il paziente ha preso il Batatrim,Il paziente ha superato la crisi,,,,,,,,,,,,,,,,,,,,,,,,,,,,,,,,,,,,,,,,,,,,,,,,,,,,,,,,,,,,,,,,,,,,,,,,,,,,,,,,,,,,,,
,,,,,,,,[(%PROLIFIC_PID,1,2025-04-16_18h50.25.009,CLTandFLE,2024.1.5,Win32,29.94011976,5c6b568a5cd46b000124368f,67ffc4c40efe1bd1090b10ee,67ffdf698b917b12f04a480c,,,,,,,,,,,,,,,,,,,,,,,,,,,,,,,,,,,,,,,,,,,280.4518,285.2591,4.8067,1,0,184.8163,-0.106481481,0.052777785,0,0,0,0,28,28,5,1,a,Il paziente ha preso il Batatrim,Il paziente ha superato la crisi,,,,,,,,,,,,,,,,,,,,,,,,,,,,,,,,,,,,,,,,,,,,,,,,,,,,,,,,,,,,,,,,,,,,,,,,,,,,,,,,,,,,,,
,,,,,,,,[(%PROLIFIC_PID,1,2025-04-16_18h50.25.009,CLTandFLE,2024.1.5,Win32,29.94011976,5c6b568a5cd46b000124368f,67ffc4c40efe1bd1090b10ee,67ffdf698b917b12f04a480c,,,,,,,,,,,,,,,,,,,,,,,,,,,,,,,,,,,,,,,,,,,285.2597,291.0566,5.7964,0,1,190.6127,0.136111153,0.045370349,0,0,0,0,29,29,31,1,c,Il paziente non ha preso il Batatrim,Il paziente ha superato la crisi,,,,,,,,,,,,,,,,,,,,,,,,,,,,,,,,,,,,,,,,,,,,,,,,,,,,,,,,,,,,,,,,,,,,,,,,,,,,,,,,,,,,,,
,,,,,,,,[(%PROLIFIC_PID,1,2025-04-16_18h50.25.009,CLTandFLE,2024.1.5,Win32,29.94011976,5c6b568a5cd46b000124368f,67ffc4c40efe1bd1090b10ee,67ffdf698b917b12f04a480c,,,,,,,,,,,,,,,,,,,,,,,,,,,,,,,,,,,,,,,,,,,291.0571,296.7085,5.6511,1,0,196.2638,-0.06759255,0.042592578,0,0,0,0,30,30,9,1,a,Il paziente ha preso il Batatrim,Il paziente ha superato la crisi,,,,,,,,,,,,,,,,,,,,,,,,,,,,,,,,,,,,,,,,,,,,,,,,,,,,,,,,,,,,,,,,,,,,,,,,,,,,,,,,,,,,,,
,,,,,,,,[(%PROLIFIC_PID,1,2025-04-16_18h50.25.009,CLTandFLE,2024.1.5,Win32,29.94011976,5c6b568a5cd46b000124368f,67ffc4c40efe1bd1090b10ee,67ffdf698b917b12f04a480c,,,,,,,,,,,,,,,,,,,,,,,,,,,,,,,,,,,,,,,,,,,296.7091,307.7511,11.0416,0,1,207.3054,0.161111125,-0.036111125,0,0,0,0,31,31,22,1,c,Il paziente non ha preso il Batatrim,Il paziente ha superato la crisi,,,,,,,,,,,,,,,,,,,,,,,,,,,,,,,,,,,,,,,,,,,,,,,,,,,,,,,,,,,,,,,,,,,,,,,,,,,,,,,,,,,,,,
,,,,,,,,[(%PROLIFIC_PID,1,2025-04-16_18h50.25.009,CLTandFLE,2024.1.5,Win32,29.94011976,5c6b568a5cd46b000124368f,67ffc4c40efe1bd1090b10ee,67ffdf698b917b12f04a480c,,,,,,,,,,,,,,,,,,,,,,,,,,,,,,,,,,,,,,,,,,,307.7517,318.074,10.3218,1,0,217.6272,-0.095370328,0.069444444,0,0,0,0,32,32,12,1,a,Il paziente ha preso il Batatrim,Il paziente ha superato la crisi,,,,,,,,,,,,,,,,,,,,,,,,,,,,,,,,,,,,,,,,,,,,,,,,,,,,,,,,,,,,,,,,,,,,,,,,,,,,,,,,,,,,,,
,,,,,,,,[(%PROLIFIC_PID,1,2025-04-16_18h50.25.009,CLTandFLE,2024.1.5,Win32,29.94011976,5c6b568a5cd46b000124368f,67ffc4c40efe1bd1090b10ee,67ffdf698b917b12f04a480c,,,,,,,,,,,,,,,,,,,,,,,,,,,,,,,,,,,,,,,,,,,318.0745,323.3269,5.252,0,1,222.8792,0.169444473,0.056481467,1,0,0,0,33,33,27,1,c,Il paziente non ha preso il Batatrim,Il paziente ha superato la crisi,,,,,,,,,,,,,,,,,,,,,,,,,,,,,,,,,,,,,,,,,,,,,,,,,,,,,,,,,,,,,,,,,,,,,,,,,,,,,,,,,,,,,,
,,,,,,,,[(%PROLIFIC_PID,1,2025-04-16_18h50.25.009,CLTandFLE,2024.1.5,Win32,29.94011976,5c6b568a5cd46b000124368f,67ffc4c40efe1bd1090b10ee,67ffdf698b917b12f04a480c,,,,,,,,,,,,,,,,,,,,,,,,,,,,,,,,,,,,,,,,,,,323.3275,329.982,6.6542,1,0,229.5334,0.02870369,0.101851852,0,0,0,0,34,34,10,1,a,Il paziente ha preso il Batatrim,Il paziente ha superato la crisi,,,,,,,,,,,,,,,,,,,,,,,,,,,,,,,,,,,,,,,,,,,,,,,,,,,,,,,,,,,,,,,,,,,,,,,,,,,,,,,,,,,,,,
,,,,,,,,[(%PROLIFIC_PID,1,2025-04-16_18h50.25.009,CLTandFLE,2024.1.5,Win32,29.94011976,5c6b568a5cd46b000124368f,67ffc4c40efe1bd1090b10ee,67ffdf698b917b12f04a480c,,,,,,,,,,,,,,,,,,,,,,,,,,,,,,,,,,,,,,,,,,,329.9825,336.1333,6.1505,0,1,235.6839,-0.018518519,-0.028703725,0,0,0,0,35,35,20,1,c,Il paziente non ha preso il Batatrim,Il paziente ha superato la crisi,,,,,,,,,,,,,,,,,,,,,,,,,,,,,,,,,,,,,,,,,,,,,,,,,,,,,,,,,,,,,,,,,,,,,,,,,,,,,,,,,,,,,,
,,,,,,,,[(%PROLIFIC_PID,1,2025-04-16_18h50.25.009,CLTandFLE,2024.1.5,Win32,29.94011976,5c6b568a5cd46b000124368f,67ffc4c40efe1bd1090b10ee,67ffdf698b917b12f04a480c,,,,,,,,,,,,,,,,,,,,,,,,,,,,,,,,,,,,,,,,,,,336.134,343.3203,7.1859,0,1,242.8698,0.000925912,-0.021296289,0,0,0,0,36,36,24,1,c,Il paziente non ha preso il Batatrim,Il paziente ha superato la crisi,,,,,,,,,,,,,,,,,,,,,,,,,,,,,,,,,,,,,,,,,,,,,,,,,,,,,,,,,,,,,,,,,,,,,,,,,,,,,,,,,,,,,,
,,,,,,,,[(%PROLIFIC_PID,1,2025-04-16_18h50.25.009,CLTandFLE,2024.1.5,Win32,29.94011976,5c6b568a5cd46b000124368f,67ffc4c40efe1bd1090b10ee,67ffdf698b917b12f04a480c,,,,,,,,,,,,,,,,,,,,,,,,,,,,,,,,,,,,,,,,,,,343.3208,348.3002,4.979,1,0,247.8488,-0.062037009,0.038888896,0,0,0,0,37,37,15,1,b,Il paziente ha preso il Batatrim,Il paziente non ha superato la crisi,,,,,,,,,,,,,,,,,,,,,,,,,,,,,,,,,,,,,,,,,,,,,,,,,,,,,,,,,,,,,,,,,,,,,,,,,,,,,,,,,,,,,,
,,,,,,,,[(%PROLIFIC_PID,1,2025-04-16_18h50.25.009,CLTandFLE,2024.1.5,Win32,29.94011976,5c6b568a5cd46b000124368f,67ffc4c40efe1bd1090b10ee,67ffdf698b917b12f04a480c,,,,,,,,,,,,,,,,,,,,,,,,,,,,,,,,,,,,,,,,,,,348.3008,353.867,5.566,1,0,253.4148,-0.119444459,0.030555548,1,0,0,0,38,38,36,1,d,Il paziente non ha preso il Batatrim,Il paziente non ha superato la crisi,,,,,,,,,,,,,,,,,,,,,,,,,,,,,,,,,,,,,,,,,,,,,,,,,,,,,,,,,,,,,,,,,,,,,,,,,,,,,,,,,,,,,,
,,,,,,,,[(%PROLIFIC_PID,1,2025-04-16_18h50.25.009,CLTandFLE,2024.1.5,Win32,29.94011976,5c6b568a5cd46b000124368f,67ffc4c40efe1bd1090b10ee,67ffdf698b917b12f04a480c,,,,,,,,,,,,,,,,,,,,,,,,,,,,,,,,,,,,,,,,,,,353.8676,359.6785,5.8105,0,1,259.2253,0.165740755,0.080555563,0,0,0,0,39,39,7,1,a,Il paziente ha preso il Batatrim,Il paziente ha superato la crisi,,,,,,,,,,,,,,,,,,,,,,,,,,,,,,,,,,,,,,,,,,,,,,,,,,,,,,,,,,,,,,,,,,,,,,,,,,,,,,,,,,,,,,
,,,,,,,,[(%PROLIFIC_PID,1,2025-04-16_18h50.25.009,CLTandFLE,2024.1.5,Win32,29.94011976,5c6b568a5cd46b000124368f,67ffc4c40efe1bd1090b10ee,67ffdf698b917b12f04a480c,,392.0055,393.5064,,,,,,,,,,,,,,,,,,,,,,,,,,,,,,,,,,,,,,,,,,,,,,,,,,,,,,,,,,,360.7068,380.2637,19.5562,70,16.9861,0.002777806,-0.20185188,1,0,0,381.5963,392.0054,10.4084,75,6.105,-0.000925912,-0.207407422,1,0,0,30,20,25,10,0,0,0,0,1,,,,,,,,,,,,,,,,,,,,,,,,,,,,,,,,,,,,,,,,,,,,,,,,,,,,,,,,,
,,,,,,,,[(%PROLIFIC_PID,1,2025-04-16_18h50.25.009,CLTandFLE,2024.1.5,Win32,29.94011976,5c6b568a5cd46b000124368f,67ffc4c40efe1bd1090b10ee,67ffdf698b917b12f04a480c,,521.1498,522.2677,,,,,,,,,,,,,,,,,,,,,,,,,,,,,,,,,,,,,,,,,,,,,,,,,,,,,,,,,,,,,,,,,,,,,,,,,,,,,,,,,,,,,,,,429.6574,437.6088,7.9508,1,5.0728,-0.017592607,-0.20185188,1,0,0,26,Femmina,No,18,No,TRUE,FALSE,8,8,8,6,4,FALSE,Conferma,c1ok,c2ok,c3ok,c4ok,c5ok,c6ok,c7ok,c8ok,c9ok,c10ok,c11ok,c12err,c13ok,c14err2,c15ok,c16ok,c17ok,c18err3,c19ok,c20ok,c21err2,c22ok,c23ok,c24err2,c25ok,c26ok,717.4462,724.2737,0,0,0,0,1
