﻿Alfa.started,Alfa.stopped,alfa_mouse.x,alfa_mouse.y,alfa_mouse.leftButton,alfa_mouse.midButton,alfa_mouse.rightButton,alfa_mouse.clicked_name,participant,group,date,expName,psychopyVersion,OS,frameRate,PROLIFIC_PID,STUDY_ID,SESSION_ID,)],ITI.started,ITI.stopped,B_consensoinformato.started,B_consensoinformato.stopped,tempo_consenso,cons_mouse.x,cons_mouse.y,cons_mouse.leftButton,cons_mouse.midButton,cons_mouse.rightButton,A_benvenuto.started,A_benvenuto.stopped,ben_mouse.x,ben_mouse.y,ben_mouse.leftButton,ben_mouse.midButton,ben_mouse.rightButton,B2_istruzioni.started,B2_istruzioni.stopped,tempo_istru,cons_mouse_2.x,cons_mouse_2.y,cons_mouse_2.leftButton,cons_mouse_2.midButton,cons_mouse_2.rightButton,SAMevaluation.started,SAMevaluation.stopped,temposam,sliderintensity.response,sliderintensity.rt,slidervalence.response,slidervalence.rt,mouse_sam.x,mouse_sam.y,mouse_sam.leftButton,mouse_sam.midButton,mouse_sam.rightButton,mouse_sam.time,mouse_sam.clicked_name,Loading.started,Loading.stopped,C_associative_task.started,C_associative_task.stopped,tempo_trial,hapremutosi,hapremutono,tempo_tasktot,mouse.x,mouse.y,mouse.leftButton,mouse.midButton,mouse.rightButton,trials.thisRepN,trials.thisTrialN,trials.thisN,trials.thisIndex,trials.ran,cond,causa,effetto,D_VD.started,D_VD.stopped,tempo_vd,vd.response,vd.rt,mouse_vd.x,mouse_vd.y,mouse_vd.leftButton,mouse_vd.midButton,mouse_vd.rightButton,Previous.started,Previous.stopped,tempo_vd1,previous.response,previous.rt,mouse_vd_2.x,mouse_vd_2.y,mouse_vd_2.leftButton,mouse_vd_2.midButton,mouse_vd_2.rightButton,EstENG.TrialNN,EstENG.TrialNS,EstENG.TrialSN,EstENG.TrialSS,ingesta.thisRepN,ingesta.thisTrialN,ingesta.thisN,ingesta.thisIndex,ingesta.ran,PF.started,PF.stopped,tempo_pf,processfluency.response,processfluency.rt,mouse_ch.x,mouse_ch.y,mouse_ch.leftButton,mouse_ch.midButton,mouse_ch.rightButton,Questionario_Lingua.Age,Questionario_Lingua.Sesso,Questionario_Lingua.StaiStudiando?,Questionario_Lingua.Anniscolarita,Questionario_Lingua.Diploma,Questionario_Lingua.ItaMADRE?,Questionario_Lingua.INGmadre?,Questionario_Lingua.Q5(AOAIng),Questionario_Lingua.INGLETTURA,Questionario_Lingua.INGCOMPRESO,Questionario_Lingua.INGSCRITTO,Questionario_Lingua.INGPARLATO,Questionario_Lingua.haivissutoestero,ProvaInglese.ProcediamoENg,ProvaInglese.C1,ProvaInglese.C2,ProvaInglese.C3,ProvaInglese.C4,ProvaInglese.C5,ProvaInglese.C6,ProvaInglese.C7,ProvaInglese.C8,ProvaInglese.C9,ProvaInglese.C10,ProvaInglese.C11,ProvaInglese.C12,ProvaInglese.C13,ProvaInglese.C14,ProvaInglese.C15,ProvaInglese.C16,ProvaInglese.C17,ProvaInglese.C18,ProvaInglese.C19,ProvaInglese.C20,ProvaInglese.C21,ProvaInglese.C22,ProvaInglese.C23,ProvaInglese.C24,ProvaInglese.C25,ProvaInglese.controlquestion,Ant_lastquestion.started,Ant_lastquestion.stopped,exp_loop.thisRepN,exp_loop.thisTrialN,exp_loop.thisN,exp_loop.thisIndex,exp_loop.ran
0.0003,7.232,-0.027638855,-0.008333333,1,0,0,alfa_mask,[(%PROLIFIC_PID,2,2025-04-16_19h50.18.061,CLTandFLE,2024.1.5,Win32,59.88023952,5d973069cb19b600164e2195,67ffc4c40efe1bd1090b10ee,67ffed0fcab81d3bfd99e94a,,,,,,,,,,,,,,,,,,,,,,,,,,,,,,,,,,,,,,,,,,,,,,,,,,,,,,,,,,,,,,,,,,,,,,,,,,,,,,,,,,,,,,,,,,,,,,,,,,,,,,,,,,,,,,,,,,,,,,,,,,,,,,,,,,,,,,,,,,,,,,,,,,,
,,,,,,,,[(%PROLIFIC_PID,2,2025-04-16_19h50.18.061,CLTandFLE,2024.1.5,Win32,59.88023952,5d973069cb19b600164e2195,67ffc4c40efe1bd1090b10ee,67ffed0fcab81d3bfd99e94a,,7.2328,8.225,,,,,,,,,,,,,,,,,,,,,,,,,,,,,,,,,,,,,,,,,,,,,,,,,,,,,,,,,,,,,,,,,,,,,,,,,,,,,,,,,,,,,,,,,,,,,,,,,,,,,,,,,,,,,,,,,,,,,,,,,,,,,,,,,,,,,,,,,,,,,,,,
,,,,,,,,[(%PROLIFIC_PID,2,2025-04-16_19h50.18.061,CLTandFLE,2024.1.5,Win32,59.88023952,5d973069cb19b600164e2195,67ffc4c40efe1bd1090b10ee,67ffed0fcab81d3bfd99e94a,,,,8.2258,18.4378,10.211,0.23347229,-0.386111145,1,0,0,,,,,,,,,,,,,,,,,,,,,,,,,,,,,,,,,,,,,,,,,,,,,,,,,,,,,,,,,,,,,,,,,,,,,,,,,,,,,,,,,,,,,,,,,,,,,,,,,,,,,,,,,,,,,,,,,,,,,,,,,,,,,,,,,,,,,,,,
,,,,,,,,[(%PROLIFIC_PID,2,2025-04-16_19h50.18.061,CLTandFLE,2024.1.5,Win32,59.88023952,5d973069cb19b600164e2195,67ffc4c40efe1bd1090b10ee,67ffed0fcab81d3bfd99e94a,,129.7751,130.7744,,,,,,,,,19.4255,22.3245,0.009398193,-0.080555573,1,0,0,23.3082,77.6424,54.3325,-0.005416667,-0.362037048,1,0,0,78.6417,121.7594,43.1158,1,33.8264,1,3.7791,"[0.006620381673177083,-0.0007869466145833333,0.02143524169921875,0.2751389567057292,0.26495371500651044,0.2945835367838542,0.3742131551106771,-0.023935139973958332]","[0.1990740712483724,-0.01203704833984375,-0.004629669189453125,-0.0027778116861979165,-0.0018518575032552083,-0.0009259541829427083,-0.0027778116861979165,-0.18333343505859376]","[1,1,1,1,1,1,1,1]","[0,0,0,0,0,0,0,0]","[0,0,0,0,0,0,0,0]","[3.174799999952313,6.651499999999999,29.49229999995231,30.188399999976156,30.43849999999999,30.955599999964235,32.197699999988075,43.108699999988076]","[""slidervalence"",""sliderintensity"",""sliderintensity"",""sliderintensity"",""sliderintensity"",""sliderintensity"",""rettoksam""]",122.77,129.775,130.8025,140.4493,9.646,0,1,9.646,0.147361145,-0.027777812,0,0,0,0,0,0,27,1,c,The patient has not taken Batatrim,The patient has overcome the crisis,,,,,,,,,,,,,,,,,,,,,,,,,,,,,,,,,,,,,,,,,,,,,,,,,,,,,,,,,,,,,,,,,,,,,,,,,,,,,,,,,,,,,,
,,,,,,,,[(%PROLIFIC_PID,2,2025-04-16_19h50.18.061,CLTandFLE,2024.1.5,Win32,59.88023952,5d973069cb19b600164e2195,67ffc4c40efe1bd1090b10ee,67ffed0fcab81d3bfd99e94a,,,,,,,,,,,,,,,,,,,,,,,,,,,,,,,,,,,,,,,,,,,140.4502,146.9167,6.4662,1,0,16.1122,-0.220231374,-0.028703715,0,0,0,0,1,1,2,1,a,The patient has taken Batatrim,The patient has overcome the crisis,,,,,,,,,,,,,,,,,,,,,,,,,,,,,,,,,,,,,,,,,,,,,,,,,,,,,,,,,,,,,,,,,,,,,,,,,,,,,,,,,,,,,,
,,,,,,,,[(%PROLIFIC_PID,2,2025-04-16_19h50.18.061,CLTandFLE,2024.1.5,Win32,59.88023952,5d973069cb19b600164e2195,67ffc4c40efe1bd1090b10ee,67ffed0fcab81d3bfd99e94a,,,,,,,,,,,,,,,,,,,,,,,,,,,,,,,,,,,,,,,,,,,146.9172,154.1176,7.2003,1,0,23.3125,-0.220231374,-0.028703715,0,0,0,0,2,2,11,1,a,The patient has taken Batatrim,The patient has overcome the crisis,,,,,,,,,,,,,,,,,,,,,,,,,,,,,,,,,,,,,,,,,,,,,,,,,,,,,,,,,,,,,,,,,,,,,,,,,,,,,,,,,,,,,,
,,,,,,,,[(%PROLIFIC_PID,2,2025-04-16_19h50.18.061,CLTandFLE,2024.1.5,Win32,59.88023952,5d973069cb19b600164e2195,67ffc4c40efe1bd1090b10ee,67ffed0fcab81d3bfd99e94a,,,,,,,,,,,,,,,,,,,,,,,,,,,,,,,,,,,,,,,,,,,154.118,160.9805,6.8623,0,1,30.1748,-0.105416565,-0.043518524,0,0,0,0,3,3,0,1,a,The patient has taken Batatrim,The patient has overcome the crisis,,,,,,,,,,,,,,,,,,,,,,,,,,,,,,,,,,,,,,,,,,,,,,,,,,,,,,,,,,,,,,,,,,,,,,,,,,,,,,,,,,,,,,
,,,,,,,,[(%PROLIFIC_PID,2,2025-04-16_19h50.18.061,CLTandFLE,2024.1.5,Win32,59.88023952,5d973069cb19b600164e2195,67ffc4c40efe1bd1090b10ee,67ffed0fcab81d3bfd99e94a,,,,,,,,,,,,,,,,,,,,,,,,,,,,,,,,,,,,,,,,,,,160.9811,169.3486,8.3673,1,0,38.5421,-0.151712952,-0.051851858,0,0,0,0,4,4,38,1,d,The patient has not taken Batatrim,The patient has not overcome the crisis,,,,,,,,,,,,,,,,,,,,,,,,,,,,,,,,,,,,,,,,,,,,,,,,,,,,,,,,,,,,,,,,,,,,,,,,,,,,,,,,,,,,,,
,,,,,,,,[(%PROLIFIC_PID,2,2025-04-16_19h50.18.061,CLTandFLE,2024.1.5,Win32,59.88023952,5d973069cb19b600164e2195,67ffc4c40efe1bd1090b10ee,67ffed0fcab81d3bfd99e94a,,,,,,,,,,,,,,,,,,,,,,,,,,,,,,,,,,,,,,,,,,,169.3489,174.8609,5.5118,1,0,44.0539,-0.154490712,-0.053703715,0,0,0,0,5,5,5,1,a,The patient has taken Batatrim,The patient has overcome the crisis,,,,,,,,,,,,,,,,,,,,,,,,,,,,,,,,,,,,,,,,,,,,,,,,,,,,,,,,,,,,,,,,,,,,,,,,,,,,,,,,,,,,,,
,,,,,,,,[(%PROLIFIC_PID,2,2025-04-16_19h50.18.061,CLTandFLE,2024.1.5,Win32,59.88023952,5d973069cb19b600164e2195,67ffc4c40efe1bd1090b10ee,67ffed0fcab81d3bfd99e94a,,,,,,,,,,,,,,,,,,,,,,,,,,,,,,,,,,,,,,,,,,,174.8612,179.6484,4.787,1,0,48.8409,-0.155416565,-0.053703715,0,0,0,0,6,6,15,1,b,The patient has taken Batatrim,The patient has not overcome the crisis,,,,,,,,,,,,,,,,,,,,,,,,,,,,,,,,,,,,,,,,,,,,,,,,,,,,,,,,,,,,,,,,,,,,,,,,,,,,,,,,,,,,,,
,,,,,,,,[(%PROLIFIC_PID,2,2025-04-16_19h50.18.061,CLTandFLE,2024.1.5,Win32,59.88023952,5d973069cb19b600164e2195,67ffc4c40efe1bd1090b10ee,67ffed0fcab81d3bfd99e94a,,,,,,,,,,,,,,,,,,,,,,,,,,,,,,,,,,,,,,,,,,,179.6489,184.6785,5.0296,1,0,53.8705,-0.155416565,-0.053703715,0,0,0,0,7,7,18,1,b,The patient has taken Batatrim,The patient has not overcome the crisis,,,,,,,,,,,,,,,,,,,,,,,,,,,,,,,,,,,,,,,,,,,,,,,,,,,,,,,,,,,,,,,,,,,,,,,,,,,,,,,,,,,,,,
,,,,,,,,[(%PROLIFIC_PID,2,2025-04-16_19h50.18.061,CLTandFLE,2024.1.5,Win32,59.88023952,5d973069cb19b600164e2195,67ffc4c40efe1bd1090b10ee,67ffed0fcab81d3bfd99e94a,,,,,,,,,,,,,,,,,,,,,,,,,,,,,,,,,,,,,,,,,,,184.6791,190.2794,5.6,0,1,59.4705,0.08625,-0.035185191,0,0,0,0,8,8,26,1,c,The patient has not taken Batatrim,The patient has overcome the crisis,,,,,,,,,,,,,,,,,,,,,,,,,,,,,,,,,,,,,,,,,,,,,,,,,,,,,,,,,,,,,,,,,,,,,,,,,,,,,,,,,,,,,,
,,,,,,,,[(%PROLIFIC_PID,2,2025-04-16_19h50.18.061,CLTandFLE,2024.1.5,Win32,59.88023952,5d973069cb19b600164e2195,67ffc4c40efe1bd1090b10ee,67ffed0fcab81d3bfd99e94a,,,,,,,,,,,,,,,,,,,,,,,,,,,,,,,,,,,,,,,,,,,190.28,195.9843,5.7039,1,0,65.1744,-0.209120331,-0.05740743,0,0,0,0,9,9,16,1,b,The patient has taken Batatrim,The patient has not overcome the crisis,,,,,,,,,,,,,,,,,,,,,,,,,,,,,,,,,,,,,,,,,,,,,,,,,,,,,,,,,,,,,,,,,,,,,,,,,,,,,,,,,,,,,,
,,,,,,,,[(%PROLIFIC_PID,2,2025-04-16_19h50.18.061,CLTandFLE,2024.1.5,Win32,59.88023952,5d973069cb19b600164e2195,67ffc4c40efe1bd1090b10ee,67ffed0fcab81d3bfd99e94a,,,,,,,,,,,,,,,,,,,,,,,,,,,,,,,,,,,,,,,,,,,195.9848,202.923,6.938,1,0,72.1124,-0.133194427,-0.049074097,0,0,0,0,10,10,25,1,c,The patient has not taken Batatrim,The patient has overcome the crisis,,,,,,,,,,,,,,,,,,,,,,,,,,,,,,,,,,,,,,,,,,,,,,,,,,,,,,,,,,,,,,,,,,,,,,,,,,,,,,,,,,,,,,
,,,,,,,,[(%PROLIFIC_PID,2,2025-04-16_19h50.18.061,CLTandFLE,2024.1.5,Win32,59.88023952,5d973069cb19b600164e2195,67ffc4c40efe1bd1090b10ee,67ffed0fcab81d3bfd99e94a,,,,,,,,,,,,,,,,,,,,,,,,,,,,,,,,,,,,,,,,,,,202.9233,207.5632,4.6397,1,0,76.7521,-0.133194427,-0.049074097,0,0,0,0,11,11,7,1,a,The patient has taken Batatrim,The patient has overcome the crisis,,,,,,,,,,,,,,,,,,,,,,,,,,,,,,,,,,,,,,,,,,,,,,,,,,,,,,,,,,,,,,,,,,,,,,,,,,,,,,,,,,,,,,
,,,,,,,,[(%PROLIFIC_PID,2,2025-04-16_19h50.18.061,CLTandFLE,2024.1.5,Win32,59.88023952,5d973069cb19b600164e2195,67ffc4c40efe1bd1090b10ee,67ffed0fcab81d3bfd99e94a,,,,,,,,,,,,,,,,,,,,,,,,,,,,,,,,,,,,,,,,,,,207.5635,212.7845,5.2209,0,1,81.973,-0.162824046,-0.043518524,0,0,0,0,12,12,20,1,c,The patient has not taken Batatrim,The patient has overcome the crisis,,,,,,,,,,,,,,,,,,,,,,,,,,,,,,,,,,,,,,,,,,,,,,,,,,,,,,,,,,,,,,,,,,,,,,,,,,,,,,,,,,,,,,
,,,,,,,,[(%PROLIFIC_PID,2,2025-04-16_19h50.18.061,CLTandFLE,2024.1.5,Win32,59.88023952,5d973069cb19b600164e2195,67ffc4c40efe1bd1090b10ee,67ffed0fcab81d3bfd99e94a,,,,,,,,,,,,,,,,,,,,,,,,,,,,,,,,,,,,,,,,,,,212.7851,218.0261,5.2409,0,1,87.2139,0.113101908,-0.036111145,0,0,0,0,13,13,39,1,d,The patient has not taken Batatrim,The patient has not overcome the crisis,,,,,,,,,,,,,,,,,,,,,,,,,,,,,,,,,,,,,,,,,,,,,,,,,,,,,,,,,,,,,,,,,,,,,,,,,,,,,,,,,,,,,,
,,,,,,,,[(%PROLIFIC_PID,2,2025-04-16_19h50.18.061,CLTandFLE,2024.1.5,Win32,59.88023952,5d973069cb19b600164e2195,67ffc4c40efe1bd1090b10ee,67ffed0fcab81d3bfd99e94a,,,,,,,,,,,,,,,,,,,,,,,,,,,,,,,,,,,,,,,,,,,218.0264,222.4701,4.4435,0,1,91.6574,0.098287048,-0.037963003,0,0,0,0,14,14,30,1,c,The patient has not taken Batatrim,The patient has overcome the crisis,,,,,,,,,,,,,,,,,,,,,,,,,,,,,,,,,,,,,,,,,,,,,,,,,,,,,,,,,,,,,,,,,,,,,,,,,,,,,,,,,,,,,,
,,,,,,,,[(%PROLIFIC_PID,2,2025-04-16_19h50.18.061,CLTandFLE,2024.1.5,Win32,59.88023952,5d973069cb19b600164e2195,67ffc4c40efe1bd1090b10ee,67ffed0fcab81d3bfd99e94a,,,,,,,,,,,,,,,,,,,,,,,,,,,,,,,,,,,,,,,,,,,222.4705,227.3743,4.9037,1,0,96.5611,-0.13134257,-0.049074097,0,0,0,0,15,15,10,1,a,The patient has taken Batatrim,The patient has overcome the crisis,,,,,,,,,,,,,,,,,,,,,,,,,,,,,,,,,,,,,,,,,,,,,,,,,,,,,,,,,,,,,,,,,,,,,,,,,,,,,,,,,,,,,,
,,,,,,,,[(%PROLIFIC_PID,2,2025-04-16_19h50.18.061,CLTandFLE,2024.1.5,Win32,59.88023952,5d973069cb19b600164e2195,67ffc4c40efe1bd1090b10ee,67ffed0fcab81d3bfd99e94a,,,,,,,,,,,,,,,,,,,,,,,,,,,,,,,,,,,,,,,,,,,227.3747,232.3542,4.979,0,1,101.5401,0.055694478,-0.014814911,0,0,0,0,16,16,21,1,c,The patient has not taken Batatrim,The patient has overcome the crisis,,,,,,,,,,,,,,,,,,,,,,,,,,,,,,,,,,,,,,,,,,,,,,,,,,,,,,,,,,,,,,,,,,,,,,,,,,,,,,,,,,,,,,
,,,,,,,,[(%PROLIFIC_PID,2,2025-04-16_19h50.18.061,CLTandFLE,2024.1.5,Win32,59.88023952,5d973069cb19b600164e2195,67ffc4c40efe1bd1090b10ee,67ffed0fcab81d3bfd99e94a,,,,,,,,,,,,,,,,,,,,,,,,,,,,,,,,,,,,,,,,,,,232.355,237.2434,4.8882,0,1,106.4283,0.160324097,-0.018518524,0,0,0,0,17,17,36,1,d,The patient has not taken Batatrim,The patient has not overcome the crisis,,,,,,,,,,,,,,,,,,,,,,,,,,,,,,,,,,,,,,,,,,,,,,,,,,,,,,,,,,,,,,,,,,,,,,,,,,,,,,,,,,,,,,
,,,,,,,,[(%PROLIFIC_PID,2,2025-04-16_19h50.18.061,CLTandFLE,2024.1.5,Win32,59.88023952,5d973069cb19b600164e2195,67ffc4c40efe1bd1090b10ee,67ffed0fcab81d3bfd99e94a,,,,,,,,,,,,,,,,,,,,,,,,,,,,,,,,,,,,,,,,,,,237.2438,241.7424,4.4984,0,1,110.9267,0.15847229,-0.018518524,0,0,0,0,18,18,32,1,c,The patient has not taken Batatrim,The patient has overcome the crisis,,,,,,,,,,,,,,,,,,,,,,,,,,,,,,,,,,,,,,,,,,,,,,,,,,,,,,,,,,,,,,,,,,,,,,,,,,,,,,,,,,,,,,
,,,,,,,,[(%PROLIFIC_PID,2,2025-04-16_19h50.18.061,CLTandFLE,2024.1.5,Win32,59.88023952,5d973069cb19b600164e2195,67ffc4c40efe1bd1090b10ee,67ffed0fcab81d3bfd99e94a,,,,,,,,,,,,,,,,,,,,,,,,,,,,,,,,,,,,,,,,,,,241.7429,247.0791,5.3361,1,0,116.2628,-0.180416565,-0.028703715,0,0,0,0,19,19,17,1,b,The patient has taken Batatrim,The patient has not overcome the crisis,,,,,,,,,,,,,,,,,,,,,,,,,,,,,,,,,,,,,,,,,,,,,,,,,,,,,,,,,,,,,,,,,,,,,,,,,,,,,,,,,,,,,,
,,,,,,,,[(%PROLIFIC_PID,2,2025-04-16_19h50.18.061,CLTandFLE,2024.1.5,Win32,59.88023952,5d973069cb19b600164e2195,67ffc4c40efe1bd1090b10ee,67ffed0fcab81d3bfd99e94a,,,,,,,,,,,,,,,,,,,,,,,,,,,,,,,,,,,,,,,,,,,247.0795,251.886,4.8063,0,1,121.0691,-0.127638855,-0.056481578,0,0,0,0,20,20,35,1,d,The patient has not taken Batatrim,The patient has not overcome the crisis,,,,,,,,,,,,,,,,,,,,,,,,,,,,,,,,,,,,,,,,,,,,,,,,,,,,,,,,,,,,,,,,,,,,,,,,,,,,,,,,,,,,,,
,,,,,,,,[(%PROLIFIC_PID,2,2025-04-16_19h50.18.061,CLTandFLE,2024.1.5,Win32,59.88023952,5d973069cb19b600164e2195,67ffc4c40efe1bd1090b10ee,67ffed0fcab81d3bfd99e94a,,,,,,,,,,,,,,,,,,,,,,,,,,,,,,,,,,,,,,,,,,,251.8864,256.5171,4.6305,0,1,125.6996,0.09365743,-0.025,0,0,0,0,21,21,6,1,a,The patient has taken Batatrim,The patient has overcome the crisis,,,,,,,,,,,,,,,,,,,,,,,,,,,,,,,,,,,,,,,,,,,,,,,,,,,,,,,,,,,,,,,,,,,,,,,,,,,,,,,,,,,,,,
,,,,,,,,[(%PROLIFIC_PID,2,2025-04-16_19h50.18.061,CLTandFLE,2024.1.5,Win32,59.88023952,5d973069cb19b600164e2195,67ffc4c40efe1bd1090b10ee,67ffed0fcab81d3bfd99e94a,,,,,,,,,,,,,,,,,,,,,,,,,,,,,,,,,,,,,,,,,,,256.5176,261.1826,4.6647,1,0,130.3643,0.159398193,-0.037963003,0,0,0,0,22,22,4,1,a,The patient has taken Batatrim,The patient has overcome the crisis,,,,,,,,,,,,,,,,,,,,,,,,,,,,,,,,,,,,,,,,,,,,,,,,,,,,,,,,,,,,,,,,,,,,,,,,,,,,,,,,,,,,,,
,,,,,,,,[(%PROLIFIC_PID,2,2025-04-16_19h50.18.061,CLTandFLE,2024.1.5,Win32,59.88023952,5d973069cb19b600164e2195,67ffc4c40efe1bd1090b10ee,67ffed0fcab81d3bfd99e94a,,,,,,,,,,,,,,,,,,,,,,,,,,,,,,,,,,,,,,,,,,,261.183,265.1792,3.996,0,1,134.3603,0.159398193,-0.037963003,0,0,0,0,23,23,29,1,c,The patient has not taken Batatrim,The patient has overcome the crisis,,,,,,,,,,,,,,,,,,,,,,,,,,,,,,,,,,,,,,,,,,,,,,,,,,,,,,,,,,,,,,,,,,,,,,,,,,,,,,,,,,,,,,
,,,,,,,,[(%PROLIFIC_PID,2,2025-04-16_19h50.18.061,CLTandFLE,2024.1.5,Win32,59.88023952,5d973069cb19b600164e2195,67ffc4c40efe1bd1090b10ee,67ffed0fcab81d3bfd99e94a,,,,,,,,,,,,,,,,,,,,,,,,,,,,,,,,,,,,,,,,,,,265.1795,269.1145,3.9349,0,1,138.2952,0.159398193,-0.037963003,0,0,0,0,24,24,9,1,a,The patient has taken Batatrim,The patient has overcome the crisis,,,,,,,,,,,,,,,,,,,,,,,,,,,,,,,,,,,,,,,,,,,,,,,,,,,,,,,,,,,,,,,,,,,,,,,,,,,,,,,,,,,,,,
,,,,,,,,[(%PROLIFIC_PID,2,2025-04-16_19h50.18.061,CLTandFLE,2024.1.5,Win32,59.88023952,5d973069cb19b600164e2195,67ffc4c40efe1bd1090b10ee,67ffed0fcab81d3bfd99e94a,,,,,,,,,,,,,,,,,,,,,,,,,,,,,,,,,,,,,,,,,,,269.115,273.1699,4.0548,1,0,142.35,-0.152638855,-0.048148244,0,0,0,0,25,25,33,1,c,The patient has not taken Batatrim,The patient has overcome the crisis,,,,,,,,,,,,,,,,,,,,,,,,,,,,,,,,,,,,,,,,,,,,,,,,,,,,,,,,,,,,,,,,,,,,,,,,,,,,,,,,,,,,,,
,,,,,,,,[(%PROLIFIC_PID,2,2025-04-16_19h50.18.061,CLTandFLE,2024.1.5,Win32,59.88023952,5d973069cb19b600164e2195,67ffc4c40efe1bd1090b10ee,67ffed0fcab81d3bfd99e94a,,,,,,,,,,,,,,,,,,,,,,,,,,,,,,,,,,,,,,,,,,,273.1706,277.2344,4.0636,1,0,146.4136,-0.150786997,-0.048148244,0,0,0,0,26,26,31,1,c,The patient has not taken Batatrim,The patient has overcome the crisis,,,,,,,,,,,,,,,,,,,,,,,,,,,,,,,,,,,,,,,,,,,,,,,,,,,,,,,,,,,,,,,,,,,,,,,,,,,,,,,,,,,,,,
,,,,,,,,[(%PROLIFIC_PID,2,2025-04-16_19h50.18.061,CLTandFLE,2024.1.5,Win32,59.88023952,5d973069cb19b600164e2195,67ffc4c40efe1bd1090b10ee,67ffed0fcab81d3bfd99e94a,,,,,,,,,,,,,,,,,,,,,,,,,,,,,,,,,,,,,,,,,,,277.2349,281.6801,4.445,0,1,150.8586,0.141805623,-0.041666768,0,0,0,0,27,27,23,1,c,The patient has not taken Batatrim,The patient has overcome the crisis,,,,,,,,,,,,,,,,,,,,,,,,,,,,,,,,,,,,,,,,,,,,,,,,,,,,,,,,,,,,,,,,,,,,,,,,,,,,,,,,,,,,,,
,,,,,,,,[(%PROLIFIC_PID,2,2025-04-16_19h50.18.061,CLTandFLE,2024.1.5,Win32,59.88023952,5d973069cb19b600164e2195,67ffc4c40efe1bd1090b10ee,67ffed0fcab81d3bfd99e94a,,,,,,,,,,,,,,,,,,,,,,,,,,,,,,,,,,,,,,,,,,,281.6808,286.1424,4.4614,1,0,155.32,-0.182268473,-0.040740763,0,0,0,0,28,28,8,1,a,The patient has taken Batatrim,The patient has overcome the crisis,,,,,,,,,,,,,,,,,,,,,,,,,,,,,,,,,,,,,,,,,,,,,,,,,,,,,,,,,,,,,,,,,,,,,,,,,,,,,,,,,,,,,,
,,,,,,,,[(%PROLIFIC_PID,2,2025-04-16_19h50.18.061,CLTandFLE,2024.1.5,Win32,59.88023952,5d973069cb19b600164e2195,67ffc4c40efe1bd1090b10ee,67ffed0fcab81d3bfd99e94a,,,,,,,,,,,,,,,,,,,,,,,,,,,,,,,,,,,,,,,,,,,286.143,290.6978,4.5544,0,1,159.8744,0.22606486,-0.037963003,0,0,0,0,29,29,13,1,a,The patient has taken Batatrim,The patient has overcome the crisis,,,,,,,,,,,,,,,,,,,,,,,,,,,,,,,,,,,,,,,,,,,,,,,,,,,,,,,,,,,,,,,,,,,,,,,,,,,,,,,,,,,,,,
,,,,,,,,[(%PROLIFIC_PID,2,2025-04-16_19h50.18.061,CLTandFLE,2024.1.5,Win32,59.88023952,5d973069cb19b600164e2195,67ffc4c40efe1bd1090b10ee,67ffed0fcab81d3bfd99e94a,,,,,,,,,,,,,,,,,,,,,,,,,,,,,,,,,,,,,,,,,,,290.6985,294.8044,4.1058,0,1,163.9802,0.22606486,-0.037963003,0,0,0,0,30,30,12,1,a,The patient has taken Batatrim,The patient has overcome the crisis,,,,,,,,,,,,,,,,,,,,,,,,,,,,,,,,,,,,,,,,,,,,,,,,,,,,,,,,,,,,,,,,,,,,,,,,,,,,,,,,,,,,,,
,,,,,,,,[(%PROLIFIC_PID,2,2025-04-16_19h50.18.061,CLTandFLE,2024.1.5,Win32,59.88023952,5d973069cb19b600164e2195,67ffc4c40efe1bd1090b10ee,67ffed0fcab81d3bfd99e94a,,,,,,,,,,,,,,,,,,,,,,,,,,,,,,,,,,,,,,,,,,,294.8048,299.0268,4.2219,0,1,168.2021,0.22606486,-0.037963003,0,0,0,0,31,31,37,1,d,The patient has not taken Batatrim,The patient has not overcome the crisis,,,,,,,,,,,,,,,,,,,,,,,,,,,,,,,,,,,,,,,,,,,,,,,,,,,,,,,,,,,,,,,,,,,,,,,,,,,,,,,,,,,,,,
,,,,,,,,[(%PROLIFIC_PID,2,2025-04-16_19h50.18.061,CLTandFLE,2024.1.5,Win32,59.88023952,5d973069cb19b600164e2195,67ffc4c40efe1bd1090b10ee,67ffed0fcab81d3bfd99e94a,,,,,,,,,,,,,,,,,,,,,,,,,,,,,,,,,,,,,,,,,,,299.0271,304.3196,5.2921,1,0,173.4942,0.03347229,-0.010185191,0,0,0,0,32,32,3,1,a,The patient has taken Batatrim,The patient has overcome the crisis,,,,,,,,,,,,,,,,,,,,,,,,,,,,,,,,,,,,,,,,,,,,,,,,,,,,,,,,,,,,,,,,,,,,,,,,,,,,,,,,,,,,,,
,,,,,,,,[(%PROLIFIC_PID,2,2025-04-16_19h50.18.061,CLTandFLE,2024.1.5,Win32,59.88023952,5d973069cb19b600164e2195,67ffc4c40efe1bd1090b10ee,67ffed0fcab81d3bfd99e94a,,,,,,,,,,,,,,,,,,,,,,,,,,,,,,,,,,,,,,,,,,,304.3201,309.0366,4.7162,1,0,178.2104,-0.133194427,-0.046296336,0,0,0,0,33,33,14,1,b,The patient has taken Batatrim,The patient has overcome the crisis,,,,,,,,,,,,,,,,,,,,,,,,,,,,,,,,,,,,,,,,,,,,,,,,,,,,,,,,,,,,,,,,,,,,,,,,,,,,,,,,,,,,,,
,,,,,,,,[(%PROLIFIC_PID,2,2025-04-16_19h50.18.061,CLTandFLE,2024.1.5,Win32,59.88023952,5d973069cb19b600164e2195,67ffc4c40efe1bd1090b10ee,67ffed0fcab81d3bfd99e94a,,,,,,,,,,,,,,,,,,,,,,,,,,,,,,,,,,,,,,,,,,,309.037,313.1871,4.15,1,0,182.3604,-0.133194427,-0.046296336,0,0,0,0,34,34,1,1,a,The patient has taken Batatrim,The patient has overcome the crisis,,,,,,,,,,,,,,,,,,,,,,,,,,,,,,,,,,,,,,,,,,,,,,,,,,,,,,,,,,,,,,,,,,,,,,,,,,,,,,,,,,,,,,
,,,,,,,,[(%PROLIFIC_PID,2,2025-04-16_19h50.18.061,CLTandFLE,2024.1.5,Win32,59.88023952,5d973069cb19b600164e2195,67ffc4c40efe1bd1090b10ee,67ffed0fcab81d3bfd99e94a,,,,,,,,,,,,,,,,,,,,,,,,,,,,,,,,,,,,,,,,,,,313.1874,317.5884,4.4008,0,1,186.7612,0.211250203,-0.026851858,0,0,0,0,35,35,28,1,c,The patient has not taken Batatrim,The patient has overcome the crisis,,,,,,,,,,,,,,,,,,,,,,,,,,,,,,,,,,,,,,,,,,,,,,,,,,,,,,,,,,,,,,,,,,,,,,,,,,,,,,,,,,,,,,
,,,,,,,,[(%PROLIFIC_PID,2,2025-04-16_19h50.18.061,CLTandFLE,2024.1.5,Win32,59.88023952,5d973069cb19b600164e2195,67ffc4c40efe1bd1090b10ee,67ffed0fcab81d3bfd99e94a,,,,,,,,,,,,,,,,,,,,,,,,,,,,,,,,,,,,,,,,,,,317.5888,321.614,4.0249,0,1,190.7861,0.211250203,-0.026851858,0,0,0,0,36,36,22,1,c,The patient has not taken Batatrim,The patient has overcome the crisis,,,,,,,,,,,,,,,,,,,,,,,,,,,,,,,,,,,,,,,,,,,,,,,,,,,,,,,,,,,,,,,,,,,,,,,,,,,,,,,,,,,,,,
,,,,,,,,[(%PROLIFIC_PID,2,2025-04-16_19h50.18.061,CLTandFLE,2024.1.5,Win32,59.88023952,5d973069cb19b600164e2195,67ffc4c40efe1bd1090b10ee,67ffed0fcab81d3bfd99e94a,,,,,,,,,,,,,,,,,,,,,,,,,,,,,,,,,,,,,,,,,,,321.6146,327.0801,5.4653,1,0,196.2514,-0.18134257,-0.046296336,0,0,0,0,37,37,19,1,b,The patient has taken Batatrim,The patient has not overcome the crisis,,,,,,,,,,,,,,,,,,,,,,,,,,,,,,,,,,,,,,,,,,,,,,,,,,,,,,,,,,,,,,,,,,,,,,,,,,,,,,,,,,,,,,
,,,,,,,,[(%PROLIFIC_PID,2,2025-04-16_19h50.18.061,CLTandFLE,2024.1.5,Win32,59.88023952,5d973069cb19b600164e2195,67ffc4c40efe1bd1090b10ee,67ffed0fcab81d3bfd99e94a,,,,,,,,,,,,,,,,,,,,,,,,,,,,,,,,,,,,,,,,,,,327.0806,331.1311,4.0501,1,0,200.3015,-0.182268473,-0.045370382,0,0,0,0,38,38,34,1,c,The patient has not taken Batatrim,The patient has overcome the crisis,,,,,,,,,,,,,,,,,,,,,,,,,,,,,,,,,,,,,,,,,,,,,,,,,,,,,,,,,,,,,,,,,,,,,,,,,,,,,,,,,,,,,,
,,,,,,,,[(%PROLIFIC_PID,2,2025-04-16_19h50.18.061,CLTandFLE,2024.1.5,Win32,59.88023952,5d973069cb19b600164e2195,67ffc4c40efe1bd1090b10ee,67ffed0fcab81d3bfd99e94a,,,,,,,,,,,,,,,,,,,,,,,,,,,,,,,,,,,,,,,,,,,331.1317,335.0559,3.9239,1,0,204.2254,-0.182268473,-0.045370382,0,0,0,0,39,39,24,1,c,The patient has not taken Batatrim,The patient has overcome the crisis,,,,,,,,,,,,,,,,,,,,,,,,,,,,,,,,,,,,,,,,,,,,,,,,,,,,,,,,,,,,,,,,,,,,,,,,,,,,,,,,,,,,,,
,,,,,,,,[(%PROLIFIC_PID,2,2025-04-16_19h50.18.061,CLTandFLE,2024.1.5,Win32,59.88023952,5d973069cb19b600164e2195,67ffc4c40efe1bd1090b10ee,67ffed0fcab81d3bfd99e94a,,365.8505,366.8472,,,,,,,,,,,,,,,,,,,,,,,,,,,,,,,,,,,,,,,,,,,,,,,,,,,,,,,,,,,336.0476,352.7923,16.7435,10,13.749,0.03347229,-0.217592621,1,0,0,353.7917,365.8501,12.0576,70,10.4579,0.076990763,-0.175925954,1,0,0,15,10,8,9,0,0,0,0,1,,,,,,,,,,,,,,,,,,,,,,,,,,,,,,,,,,,,,,,,,,,,,,,,,,,,,,,,,
,,,,,,,,[(%PROLIFIC_PID,2,2025-04-16_19h50.18.061,CLTandFLE,2024.1.5,Win32,59.88023952,5d973069cb19b600164e2195,67ffc4c40efe1bd1090b10ee,67ffed0fcab81d3bfd99e94a,,534.1021,535.091,,,,,,,,,,,,,,,,,,,,,,,,,,,,,,,,,,,,,,,,,,,,,,,,,,,,,,,,,,,,,,,,,,,,,,,,,,,,,,,,,,,,,,,,451.524,458.7756,7.2502,1,4.6276,0.007546387,-0.236111145,1,0,0,30,Maschio,Sì,18,No,TRUE,FALSE,14,10,10,8,9,FALSE,Conferma,c1ok,c2ok,c3ok,c4ok,c5ok,c6ok,c7ok,c8ok,c9ok,c10ok,c11ok,c12err,c13ok,c14err2,c15ok,c16err3,c17ok,c18err2,c19err2,c20err,c21err3,c22err2,c23ok,c24ok,c25ok,c26ok,879.626,886.2251,0,0,0,0,1
