﻿Alfa.started,Alfa.stopped,alfa_mouse.x,alfa_mouse.y,alfa_mouse.leftButton,alfa_mouse.midButton,alfa_mouse.rightButton,alfa_mouse.clicked_name,participant,group,date,expName,psychopyVersion,OS,frameRate,PROLIFIC_PID,STUDY_ID,SESSION_ID,)],ITI.started,ITI.stopped,B_consensoinformato.started,B_consensoinformato.stopped,tempo_consenso,cons_mouse.x,cons_mouse.y,cons_mouse.leftButton,cons_mouse.midButton,cons_mouse.rightButton,A_benvenuto.started,A_benvenuto.stopped,ben_mouse.x,ben_mouse.y,ben_mouse.leftButton,ben_mouse.midButton,ben_mouse.rightButton,B2_istruzioni.started,B2_istruzioni.stopped,tempo_istru,cons_mouse_2.x,cons_mouse_2.y,cons_mouse_2.leftButton,cons_mouse_2.midButton,cons_mouse_2.rightButton,SAMevaluation.started,SAMevaluation.stopped,temposam,sliderintensity.response,sliderintensity.rt,slidervalence.response,slidervalence.rt,mouse_sam.x,mouse_sam.y,mouse_sam.leftButton,mouse_sam.midButton,mouse_sam.rightButton,mouse_sam.time,mouse_sam.clicked_name,Loading.started,Loading.stopped,C_associative_task.started,C_associative_task.stopped,tempo_trial,hapremutosi,hapremutono,tempo_tasktot,mouse.x,mouse.y,mouse.leftButton,mouse.midButton,mouse.rightButton,trials.thisRepN,trials.thisTrialN,trials.thisN,trials.thisIndex,trials.ran,cond,causa,effetto,D_VD.started,D_VD.stopped,tempo_vd,vd.response,vd.rt,mouse_vd.x,mouse_vd.y,mouse_vd.leftButton,mouse_vd.midButton,mouse_vd.rightButton,Previous.started,Previous.stopped,tempo_vd1,previous.response,previous.rt,mouse_vd_2.x,mouse_vd_2.y,mouse_vd_2.leftButton,mouse_vd_2.midButton,mouse_vd_2.rightButton,EstENG.TrialSN,EstENG.TrialNN,EstENG.TrialSS,EstENG.TrialNS,ingesta.thisRepN,ingesta.thisTrialN,ingesta.thisN,ingesta.thisIndex,ingesta.ran,PF.started,PF.stopped,tempo_pf,processfluency.response,processfluency.rt,mouse_ch.x,mouse_ch.y,mouse_ch.leftButton,mouse_ch.midButton,mouse_ch.rightButton,Questionario_Lingua.Age,Questionario_Lingua.Sesso,Questionario_Lingua.StaiStudiando?,Questionario_Lingua.Anniscolarita,Questionario_Lingua.Diploma,Questionario_Lingua.ItaMADRE?,Questionario_Lingua.INGmadre?,Questionario_Lingua.Q5(AOAIng),Questionario_Lingua.INGLETTURA,Questionario_Lingua.INGCOMPRESO,Questionario_Lingua.INGSCRITTO,Questionario_Lingua.INGPARLATO,Questionario_Lingua.haivissutoestero,ProvaInglese.ProcediamoENg,ProvaInglese.C1,ProvaInglese.C2,ProvaInglese.C3,ProvaInglese.C4,ProvaInglese.C5,ProvaInglese.C6,ProvaInglese.C7,ProvaInglese.C8,ProvaInglese.C9,ProvaInglese.C10,ProvaInglese.C11,ProvaInglese.C12,ProvaInglese.C13,ProvaInglese.C14,ProvaInglese.C15,ProvaInglese.C16,ProvaInglese.C17,ProvaInglese.C18,ProvaInglese.C19,ProvaInglese.C20,ProvaInglese.C21,ProvaInglese.C22,ProvaInglese.C23,ProvaInglese.C24,ProvaInglese.C25,ProvaInglese.controlquestion,Ant_lastquestion.started,Ant_lastquestion.stopped,exp_loop.thisRepN,exp_loop.thisTrialN,exp_loop.thisN,exp_loop.thisIndex,exp_loop.ran
0,7.644,0.009114583,-0.022135417,1,0,0,alfa_mask,[(%PROLIFIC_PID,2,2025-04-16_18h50.30.431,CLTandFLE,2024.1.5,Win32,60.38647343,5ccf247b3a7dbb001796ab4a,67ffc4c40efe1bd1090b10ee,67ffdfc58b917b12f04a481c,,,,,,,,,,,,,,,,,,,,,,,,,,,,,,,,,,,,,,,,,,,,,,,,,,,,,,,,,,,,,,,,,,,,,,,,,,,,,,,,,,,,,,,,,,,,,,,,,,,,,,,,,,,,,,,,,,,,,,,,,,,,,,,,,,,,,,,,,,,,,,,,,,,
,,,,,,,,[(%PROLIFIC_PID,2,2025-04-16_18h50.30.431,CLTandFLE,2024.1.5,Win32,60.38647343,5ccf247b3a7dbb001796ab4a,67ffc4c40efe1bd1090b10ee,67ffdfc58b917b12f04a481c,,7.644,8.638,,,,,,,,,,,,,,,,,,,,,,,,,,,,,,,,,,,,,,,,,,,,,,,,,,,,,,,,,,,,,,,,,,,,,,,,,,,,,,,,,,,,,,,,,,,,,,,,,,,,,,,,,,,,,,,,,,,,,,,,,,,,,,,,,,,,,,,,,,,,,,,,
,,,,,,,,[(%PROLIFIC_PID,2,2025-04-16_18h50.30.431,CLTandFLE,2024.1.5,Win32,60.38647343,5ccf247b3a7dbb001796ab4a,67ffc4c40efe1bd1090b10ee,67ffdfc58b917b12f04a481c,,,,8.638,91.072,82.433,0.1953125,-0.376302083,1,0,0,,,,,,,,,,,,,,,,,,,,,,,,,,,,,,,,,,,,,,,,,,,,,,,,,,,,,,,,,,,,,,,,,,,,,,,,,,,,,,,,,,,,,,,,,,,,,,,,,,,,,,,,,,,,,,,,,,,,,,,,,,,,,,,,,,,,,,,,
,,,,,,,,[(%PROLIFIC_PID,2,2025-04-16_18h50.30.431,CLTandFLE,2024.1.5,Win32,60.38647343,5ccf247b3a7dbb001796ab4a,67ffc4c40efe1bd1090b10ee,67ffdfc58b917b12f04a481c,,250.732,251.726,,,,,,,,,92.064,95.875,0.005208333,-0.114583333,1,0,0,96.868,229.332,132.462,0.03515625,-0.395833333,1,0,0,230.323,242.752,12.424,0.591145833,9.38,0.420247396,6.842,"[-0.014322916666666666,0.024739583333333332,0.06770833333333333]","[0.1953125,-0.006510416666666667,-0.20963541666666666]","[1,1,1]","[0,0,0]","[0,0,0]","[4.712999999999994,7.826999999999998,12.401999999999987]","[""sliderintensity"",""rettoksam""]",243.742,250.732,251.77,260.473,8.703,0,1,8.703,0.154947917,-0.05078125,0,0,0,0,0,0,38,1,d,The patient has not taken Batatrim,The patient has not overcome the crisis,,,,,,,,,,,,,,,,,,,,,,,,,,,,,,,,,,,,,,,,,,,,,,,,,,,,,,,,,,,,,,,,,,,,,,,,,,,,,,,,,,,,,,
,,,,,,,,[(%PROLIFIC_PID,2,2025-04-16_18h50.30.431,CLTandFLE,2024.1.5,Win32,60.38647343,5ccf247b3a7dbb001796ab4a,67ffc4c40efe1bd1090b10ee,67ffdfc58b917b12f04a481c,,,,,,,,,,,,,,,,,,,,,,,,,,,,,,,,,,,,,,,,,,,260.473,267.497,7.024,0,1,15.727,0.154947917,-0.05078125,0,0,0,0,1,1,30,1,c,The patient has not taken Batatrim,The patient has overcome the crisis,,,,,,,,,,,,,,,,,,,,,,,,,,,,,,,,,,,,,,,,,,,,,,,,,,,,,,,,,,,,,,,,,,,,,,,,,,,,,,,,,,,,,,
,,,,,,,,[(%PROLIFIC_PID,2,2025-04-16_18h50.30.431,CLTandFLE,2024.1.5,Win32,60.38647343,5ccf247b3a7dbb001796ab4a,67ffc4c40efe1bd1090b10ee,67ffdfc58b917b12f04a481c,,,,,,,,,,,,,,,,,,,,,,,,,,,,,,,,,,,,,,,,,,,267.498,273.08,5.581,1,0,21.308,-0.17578125,-0.048177083,0,0,0,0,2,2,10,1,a,The patient has taken Batatrim,The patient has overcome the crisis,,,,,,,,,,,,,,,,,,,,,,,,,,,,,,,,,,,,,,,,,,,,,,,,,,,,,,,,,,,,,,,,,,,,,,,,,,,,,,,,,,,,,,
,,,,,,,,[(%PROLIFIC_PID,2,2025-04-16_18h50.30.431,CLTandFLE,2024.1.5,Win32,60.38647343,5ccf247b3a7dbb001796ab4a,67ffc4c40efe1bd1090b10ee,67ffdfc58b917b12f04a481c,,,,,,,,,,,,,,,,,,,,,,,,,,,,,,,,,,,,,,,,,,,273.081,278.596,5.514,0,1,26.822,0.161458333,-0.033854167,0,0,0,0,3,3,39,1,d,The patient has not taken Batatrim,The patient has not overcome the crisis,,,,,,,,,,,,,,,,,,,,,,,,,,,,,,,,,,,,,,,,,,,,,,,,,,,,,,,,,,,,,,,,,,,,,,,,,,,,,,,,,,,,,,
,,,,,,,,[(%PROLIFIC_PID,2,2025-04-16_18h50.30.431,CLTandFLE,2024.1.5,Win32,60.38647343,5ccf247b3a7dbb001796ab4a,67ffc4c40efe1bd1090b10ee,67ffdfc58b917b12f04a481c,,,,,,,,,,,,,,,,,,,,,,,,,,,,,,,,,,,,,,,,,,,278.598,285.305,6.707,0,1,33.529,0.13671875,-0.044270833,0,0,0,0,4,4,23,1,c,The patient has not taken Batatrim,The patient has overcome the crisis,,,,,,,,,,,,,,,,,,,,,,,,,,,,,,,,,,,,,,,,,,,,,,,,,,,,,,,,,,,,,,,,,,,,,,,,,,,,,,,,,,,,,,
,,,,,,,,[(%PROLIFIC_PID,2,2025-04-16_18h50.30.431,CLTandFLE,2024.1.5,Win32,60.38647343,5ccf247b3a7dbb001796ab4a,67ffc4c40efe1bd1090b10ee,67ffdfc58b917b12f04a481c,,,,,,,,,,,,,,,,,,,,,,,,,,,,,,,,,,,,,,,,,,,285.306,290.772,5.466,1,0,38.995,0.09765625,-0.032552083,0,0,0,0,5,5,15,1,b,The patient has taken Batatrim,The patient has not overcome the crisis,,,,,,,,,,,,,,,,,,,,,,,,,,,,,,,,,,,,,,,,,,,,,,,,,,,,,,,,,,,,,,,,,,,,,,,,,,,,,,,,,,,,,,
,,,,,,,,[(%PROLIFIC_PID,2,2025-04-16_18h50.30.431,CLTandFLE,2024.1.5,Win32,60.38647343,5ccf247b3a7dbb001796ab4a,67ffc4c40efe1bd1090b10ee,67ffdfc58b917b12f04a481c,,,,,,,,,,,,,,,,,,,,,,,,,,,,,,,,,,,,,,,,,,,290.773,297.63,6.857,0,1,45.852,0.147135417,-0.044270833,0,0,0,0,6,6,37,1,d,The patient has not taken Batatrim,The patient has not overcome the crisis,,,,,,,,,,,,,,,,,,,,,,,,,,,,,,,,,,,,,,,,,,,,,,,,,,,,,,,,,,,,,,,,,,,,,,,,,,,,,,,,,,,,,,
,,,,,,,,[(%PROLIFIC_PID,2,2025-04-16_18h50.30.431,CLTandFLE,2024.1.5,Win32,60.38647343,5ccf247b3a7dbb001796ab4a,67ffc4c40efe1bd1090b10ee,67ffdfc58b917b12f04a481c,,,,,,,,,,,,,,,,,,,,,,,,,,,,,,,,,,,,,,,,,,,297.631,303.544,5.913,0,1,51.765,0.141927083,-0.048177083,0,0,0,0,7,7,22,1,c,The patient has not taken Batatrim,The patient has overcome the crisis,,,,,,,,,,,,,,,,,,,,,,,,,,,,,,,,,,,,,,,,,,,,,,,,,,,,,,,,,,,,,,,,,,,,,,,,,,,,,,,,,,,,,,
,,,,,,,,[(%PROLIFIC_PID,2,2025-04-16_18h50.30.431,CLTandFLE,2024.1.5,Win32,60.38647343,5ccf247b3a7dbb001796ab4a,67ffc4c40efe1bd1090b10ee,67ffdfc58b917b12f04a481c,,,,,,,,,,,,,,,,,,,,,,,,,,,,,,,,,,,,,,,,,,,303.545,308.481,4.936,1,0,56.701,-0.119791667,-0.009114583,0,0,0,0,8,8,6,1,a,The patient has taken Batatrim,The patient has overcome the crisis,,,,,,,,,,,,,,,,,,,,,,,,,,,,,,,,,,,,,,,,,,,,,,,,,,,,,,,,,,,,,,,,,,,,,,,,,,,,,,,,,,,,,,
,,,,,,,,[(%PROLIFIC_PID,2,2025-04-16_18h50.30.431,CLTandFLE,2024.1.5,Win32,60.38647343,5ccf247b3a7dbb001796ab4a,67ffc4c40efe1bd1090b10ee,67ffdfc58b917b12f04a481c,,,,,,,,,,,,,,,,,,,,,,,,,,,,,,,,,,,,,,,,,,,308.482,314.097,5.615,1,0,62.316,-0.033854167,0.014322917,0,0,0,0,9,9,5,1,a,The patient has taken Batatrim,The patient has overcome the crisis,,,,,,,,,,,,,,,,,,,,,,,,,,,,,,,,,,,,,,,,,,,,,,,,,,,,,,,,,,,,,,,,,,,,,,,,,,,,,,,,,,,,,,
,,,,,,,,[(%PROLIFIC_PID,2,2025-04-16_18h50.30.431,CLTandFLE,2024.1.5,Win32,60.38647343,5ccf247b3a7dbb001796ab4a,67ffc4c40efe1bd1090b10ee,67ffdfc58b917b12f04a481c,,,,,,,,,,,,,,,,,,,,,,,,,,,,,,,,,,,,,,,,,,,314.097,319.149,5.052,1,0,67.368,0.040364583,0.026041667,0,0,0,0,10,10,17,1,b,The patient has taken Batatrim,The patient has not overcome the crisis,,,,,,,,,,,,,,,,,,,,,,,,,,,,,,,,,,,,,,,,,,,,,,,,,,,,,,,,,,,,,,,,,,,,,,,,,,,,,,,,,,,,,,
,,,,,,,,[(%PROLIFIC_PID,2,2025-04-16_18h50.30.431,CLTandFLE,2024.1.5,Win32,60.38647343,5ccf247b3a7dbb001796ab4a,67ffc4c40efe1bd1090b10ee,67ffdfc58b917b12f04a481c,,,,,,,,,,,,,,,,,,,,,,,,,,,,,,,,,,,,,,,,,,,319.15,323.688,4.538,1,0,71.906,-0.096354167,0.0234375,0,0,0,0,11,11,12,1,a,The patient has taken Batatrim,The patient has overcome the crisis,,,,,,,,,,,,,,,,,,,,,,,,,,,,,,,,,,,,,,,,,,,,,,,,,,,,,,,,,,,,,,,,,,,,,,,,,,,,,,,,,,,,,,
,,,,,,,,[(%PROLIFIC_PID,2,2025-04-16_18h50.30.431,CLTandFLE,2024.1.5,Win32,60.38647343,5ccf247b3a7dbb001796ab4a,67ffc4c40efe1bd1090b10ee,67ffdfc58b917b12f04a481c,,,,,,,,,,,,,,,,,,,,,,,,,,,,,,,,,,,,,,,,,,,323.689,328.343,4.654,1,0,76.56,-0.135416667,-0.018229167,0,0,0,0,12,12,13,1,a,The patient has taken Batatrim,The patient has overcome the crisis,,,,,,,,,,,,,,,,,,,,,,,,,,,,,,,,,,,,,,,,,,,,,,,,,,,,,,,,,,,,,,,,,,,,,,,,,,,,,,,,,,,,,,
,,,,,,,,[(%PROLIFIC_PID,2,2025-04-16_18h50.30.431,CLTandFLE,2024.1.5,Win32,60.38647343,5ccf247b3a7dbb001796ab4a,67ffc4c40efe1bd1090b10ee,67ffdfc58b917b12f04a481c,,,,,,,,,,,,,,,,,,,,,,,,,,,,,,,,,,,,,,,,,,,328.344,334.341,5.996,0,1,82.556,0.173177083,-0.045572917,0,0,0,0,13,13,35,1,d,The patient has not taken Batatrim,The patient has not overcome the crisis,,,,,,,,,,,,,,,,,,,,,,,,,,,,,,,,,,,,,,,,,,,,,,,,,,,,,,,,,,,,,,,,,,,,,,,,,,,,,,,,,,,,,,
,,,,,,,,[(%PROLIFIC_PID,2,2025-04-16_18h50.30.431,CLTandFLE,2024.1.5,Win32,60.38647343,5ccf247b3a7dbb001796ab4a,67ffc4c40efe1bd1090b10ee,67ffdfc58b917b12f04a481c,,,,,,,,,,,,,,,,,,,,,,,,,,,,,,,,,,,,,,,,,,,334.341,339.029,4.688,1,0,87.244,-0.158854167,-0.071614583,0,0,0,0,14,14,9,1,a,The patient has taken Batatrim,The patient has overcome the crisis,,,,,,,,,,,,,,,,,,,,,,,,,,,,,,,,,,,,,,,,,,,,,,,,,,,,,,,,,,,,,,,,,,,,,,,,,,,,,,,,,,,,,,
,,,,,,,,[(%PROLIFIC_PID,2,2025-04-16_18h50.30.431,CLTandFLE,2024.1.5,Win32,60.38647343,5ccf247b3a7dbb001796ab4a,67ffc4c40efe1bd1090b10ee,67ffdfc58b917b12f04a481c,,,,,,,,,,,,,,,,,,,,,,,,,,,,,,,,,,,,,,,,,,,339.029,343.518,4.489,1,0,91.733,-0.143229167,-0.03515625,0,0,0,0,15,15,18,1,b,The patient has taken Batatrim,The patient has not overcome the crisis,,,,,,,,,,,,,,,,,,,,,,,,,,,,,,,,,,,,,,,,,,,,,,,,,,,,,,,,,,,,,,,,,,,,,,,,,,,,,,,,,,,,,,
,,,,,,,,[(%PROLIFIC_PID,2,2025-04-16_18h50.30.431,CLTandFLE,2024.1.5,Win32,60.38647343,5ccf247b3a7dbb001796ab4a,67ffc4c40efe1bd1090b10ee,67ffdfc58b917b12f04a481c,,,,,,,,,,,,,,,,,,,,,,,,,,,,,,,,,,,,,,,,,,,343.519,351.238,7.719,0,1,99.452,0.204427083,-0.125,0,0,0,0,16,16,34,1,c,The patient has not taken Batatrim,The patient has overcome the crisis,,,,,,,,,,,,,,,,,,,,,,,,,,,,,,,,,,,,,,,,,,,,,,,,,,,,,,,,,,,,,,,,,,,,,,,,,,,,,,,,,,,,,,
,,,,,,,,[(%PROLIFIC_PID,2,2025-04-16_18h50.30.431,CLTandFLE,2024.1.5,Win32,60.38647343,5ccf247b3a7dbb001796ab4a,67ffc4c40efe1bd1090b10ee,67ffdfc58b917b12f04a481c,,,,,,,,,,,,,,,,,,,,,,,,,,,,,,,,,,,,,,,,,,,351.239,358.543,7.304,0,1,106.756,0.19140625,-0.0546875,0,0,0,0,17,17,33,1,c,The patient has not taken Batatrim,The patient has overcome the crisis,,,,,,,,,,,,,,,,,,,,,,,,,,,,,,,,,,,,,,,,,,,,,,,,,,,,,,,,,,,,,,,,,,,,,,,,,,,,,,,,,,,,,,
,,,,,,,,[(%PROLIFIC_PID,2,2025-04-16_18h50.30.431,CLTandFLE,2024.1.5,Win32,60.38647343,5ccf247b3a7dbb001796ab4a,67ffc4c40efe1bd1090b10ee,67ffdfc58b917b12f04a481c,,,,,,,,,,,,,,,,,,,,,,,,,,,,,,,,,,,,,,,,,,,358.544,363.348,4.803,0,1,111.559,0.188802083,-0.055989583,0,0,0,0,18,18,32,1,c,The patient has not taken Batatrim,The patient has overcome the crisis,,,,,,,,,,,,,,,,,,,,,,,,,,,,,,,,,,,,,,,,,,,,,,,,,,,,,,,,,,,,,,,,,,,,,,,,,,,,,,,,,,,,,,
,,,,,,,,[(%PROLIFIC_PID,2,2025-04-16_18h50.30.431,CLTandFLE,2024.1.5,Win32,60.38647343,5ccf247b3a7dbb001796ab4a,67ffc4c40efe1bd1090b10ee,67ffdfc58b917b12f04a481c,,,,,,,,,,,,,,,,,,,,,,,,,,,,,,,,,,,,,,,,,,,363.348,368.383,5.035,1,0,116.594,-0.161458333,-0.06640625,0,0,0,0,19,19,4,1,a,The patient has taken Batatrim,The patient has overcome the crisis,,,,,,,,,,,,,,,,,,,,,,,,,,,,,,,,,,,,,,,,,,,,,,,,,,,,,,,,,,,,,,,,,,,,,,,,,,,,,,,,,,,,,,
,,,,,,,,[(%PROLIFIC_PID,2,2025-04-16_18h50.30.431,CLTandFLE,2024.1.5,Win32,60.38647343,5ccf247b3a7dbb001796ab4a,67ffc4c40efe1bd1090b10ee,67ffdfc58b917b12f04a481c,,,,,,,,,,,,,,,,,,,,,,,,,,,,,,,,,,,,,,,,,,,368.384,376.302,7.917,0,1,124.511,0.1796875,-0.036458333,0,0,0,0,20,20,21,1,c,The patient has not taken Batatrim,The patient has overcome the crisis,,,,,,,,,,,,,,,,,,,,,,,,,,,,,,,,,,,,,,,,,,,,,,,,,,,,,,,,,,,,,,,,,,,,,,,,,,,,,,,,,,,,,,
,,,,,,,,[(%PROLIFIC_PID,2,2025-04-16_18h50.30.431,CLTandFLE,2024.1.5,Win32,60.38647343,5ccf247b3a7dbb001796ab4a,67ffc4c40efe1bd1090b10ee,67ffdfc58b917b12f04a481c,,,,,,,,,,,,,,,,,,,,,,,,,,,,,,,,,,,,,,,,,,,376.303,382.133,5.83,1,0,130.341,-0.140625,-0.022135417,0,0,0,0,21,21,8,1,a,The patient has taken Batatrim,The patient has overcome the crisis,,,,,,,,,,,,,,,,,,,,,,,,,,,,,,,,,,,,,,,,,,,,,,,,,,,,,,,,,,,,,,,,,,,,,,,,,,,,,,,,,,,,,,
,,,,,,,,[(%PROLIFIC_PID,2,2025-04-16_18h50.30.431,CLTandFLE,2024.1.5,Win32,60.38647343,5ccf247b3a7dbb001796ab4a,67ffc4c40efe1bd1090b10ee,67ffdfc58b917b12f04a481c,,,,,,,,,,,,,,,,,,,,,,,,,,,,,,,,,,,,,,,,,,,382.134,467.995,85.86,1,0,216.201,-0.055989583,-0.204427083,0,0,0,0,22,22,2,1,a,The patient has taken Batatrim,The patient has overcome the crisis,,,,,,,,,,,,,,,,,,,,,,,,,,,,,,,,,,,,,,,,,,,,,,,,,,,,,,,,,,,,,,,,,,,,,,,,,,,,,,,,,,,,,,
,,,,,,,,[(%PROLIFIC_PID,2,2025-04-16_18h50.30.431,CLTandFLE,2024.1.5,Win32,60.38647343,5ccf247b3a7dbb001796ab4a,67ffc4c40efe1bd1090b10ee,67ffdfc58b917b12f04a481c,,,,,,,,,,,,,,,,,,,,,,,,,,,,,,,,,,,,,,,,,,,467.997,473.958,5.96,0,1,222.161,0.158854167,-0.040364583,0,0,0,0,23,23,3,1,a,The patient has taken Batatrim,The patient has overcome the crisis,,,,,,,,,,,,,,,,,,,,,,,,,,,,,,,,,,,,,,,,,,,,,,,,,,,,,,,,,,,,,,,,,,,,,,,,,,,,,,,,,,,,,,
,,,,,,,,[(%PROLIFIC_PID,2,2025-04-16_18h50.30.431,CLTandFLE,2024.1.5,Win32,60.38647343,5ccf247b3a7dbb001796ab4a,67ffc4c40efe1bd1090b10ee,67ffdfc58b917b12f04a481c,,,,,,,,,,,,,,,,,,,,,,,,,,,,,,,,,,,,,,,,,,,473.96,478.597,4.637,1,0,226.798,-0.166666667,-0.055989583,0,0,0,0,24,24,19,1,b,The patient has taken Batatrim,The patient has not overcome the crisis,,,,,,,,,,,,,,,,,,,,,,,,,,,,,,,,,,,,,,,,,,,,,,,,,,,,,,,,,,,,,,,,,,,,,,,,,,,,,,,,,,,,,,
,,,,,,,,[(%PROLIFIC_PID,2,2025-04-16_18h50.30.431,CLTandFLE,2024.1.5,Win32,60.38647343,5ccf247b3a7dbb001796ab4a,67ffc4c40efe1bd1090b10ee,67ffdfc58b917b12f04a481c,,,,,,,,,,,,,,,,,,,,,,,,,,,,,,,,,,,,,,,,,,,478.598,483.086,4.488,1,0,231.286,-0.15625,-0.037760417,0,0,0,0,25,25,14,1,b,The patient has taken Batatrim,The patient has overcome the crisis,,,,,,,,,,,,,,,,,,,,,,,,,,,,,,,,,,,,,,,,,,,,,,,,,,,,,,,,,,,,,,,,,,,,,,,,,,,,,,,,,,,,,,
,,,,,,,,[(%PROLIFIC_PID,2,2025-04-16_18h50.30.431,CLTandFLE,2024.1.5,Win32,60.38647343,5ccf247b3a7dbb001796ab4a,67ffc4c40efe1bd1090b10ee,67ffdfc58b917b12f04a481c,,,,,,,,,,,,,,,,,,,,,,,,,,,,,,,,,,,,,,,,,,,483.086,487.277,4.191,1,0,235.477,-0.15625,-0.037760417,0,0,0,0,26,26,7,1,a,The patient has taken Batatrim,The patient has overcome the crisis,,,,,,,,,,,,,,,,,,,,,,,,,,,,,,,,,,,,,,,,,,,,,,,,,,,,,,,,,,,,,,,,,,,,,,,,,,,,,,,,,,,,,,
,,,,,,,,[(%PROLIFIC_PID,2,2025-04-16_18h50.30.431,CLTandFLE,2024.1.5,Win32,60.38647343,5ccf247b3a7dbb001796ab4a,67ffc4c40efe1bd1090b10ee,67ffdfc58b917b12f04a481c,,,,,,,,,,,,,,,,,,,,,,,,,,,,,,,,,,,,,,,,,,,487.278,492.347,5.068,0,1,240.545,0.170572917,-0.110677083,0,0,0,0,27,27,24,1,c,The patient has not taken Batatrim,The patient has overcome the crisis,,,,,,,,,,,,,,,,,,,,,,,,,,,,,,,,,,,,,,,,,,,,,,,,,,,,,,,,,,,,,,,,,,,,,,,,,,,,,,,,,,,,,,
,,,,,,,,[(%PROLIFIC_PID,2,2025-04-16_18h50.30.431,CLTandFLE,2024.1.5,Win32,60.38647343,5ccf247b3a7dbb001796ab4a,67ffc4c40efe1bd1090b10ee,67ffdfc58b917b12f04a481c,,,,,,,,,,,,,,,,,,,,,,,,,,,,,,,,,,,,,,,,,,,492.348,496.968,4.62,1,0,245.165,-0.251302083,-0.02734375,0,0,0,0,28,28,11,1,a,The patient has taken Batatrim,The patient has overcome the crisis,,,,,,,,,,,,,,,,,,,,,,,,,,,,,,,,,,,,,,,,,,,,,,,,,,,,,,,,,,,,,,,,,,,,,,,,,,,,,,,,,,,,,,
,,,,,,,,[(%PROLIFIC_PID,2,2025-04-16_18h50.30.431,CLTandFLE,2024.1.5,Win32,60.38647343,5ccf247b3a7dbb001796ab4a,67ffc4c40efe1bd1090b10ee,67ffdfc58b917b12f04a481c,,,,,,,,,,,,,,,,,,,,,,,,,,,,,,,,,,,,,,,,,,,496.969,503.412,6.443,0,1,251.608,0.259114583,-0.048177083,0,0,0,0,29,29,29,1,c,The patient has not taken Batatrim,The patient has overcome the crisis,,,,,,,,,,,,,,,,,,,,,,,,,,,,,,,,,,,,,,,,,,,,,,,,,,,,,,,,,,,,,,,,,,,,,,,,,,,,,,,,,,,,,,
,,,,,,,,[(%PROLIFIC_PID,2,2025-04-16_18h50.30.431,CLTandFLE,2024.1.5,Win32,60.38647343,5ccf247b3a7dbb001796ab4a,67ffc4c40efe1bd1090b10ee,67ffdfc58b917b12f04a481c,,,,,,,,,,,,,,,,,,,,,,,,,,,,,,,,,,,,,,,,,,,503.412,508.085,4.672,0,1,256.28,0.243489583,-0.046875,0,0,0,0,30,30,26,1,c,The patient has not taken Batatrim,The patient has overcome the crisis,,,,,,,,,,,,,,,,,,,,,,,,,,,,,,,,,,,,,,,,,,,,,,,,,,,,,,,,,,,,,,,,,,,,,,,,,,,,,,,,,,,,,,
,,,,,,,,[(%PROLIFIC_PID,2,2025-04-16_18h50.30.431,CLTandFLE,2024.1.5,Win32,60.38647343,5ccf247b3a7dbb001796ab4a,67ffc4c40efe1bd1090b10ee,67ffdfc58b917b12f04a481c,,,,,,,,,,,,,,,,,,,,,,,,,,,,,,,,,,,,,,,,,,,508.086,512.573,4.487,0,1,260.767,0.217447917,-0.05078125,0,0,0,0,31,31,27,1,c,The patient has not taken Batatrim,The patient has overcome the crisis,,,,,,,,,,,,,,,,,,,,,,,,,,,,,,,,,,,,,,,,,,,,,,,,,,,,,,,,,,,,,,,,,,,,,,,,,,,,,,,,,,,,,,
,,,,,,,,[(%PROLIFIC_PID,2,2025-04-16_18h50.30.431,CLTandFLE,2024.1.5,Win32,60.38647343,5ccf247b3a7dbb001796ab4a,67ffc4c40efe1bd1090b10ee,67ffdfc58b917b12f04a481c,,,,,,,,,,,,,,,,,,,,,,,,,,,,,,,,,,,,,,,,,,,512.574,516.764,4.19,0,1,264.957,0.217447917,-0.05078125,0,0,0,0,32,32,31,1,c,The patient has not taken Batatrim,The patient has overcome the crisis,,,,,,,,,,,,,,,,,,,,,,,,,,,,,,,,,,,,,,,,,,,,,,,,,,,,,,,,,,,,,,,,,,,,,,,,,,,,,,,,,,,,,,
,,,,,,,,[(%PROLIFIC_PID,2,2025-04-16_18h50.30.431,CLTandFLE,2024.1.5,Win32,60.38647343,5ccf247b3a7dbb001796ab4a,67ffc4c40efe1bd1090b10ee,67ffdfc58b917b12f04a481c,,,,,,,,,,,,,,,,,,,,,,,,,,,,,,,,,,,,,,,,,,,516.764,522.132,5.368,1,0,270.325,-0.205729167,-0.013020833,0,0,0,0,33,33,28,1,c,The patient has not taken Batatrim,The patient has overcome the crisis,,,,,,,,,,,,,,,,,,,,,,,,,,,,,,,,,,,,,,,,,,,,,,,,,,,,,,,,,,,,,,,,,,,,,,,,,,,,,,,,,,,,,,
,,,,,,,,[(%PROLIFIC_PID,2,2025-04-16_18h50.30.431,CLTandFLE,2024.1.5,Win32,60.38647343,5ccf247b3a7dbb001796ab4a,67ffc4c40efe1bd1090b10ee,67ffdfc58b917b12f04a481c,,,,,,,,,,,,,,,,,,,,,,,,,,,,,,,,,,,,,,,,,,,522.132,527.135,5.003,1,0,275.328,-0.165364583,-0.018229167,0,0,0,0,34,34,0,1,a,The patient has taken Batatrim,The patient has overcome the crisis,,,,,,,,,,,,,,,,,,,,,,,,,,,,,,,,,,,,,,,,,,,,,,,,,,,,,,,,,,,,,,,,,,,,,,,,,,,,,,,,,,,,,,
,,,,,,,,[(%PROLIFIC_PID,2,2025-04-16_18h50.30.431,CLTandFLE,2024.1.5,Win32,60.38647343,5ccf247b3a7dbb001796ab4a,67ffc4c40efe1bd1090b10ee,67ffdfc58b917b12f04a481c,,,,,,,,,,,,,,,,,,,,,,,,,,,,,,,,,,,,,,,,,,,527.135,531.607,4.472,1,0,279.8,-0.165364583,-0.020833333,0,0,0,0,35,35,1,1,a,The patient has taken Batatrim,The patient has overcome the crisis,,,,,,,,,,,,,,,,,,,,,,,,,,,,,,,,,,,,,,,,,,,,,,,,,,,,,,,,,,,,,,,,,,,,,,,,,,,,,,,,,,,,,,
,,,,,,,,[(%PROLIFIC_PID,2,2025-04-16_18h50.30.431,CLTandFLE,2024.1.5,Win32,60.38647343,5ccf247b3a7dbb001796ab4a,67ffc4c40efe1bd1090b10ee,67ffdfc58b917b12f04a481c,,,,,,,,,,,,,,,,,,,,,,,,,,,,,,,,,,,,,,,,,,,531.608,537.024,5.416,1,0,285.216,-0.174479167,0.00390625,0,0,0,0,36,36,25,1,c,The patient has not taken Batatrim,The patient has overcome the crisis,,,,,,,,,,,,,,,,,,,,,,,,,,,,,,,,,,,,,,,,,,,,,,,,,,,,,,,,,,,,,,,,,,,,,,,,,,,,,,,,,,,,,,
,,,,,,,,[(%PROLIFIC_PID,2,2025-04-16_18h50.30.431,CLTandFLE,2024.1.5,Win32,60.38647343,5ccf247b3a7dbb001796ab4a,67ffc4c40efe1bd1090b10ee,67ffdfc58b917b12f04a481c,,,,,,,,,,,,,,,,,,,,,,,,,,,,,,,,,,,,,,,,,,,537.025,542.093,5.068,0,1,290.284,0.147135417,-0.006510417,0,0,0,0,37,37,36,1,d,The patient has not taken Batatrim,The patient has not overcome the crisis,,,,,,,,,,,,,,,,,,,,,,,,,,,,,,,,,,,,,,,,,,,,,,,,,,,,,,,,,,,,,,,,,,,,,,,,,,,,,,,,,,,,,,
,,,,,,,,[(%PROLIFIC_PID,2,2025-04-16_18h50.30.431,CLTandFLE,2024.1.5,Win32,60.38647343,5ccf247b3a7dbb001796ab4a,67ffc4c40efe1bd1090b10ee,67ffdfc58b917b12f04a481c,,,,,,,,,,,,,,,,,,,,,,,,,,,,,,,,,,,,,,,,,,,542.095,548.654,6.559,1,0,296.843,-0.147135417,-0.044270833,0,0,0,0,38,38,16,1,b,The patient has taken Batatrim,The patient has not overcome the crisis,,,,,,,,,,,,,,,,,,,,,,,,,,,,,,,,,,,,,,,,,,,,,,,,,,,,,,,,,,,,,,,,,,,,,,,,,,,,,,,,,,,,,,
,,,,,,,,[(%PROLIFIC_PID,2,2025-04-16_18h50.30.431,CLTandFLE,2024.1.5,Win32,60.38647343,5ccf247b3a7dbb001796ab4a,67ffc4c40efe1bd1090b10ee,67ffdfc58b917b12f04a481c,,,,,,,,,,,,,,,,,,,,,,,,,,,,,,,,,,,,,,,,,,,548.654,553.508,4.853,1,0,301.696,-0.135416667,-0.053385417,0,0,0,0,39,39,20,1,c,The patient has not taken Batatrim,The patient has overcome the crisis,,,,,,,,,,,,,,,,,,,,,,,,,,,,,,,,,,,,,,,,,,,,,,,,,,,,,,,,,,,,,,,,,,,,,,,,,,,,,,,,,,,,,,
,,,,,,,,[(%PROLIFIC_PID,2,2025-04-16_18h50.30.431,CLTandFLE,2024.1.5,Win32,60.38647343,5ccf247b3a7dbb001796ab4a,67ffc4c40efe1bd1090b10ee,67ffdfc58b917b12f04a481c,,581.573,582.565,,,,,,,,,,,,,,,,,,,,,,,,,,,,,,,,,,,,,,,,,,,,,,,,,,,,,,,,,,,554.501,570.164,15.656,65,13.844,0.002604167,-0.196614583,1,0,0,571.151,581.572,10.42,64,9.947,0.014322917,-0.205729167,1,0,0,8,13,13,5,0,0,0,0,1,,,,,,,,,,,,,,,,,,,,,,,,,,,,,,,,,,,,,,,,,,,,,,,,,,,,,,,,,
,,,,,,,,[(%PROLIFIC_PID,2,2025-04-16_18h50.30.431,CLTandFLE,2024.1.5,Win32,60.38647343,5ccf247b3a7dbb001796ab4a,67ffc4c40efe1bd1090b10ee,67ffdfc58b917b12f04a481c,,721.098,722.085,,,,,,,,,,,,,,,,,,,,,,,,,,,,,,,,,,,,,,,,,,,,,,,,,,,,,,,,,,,,,,,,,,,,,,,,,,,,,,,,,,,,,,,,636.454,642.053,5.599,3,4.283,-0.022135417,-0.192708333,1,0,0,26,Femmina,Sì,17,No,TRUE,FALSE,6,8,8,7,7,FALSE,Conferma,c1ok,c2ok,c3ok,c4ok,c5ok,c6err,c7ok,c8ok,c9ok,c10ok,c11ok,c12err,c13ok,c14ok,c15ok,c16ok,c17ok,c18ok,c19err2,c20ok,c21err2,c22err2,c23ok,c24err3,c25err3,c26err,1079.965,1086.815,0,0,0,0,1
