﻿Alfa.started,Alfa.stopped,alfa_mouse.x,alfa_mouse.y,alfa_mouse.leftButton,alfa_mouse.midButton,alfa_mouse.rightButton,alfa_mouse.clicked_name,participant,group,date,expName,psychopyVersion,OS,frameRate,PROLIFIC_PID,STUDY_ID,SESSION_ID,)],ITI.started,ITI.stopped,B_consensoinformato.started,B_consensoinformato.stopped,tempo_consenso,cons_mouse.x,cons_mouse.y,cons_mouse.leftButton,cons_mouse.midButton,cons_mouse.rightButton,A_benvenuto.started,A_benvenuto.stopped,ben_mouse.x,ben_mouse.y,ben_mouse.leftButton,ben_mouse.midButton,ben_mouse.rightButton,B2_istruzioni.started,B2_istruzioni.stopped,tempo_istru,cons_mouse_2.x,cons_mouse_2.y,cons_mouse_2.leftButton,cons_mouse_2.midButton,cons_mouse_2.rightButton,SAMevaluation.started,SAMevaluation.stopped,temposam,sliderintensity.response,sliderintensity.rt,slidervalence.response,slidervalence.rt,mouse_sam.x,mouse_sam.y,mouse_sam.leftButton,mouse_sam.midButton,mouse_sam.rightButton,mouse_sam.time,mouse_sam.clicked_name,Loading.started,Loading.stopped,C_associative_task.started,C_associative_task.stopped,tempo_trial,hapremutosi,hapremutono,tempo_tasktot,mouse.x,mouse.y,mouse.leftButton,mouse.midButton,mouse.rightButton,trials.thisRepN,trials.thisTrialN,trials.thisN,trials.thisIndex,trials.ran,cond,causa,effetto,D_VD.started,D_VD.stopped,tempo_vd,vd.response,vd.rt,mouse_vd.x,mouse_vd.y,mouse_vd.leftButton,mouse_vd.midButton,mouse_vd.rightButton,Previous.started,Previous.stopped,tempo_vd1,previous.response,previous.rt,mouse_vd_2.x,mouse_vd_2.y,mouse_vd_2.leftButton,mouse_vd_2.midButton,mouse_vd_2.rightButton,EstENG.TrialSN,EstENG.TrialSS,EstENG.TrialNN,EstENG.TrialNS,ingesta.thisRepN,ingesta.thisTrialN,ingesta.thisN,ingesta.thisIndex,ingesta.ran,PF.started,PF.stopped,tempo_pf,processfluency.response,processfluency.rt,mouse_ch.x,mouse_ch.y,mouse_ch.leftButton,mouse_ch.midButton,mouse_ch.rightButton,Questionario_Lingua.Age,Questionario_Lingua.Sesso,Questionario_Lingua.StaiStudiando?,Questionario_Lingua.Anniscolarita,Questionario_Lingua.Diploma,Questionario_Lingua.ItaMADRE?,Questionario_Lingua.INGmadre?,Questionario_Lingua.Q5(AOAIng),Questionario_Lingua.INGLETTURA,Questionario_Lingua.INGCOMPRESO,Questionario_Lingua.INGSCRITTO,Questionario_Lingua.INGPARLATO,Questionario_Lingua.haivissutoestero,ProvaInglese.ProcediamoENg,ProvaInglese.C1,ProvaInglese.C2,ProvaInglese.C3,ProvaInglese.C4,ProvaInglese.C5,ProvaInglese.C6,ProvaInglese.C7,ProvaInglese.C8,ProvaInglese.C9,ProvaInglese.C10,ProvaInglese.C11,ProvaInglese.C12,ProvaInglese.C13,ProvaInglese.C14,ProvaInglese.C15,ProvaInglese.C16,ProvaInglese.C17,ProvaInglese.C18,ProvaInglese.C19,ProvaInglese.C20,ProvaInglese.C21,ProvaInglese.C22,ProvaInglese.C23,ProvaInglese.C24,ProvaInglese.C25,ProvaInglese.controlquestion,Ant_lastquestion.started,Ant_lastquestion.stopped,exp_loop.thisRepN,exp_loop.thisTrialN,exp_loop.thisN,exp_loop.thisIndex,exp_loop.ran
0.0003,2.1882,0.081481496,-0.018518527,1,0,0,alfa_mask,[(%PROLIFIC_PID,2,2025-04-16_19h52.33.901,CLTandFLE,2024.1.5,Linux armv81,60.24096386,5fbd9bcc54453f1b0b28d89a,67ffc4c40efe1bd1090b10ee,67ffee32c3f8f3e1d8517bb3,,,,,,,,,,,,,,,,,,,,,,,,,,,,,,,,,,,,,,,,,,,,,,,,,,,,,,,,,,,,,,,,,,,,,,,,,,,,,,,,,,,,,,,,,,,,,,,,,,,,,,,,,,,,,,,,,,,,,,,,,,,,,,,,,,,,,,,,,,,,,,,,,,,
,,,,,,,,[(%PROLIFIC_PID,2,2025-04-16_19h52.33.901,CLTandFLE,2024.1.5,Linux armv81,60.24096386,5fbd9bcc54453f1b0b28d89a,67ffc4c40efe1bd1090b10ee,67ffee32c3f8f3e1d8517bb3,,2.1887,2.8926,,,,,,,,,,,,,,,,,,,,,,,,,,,,,,,,,,,,,,,,,,,,,,,,,,,,,,,,,,,,,,,,,,,,,,,,,,,,,,,,,,,,,,,,,,,,,,,,,,,,,,,,,,,,,,,,,,,,,,,,,,,,,,,,,,,,,,,,,,,,,,,,
,,,,,,,,[(%PROLIFIC_PID,2,2025-04-16_19h52.33.901,CLTandFLE,2024.1.5,Linux armv81,60.24096386,5fbd9bcc54453f1b0b28d89a,67ffc4c40efe1bd1090b10ee,67ffee32c3f8f3e1d8517bb3,,,,2.893,8.2388,5.3453,0.225925922,-0.424074173,1,0,0,,,,,,,,,,,,,,,,,,,,,,,,,,,,,,,,,,,,,,,,,,,,,,,,,,,,,,,,,,,,,,,,,,,,,,,,,,,,,,,,,,,,,,,,,,,,,,,,,,,,,,,,,,,,,,,,,,,,,,,,,,,,,,,,,,,,,,,,
,,,,,,,,[(%PROLIFIC_PID,2,2025-04-16_19h52.33.901,CLTandFLE,2024.1.5,Linux armv81,60.24096386,5fbd9bcc54453f1b0b28d89a,67ffc4c40efe1bd1090b10ee,67ffee32c3f8f3e1d8517bb3,,121.3215,122.3201,,,,,,,,,8.931,11.0369,0.048148155,-0.112037182,1,0,0,11.7612,97.8506,86.0885,0.036111116,-0.413888931,1,0,0,98.5975,113.5478,14.9485,0.694444458,4.4041,0.350694438,7.1066,"[0.16018525759379068,-0.11944444974263509,0.04444444179534912]","[0.19074074427286783,0.001851797103881836,-0.22037037213643393]","[1,1,1]","[0,0,0]","[0,0,0]","[4.286199999988085,7.010699999988077,14.933300000011926]","[""sliderintensity"",""rettoksam""]",114.3245,121.3213,122.3587,133.4961,11.1368,0,1,11.1368,0.254629612,-0.031481504,0,0,0,0,0,0,34,1,c,The patient has not taken Batatrim,The patient has overcome the crisis,,,,,,,,,,,,,,,,,,,,,,,,,,,,,,,,,,,,,,,,,,,,,,,,,,,,,,,,,,,,,,,,,,,,,,,,,,,,,,,,,,,,,,
,,,,,,,,[(%PROLIFIC_PID,2,2025-04-16_19h52.33.901,CLTandFLE,2024.1.5,Linux armv81,60.24096386,5fbd9bcc54453f1b0b28d89a,67ffc4c40efe1bd1090b10ee,67ffee32c3f8f3e1d8517bb3,,,,,,,,,,,,,,,,,,,,,,,,,,,,,,,,,,,,,,,,,,,133.4972,150.0659,16.5685,0,1,27.7053,0.224999984,-0.055555582,0,0,0,0,1,1,28,1,c,The patient has not taken Batatrim,The patient has overcome the crisis,,,,,,,,,,,,,,,,,,,,,,,,,,,,,,,,,,,,,,,,,,,,,,,,,,,,,,,,,,,,,,,,,,,,,,,,,,,,,,,,,,,,,,
,,,,,,,,[(%PROLIFIC_PID,2,2025-04-16_19h52.33.901,CLTandFLE,2024.1.5,Linux armv81,60.24096386,5fbd9bcc54453f1b0b28d89a,67ffc4c40efe1bd1090b10ee,67ffee32c3f8f3e1d8517bb3,,,,,,,,,,,,,,,,,,,,,,,,,,,,,,,,,,,,,,,,,,,150.0665,158.2704,8.2036,0,1,35.9089,0.236111164,-0.037962993,0,0,0,0,2,2,15,1,b,The patient has taken Batatrim,The patient has not overcome the crisis,,,,,,,,,,,,,,,,,,,,,,,,,,,,,,,,,,,,,,,,,,,,,,,,,,,,,,,,,,,,,,,,,,,,,,,,,,,,,,,,,,,,,,
,,,,,,,,[(%PROLIFIC_PID,2,2025-04-16_19h52.33.901,CLTandFLE,2024.1.5,Linux armv81,60.24096386,5fbd9bcc54453f1b0b28d89a,67ffc4c40efe1bd1090b10ee,67ffee32c3f8f3e1d8517bb3,,,,,,,,,,,,,,,,,,,,,,,,,,,,,,,,,,,,,,,,,,,158.2715,165.123,6.8512,1,0,42.7601,-0.175925891,-0.049074094,0,0,0,0,3,3,35,1,d,The patient has not taken Batatrim,The patient has not overcome the crisis,,,,,,,,,,,,,,,,,,,,,,,,,,,,,,,,,,,,,,,,,,,,,,,,,,,,,,,,,,,,,,,,,,,,,,,,,,,,,,,,,,,,,,
,,,,,,,,[(%PROLIFIC_PID,2,2025-04-16_19h52.33.901,CLTandFLE,2024.1.5,Linux armv81,60.24096386,5fbd9bcc54453f1b0b28d89a,67ffc4c40efe1bd1090b10ee,67ffee32c3f8f3e1d8517bb3,,,,,,,,,,,,,,,,,,,,,,,,,,,,,,,,,,,,,,,,,,,165.1239,171.7352,6.6111,0,1,49.3712,0.243518511,-0.03981487,0,0,0,0,4,4,36,1,d,The patient has not taken Batatrim,The patient has not overcome the crisis,,,,,,,,,,,,,,,,,,,,,,,,,,,,,,,,,,,,,,,,,,,,,,,,,,,,,,,,,,,,,,,,,,,,,,,,,,,,,,,,,,,,,,
,,,,,,,,[(%PROLIFIC_PID,2,2025-04-16_19h52.33.901,CLTandFLE,2024.1.5,Linux armv81,60.24096386,5fbd9bcc54453f1b0b28d89a,67ffc4c40efe1bd1090b10ee,67ffee32c3f8f3e1d8517bb3,,,,,,,,,,,,,,,,,,,,,,,,,,,,,,,,,,,,,,,,,,,171.7356,179.3183,7.5824,0,1,56.9536,0.239814838,-0.048148155,0,0,0,0,5,5,39,1,d,The patient has not taken Batatrim,The patient has not overcome the crisis,,,,,,,,,,,,,,,,,,,,,,,,,,,,,,,,,,,,,,,,,,,,,,,,,,,,,,,,,,,,,,,,,,,,,,,,,,,,,,,,,,,,,,
,,,,,,,,[(%PROLIFIC_PID,2,2025-04-16_19h52.33.901,CLTandFLE,2024.1.5,Linux armv81,60.24096386,5fbd9bcc54453f1b0b28d89a,67ffc4c40efe1bd1090b10ee,67ffee32c3f8f3e1d8517bb3,,,,,,,,,,,,,,,,,,,,,,,,,,,,,,,,,,,,,,,,,,,179.319,186.0238,6.7046,1,0,63.6582,-0.17037036,-0.049074094,0,0,0,0,6,6,6,1,a,The patient has taken Batatrim,The patient has overcome the crisis,,,,,,,,,,,,,,,,,,,,,,,,,,,,,,,,,,,,,,,,,,,,,,,,,,,,,,,,,,,,,,,,,,,,,,,,,,,,,,,,,,,,,,
,,,,,,,,[(%PROLIFIC_PID,2,2025-04-16_19h52.33.901,CLTandFLE,2024.1.5,Linux armv81,60.24096386,5fbd9bcc54453f1b0b28d89a,67ffc4c40efe1bd1090b10ee,67ffee32c3f8f3e1d8517bb3,,,,,,,,,,,,,,,,,,,,,,,,,,,,,,,,,,,,,,,,,,,186.0242,193.003,6.9784,1,0,70.6366,-0.150925914,-0.033333381,0,0,0,0,7,7,3,1,a,The patient has taken Batatrim,The patient has overcome the crisis,,,,,,,,,,,,,,,,,,,,,,,,,,,,,,,,,,,,,,,,,,,,,,,,,,,,,,,,,,,,,,,,,,,,,,,,,,,,,,,,,,,,,,
,,,,,,,,[(%PROLIFIC_PID,2,2025-04-16_19h52.33.901,CLTandFLE,2024.1.5,Linux armv81,60.24096386,5fbd9bcc54453f1b0b28d89a,67ffc4c40efe1bd1090b10ee,67ffee32c3f8f3e1d8517bb3,,,,,,,,,,,,,,,,,,,,,,,,,,,,,,,,,,,,,,,,,,,193.0036,198.9523,5.9484,0,1,76.585,0.242592573,-0.040740728,0,0,0,0,8,8,27,1,c,The patient has not taken Batatrim,The patient has overcome the crisis,,,,,,,,,,,,,,,,,,,,,,,,,,,,,,,,,,,,,,,,,,,,,,,,,,,,,,,,,,,,,,,,,,,,,,,,,,,,,,,,,,,,,,
,,,,,,,,[(%PROLIFIC_PID,2,2025-04-16_19h52.33.901,CLTandFLE,2024.1.5,Linux armv81,60.24096386,5fbd9bcc54453f1b0b28d89a,67ffc4c40efe1bd1090b10ee,67ffee32c3f8f3e1d8517bb3,,,,,,,,,,,,,,,,,,,,,,,,,,,,,,,,,,,,,,,,,,,198.9532,205.1636,6.2101,0,1,82.7951,0.241666714,-0.02222236,0,0,0,0,9,9,19,1,b,The patient has taken Batatrim,The patient has not overcome the crisis,,,,,,,,,,,,,,,,,,,,,,,,,,,,,,,,,,,,,,,,,,,,,,,,,,,,,,,,,,,,,,,,,,,,,,,,,,,,,,,,,,,,,,
,,,,,,,,[(%PROLIFIC_PID,2,2025-04-16_19h52.33.901,CLTandFLE,2024.1.5,Linux armv81,60.24096386,5fbd9bcc54453f1b0b28d89a,67ffc4c40efe1bd1090b10ee,67ffee32c3f8f3e1d8517bb3,,,,,,,,,,,,,,,,,,,,,,,,,,,,,,,,,,,,,,,,,,,205.1642,211.3705,6.2061,0,1,89.0012,0.233333349,-0.042592605,0,0,0,0,10,10,16,1,b,The patient has taken Batatrim,The patient has not overcome the crisis,,,,,,,,,,,,,,,,,,,,,,,,,,,,,,,,,,,,,,,,,,,,,,,,,,,,,,,,,,,,,,,,,,,,,,,,,,,,,,,,,,,,,,
,,,,,,,,[(%PROLIFIC_PID,2,2025-04-16_19h52.33.901,CLTandFLE,2024.1.5,Linux armv81,60.24096386,5fbd9bcc54453f1b0b28d89a,67ffc4c40efe1bd1090b10ee,67ffee32c3f8f3e1d8517bb3,,,,,,,,,,,,,,,,,,,,,,,,,,,,,,,,,,,,,,,,,,,211.3712,217.3486,5.9772,1,0,94.9784,-0.13055555,-0.041666667,0,0,0,0,11,11,11,1,a,The patient has taken Batatrim,The patient has overcome the crisis,,,,,,,,,,,,,,,,,,,,,,,,,,,,,,,,,,,,,,,,,,,,,,,,,,,,,,,,,,,,,,,,,,,,,,,,,,,,,,,,,,,,,,
,,,,,,,,[(%PROLIFIC_PID,2,2025-04-16_19h52.33.901,CLTandFLE,2024.1.5,Linux armv81,60.24096386,5fbd9bcc54453f1b0b28d89a,67ffc4c40efe1bd1090b10ee,67ffee32c3f8f3e1d8517bb3,,,,,,,,,,,,,,,,,,,,,,,,,,,,,,,,,,,,,,,,,,,217.3491,222.9511,5.6017,0,1,100.5801,0.241666714,-0.031481504,0,0,0,0,12,12,7,1,a,The patient has taken Batatrim,The patient has overcome the crisis,,,,,,,,,,,,,,,,,,,,,,,,,,,,,,,,,,,,,,,,,,,,,,,,,,,,,,,,,,,,,,,,,,,,,,,,,,,,,,,,,,,,,,
,,,,,,,,[(%PROLIFIC_PID,2,2025-04-16_19h52.33.901,CLTandFLE,2024.1.5,Linux armv81,60.24096386,5fbd9bcc54453f1b0b28d89a,67ffc4c40efe1bd1090b10ee,67ffee32c3f8f3e1d8517bb3,,,,,,,,,,,,,,,,,,,,,,,,,,,,,,,,,,,,,,,,,,,222.9516,229.4201,6.4683,0,1,107.0484,0.227777799,0.029629628,0,0,0,0,13,13,26,1,c,The patient has not taken Batatrim,The patient has overcome the crisis,,,,,,,,,,,,,,,,,,,,,,,,,,,,,,,,,,,,,,,,,,,,,,,,,,,,,,,,,,,,,,,,,,,,,,,,,,,,,,,,,,,,,,
,,,,,,,,[(%PROLIFIC_PID,2,2025-04-16_19h52.33.901,CLTandFLE,2024.1.5,Linux armv81,60.24096386,5fbd9bcc54453f1b0b28d89a,67ffc4c40efe1bd1090b10ee,67ffee32c3f8f3e1d8517bb3,,,,,,,,,,,,,,,,,,,,,,,,,,,,,,,,,,,,,,,,,,,229.4208,238.1221,8.7011,0,1,115.7495,0.237037023,-0.025925954,0,0,0,0,14,14,23,1,c,The patient has not taken Batatrim,The patient has overcome the crisis,,,,,,,,,,,,,,,,,,,,,,,,,,,,,,,,,,,,,,,,,,,,,,,,,,,,,,,,,,,,,,,,,,,,,,,,,,,,,,,,,,,,,,
,,,,,,,,[(%PROLIFIC_PID,2,2025-04-16_19h52.33.901,CLTandFLE,2024.1.5,Linux armv81,60.24096386,5fbd9bcc54453f1b0b28d89a,67ffc4c40efe1bd1090b10ee,67ffee32c3f8f3e1d8517bb3,,,,,,,,,,,,,,,,,,,,,,,,,,,,,,,,,,,,,,,,,,,238.1225,248.9962,10.8734,1,0,126.6229,-0.161111116,-0.04537042,0,0,0,0,15,15,24,1,c,The patient has not taken Batatrim,The patient has overcome the crisis,,,,,,,,,,,,,,,,,,,,,,,,,,,,,,,,,,,,,,,,,,,,,,,,,,,,,,,,,,,,,,,,,,,,,,,,,,,,,,,,,,,,,,
,,,,,,,,[(%PROLIFIC_PID,2,2025-04-16_19h52.33.901,CLTandFLE,2024.1.5,Linux armv81,60.24096386,5fbd9bcc54453f1b0b28d89a,67ffc4c40efe1bd1090b10ee,67ffee32c3f8f3e1d8517bb3,,,,,,,,,,,,,,,,,,,,,,,,,,,,,,,,,,,,,,,,,,,248.9968,257.7951,8.7977,0,1,135.4206,0.270370483,-0.05648152,0,0,0,0,16,16,12,1,a,The patient has taken Batatrim,The patient has overcome the crisis,,,,,,,,,,,,,,,,,,,,,,,,,,,,,,,,,,,,,,,,,,,,,,,,,,,,,,,,,,,,,,,,,,,,,,,,,,,,,,,,,,,,,,
,,,,,,,,[(%PROLIFIC_PID,2,2025-04-16_19h52.33.901,CLTandFLE,2024.1.5,Linux armv81,60.24096386,5fbd9bcc54453f1b0b28d89a,67ffc4c40efe1bd1090b10ee,67ffee32c3f8f3e1d8517bb3,,,,,,,,,,,,,,,,,,,,,,,,,,,,,,,,,,,,,,,,,,,257.796,283.1356,25.3394,0,1,160.76,0.205555598,-0.015740792,0,0,0,0,17,17,37,1,d,The patient has not taken Batatrim,The patient has not overcome the crisis,,,,,,,,,,,,,,,,,,,,,,,,,,,,,,,,,,,,,,,,,,,,,,,,,,,,,,,,,,,,,,,,,,,,,,,,,,,,,,,,,,,,,,
,,,,,,,,[(%PROLIFIC_PID,2,2025-04-16_19h52.33.901,CLTandFLE,2024.1.5,Linux armv81,60.24096386,5fbd9bcc54453f1b0b28d89a,67ffc4c40efe1bd1090b10ee,67ffee32c3f8f3e1d8517bb3,,,,,,,,,,,,,,,,,,,,,,,,,,,,,,,,,,,,,,,,,,,283.1362,290.2267,7.0903,1,0,167.8503,-0.180555542,-0.042592605,0,0,0,0,18,18,38,1,d,The patient has not taken Batatrim,The patient has not overcome the crisis,,,,,,,,,,,,,,,,,,,,,,,,,,,,,,,,,,,,,,,,,,,,,,,,,,,,,,,,,,,,,,,,,,,,,,,,,,,,,,,,,,,,,,
,,,,,,,,[(%PROLIFIC_PID,2,2025-04-16_19h52.33.901,CLTandFLE,2024.1.5,Linux armv81,60.24096386,5fbd9bcc54453f1b0b28d89a,67ffc4c40efe1bd1090b10ee,67ffee32c3f8f3e1d8517bb3,,,,,,,,,,,,,,,,,,,,,,,,,,,,,,,,,,,,,,,,,,,290.2272,295.6725,5.445,0,1,173.2953,0.229629676,-0.037962993,0,0,0,0,19,19,17,1,b,The patient has taken Batatrim,The patient has not overcome the crisis,,,,,,,,,,,,,,,,,,,,,,,,,,,,,,,,,,,,,,,,,,,,,,,,,,,,,,,,,,,,,,,,,,,,,,,,,,,,,,,,,,,,,,
,,,,,,,,[(%PROLIFIC_PID,2,2025-04-16_19h52.33.901,CLTandFLE,2024.1.5,Linux armv81,60.24096386,5fbd9bcc54453f1b0b28d89a,67ffc4c40efe1bd1090b10ee,67ffee32c3f8f3e1d8517bb3,,,,,,,,,,,,,,,,,,,,,,,,,,,,,,,,,,,,,,,,,,,295.6728,301.3235,5.6504,1,0,178.9457,-0.136111101,-0.034259399,0,0,0,0,20,20,14,1,b,The patient has taken Batatrim,The patient has overcome the crisis,,,,,,,,,,,,,,,,,,,,,,,,,,,,,,,,,,,,,,,,,,,,,,,,,,,,,,,,,,,,,,,,,,,,,,,,,,,,,,,,,,,,,,
,,,,,,,,[(%PROLIFIC_PID,2,2025-04-16_19h52.33.901,CLTandFLE,2024.1.5,Linux armv81,60.24096386,5fbd9bcc54453f1b0b28d89a,67ffc4c40efe1bd1090b10ee,67ffee32c3f8f3e1d8517bb3,,,,,,,,,,,,,,,,,,,,,,,,,,,,,,,,,,,,,,,,,,,301.3242,306.7557,5.4313,0,1,184.377,0.145370444,0.57962962,0,0,0,0,21,21,22,1,c,The patient has not taken Batatrim,The patient has overcome the crisis,,,,,,,,,,,,,,,,,,,,,,,,,,,,,,,,,,,,,,,,,,,,,,,,,,,,,,,,,,,,,,,,,,,,,,,,,,,,,,,,,,,,,,
,,,,,,,,[(%PROLIFIC_PID,2,2025-04-16_19h52.33.901,CLTandFLE,2024.1.5,Linux armv81,60.24096386,5fbd9bcc54453f1b0b28d89a,67ffc4c40efe1bd1090b10ee,67ffee32c3f8f3e1d8517bb3,,,,,,,,,,,,,,,,,,,,,,,,,,,,,,,,,,,,,,,,,,,306.7561,337.2905,30.5341,1,0,214.9111,-0.178703705,-0.06504631,0,0,0,0,22,22,1,1,a,The patient has taken Batatrim,The patient has overcome the crisis,,,,,,,,,,,,,,,,,,,,,,,,,,,,,,,,,,,,,,,,,,,,,,,,,,,,,,,,,,,,,,,,,,,,,,,,,,,,,,,,,,,,,,
,,,,,,,,[(%PROLIFIC_PID,2,2025-04-16_19h52.33.901,CLTandFLE,2024.1.5,Linux armv81,60.24096386,5fbd9bcc54453f1b0b28d89a,67ffc4c40efe1bd1090b10ee,67ffee32c3f8f3e1d8517bb3,,,,,,,,,,,,,,,,,,,,,,,,,,,,,,,,,,,,,,,,,,,337.2909,345.6056,8.3143,1,0,223.2254,-0.185855263,-0.054386039,0,0,0,0,23,23,0,1,a,The patient has taken Batatrim,The patient has overcome the crisis,,,,,,,,,,,,,,,,,,,,,,,,,,,,,,,,,,,,,,,,,,,,,,,,,,,,,,,,,,,,,,,,,,,,,,,,,,,,,,,,,,,,,,
,,,,,,,,[(%PROLIFIC_PID,2,2025-04-16_19h52.33.901,CLTandFLE,2024.1.5,Linux armv81,60.24096386,5fbd9bcc54453f1b0b28d89a,67ffc4c40efe1bd1090b10ee,67ffee32c3f8f3e1d8517bb3,,,,,,,,,,,,,,,,,,,,,,,,,,,,,,,,,,,,,,,,,,,345.6062,351.9561,6.3497,0,1,229.5751,0.212975151,-0.025146233,0,0,0,0,24,24,32,1,c,The patient has not taken Batatrim,The patient has overcome the crisis,,,,,,,,,,,,,,,,,,,,,,,,,,,,,,,,,,,,,,,,,,,,,,,,,,,,,,,,,,,,,,,,,,,,,,,,,,,,,,,,,,,,,,
,,,,,,,,[(%PROLIFIC_PID,2,2025-04-16_19h52.33.901,CLTandFLE,2024.1.5,Linux armv81,60.24096386,5fbd9bcc54453f1b0b28d89a,67ffc4c40efe1bd1090b10ee,67ffee32c3f8f3e1d8517bb3,,,,,,,,,,,,,,,,,,,,,,,,,,,,,,,,,,,,,,,,,,,351.9566,360.6208,8.6639,1,0,238.239,-0.192592581,-0.023379644,0,0,0,0,25,25,25,1,c,The patient has not taken Batatrim,The patient has overcome the crisis,,,,,,,,,,,,,,,,,,,,,,,,,,,,,,,,,,,,,,,,,,,,,,,,,,,,,,,,,,,,,,,,,,,,,,,,,,,,,,,,,,,,,,
,,,,,,,,[(%PROLIFIC_PID,2,2025-04-16_19h52.33.901,CLTandFLE,2024.1.5,Linux armv81,60.24096386,5fbd9bcc54453f1b0b28d89a,67ffc4c40efe1bd1090b10ee,67ffee32c3f8f3e1d8517bb3,,,,,,,,,,,,,,,,,,,,,,,,,,,,,,,,,,,,,,,,,,,360.6215,367.4665,6.8448,0,1,245.0838,0.257407427,-0.021527767,0,0,0,0,26,26,30,1,c,The patient has not taken Batatrim,The patient has overcome the crisis,,,,,,,,,,,,,,,,,,,,,,,,,,,,,,,,,,,,,,,,,,,,,,,,,,,,,,,,,,,,,,,,,,,,,,,,,,,,,,,,,,,,,,
,,,,,,,,[(%PROLIFIC_PID,2,2025-04-16_19h52.33.901,CLTandFLE,2024.1.5,Linux armv81,60.24096386,5fbd9bcc54453f1b0b28d89a,67ffc4c40efe1bd1090b10ee,67ffee32c3f8f3e1d8517bb3,,,,,,,,,,,,,,,,,,,,,,,,,,,,,,,,,,,,,,,,,,,367.4668,373.4005,5.9334,1,0,251.0172,-0.180555542,-0.027083317,0,0,0,0,27,27,9,1,a,The patient has taken Batatrim,The patient has overcome the crisis,,,,,,,,,,,,,,,,,,,,,,,,,,,,,,,,,,,,,,,,,,,,,,,,,,,,,,,,,,,,,,,,,,,,,,,,,,,,,,,,,,,,,,
,,,,,,,,[(%PROLIFIC_PID,2,2025-04-16_19h52.33.901,CLTandFLE,2024.1.5,Linux armv81,60.24096386,5fbd9bcc54453f1b0b28d89a,67ffc4c40efe1bd1090b10ee,67ffee32c3f8f3e1d8517bb3,,,,,,,,,,,,,,,,,,,,,,,,,,,,,,,,,,,,,,,,,,,373.4012,380.1148,6.7133,0,1,257.7305,0.214814822,-0.034490744,0,0,0,0,28,28,33,1,c,The patient has not taken Batatrim,The patient has overcome the crisis,,,,,,,,,,,,,,,,,,,,,,,,,,,,,,,,,,,,,,,,,,,,,,,,,,,,,,,,,,,,,,,,,,,,,,,,,,,,,,,,,,,,,,
,,,,,,,,[(%PROLIFIC_PID,2,2025-04-16_19h52.33.901,CLTandFLE,2024.1.5,Linux armv81,60.24096386,5fbd9bcc54453f1b0b28d89a,67ffc4c40efe1bd1090b10ee,67ffee32c3f8f3e1d8517bb3,,,,,,,,,,,,,,,,,,,,,,,,,,,,,,,,,,,,,,,,,,,380.1153,385.5711,5.4556,1,0,263.1861,-0.167592585,-0.031713009,0,0,0,0,29,29,10,1,a,The patient has taken Batatrim,The patient has overcome the crisis,,,,,,,,,,,,,,,,,,,,,,,,,,,,,,,,,,,,,,,,,,,,,,,,,,,,,,,,,,,,,,,,,,,,,,,,,,,,,,,,,,,,,,
,,,,,,,,[(%PROLIFIC_PID,2,2025-04-16_19h52.33.901,CLTandFLE,2024.1.5,Linux armv81,60.24096386,5fbd9bcc54453f1b0b28d89a,67ffc4c40efe1bd1090b10ee,67ffee32c3f8f3e1d8517bb3,,,,,,,,,,,,,,,,,,,,,,,,,,,,,,,,,,,,,,,,,,,385.5717,391.4185,5.8464,0,1,269.0325,0.262962977,-0.027083317,0,0,0,0,30,30,21,1,c,The patient has not taken Batatrim,The patient has overcome the crisis,,,,,,,,,,,,,,,,,,,,,,,,,,,,,,,,,,,,,,,,,,,,,,,,,,,,,,,,,,,,,,,,,,,,,,,,,,,,,,,,,,,,,,
,,,,,,,,[(%PROLIFIC_PID,2,2025-04-16_19h52.33.901,CLTandFLE,2024.1.5,Linux armv81,60.24096386,5fbd9bcc54453f1b0b28d89a,67ffc4c40efe1bd1090b10ee,67ffee32c3f8f3e1d8517bb3,,,,,,,,,,,,,,,,,,,,,,,,,,,,,,,,,,,,,,,,,,,391.4193,396.7344,5.3149,1,0,274.3474,-0.176851849,-0.038194497,0,0,0,0,31,31,4,1,a,The patient has taken Batatrim,The patient has overcome the crisis,,,,,,,,,,,,,,,,,,,,,,,,,,,,,,,,,,,,,,,,,,,,,,,,,,,,,,,,,,,,,,,,,,,,,,,,,,,,,,,,,,,,,,
,,,,,,,,[(%PROLIFIC_PID,2,2025-04-16_19h52.33.901,CLTandFLE,2024.1.5,Linux armv81,60.24096386,5fbd9bcc54453f1b0b28d89a,67ffc4c40efe1bd1090b10ee,67ffee32c3f8f3e1d8517bb3,,,,,,,,,,,,,,,,,,,,,,,,,,,,,,,,,,,,,,,,,,,396.7349,403.3383,6.6031,0,1,280.9505,0.247222265,-0.021527767,0,0,0,0,32,32,20,1,c,The patient has not taken Batatrim,The patient has overcome the crisis,,,,,,,,,,,,,,,,,,,,,,,,,,,,,,,,,,,,,,,,,,,,,,,,,,,,,,,,,,,,,,,,,,,,,,,,,,,,,,,,,,,,,,
,,,,,,,,[(%PROLIFIC_PID,2,2025-04-16_19h52.33.901,CLTandFLE,2024.1.5,Linux armv81,60.24096386,5fbd9bcc54453f1b0b28d89a,67ffc4c40efe1bd1090b10ee,67ffee32c3f8f3e1d8517bb3,,,,,,,,,,,,,,,,,,,,,,,,,,,,,,,,,,,,,,,,,,,403.3387,409.3077,5.9686,1,0,286.9191,-0.162037015,-0.031713009,0,0,0,0,33,33,18,1,b,The patient has taken Batatrim,The patient has not overcome the crisis,,,,,,,,,,,,,,,,,,,,,,,,,,,,,,,,,,,,,,,,,,,,,,,,,,,,,,,,,,,,,,,,,,,,,,,,,,,,,,,,,,,,,,
,,,,,,,,[(%PROLIFIC_PID,2,2025-04-16_19h52.33.901,CLTandFLE,2024.1.5,Linux armv81,60.24096386,5fbd9bcc54453f1b0b28d89a,67ffc4c40efe1bd1090b10ee,67ffee32c3f8f3e1d8517bb3,,,,,,,,,,,,,,,,,,,,,,,,,,,,,,,,,,,,,,,,,,,409.3085,415.1143,5.8056,0,1,292.7247,0.256481489,-0.031713009,0,0,0,0,34,34,31,1,c,The patient has not taken Batatrim,The patient has overcome the crisis,,,,,,,,,,,,,,,,,,,,,,,,,,,,,,,,,,,,,,,,,,,,,,,,,,,,,,,,,,,,,,,,,,,,,,,,,,,,,,,,,,,,,,
,,,,,,,,[(%PROLIFIC_PID,2,2025-04-16_19h52.33.901,CLTandFLE,2024.1.5,Linux armv81,60.24096386,5fbd9bcc54453f1b0b28d89a,67ffc4c40efe1bd1090b10ee,67ffee32c3f8f3e1d8517bb3,,,,,,,,,,,,,,,,,,,,,,,,,,,,,,,,,,,,,,,,,,,415.1148,420.4137,5.2987,1,0,298.0234,-0.16481479,-0.039120356,0,0,0,0,35,35,8,1,a,The patient has taken Batatrim,The patient has overcome the crisis,,,,,,,,,,,,,,,,,,,,,,,,,,,,,,,,,,,,,,,,,,,,,,,,,,,,,,,,,,,,,,,,,,,,,,,,,,,,,,,,,,,,,,
,,,,,,,,[(%PROLIFIC_PID,2,2025-04-16_19h52.33.901,CLTandFLE,2024.1.5,Linux armv81,60.24096386,5fbd9bcc54453f1b0b28d89a,67ffc4c40efe1bd1090b10ee,67ffee32c3f8f3e1d8517bb3,,,,,,,,,,,,,,,,,,,,,,,,,,,,,,,,,,,,,,,,,,,420.4147,427.0565,6.6416,0,1,304.665,0.236111164,-0.021527767,0,0,0,0,36,36,5,1,a,The patient has taken Batatrim,The patient has overcome the crisis,,,,,,,,,,,,,,,,,,,,,,,,,,,,,,,,,,,,,,,,,,,,,,,,,,,,,,,,,,,,,,,,,,,,,,,,,,,,,,,,,,,,,,
,,,,,,,,[(%PROLIFIC_PID,2,2025-04-16_19h52.33.901,CLTandFLE,2024.1.5,Linux armv81,60.24096386,5fbd9bcc54453f1b0b28d89a,67ffc4c40efe1bd1090b10ee,67ffee32c3f8f3e1d8517bb3,,,,,,,,,,,,,,,,,,,,,,,,,,,,,,,,,,,,,,,,,,,427.0572,432.7172,5.6597,0,1,310.3247,0.204629739,-0.01967597,0,0,0,0,37,37,29,1,c,The patient has not taken Batatrim,The patient has overcome the crisis,,,,,,,,,,,,,,,,,,,,,,,,,,,,,,,,,,,,,,,,,,,,,,,,,,,,,,,,,,,,,,,,,,,,,,,,,,,,,,,,,,,,,,
,,,,,,,,[(%PROLIFIC_PID,2,2025-04-16_19h52.33.901,CLTandFLE,2024.1.5,Linux armv81,60.24096386,5fbd9bcc54453f1b0b28d89a,67ffc4c40efe1bd1090b10ee,67ffee32c3f8f3e1d8517bb3,,,,,,,,,,,,,,,,,,,,,,,,,,,,,,,,,,,,,,,,,,,432.7178,438.1687,5.4507,1,0,315.7754,-0.142592589,-0.045601845,0,0,0,0,38,38,2,1,a,The patient has taken Batatrim,The patient has overcome the crisis,,,,,,,,,,,,,,,,,,,,,,,,,,,,,,,,,,,,,,,,,,,,,,,,,,,,,,,,,,,,,,,,,,,,,,,,,,,,,,,,,,,,,,
,,,,,,,,[(%PROLIFIC_PID,2,2025-04-16_19h52.33.901,CLTandFLE,2024.1.5,Linux armv81,60.24096386,5fbd9bcc54453f1b0b28d89a,67ffc4c40efe1bd1090b10ee,67ffee32c3f8f3e1d8517bb3,,,,,,,,,,,,,,,,,,,,,,,,,,,,,,,,,,,,,,,,,,,438.1692,443.6027,5.4331,1,0,321.2085,-0.173148135,-0.043750048,0,0,0,0,39,39,13,1,a,The patient has taken Batatrim,The patient has overcome the crisis,,,,,,,,,,,,,,,,,,,,,,,,,,,,,,,,,,,,,,,,,,,,,,,,,,,,,,,,,,,,,,,,,,,,,,,,,,,,,,,,,,,,,,
,,,,,,,,[(%PROLIFIC_PID,2,2025-04-16_19h52.33.901,CLTandFLE,2024.1.5,Linux armv81,60.24096386,5fbd9bcc54453f1b0b28d89a,67ffc4c40efe1bd1090b10ee,67ffee32c3f8f3e1d8517bb3,,463.6728,464.3599,,,,,,,,,,,,,,,,,,,,,,,,,,,,,,,,,,,,,,,,,,,,,,,,,,,,,,,,,,,444.5181,454.6624,10.1435,57,5.8626,0.025925954,-0.207638899,1,0,0,455.3862,463.6728,8.286,68,7.3491,0.030555566,-0.180787086,1,0,0,20,15,10,15,0,0,0,0,1,,,,,,,,,,,,,,,,,,,,,,,,,,,,,,,,,,,,,,,,,,,,,,,,,,,,,,,,,
,,,,,,,,[(%PROLIFIC_PID,2,2025-04-16_19h52.33.901,CLTandFLE,2024.1.5,Linux armv81,60.24096386,5fbd9bcc54453f1b0b28d89a,67ffc4c40efe1bd1090b10ee,67ffee32c3f8f3e1d8517bb3,,792.2105,792.9425,,,,,,,,,,,,,,,,,,,,,,,,,,,,,,,,,,,,,,,,,,,,,,,,,,,,,,,,,,,,,,,,,,,,,,,,,,,,,,,,,,,,,,,,711.9851,719.8144,7.8287,2,6.9192,0.032407403,-0.222453753,1,0,0,25,Femmina,Sì,18,No,TRUE,FALSE,5,7,8,6,6,FALSE,Conferma,c1ok,c2ok,c3err2,c4ok,c5ok,c6ok,c7ok,c8ok,c9ok,c10ok,c11ok,c12err,c13ok,c14err2,c15err,c16ok,c17ok,c18ok,c19ok,c20ok,c21ok,c22ok,c23ok,c24ok,c25err3,c26ok,992.182,998.9115,0,0,0,0,1
