﻿Alfa.started,Alfa.stopped,alfa_mouse.x,alfa_mouse.y,alfa_mouse.leftButton,alfa_mouse.midButton,alfa_mouse.rightButton,alfa_mouse.clicked_name,participant,group,date,expName,psychopyVersion,OS,frameRate,PROLIFIC_PID,STUDY_ID,SESSION_ID,)],ITI.started,ITI.stopped,B_consensoinformato.started,B_consensoinformato.stopped,tempo_consenso,cons_mouse.x,cons_mouse.y,cons_mouse.leftButton,cons_mouse.midButton,cons_mouse.rightButton,A_benvenuto.started,A_benvenuto.stopped,ben_mouse.x,ben_mouse.y,ben_mouse.leftButton,ben_mouse.midButton,ben_mouse.rightButton,B2_istruzioni.started,B2_istruzioni.stopped,tempo_istru,cons_mouse_2.x,cons_mouse_2.y,cons_mouse_2.leftButton,cons_mouse_2.midButton,cons_mouse_2.rightButton,SAMevaluation.started,SAMevaluation.stopped,temposam,sliderintensity.response,sliderintensity.rt,slidervalence.response,slidervalence.rt,mouse_sam.x,mouse_sam.y,mouse_sam.leftButton,mouse_sam.midButton,mouse_sam.rightButton,mouse_sam.time,mouse_sam.clicked_name,Loading.started,Loading.stopped,C_associative_task.started,C_associative_task.stopped,tempo_trial,hapremutosi,hapremutono,tempo_tasktot,mouse.x,mouse.y,mouse.leftButton,mouse.midButton,mouse.rightButton,trials.thisRepN,trials.thisTrialN,trials.thisN,trials.thisIndex,trials.ran,cond,causa,effetto,D_VD.started,D_VD.stopped,tempo_vd,vd.response,vd.rt,mouse_vd.x,mouse_vd.y,mouse_vd.leftButton,mouse_vd.midButton,mouse_vd.rightButton,Previous.started,Previous.stopped,tempo_vd1,previous.response,previous.rt,mouse_vd_2.x,mouse_vd_2.y,mouse_vd_2.leftButton,mouse_vd_2.midButton,mouse_vd_2.rightButton,EstITA.TrialSS,EstITA.TrialSN,EstITA.TrialNS,EstITA.TrialD,itaest.thisRepN,itaest.thisTrialN,itaest.thisN,itaest.thisIndex,itaest.ran,PF.started,PF.stopped,tempo_pf,processfluency.response,processfluency.rt,mouse_ch.x,mouse_ch.y,mouse_ch.leftButton,mouse_ch.midButton,mouse_ch.rightButton,Questionario_Lingua.Age,Questionario_Lingua.Sesso,Questionario_Lingua.StaiStudiando?,Questionario_Lingua.Anniscolarita,Questionario_Lingua.Diploma,Questionario_Lingua.ItaMADRE?,Questionario_Lingua.INGmadre?,Questionario_Lingua.Q5(AOAIng),Questionario_Lingua.INGLETTURA,Questionario_Lingua.INGCOMPRESO,Questionario_Lingua.INGSCRITTO,Questionario_Lingua.INGPARLATO,Questionario_Lingua.haivissutoestero,ProvaInglese.ProcediamoENg,ProvaInglese.C1,ProvaInglese.C2,ProvaInglese.C3,ProvaInglese.C4,ProvaInglese.C5,ProvaInglese.C6,ProvaInglese.C7,ProvaInglese.C8,ProvaInglese.C9,ProvaInglese.C10,ProvaInglese.C11,ProvaInglese.C12,ProvaInglese.C13,ProvaInglese.C14,ProvaInglese.C15,ProvaInglese.C16,ProvaInglese.C17,ProvaInglese.C18,ProvaInglese.C19,ProvaInglese.C20,ProvaInglese.C21,ProvaInglese.C22,ProvaInglese.C23,ProvaInglese.C24,ProvaInglese.C25,ProvaInglese.controlquestion,Ant_lastquestion.started,Ant_lastquestion.stopped,exp_loop.thisRepN,exp_loop.thisTrialN,exp_loop.thisN,exp_loop.thisIndex,exp_loop.ran
0.000799999,88.3536,-0.014322917,0.001302083,1,0,0,alfa_mask,[(%PROLIFIC_PID,1,2025-04-16_18h53.08.780,CLTandFLE,2024.1.5,Win32,60.06727535,5e50e4fc059e37115cba21c5,67ffc4c40efe1bd1090b10ee,67ffe02636d2886046d8a279,,,,,,,,,,,,,,,,,,,,,,,,,,,,,,,,,,,,,,,,,,,,,,,,,,,,,,,,,,,,,,,,,,,,,,,,,,,,,,,,,,,,,,,,,,,,,,,,,,,,,,,,,,,,,,,,,,,,,,,,,,,,,,,,,,,,,,,,,,,,,,,,,,,
,,,,,,,,[(%PROLIFIC_PID,1,2025-04-16_18h53.08.780,CLTandFLE,2024.1.5,Win32,60.06727535,5e50e4fc059e37115cba21c5,67ffc4c40efe1bd1090b10ee,67ffe02636d2886046d8a279,,88.3549,89.4183,,,,,,,,,,,,,,,,,,,,,,,,,,,,,,,,,,,,,,,,,,,,,,,,,,,,,,,,,,,,,,,,,,,,,,,,,,,,,,,,,,,,,,,,,,,,,,,,,,,,,,,,,,,,,,,,,,,,,,,,,,,,,,,,,,,,,,,,,,,,,,,,
,,,,,,,,[(%PROLIFIC_PID,1,2025-04-16_18h53.08.780,CLTandFLE,2024.1.5,Win32,60.06727535,5e50e4fc059e37115cba21c5,67ffc4c40efe1bd1090b10ee,67ffe02636d2886046d8a279,,,,89.4193,106.8262,17.4028,0.21484375,-0.411458333,1,0,0,,,,,,,,,,,,,,,,,,,,,,,,,,,,,,,,,,,,,,,,,,,,,,,,,,,,,,,,,,,,,,,,,,,,,,,,,,,,,,,,,,,,,,,,,,,,,,,,,,,,,,,,,,,,,,,,,,,,,,,,,,,,,,,,,,,,,,,,
,,,,,,,,[(%PROLIFIC_PID,1,2025-04-16_18h53.08.780,CLTandFLE,2024.1.5,Win32,60.06727535,5e50e4fc059e37115cba21c5,67ffc4c40efe1bd1090b10ee,67ffe02636d2886046d8a279,,186.1532,187.1525,,,,,,,,,107.869,113.1746,0.032552083,-0.104166667,1,0,0,114.1717,159.1845,45.0083,0.00390625,-0.403645833,1,0,0,160.1748,178.1602,17.9807,0.4609375,10.1988,0.405598958,8.3717,"[-0.00390625,0.00390625,0.3385416666666667,0.005208333333333333]","[0.19661458333333334,-0.0013020833333333333,0.20833333333333334,-0.20963541666666666]","[1,1,1,1]","[0,0,0,0]","[0,0,0,0]","[4.064999999999998,6.428199999809266,9.30429999923706,17.92079999923706]","[""slidervalence"",""sliderintensity"",""rettoksam""]",179.1577,186.153,187.3533,200.5162,13.1605,1,0,13.1605,0.21875,-0.04296875,0,0,0,0,0,0,39,1,d,Il paziente non ha preso il Batatrim,Il paziente non ha superato la crisi,,,,,,,,,,,,,,,,,,,,,,,,,,,,,,,,,,,,,,,,,,,,,,,,,,,,,,,,,,,,,,,,,,,,,,,,,,,,,,,,,,,,,,
,,,,,,,,[(%PROLIFIC_PID,1,2025-04-16_18h53.08.780,CLTandFLE,2024.1.5,Win32,60.06727535,5e50e4fc059e37115cba21c5,67ffc4c40efe1bd1090b10ee,67ffe02636d2886046d8a279,,,,,,,,,,,,,,,,,,,,,,,,,,,,,,,,,,,,,,,,,,,200.5386,207.7298,7.1905,0,1,20.351,0.21875,-0.04296875,0,0,0,0,1,1,29,1,c,Il paziente non ha preso il Batatrim,Il paziente ha superato la crisi,,,,,,,,,,,,,,,,,,,,,,,,,,,,,,,,,,,,,,,,,,,,,,,,,,,,,,,,,,,,,,,,,,,,,,,,,,,,,,,,,,,,,,
,,,,,,,,[(%PROLIFIC_PID,1,2025-04-16_18h53.08.780,CLTandFLE,2024.1.5,Win32,60.06727535,5e50e4fc059e37115cba21c5,67ffc4c40efe1bd1090b10ee,67ffe02636d2886046d8a279,,,,,,,,,,,,,,,,,,,,,,,,,,,,,,,,,,,,,,,,,,,207.7537,213.589,5.833599999,0,1,26.1846,0.21875,-0.04296875,0,0,0,0,2,2,28,1,c,Il paziente non ha preso il Batatrim,Il paziente ha superato la crisi,,,,,,,,,,,,,,,,,,,,,,,,,,,,,,,,,,,,,,,,,,,,,,,,,,,,,,,,,,,,,,,,,,,,,,,,,,,,,,,,,,,,,,
,,,,,,,,[(%PROLIFIC_PID,1,2025-04-16_18h53.08.780,CLTandFLE,2024.1.5,Win32,60.06727535,5e50e4fc059e37115cba21c5,67ffc4c40efe1bd1090b10ee,67ffe02636d2886046d8a279,,,,,,,,,,,,,,,,,,,,,,,,,,,,,,,,,,,,,,,,,,,213.6093,227.6154,14.0053,1,0,40.1899,-0.153645833,-0.05078125,0,0,0,0,3,3,7,1,a,Il paziente ha preso il Batatrim,Il paziente ha superato la crisi,,,,,,,,,,,,,,,,,,,,,,,,,,,,,,,,,,,,,,,,,,,,,,,,,,,,,,,,,,,,,,,,,,,,,,,,,,,,,,,,,,,,,,
,,,,,,,,[(%PROLIFIC_PID,1,2025-04-16_18h53.08.780,CLTandFLE,2024.1.5,Win32,60.06727535,5e50e4fc059e37115cba21c5,67ffc4c40efe1bd1090b10ee,67ffe02636d2886046d8a279,,,,,,,,,,,,,,,,,,,,,,,,,,,,,,,,,,,,,,,,,,,227.6391,235.4317,7.791,0,1,47.9809,0.190104167,-0.040364583,0,0,0,0,4,4,19,1,b,Il paziente ha preso il Batatrim,Il paziente non ha superato la crisi,,,,,,,,,,,,,,,,,,,,,,,,,,,,,,,,,,,,,,,,,,,,,,,,,,,,,,,,,,,,,,,,,,,,,,,,,,,,,,,,,,,,,,
,,,,,,,,[(%PROLIFIC_PID,1,2025-04-16_18h53.08.780,CLTandFLE,2024.1.5,Win32,60.06727535,5e50e4fc059e37115cba21c5,67ffc4c40efe1bd1090b10ee,67ffe02636d2886046d8a279,,,,,,,,,,,,,,,,,,,,,,,,,,,,,,,,,,,,,,,,,,,235.4526,242.5566,7.1032,0,1,55.0841,0.170572917,-0.046875,0,0,0,0,5,5,26,1,c,Il paziente non ha preso il Batatrim,Il paziente ha superato la crisi,,,,,,,,,,,,,,,,,,,,,,,,,,,,,,,,,,,,,,,,,,,,,,,,,,,,,,,,,,,,,,,,,,,,,,,,,,,,,,,,,,,,,,
,,,,,,,,[(%PROLIFIC_PID,1,2025-04-16_18h53.08.780,CLTandFLE,2024.1.5,Win32,60.06727535,5e50e4fc059e37115cba21c5,67ffc4c40efe1bd1090b10ee,67ffe02636d2886046d8a279,,,,,,,,,,,,,,,,,,,,,,,,,,,,,,,,,,,,,,,,,,,242.5777,251.0187,8.4403,1,0,63.5244,0.024739583,-0.134114583,0,0,0,0,6,6,18,1,b,Il paziente ha preso il Batatrim,Il paziente non ha superato la crisi,,,,,,,,,,,,,,,,,,,,,,,,,,,,,,,,,,,,,,,,,,,,,,,,,,,,,,,,,,,,,,,,,,,,,,,,,,,,,,,,,,,,,,
,,,,,,,,[(%PROLIFIC_PID,1,2025-04-16_18h53.08.780,CLTandFLE,2024.1.5,Win32,60.06727535,5e50e4fc059e37115cba21c5,67ffc4c40efe1bd1090b10ee,67ffe02636d2886046d8a279,,,,,,,,,,,,,,,,,,,,,,,,,,,,,,,,,,,,,,,,,,,251.0373,257.6331,6.5952,0,1,70.1196,0.20703125,-0.208333333,0,0,0,0,7,7,5,1,a,Il paziente ha preso il Batatrim,Il paziente ha superato la crisi,,,,,,,,,,,,,,,,,,,,,,,,,,,,,,,,,,,,,,,,,,,,,,,,,,,,,,,,,,,,,,,,,,,,,,,,,,,,,,,,,,,,,,
,,,,,,,,[(%PROLIFIC_PID,1,2025-04-16_18h53.08.780,CLTandFLE,2024.1.5,Win32,60.06727535,5e50e4fc059e37115cba21c5,67ffc4c40efe1bd1090b10ee,67ffe02636d2886046d8a279,,,,,,,,,,,,,,,,,,,,,,,,,,,,,,,,,,,,,,,,,,,257.652,264.1847,6.532,1,0,76.6516,-0.016927083,-0.169270833,0,0,0,0,8,8,4,1,a,Il paziente ha preso il Batatrim,Il paziente ha superato la crisi,,,,,,,,,,,,,,,,,,,,,,,,,,,,,,,,,,,,,,,,,,,,,,,,,,,,,,,,,,,,,,,,,,,,,,,,,,,,,,,,,,,,,,
,,,,,,,,[(%PROLIFIC_PID,1,2025-04-16_18h53.08.780,CLTandFLE,2024.1.5,Win32,60.06727535,5e50e4fc059e37115cba21c5,67ffc4c40efe1bd1090b10ee,67ffe02636d2886046d8a279,,,,,,,,,,,,,,,,,,,,,,,,,,,,,,,,,,,,,,,,,,,264.2042,272.7594,8.5545,1,0,85.2061,0.0234375,-0.16796875,0,0,0,0,9,9,14,1,b,Il paziente ha preso il Batatrim,Il paziente ha superato la crisi,,,,,,,,,,,,,,,,,,,,,,,,,,,,,,,,,,,,,,,,,,,,,,,,,,,,,,,,,,,,,,,,,,,,,,,,,,,,,,,,,,,,,,
,,,,,,,,[(%PROLIFIC_PID,1,2025-04-16_18h53.08.780,CLTandFLE,2024.1.5,Win32,60.06727535,5e50e4fc059e37115cba21c5,67ffc4c40efe1bd1090b10ee,67ffe02636d2886046d8a279,,,,,,,,,,,,,,,,,,,,,,,,,,,,,,,,,,,,,,,,,,,272.7777,279.3341,6.555599999,0,1,91.7617,0.208333333,-0.247395833,0,0,0,0,10,10,20,1,c,Il paziente non ha preso il Batatrim,Il paziente ha superato la crisi,,,,,,,,,,,,,,,,,,,,,,,,,,,,,,,,,,,,,,,,,,,,,,,,,,,,,,,,,,,,,,,,,,,,,,,,,,,,,,,,,,,,,,
,,,,,,,,[(%PROLIFIC_PID,1,2025-04-16_18h53.08.780,CLTandFLE,2024.1.5,Win32,60.06727535,5e50e4fc059e37115cba21c5,67ffc4c40efe1bd1090b10ee,67ffe02636d2886046d8a279,,,,,,,,,,,,,,,,,,,,,,,,,,,,,,,,,,,,,,,,,,,279.3553,285.2997,5.943700001,1,0,97.7054,0.014322917,-0.196614583,0,0,0,0,11,11,2,1,a,Il paziente ha preso il Batatrim,Il paziente ha superato la crisi,,,,,,,,,,,,,,,,,,,,,,,,,,,,,,,,,,,,,,,,,,,,,,,,,,,,,,,,,,,,,,,,,,,,,,,,,,,,,,,,,,,,,,
,,,,,,,,[(%PROLIFIC_PID,1,2025-04-16_18h53.08.780,CLTandFLE,2024.1.5,Win32,60.06727535,5e50e4fc059e37115cba21c5,67ffc4c40efe1bd1090b10ee,67ffe02636d2886046d8a279,,,,,,,,,,,,,,,,,,,,,,,,,,,,,,,,,,,,,,,,,,,285.3173,292.3797,7.0618,1,0,104.7672,-0.08203125,-0.177083333,0,0,0,0,12,12,31,1,c,Il paziente non ha preso il Batatrim,Il paziente ha superato la crisi,,,,,,,,,,,,,,,,,,,,,,,,,,,,,,,,,,,,,,,,,,,,,,,,,,,,,,,,,,,,,,,,,,,,,,,,,,,,,,,,,,,,,,
,,,,,,,,[(%PROLIFIC_PID,1,2025-04-16_18h53.08.780,CLTandFLE,2024.1.5,Win32,60.06727535,5e50e4fc059e37115cba21c5,67ffc4c40efe1bd1090b10ee,67ffe02636d2886046d8a279,,,,,,,,,,,,,,,,,,,,,,,,,,,,,,,,,,,,,,,,,,,292.402,299.4209,7.018099999,1,0,111.7853,0.06640625,-0.209635417,0,0,0,0,13,13,13,1,a,Il paziente ha preso il Batatrim,Il paziente ha superato la crisi,,,,,,,,,,,,,,,,,,,,,,,,,,,,,,,,,,,,,,,,,,,,,,,,,,,,,,,,,,,,,,,,,,,,,,,,,,,,,,,,,,,,,,
,,,,,,,,[(%PROLIFIC_PID,1,2025-04-16_18h53.08.780,CLTandFLE,2024.1.5,Win32,60.06727535,5e50e4fc059e37115cba21c5,67ffc4c40efe1bd1090b10ee,67ffe02636d2886046d8a279,,,,,,,,,,,,,,,,,,,,,,,,,,,,,,,,,,,,,,,,,,,299.4409,330.4723,31.0306,0,1,142.8159,0.268229167,-0.274739583,0,0,0,0,14,14,1,1,a,Il paziente ha preso il Batatrim,Il paziente ha superato la crisi,,,,,,,,,,,,,,,,,,,,,,,,,,,,,,,,,,,,,,,,,,,,,,,,,,,,,,,,,,,,,,,,,,,,,,,,,,,,,,,,,,,,,,
,,,,,,,,[(%PROLIFIC_PID,1,2025-04-16_18h53.08.780,CLTandFLE,2024.1.5,Win32,60.06727535,5e50e4fc059e37115cba21c5,67ffc4c40efe1bd1090b10ee,67ffe02636d2886046d8a279,,,,,,,,,,,,,,,,,,,,,,,,,,,,,,,,,,,,,,,,,,,330.495,336.3628,5.8669,1,0,148.6828,-0.173177083,-0.048177083,0,0,0,0,15,15,12,1,a,Il paziente ha preso il Batatrim,Il paziente ha superato la crisi,,,,,,,,,,,,,,,,,,,,,,,,,,,,,,,,,,,,,,,,,,,,,,,,,,,,,,,,,,,,,,,,,,,,,,,,,,,,,,,,,,,,,,
,,,,,,,,[(%PROLIFIC_PID,1,2025-04-16_18h53.08.780,CLTandFLE,2024.1.5,Win32,60.06727535,5e50e4fc059e37115cba21c5,67ffc4c40efe1bd1090b10ee,67ffe02636d2886046d8a279,,,,,,,,,,,,,,,,,,,,,,,,,,,,,,,,,,,,,,,,,,,336.3837,341.9846,5.6,1,0,154.2828,0.07421875,-0.153645833,0,0,0,0,16,16,30,1,c,Il paziente non ha preso il Batatrim,Il paziente ha superato la crisi,,,,,,,,,,,,,,,,,,,,,,,,,,,,,,,,,,,,,,,,,,,,,,,,,,,,,,,,,,,,,,,,,,,,,,,,,,,,,,,,,,,,,,
,,,,,,,,[(%PROLIFIC_PID,1,2025-04-16_18h53.08.780,CLTandFLE,2024.1.5,Win32,60.06727535,5e50e4fc059e37115cba21c5,67ffc4c40efe1bd1090b10ee,67ffe02636d2886046d8a279,,,,,,,,,,,,,,,,,,,,,,,,,,,,,,,,,,,,,,,,,,,342.0065,347.7171,5.7097,0,1,159.9925,0.239583333,-0.141927083,0,0,0,0,17,17,3,1,a,Il paziente ha preso il Batatrim,Il paziente ha superato la crisi,,,,,,,,,,,,,,,,,,,,,,,,,,,,,,,,,,,,,,,,,,,,,,,,,,,,,,,,,,,,,,,,,,,,,,,,,,,,,,,,,,,,,,
,,,,,,,,[(%PROLIFIC_PID,1,2025-04-16_18h53.08.780,CLTandFLE,2024.1.5,Win32,60.06727535,5e50e4fc059e37115cba21c5,67ffc4c40efe1bd1090b10ee,67ffe02636d2886046d8a279,,,,,,,,,,,,,,,,,,,,,,,,,,,,,,,,,,,,,,,,,,,347.7385,354.0075,6.267799999,1,0,166.2603,0.151041667,-0.173177083,0,0,0,0,18,18,23,1,c,Il paziente non ha preso il Batatrim,Il paziente ha superato la crisi,,,,,,,,,,,,,,,,,,,,,,,,,,,,,,,,,,,,,,,,,,,,,,,,,,,,,,,,,,,,,,,,,,,,,,,,,,,,,,,,,,,,,,
,,,,,,,,[(%PROLIFIC_PID,1,2025-04-16_18h53.08.780,CLTandFLE,2024.1.5,Win32,60.06727535,5e50e4fc059e37115cba21c5,67ffc4c40efe1bd1090b10ee,67ffe02636d2886046d8a279,,,,,,,,,,,,,,,,,,,,,,,,,,,,,,,,,,,,,,,,,,,354.0284,360.2696,6.2405,0,1,172.5008,0.235677083,-0.1640625,0,0,0,0,19,19,6,1,a,Il paziente ha preso il Batatrim,Il paziente ha superato la crisi,,,,,,,,,,,,,,,,,,,,,,,,,,,,,,,,,,,,,,,,,,,,,,,,,,,,,,,,,,,,,,,,,,,,,,,,,,,,,,,,,,,,,,
,,,,,,,,[(%PROLIFIC_PID,1,2025-04-16_18h53.08.780,CLTandFLE,2024.1.5,Win32,60.06727535,5e50e4fc059e37115cba21c5,67ffc4c40efe1bd1090b10ee,67ffe02636d2886046d8a279,,,,,,,,,,,,,,,,,,,,,,,,,,,,,,,,,,,,,,,,,,,360.2911,366.0826,5.7908,1,0,178.2916,-0.037760417,-0.147135417,0,0,0,0,20,20,10,1,a,Il paziente ha preso il Batatrim,Il paziente ha superato la crisi,,,,,,,,,,,,,,,,,,,,,,,,,,,,,,,,,,,,,,,,,,,,,,,,,,,,,,,,,,,,,,,,,,,,,,,,,,,,,,,,,,,,,,
,,,,,,,,[(%PROLIFIC_PID,1,2025-04-16_18h53.08.780,CLTandFLE,2024.1.5,Win32,60.06727535,5e50e4fc059e37115cba21c5,67ffc4c40efe1bd1090b10ee,67ffe02636d2886046d8a279,,,,,,,,,,,,,,,,,,,,,,,,,,,,,,,,,,,,,,,,,,,366.104,375.3881,9.282599999,0,1,187.5742,0.151041667,-0.147135417,0,0,0,0,21,21,27,1,c,Il paziente non ha preso il Batatrim,Il paziente ha superato la crisi,,,,,,,,,,,,,,,,,,,,,,,,,,,,,,,,,,,,,,,,,,,,,,,,,,,,,,,,,,,,,,,,,,,,,,,,,,,,,,,,,,,,,,
,,,,,,,,[(%PROLIFIC_PID,1,2025-04-16_18h53.08.780,CLTandFLE,2024.1.5,Win32,60.06727535,5e50e4fc059e37115cba21c5,67ffc4c40efe1bd1090b10ee,67ffe02636d2886046d8a279,,,,,,,,,,,,,,,,,,,,,,,,,,,,,,,,,,,,,,,,,,,375.411,381.5309,6.1192,1,0,193.6934,-0.0390625,-0.140625,0,0,0,0,22,22,35,1,d,Il paziente non ha preso il Batatrim,Il paziente non ha superato la crisi,,,,,,,,,,,,,,,,,,,,,,,,,,,,,,,,,,,,,,,,,,,,,,,,,,,,,,,,,,,,,,,,,,,,,,,,,,,,,,,,,,,,,,
,,,,,,,,[(%PROLIFIC_PID,1,2025-04-16_18h53.08.780,CLTandFLE,2024.1.5,Win32,60.06727535,5e50e4fc059e37115cba21c5,67ffc4c40efe1bd1090b10ee,67ffe02636d2886046d8a279,,,,,,,,,,,,,,,,,,,,,,,,,,,,,,,,,,,,,,,,,,,381.5489,386.7368,5.1872,1,0,198.8806,-0.015625,-0.141927083,0,0,0,0,23,23,37,1,d,Il paziente non ha preso il Batatrim,Il paziente non ha superato la crisi,,,,,,,,,,,,,,,,,,,,,,,,,,,,,,,,,,,,,,,,,,,,,,,,,,,,,,,,,,,,,,,,,,,,,,,,,,,,,,,,,,,,,,
,,,,,,,,[(%PROLIFIC_PID,1,2025-04-16_18h53.08.780,CLTandFLE,2024.1.5,Win32,60.06727535,5e50e4fc059e37115cba21c5,67ffc4c40efe1bd1090b10ee,67ffe02636d2886046d8a279,,,,,,,,,,,,,,,,,,,,,,,,,,,,,,,,,,,,,,,,,,,386.7556,392.038,5.2817,0,1,204.1623,0.151041667,-0.154947917,0,0,0,0,24,24,38,1,d,Il paziente non ha preso il Batatrim,Il paziente non ha superato la crisi,,,,,,,,,,,,,,,,,,,,,,,,,,,,,,,,,,,,,,,,,,,,,,,,,,,,,,,,,,,,,,,,,,,,,,,,,,,,,,,,,,,,,,
,,,,,,,,[(%PROLIFIC_PID,1,2025-04-16_18h53.08.780,CLTandFLE,2024.1.5,Win32,60.06727535,5e50e4fc059e37115cba21c5,67ffc4c40efe1bd1090b10ee,67ffe02636d2886046d8a279,,,,,,,,,,,,,,,,,,,,,,,,,,,,,,,,,,,,,,,,,,,392.0612,397.5008,5.4388,0,1,209.6011,0.18359375,-0.149739583,0,0,0,0,25,25,25,1,c,Il paziente non ha preso il Batatrim,Il paziente ha superato la crisi,,,,,,,,,,,,,,,,,,,,,,,,,,,,,,,,,,,,,,,,,,,,,,,,,,,,,,,,,,,,,,,,,,,,,,,,,,,,,,,,,,,,,,
,,,,,,,,[(%PROLIFIC_PID,1,2025-04-16_18h53.08.780,CLTandFLE,2024.1.5,Win32,60.06727535,5e50e4fc059e37115cba21c5,67ffc4c40efe1bd1090b10ee,67ffe02636d2886046d8a279,,,,,,,,,,,,,,,,,,,,,,,,,,,,,,,,,,,,,,,,,,,397.5198,404.1579,6.636700001,1,0,216.2378,0.032552083,-0.126302083,0,0,0,0,26,26,17,1,b,Il paziente ha preso il Batatrim,Il paziente non ha superato la crisi,,,,,,,,,,,,,,,,,,,,,,,,,,,,,,,,,,,,,,,,,,,,,,,,,,,,,,,,,,,,,,,,,,,,,,,,,,,,,,,,,,,,,,
,,,,,,,,[(%PROLIFIC_PID,1,2025-04-16_18h53.08.780,CLTandFLE,2024.1.5,Win32,60.06727535,5e50e4fc059e37115cba21c5,67ffc4c40efe1bd1090b10ee,67ffe02636d2886046d8a279,,,,,,,,,,,,,,,,,,,,,,,,,,,,,,,,,,,,,,,,,,,404.1796,412.9866,8.8062,1,0,225.044,-0.010416667,-0.169270833,0,0,0,0,27,27,22,1,c,Il paziente non ha preso il Batatrim,Il paziente ha superato la crisi,,,,,,,,,,,,,,,,,,,,,,,,,,,,,,,,,,,,,,,,,,,,,,,,,,,,,,,,,,,,,,,,,,,,,,,,,,,,,,,,,,,,,,
,,,,,,,,[(%PROLIFIC_PID,1,2025-04-16_18h53.08.780,CLTandFLE,2024.1.5,Win32,60.06727535,5e50e4fc059e37115cba21c5,67ffc4c40efe1bd1090b10ee,67ffe02636d2886046d8a279,,,,,,,,,,,,,,,,,,,,,,,,,,,,,,,,,,,,,,,,,,,413.0063,419.5965,6.5895,1,0,231.6335,0.024739583,-0.140625,0,0,0,0,28,28,21,1,c,Il paziente non ha preso il Batatrim,Il paziente ha superato la crisi,,,,,,,,,,,,,,,,,,,,,,,,,,,,,,,,,,,,,,,,,,,,,,,,,,,,,,,,,,,,,,,,,,,,,,,,,,,,,,,,,,,,,,
,,,,,,,,[(%PROLIFIC_PID,1,2025-04-16_18h53.08.780,CLTandFLE,2024.1.5,Win32,60.06727535,5e50e4fc059e37115cba21c5,67ffc4c40efe1bd1090b10ee,67ffe02636d2886046d8a279,,,,,,,,,,,,,,,,,,,,,,,,,,,,,,,,,,,,,,,,,,,419.6178,425.5245,5.906,1,0,237.5395,0.106770833,-0.22265625,0,0,0,0,29,29,0,1,a,Il paziente ha preso il Batatrim,Il paziente ha superato la crisi,,,,,,,,,,,,,,,,,,,,,,,,,,,,,,,,,,,,,,,,,,,,,,,,,,,,,,,,,,,,,,,,,,,,,,,,,,,,,,,,,,,,,,
,,,,,,,,[(%PROLIFIC_PID,1,2025-04-16_18h53.08.780,CLTandFLE,2024.1.5,Win32,60.06727535,5e50e4fc059e37115cba21c5,67ffc4c40efe1bd1090b10ee,67ffe02636d2886046d8a279,,,,,,,,,,,,,,,,,,,,,,,,,,,,,,,,,,,,,,,,,,,425.5462,431.1164,5.5694,1,0,243.1089,0.1796875,-0.15625,0,0,0,0,30,30,15,1,b,Il paziente ha preso il Batatrim,Il paziente non ha superato la crisi,,,,,,,,,,,,,,,,,,,,,,,,,,,,,,,,,,,,,,,,,,,,,,,,,,,,,,,,,,,,,,,,,,,,,,,,,,,,,,,,,,,,,,
,,,,,,,,[(%PROLIFIC_PID,1,2025-04-16_18h53.08.780,CLTandFLE,2024.1.5,Win32,60.06727535,5e50e4fc059e37115cba21c5,67ffc4c40efe1bd1090b10ee,67ffe02636d2886046d8a279,,,,,,,,,,,,,,,,,,,,,,,,,,,,,,,,,,,,,,,,,,,431.1375,437.869,6.7307,1,0,249.8396,0.080729167,-0.111979167,0,0,0,0,31,31,33,1,c,Il paziente non ha preso il Batatrim,Il paziente ha superato la crisi,,,,,,,,,,,,,,,,,,,,,,,,,,,,,,,,,,,,,,,,,,,,,,,,,,,,,,,,,,,,,,,,,,,,,,,,,,,,,,,,,,,,,,
,,,,,,,,[(%PROLIFIC_PID,1,2025-04-16_18h53.08.780,CLTandFLE,2024.1.5,Win32,60.06727535,5e50e4fc059e37115cba21c5,67ffc4c40efe1bd1090b10ee,67ffe02636d2886046d8a279,,,,,,,,,,,,,,,,,,,,,,,,,,,,,,,,,,,,,,,,,,,437.8901,443.3747,5.4838,0,1,255.3234,0.231770833,-0.154947917,0,0,0,0,32,32,9,1,a,Il paziente ha preso il Batatrim,Il paziente ha superato la crisi,,,,,,,,,,,,,,,,,,,,,,,,,,,,,,,,,,,,,,,,,,,,,,,,,,,,,,,,,,,,,,,,,,,,,,,,,,,,,,,,,,,,,,
,,,,,,,,[(%PROLIFIC_PID,1,2025-04-16_18h53.08.780,CLTandFLE,2024.1.5,Win32,60.06727535,5e50e4fc059e37115cba21c5,67ffc4c40efe1bd1090b10ee,67ffe02636d2886046d8a279,,,,,,,,,,,,,,,,,,,,,,,,,,,,,,,,,,,,,,,,,,,443.3968,449.9162,6.517900001,0,1,261.8413,0.252604167,-0.1171875,0,0,0,0,33,33,36,1,d,Il paziente non ha preso il Batatrim,Il paziente non ha superato la crisi,,,,,,,,,,,,,,,,,,,,,,,,,,,,,,,,,,,,,,,,,,,,,,,,,,,,,,,,,,,,,,,,,,,,,,,,,,,,,,,,,,,,,,
,,,,,,,,[(%PROLIFIC_PID,1,2025-04-16_18h53.08.780,CLTandFLE,2024.1.5,Win32,60.06727535,5e50e4fc059e37115cba21c5,67ffc4c40efe1bd1090b10ee,67ffe02636d2886046d8a279,,,,,,,,,,,,,,,,,,,,,,,,,,,,,,,,,,,,,,,,,,,449.9375,455.3855,5.4472,1,0,267.2885,-0.16796875,-0.045572917,0,0,0,0,34,34,8,1,a,Il paziente ha preso il Batatrim,Il paziente ha superato la crisi,,,,,,,,,,,,,,,,,,,,,,,,,,,,,,,,,,,,,,,,,,,,,,,,,,,,,,,,,,,,,,,,,,,,,,,,,,,,,,,,,,,,,,
,,,,,,,,[(%PROLIFIC_PID,1,2025-04-16_18h53.08.780,CLTandFLE,2024.1.5,Win32,60.06727535,5e50e4fc059e37115cba21c5,67ffc4c40efe1bd1090b10ee,67ffe02636d2886046d8a279,,,,,,,,,,,,,,,,,,,,,,,,,,,,,,,,,,,,,,,,,,,455.4091,460.9805,5.5705,1,0,272.859,-0.166666667,-0.045572917,0,0,0,0,35,35,11,1,a,Il paziente ha preso il Batatrim,Il paziente ha superato la crisi,,,,,,,,,,,,,,,,,,,,,,,,,,,,,,,,,,,,,,,,,,,,,,,,,,,,,,,,,,,,,,,,,,,,,,,,,,,,,,,,,,,,,,
,,,,,,,,[(%PROLIFIC_PID,1,2025-04-16_18h53.08.780,CLTandFLE,2024.1.5,Win32,60.06727535,5e50e4fc059e37115cba21c5,67ffc4c40efe1bd1090b10ee,67ffe02636d2886046d8a279,,,,,,,,,,,,,,,,,,,,,,,,,,,,,,,,,,,,,,,,,,,461.0034,466.6998,5.6957,1,0,278.5547,-0.166666667,-0.045572917,0,0,0,0,36,36,32,1,c,Il paziente non ha preso il Batatrim,Il paziente ha superato la crisi,,,,,,,,,,,,,,,,,,,,,,,,,,,,,,,,,,,,,,,,,,,,,,,,,,,,,,,,,,,,,,,,,,,,,,,,,,,,,,,,,,,,,,
,,,,,,,,[(%PROLIFIC_PID,1,2025-04-16_18h53.08.780,CLTandFLE,2024.1.5,Win32,60.06727535,5e50e4fc059e37115cba21c5,67ffc4c40efe1bd1090b10ee,67ffe02636d2886046d8a279,,,,,,,,,,,,,,,,,,,,,,,,,,,,,,,,,,,,,,,,,,,466.7232,472.0093,5.2853,0,1,283.84,0.141927083,-0.08984375,0,0,0,0,37,37,24,1,c,Il paziente non ha preso il Batatrim,Il paziente ha superato la crisi,,,,,,,,,,,,,,,,,,,,,,,,,,,,,,,,,,,,,,,,,,,,,,,,,,,,,,,,,,,,,,,,,,,,,,,,,,,,,,,,,,,,,,
,,,,,,,,[(%PROLIFIC_PID,1,2025-04-16_18h53.08.780,CLTandFLE,2024.1.5,Win32,60.06727535,5e50e4fc059e37115cba21c5,67ffc4c40efe1bd1090b10ee,67ffe02636d2886046d8a279,,,,,,,,,,,,,,,,,,,,,,,,,,,,,,,,,,,,,,,,,,,472.0302,477.4625,5.431599999,0,1,289.2716,0.23046875,-0.171875,0,0,0,0,38,38,16,1,b,Il paziente ha preso il Batatrim,Il paziente non ha superato la crisi,,,,,,,,,,,,,,,,,,,,,,,,,,,,,,,,,,,,,,,,,,,,,,,,,,,,,,,,,,,,,,,,,,,,,,,,,,,,,,,,,,,,,,
,,,,,,,,[(%PROLIFIC_PID,1,2025-04-16_18h53.08.780,CLTandFLE,2024.1.5,Win32,60.06727535,5e50e4fc059e37115cba21c5,67ffc4c40efe1bd1090b10ee,67ffe02636d2886046d8a279,,,,,,,,,,,,,,,,,,,,,,,,,,,,,,,,,,,,,,,,,,,477.4833,482.9077,5.4236,1,0,294.6952,-0.009114583,-0.114583333,0,0,0,0,39,39,34,1,c,Il paziente non ha preso il Batatrim,Il paziente ha superato la crisi,,,,,,,,,,,,,,,,,,,,,,,,,,,,,,,,,,,,,,,,,,,,,,,,,,,,,,,,,,,,,,,,,,,,,,,,,,,,,,,,,,,,,,
,,,,,,,,[(%PROLIFIC_PID,1,2025-04-16_18h53.08.780,CLTandFLE,2024.1.5,Win32,60.06727535,5e50e4fc059e37115cba21c5,67ffc4c40efe1bd1090b10ee,67ffe02636d2886046d8a279,,507.9273,508.9172,,,,,,,,,,,,,,,,,,,,,,,,,,,,,,,,,,,,,,,,,,,,,,,,,,,,,,,,,,,483.9189,498.2871,14.364,68,12.3744,0.05859375,-0.2109375,1,0,0,499.2855,507.9268,8.6359,94,6.1953,0.0703125,-0.204427083,1,0,0,10,6,4,5,0,0,0,0,1,,,,,,,,,,,,,,,,,,,,,,,,,,,,,,,,,,,,,,,,,,,,,,,,,,,,,,,,,
,,,,,,,,[(%PROLIFIC_PID,1,2025-04-16_18h53.08.780,CLTandFLE,2024.1.5,Win32,60.06727535,5e50e4fc059e37115cba21c5,67ffc4c40efe1bd1090b10ee,67ffe02636d2886046d8a279,,1018.9849,1019.9906,,,,,,,,,,,,,,,,,,,,,,,,,,,,,,,,,,,,,,,,,,,,,,,,,,,,,,,,,,,,,,,,,,,,,,,,,,,,,,,,,,,,,,,,546.8224,552.4943,5.6698,1,3.972099999,0.029947917,-0.20703125,1,0,0,52,Maschio,No,18,No,TRUE,FALSE,20,6,8,3,4,FALSE,Conferma,c1ok,c2ok,c3ok,c4ok,c5ok,c6ok,c7err2,c8err3,c9ok,c10ok,c11ok,c12ok,c13ok,c14err2,c15ok,c16ok,c17err3,c18ok,c19ok,c20ok,c21err,c22ok,c23err2,c24err,c25ok,c26ok,1317.9916,1324.6188,0,0,0,0,1
