﻿Alfa.started,Alfa.stopped,alfa_mouse.x,alfa_mouse.y,alfa_mouse.leftButton,alfa_mouse.midButton,alfa_mouse.rightButton,alfa_mouse.clicked_name,participant,group,date,expName,psychopyVersion,OS,frameRate,PROLIFIC_PID,STUDY_ID,SESSION_ID,)],ITI.started,ITI.stopped,B_consensoinformato.started,B_consensoinformato.stopped,tempo_consenso,cons_mouse.x,cons_mouse.y,cons_mouse.leftButton,cons_mouse.midButton,cons_mouse.rightButton,A_benvenuto.started,A_benvenuto.stopped,ben_mouse.x,ben_mouse.y,ben_mouse.leftButton,ben_mouse.midButton,ben_mouse.rightButton,B2_istruzioni.started,B2_istruzioni.stopped,tempo_istru,cons_mouse_2.x,cons_mouse_2.y,cons_mouse_2.leftButton,cons_mouse_2.midButton,cons_mouse_2.rightButton,SAMevaluation.started,SAMevaluation.stopped,temposam,sliderintensity.response,sliderintensity.rt,slidervalence.response,slidervalence.rt,mouse_sam.x,mouse_sam.y,mouse_sam.leftButton,mouse_sam.midButton,mouse_sam.rightButton,mouse_sam.time,mouse_sam.clicked_name,Loading.started,Loading.stopped,C_associative_task.started,C_associative_task.stopped,tempo_trial,hapremutosi,hapremutono,tempo_tasktot,mouse.x,mouse.y,mouse.leftButton,mouse.midButton,mouse.rightButton,trials.thisRepN,trials.thisTrialN,trials.thisN,trials.thisIndex,trials.ran,cond,causa,effetto,D_VD.started,D_VD.stopped,tempo_vd,vd.response,vd.rt,mouse_vd.x,mouse_vd.y,mouse_vd.leftButton,mouse_vd.midButton,mouse_vd.rightButton,Previous.started,Previous.stopped,tempo_vd1,previous.response,previous.rt,mouse_vd_2.x,mouse_vd_2.y,mouse_vd_2.leftButton,mouse_vd_2.midButton,mouse_vd_2.rightButton,EstITA.TrialSN,EstITA.TrialSS,EstITA.TrialD,EstITA.TrialNS,itaest.thisRepN,itaest.thisTrialN,itaest.thisN,itaest.thisIndex,itaest.ran,PF.started,PF.stopped,tempo_pf,processfluency.response,processfluency.rt,mouse_ch.x,mouse_ch.y,mouse_ch.leftButton,mouse_ch.midButton,mouse_ch.rightButton,Questionario_Lingua.Age,Questionario_Lingua.Sesso,Questionario_Lingua.StaiStudiando?,Questionario_Lingua.Anniscolarita,Questionario_Lingua.Diploma,Questionario_Lingua.ItaMADRE?,Questionario_Lingua.INGmadre?,Questionario_Lingua.Q5(AOAIng),Questionario_Lingua.INGLETTURA,Questionario_Lingua.INGCOMPRESO,Questionario_Lingua.INGSCRITTO,Questionario_Lingua.INGPARLATO,Questionario_Lingua.haivissutoestero,ProvaInglese.ProcediamoENg,ProvaInglese.C1,ProvaInglese.C2,ProvaInglese.C3,ProvaInglese.C4,ProvaInglese.C5,ProvaInglese.C6,ProvaInglese.C7,ProvaInglese.C8,ProvaInglese.C9,ProvaInglese.C10,ProvaInglese.C11,ProvaInglese.C12,ProvaInglese.C13,ProvaInglese.C14,ProvaInglese.C15,ProvaInglese.C16,ProvaInglese.C17,ProvaInglese.C18,ProvaInglese.C19,ProvaInglese.C20,ProvaInglese.C21,ProvaInglese.C22,ProvaInglese.C23,ProvaInglese.C24,ProvaInglese.C25,ProvaInglese.controlquestion,Ant_lastquestion.started,Ant_lastquestion.stopped,exp_loop.thisRepN,exp_loop.thisTrialN,exp_loop.thisN,exp_loop.thisIndex,exp_loop.ran
0.011,18.998,-0.024739583,-0.005208333,1,0,0,alfa_mask,[(%PROLIFIC_PID,1,2025-04-16_18h49.38.749,CLTandFLE,2024.1.5,Linux x86_64,57.67012687,5fb6dd7c3d66c615d3534135,67ffc4c40efe1bd1090b10ee,67ffdf7e584cf20ec9ec8702,,,,,,,,,,,,,,,,,,,,,,,,,,,,,,,,,,,,,,,,,,,,,,,,,,,,,,,,,,,,,,,,,,,,,,,,,,,,,,,,,,,,,,,,,,,,,,,,,,,,,,,,,,,,,,,,,,,,,,,,,,,,,,,,,,,,,,,,,,,,,,,,,,,
,,,,,,,,[(%PROLIFIC_PID,1,2025-04-16_18h49.38.749,CLTandFLE,2024.1.5,Linux x86_64,57.67012687,5fb6dd7c3d66c615d3534135,67ffc4c40efe1bd1090b10ee,67ffdf7e584cf20ec9ec8702,,18.999,21.49,,,,,,,,,,,,,,,,,,,,,,,,,,,,,,,,,,,,,,,,,,,,,,,,,,,,,,,,,,,,,,,,,,,,,,,,,,,,,,,,,,,,,,,,,,,,,,,,,,,,,,,,,,,,,,,,,,,,,,,,,,,,,,,,,,,,,,,,,,,,,,,,
,,,,,,,,[(%PROLIFIC_PID,1,2025-04-16_18h49.38.749,CLTandFLE,2024.1.5,Linux x86_64,57.67012687,5fb6dd7c3d66c615d3534135,67ffc4c40efe1bd1090b10ee,67ffdf7e584cf20ec9ec8702,,,,21.491,51.813,30.32,0.203125,-0.39453125,1,0,0,,,,,,,,,,,,,,,,,,,,,,,,,,,,,,,,,,,,,,,,,,,,,,,,,,,,,,,,,,,,,,,,,,,,,,,,,,,,,,,,,,,,,,,,,,,,,,,,,,,,,,,,,,,,,,,,,,,,,,,,,,,,,,,,,,,,,,,,
,,,,,,,,[(%PROLIFIC_PID,1,2025-04-16_18h49.38.749,CLTandFLE,2024.1.5,Linux x86_64,57.67012687,5fb6dd7c3d66c615d3534135,67ffc4c40efe1bd1090b10ee,67ffdf7e584cf20ec9ec8702,,152.396,154.933,,,,,,,,,54.376,57.512,0.010416667,-0.092447917,1,0,0,60.106,111.976,51.866,0.040364583,-0.390625,1,0,0,114.432,142.95,28.513,0.766927083,14.944,0.509765625,11.684,"[0.0013020833333333333,0.0013020833333333333,0.0013020833333333333,0.009114583333333334,0.024739583333333332]","[0.20052083333333334,0.20052083333333334,0.20052083333333334,-0.0026041666666666665,-0.17317708333333334]","[1,1,1,1,1]","[0,0,0,0,0]","[0,0,0,0,0]","[4.26400000000001,4.747000000000014,5.545999999999992,13.402000000000015,28.474000000000018]","[""slidervalence"",""slidervalence"",""slidervalence"",""sliderintensity"",""rettoksam""]",145.416,152.396,155.006,170.842,15.834,1,0,15.834,-0.032552083,-0.235677083,0,0,0,0,0,0,7,1,a,Il paziente ha preso il Batatrim,Il paziente ha superato la crisi,,,,,,,,,,,,,,,,,,,,,,,,,,,,,,,,,,,,,,,,,,,,,,,,,,,,,,,,,,,,,,,,,,,,,,,,,,,,,,,,,,,,,,
,,,,,,,,[(%PROLIFIC_PID,1,2025-04-16_18h49.38.749,CLTandFLE,2024.1.5,Linux x86_64,57.67012687,5fb6dd7c3d66c615d3534135,67ffc4c40efe1bd1090b10ee,67ffdf7e584cf20ec9ec8702,,,,,,,,,,,,,,,,,,,,,,,,,,,,,,,,,,,,,,,,,,,170.851,179.567,8.715,0,1,24.549,0.23828125,-0.0625,0,0,0,0,1,1,33,1,c,Il paziente non ha preso il Batatrim,Il paziente ha superato la crisi,,,,,,,,,,,,,,,,,,,,,,,,,,,,,,,,,,,,,,,,,,,,,,,,,,,,,,,,,,,,,,,,,,,,,,,,,,,,,,,,,,,,,,
,,,,,,,,[(%PROLIFIC_PID,1,2025-04-16_18h49.38.749,CLTandFLE,2024.1.5,Linux x86_64,57.67012687,5fb6dd7c3d66c615d3534135,67ffc4c40efe1bd1090b10ee,67ffdf7e584cf20ec9ec8702,,,,,,,,,,,,,,,,,,,,,,,,,,,,,,,,,,,,,,,,,,,179.569,189.423,9.854,0,1,34.403,0.23828125,-0.0625,0,0,0,0,2,2,20,1,c,Il paziente non ha preso il Batatrim,Il paziente ha superato la crisi,,,,,,,,,,,,,,,,,,,,,,,,,,,,,,,,,,,,,,,,,,,,,,,,,,,,,,,,,,,,,,,,,,,,,,,,,,,,,,,,,,,,,,
,,,,,,,,[(%PROLIFIC_PID,1,2025-04-16_18h49.38.749,CLTandFLE,2024.1.5,Linux x86_64,57.67012687,5fb6dd7c3d66c615d3534135,67ffc4c40efe1bd1090b10ee,67ffdf7e584cf20ec9ec8702,,,,,,,,,,,,,,,,,,,,,,,,,,,,,,,,,,,,,,,,,,,189.426,195.923,6.495,1,0,40.898,0.096354167,-0.1328125,0,0,0,0,3,3,16,1,b,Il paziente ha preso il Batatrim,Il paziente non ha superato la crisi,,,,,,,,,,,,,,,,,,,,,,,,,,,,,,,,,,,,,,,,,,,,,,,,,,,,,,,,,,,,,,,,,,,,,,,,,,,,,,,,,,,,,,
,,,,,,,,[(%PROLIFIC_PID,1,2025-04-16_18h49.38.749,CLTandFLE,2024.1.5,Linux x86_64,57.67012687,5fb6dd7c3d66c615d3534135,67ffc4c40efe1bd1090b10ee,67ffdf7e584cf20ec9ec8702,,,,,,,,,,,,,,,,,,,,,,,,,,,,,,,,,,,,,,,,,,,195.927,204.002,8.072,1,0,48.97,-0.201822917,-0.04296875,0,0,0,0,4,4,29,1,c,Il paziente non ha preso il Batatrim,Il paziente ha superato la crisi,,,,,,,,,,,,,,,,,,,,,,,,,,,,,,,,,,,,,,,,,,,,,,,,,,,,,,,,,,,,,,,,,,,,,,,,,,,,,,,,,,,,,,
,,,,,,,,[(%PROLIFIC_PID,1,2025-04-16_18h49.38.749,CLTandFLE,2024.1.5,Linux x86_64,57.67012687,5fb6dd7c3d66c615d3534135,67ffc4c40efe1bd1090b10ee,67ffdf7e584cf20ec9ec8702,,,,,,,,,,,,,,,,,,,,,,,,,,,,,,,,,,,,,,,,,,,204.003,216.057,12.05,1,0,61.02,-0.201822917,-0.04296875,0,0,0,0,5,5,8,1,a,Il paziente ha preso il Batatrim,Il paziente ha superato la crisi,,,,,,,,,,,,,,,,,,,,,,,,,,,,,,,,,,,,,,,,,,,,,,,,,,,,,,,,,,,,,,,,,,,,,,,,,,,,,,,,,,,,,,
,,,,,,,,[(%PROLIFIC_PID,1,2025-04-16_18h49.38.749,CLTandFLE,2024.1.5,Linux x86_64,57.67012687,5fb6dd7c3d66c615d3534135,67ffc4c40efe1bd1090b10ee,67ffdf7e584cf20ec9ec8702,,,,,,,,,,,,,,,,,,,,,,,,,,,,,,,,,,,,,,,,,,,216.062,221.798,5.735,1,0,66.755,-0.201822917,-0.04296875,0,0,0,0,6,6,5,1,a,Il paziente ha preso il Batatrim,Il paziente ha superato la crisi,,,,,,,,,,,,,,,,,,,,,,,,,,,,,,,,,,,,,,,,,,,,,,,,,,,,,,,,,,,,,,,,,,,,,,,,,,,,,,,,,,,,,,
,,,,,,,,[(%PROLIFIC_PID,1,2025-04-16_18h49.38.749,CLTandFLE,2024.1.5,Linux x86_64,57.67012687,5fb6dd7c3d66c615d3534135,67ffc4c40efe1bd1090b10ee,67ffdf7e584cf20ec9ec8702,,,,,,,,,,,,,,,,,,,,,,,,,,,,,,,,,,,,,,,,,,,221.799,227.31,5.506,1,0,72.261,-0.201822917,-0.04296875,0,0,0,0,7,7,38,1,d,Il paziente non ha preso il Batatrim,Il paziente non ha superato la crisi,,,,,,,,,,,,,,,,,,,,,,,,,,,,,,,,,,,,,,,,,,,,,,,,,,,,,,,,,,,,,,,,,,,,,,,,,,,,,,,,,,,,,,
,,,,,,,,[(%PROLIFIC_PID,1,2025-04-16_18h49.38.749,CLTandFLE,2024.1.5,Linux x86_64,57.67012687,5fb6dd7c3d66c615d3534135,67ffc4c40efe1bd1090b10ee,67ffdf7e584cf20ec9ec8702,,,,,,,,,,,,,,,,,,,,,,,,,,,,,,,,,,,,,,,,,,,227.324,233.325,6,1,0,78.261,-0.201822917,-0.04296875,0,0,0,0,8,8,15,1,b,Il paziente ha preso il Batatrim,Il paziente non ha superato la crisi,,,,,,,,,,,,,,,,,,,,,,,,,,,,,,,,,,,,,,,,,,,,,,,,,,,,,,,,,,,,,,,,,,,,,,,,,,,,,,,,,,,,,,
,,,,,,,,[(%PROLIFIC_PID,1,2025-04-16_18h49.38.749,CLTandFLE,2024.1.5,Linux x86_64,57.67012687,5fb6dd7c3d66c615d3534135,67ffc4c40efe1bd1090b10ee,67ffdf7e584cf20ec9ec8702,,,,,,,,,,,,,,,,,,,,,,,,,,,,,,,,,,,,,,,,,,,233.329,241.259,7.931,0,1,86.192,0.21484375,-0.049479167,0,0,0,0,9,9,32,1,c,Il paziente non ha preso il Batatrim,Il paziente ha superato la crisi,,,,,,,,,,,,,,,,,,,,,,,,,,,,,,,,,,,,,,,,,,,,,,,,,,,,,,,,,,,,,,,,,,,,,,,,,,,,,,,,,,,,,,
,,,,,,,,[(%PROLIFIC_PID,1,2025-04-16_18h49.38.749,CLTandFLE,2024.1.5,Linux x86_64,57.67012687,5fb6dd7c3d66c615d3534135,67ffc4c40efe1bd1090b10ee,67ffdf7e584cf20ec9ec8702,,,,,,,,,,,,,,,,,,,,,,,,,,,,,,,,,,,,,,,,,,,241.263,248.809,7.546,1,0,93.738,-0.263020833,-0.03125,0,0,0,0,10,10,39,1,d,Il paziente non ha preso il Batatrim,Il paziente non ha superato la crisi,,,,,,,,,,,,,,,,,,,,,,,,,,,,,,,,,,,,,,,,,,,,,,,,,,,,,,,,,,,,,,,,,,,,,,,,,,,,,,,,,,,,,,
,,,,,,,,[(%PROLIFIC_PID,1,2025-04-16_18h49.38.749,CLTandFLE,2024.1.5,Linux x86_64,57.67012687,5fb6dd7c3d66c615d3534135,67ffc4c40efe1bd1090b10ee,67ffdf7e584cf20ec9ec8702,,,,,,,,,,,,,,,,,,,,,,,,,,,,,,,,,,,,,,,,,,,248.811,256.874,8.058,0,1,101.796,0.221354167,-0.069010417,0,0,0,0,11,11,28,1,c,Il paziente non ha preso il Batatrim,Il paziente ha superato la crisi,,,,,,,,,,,,,,,,,,,,,,,,,,,,,,,,,,,,,,,,,,,,,,,,,,,,,,,,,,,,,,,,,,,,,,,,,,,,,,,,,,,,,,
,,,,,,,,[(%PROLIFIC_PID,1,2025-04-16_18h49.38.749,CLTandFLE,2024.1.5,Linux x86_64,57.67012687,5fb6dd7c3d66c615d3534135,67ffc4c40efe1bd1090b10ee,67ffdf7e584cf20ec9ec8702,,,,,,,,,,,,,,,,,,,,,,,,,,,,,,,,,,,,,,,,,,,256.882,263.966,7.082,0,1,108.878,0.162760417,-0.055989583,0,0,0,0,12,12,23,1,c,Il paziente non ha preso il Batatrim,Il paziente ha superato la crisi,,,,,,,,,,,,,,,,,,,,,,,,,,,,,,,,,,,,,,,,,,,,,,,,,,,,,,,,,,,,,,,,,,,,,,,,,,,,,,,,,,,,,,
,,,,,,,,[(%PROLIFIC_PID,1,2025-04-16_18h49.38.749,CLTandFLE,2024.1.5,Linux x86_64,57.67012687,5fb6dd7c3d66c615d3534135,67ffc4c40efe1bd1090b10ee,67ffdf7e584cf20ec9ec8702,,,,,,,,,,,,,,,,,,,,,,,,,,,,,,,,,,,,,,,,,,,263.968,269.795,5.827,1,0,114.705,-0.217447917,-0.02734375,0,0,0,0,13,13,10,1,a,Il paziente ha preso il Batatrim,Il paziente ha superato la crisi,,,,,,,,,,,,,,,,,,,,,,,,,,,,,,,,,,,,,,,,,,,,,,,,,,,,,,,,,,,,,,,,,,,,,,,,,,,,,,,,,,,,,,
,,,,,,,,[(%PROLIFIC_PID,1,2025-04-16_18h49.38.749,CLTandFLE,2024.1.5,Linux x86_64,57.67012687,5fb6dd7c3d66c615d3534135,67ffc4c40efe1bd1090b10ee,67ffdf7e584cf20ec9ec8702,,,,,,,,,,,,,,,,,,,,,,,,,,,,,,,,,,,,,,,,,,,269.797,275.868,6.067,1,0,120.772,-0.217447917,-0.02734375,0,0,0,0,14,14,14,1,b,Il paziente ha preso il Batatrim,Il paziente ha superato la crisi,,,,,,,,,,,,,,,,,,,,,,,,,,,,,,,,,,,,,,,,,,,,,,,,,,,,,,,,,,,,,,,,,,,,,,,,,,,,,,,,,,,,,,
,,,,,,,,[(%PROLIFIC_PID,1,2025-04-16_18h49.38.749,CLTandFLE,2024.1.5,Linux x86_64,57.67012687,5fb6dd7c3d66c615d3534135,67ffc4c40efe1bd1090b10ee,67ffdf7e584cf20ec9ec8702,,,,,,,,,,,,,,,,,,,,,,,,,,,,,,,,,,,,,,,,,,,275.872,281.285,5.412,1,0,126.184,-0.217447917,-0.02734375,0,0,0,0,15,15,9,1,a,Il paziente ha preso il Batatrim,Il paziente ha superato la crisi,,,,,,,,,,,,,,,,,,,,,,,,,,,,,,,,,,,,,,,,,,,,,,,,,,,,,,,,,,,,,,,,,,,,,,,,,,,,,,,,,,,,,,
,,,,,,,,[(%PROLIFIC_PID,1,2025-04-16_18h49.38.749,CLTandFLE,2024.1.5,Linux x86_64,57.67012687,5fb6dd7c3d66c615d3534135,67ffc4c40efe1bd1090b10ee,67ffdf7e584cf20ec9ec8702,,,,,,,,,,,,,,,,,,,,,,,,,,,,,,,,,,,,,,,,,,,281.289,287.842,6.552,1,0,132.736,-0.223958333,-0.01953125,0,0,0,0,16,16,37,1,d,Il paziente non ha preso il Batatrim,Il paziente non ha superato la crisi,,,,,,,,,,,,,,,,,,,,,,,,,,,,,,,,,,,,,,,,,,,,,,,,,,,,,,,,,,,,,,,,,,,,,,,,,,,,,,,,,,,,,,
,,,,,,,,[(%PROLIFIC_PID,1,2025-04-16_18h49.38.749,CLTandFLE,2024.1.5,Linux x86_64,57.67012687,5fb6dd7c3d66c615d3534135,67ffc4c40efe1bd1090b10ee,67ffdf7e584cf20ec9ec8702,,,,,,,,,,,,,,,,,,,,,,,,,,,,,,,,,,,,,,,,,,,287.852,294.939,7.086,1,0,139.822,-0.203125,-0.044270833,0,0,0,0,17,17,0,1,a,Il paziente ha preso il Batatrim,Il paziente ha superato la crisi,,,,,,,,,,,,,,,,,,,,,,,,,,,,,,,,,,,,,,,,,,,,,,,,,,,,,,,,,,,,,,,,,,,,,,,,,,,,,,,,,,,,,,
,,,,,,,,[(%PROLIFIC_PID,1,2025-04-16_18h49.38.749,CLTandFLE,2024.1.5,Linux x86_64,57.67012687,5fb6dd7c3d66c615d3534135,67ffc4c40efe1bd1090b10ee,67ffdf7e584cf20ec9ec8702,,,,,,,,,,,,,,,,,,,,,,,,,,,,,,,,,,,,,,,,,,,294.942,302.401,7.458,1,0,147.28,-0.203125,-0.044270833,0,0,0,0,18,18,11,1,a,Il paziente ha preso il Batatrim,Il paziente ha superato la crisi,,,,,,,,,,,,,,,,,,,,,,,,,,,,,,,,,,,,,,,,,,,,,,,,,,,,,,,,,,,,,,,,,,,,,,,,,,,,,,,,,,,,,,
,,,,,,,,[(%PROLIFIC_PID,1,2025-04-16_18h49.38.749,CLTandFLE,2024.1.5,Linux x86_64,57.67012687,5fb6dd7c3d66c615d3534135,67ffc4c40efe1bd1090b10ee,67ffdf7e584cf20ec9ec8702,,,,,,,,,,,,,,,,,,,,,,,,,,,,,,,,,,,,,,,,,,,302.403,307.893,5.49,1,0,152.77,-0.203125,-0.044270833,0,0,0,0,19,19,3,1,a,Il paziente ha preso il Batatrim,Il paziente ha superato la crisi,,,,,,,,,,,,,,,,,,,,,,,,,,,,,,,,,,,,,,,,,,,,,,,,,,,,,,,,,,,,,,,,,,,,,,,,,,,,,,,,,,,,,,
,,,,,,,,[(%PROLIFIC_PID,1,2025-04-16_18h49.38.749,CLTandFLE,2024.1.5,Linux x86_64,57.67012687,5fb6dd7c3d66c615d3534135,67ffc4c40efe1bd1090b10ee,67ffdf7e584cf20ec9ec8702,,,,,,,,,,,,,,,,,,,,,,,,,,,,,,,,,,,,,,,,,,,307.896,314.359,6.462,1,0,159.232,-0.203125,-0.044270833,0,0,0,0,20,20,24,1,c,Il paziente non ha preso il Batatrim,Il paziente ha superato la crisi,,,,,,,,,,,,,,,,,,,,,,,,,,,,,,,,,,,,,,,,,,,,,,,,,,,,,,,,,,,,,,,,,,,,,,,,,,,,,,,,,,,,,,
,,,,,,,,[(%PROLIFIC_PID,1,2025-04-16_18h49.38.749,CLTandFLE,2024.1.5,Linux x86_64,57.67012687,5fb6dd7c3d66c615d3534135,67ffc4c40efe1bd1090b10ee,67ffdf7e584cf20ec9ec8702,,,,,,,,,,,,,,,,,,,,,,,,,,,,,,,,,,,,,,,,,,,314.361,319.66,5.298,1,0,164.53,-0.203125,-0.044270833,0,0,0,0,21,21,36,1,d,Il paziente non ha preso il Batatrim,Il paziente non ha superato la crisi,,,,,,,,,,,,,,,,,,,,,,,,,,,,,,,,,,,,,,,,,,,,,,,,,,,,,,,,,,,,,,,,,,,,,,,,,,,,,,,,,,,,,,
,,,,,,,,[(%PROLIFIC_PID,1,2025-04-16_18h49.38.749,CLTandFLE,2024.1.5,Linux x86_64,57.67012687,5fb6dd7c3d66c615d3534135,67ffc4c40efe1bd1090b10ee,67ffdf7e584cf20ec9ec8702,,,,,,,,,,,,,,,,,,,,,,,,,,,,,,,,,,,,,,,,,,,319.666,325.003,5.333,1,0,169.863,-0.203125,-0.044270833,0,0,0,0,22,22,26,1,c,Il paziente non ha preso il Batatrim,Il paziente ha superato la crisi,,,,,,,,,,,,,,,,,,,,,,,,,,,,,,,,,,,,,,,,,,,,,,,,,,,,,,,,,,,,,,,,,,,,,,,,,,,,,,,,,,,,,,
,,,,,,,,[(%PROLIFIC_PID,1,2025-04-16_18h49.38.749,CLTandFLE,2024.1.5,Linux x86_64,57.67012687,5fb6dd7c3d66c615d3534135,67ffc4c40efe1bd1090b10ee,67ffdf7e584cf20ec9ec8702,,,,,,,,,,,,,,,,,,,,,,,,,,,,,,,,,,,,,,,,,,,325.009,330.399,5.39,1,0,175.253,-0.203125,-0.044270833,0,0,0,0,23,23,31,1,c,Il paziente non ha preso il Batatrim,Il paziente ha superato la crisi,,,,,,,,,,,,,,,,,,,,,,,,,,,,,,,,,,,,,,,,,,,,,,,,,,,,,,,,,,,,,,,,,,,,,,,,,,,,,,,,,,,,,,
,,,,,,,,[(%PROLIFIC_PID,1,2025-04-16_18h49.38.749,CLTandFLE,2024.1.5,Linux x86_64,57.67012687,5fb6dd7c3d66c615d3534135,67ffc4c40efe1bd1090b10ee,67ffdf7e584cf20ec9ec8702,,,,,,,,,,,,,,,,,,,,,,,,,,,,,,,,,,,,,,,,,,,330.402,336.304,5.901,1,0,181.154,-0.203125,-0.044270833,0,0,0,0,24,24,35,1,d,Il paziente non ha preso il Batatrim,Il paziente non ha superato la crisi,,,,,,,,,,,,,,,,,,,,,,,,,,,,,,,,,,,,,,,,,,,,,,,,,,,,,,,,,,,,,,,,,,,,,,,,,,,,,,,,,,,,,,
,,,,,,,,[(%PROLIFIC_PID,1,2025-04-16_18h49.38.749,CLTandFLE,2024.1.5,Linux x86_64,57.67012687,5fb6dd7c3d66c615d3534135,67ffc4c40efe1bd1090b10ee,67ffdf7e584cf20ec9ec8702,,,,,,,,,,,,,,,,,,,,,,,,,,,,,,,,,,,,,,,,,,,336.308,341.628,5.319,1,0,186.473,-0.203125,-0.044270833,0,0,0,0,25,25,25,1,c,Il paziente non ha preso il Batatrim,Il paziente ha superato la crisi,,,,,,,,,,,,,,,,,,,,,,,,,,,,,,,,,,,,,,,,,,,,,,,,,,,,,,,,,,,,,,,,,,,,,,,,,,,,,,,,,,,,,,
,,,,,,,,[(%PROLIFIC_PID,1,2025-04-16_18h49.38.749,CLTandFLE,2024.1.5,Linux x86_64,57.67012687,5fb6dd7c3d66c615d3534135,67ffc4c40efe1bd1090b10ee,67ffdf7e584cf20ec9ec8702,,,,,,,,,,,,,,,,,,,,,,,,,,,,,,,,,,,,,,,,,,,341.634,349.168,7.534,1,0,194.007,-0.203125,-0.044270833,0,0,0,0,26,26,34,1,c,Il paziente non ha preso il Batatrim,Il paziente ha superato la crisi,,,,,,,,,,,,,,,,,,,,,,,,,,,,,,,,,,,,,,,,,,,,,,,,,,,,,,,,,,,,,,,,,,,,,,,,,,,,,,,,,,,,,,
,,,,,,,,[(%PROLIFIC_PID,1,2025-04-16_18h49.38.749,CLTandFLE,2024.1.5,Linux x86_64,57.67012687,5fb6dd7c3d66c615d3534135,67ffc4c40efe1bd1090b10ee,67ffdf7e584cf20ec9ec8702,,,,,,,,,,,,,,,,,,,,,,,,,,,,,,,,,,,,,,,,,,,349.175,354.458,5.281,1,0,199.288,-0.203125,-0.044270833,0,0,0,0,27,27,30,1,c,Il paziente non ha preso il Batatrim,Il paziente ha superato la crisi,,,,,,,,,,,,,,,,,,,,,,,,,,,,,,,,,,,,,,,,,,,,,,,,,,,,,,,,,,,,,,,,,,,,,,,,,,,,,,,,,,,,,,
,,,,,,,,[(%PROLIFIC_PID,1,2025-04-16_18h49.38.749,CLTandFLE,2024.1.5,Linux x86_64,57.67012687,5fb6dd7c3d66c615d3534135,67ffc4c40efe1bd1090b10ee,67ffdf7e584cf20ec9ec8702,,,,,,,,,,,,,,,,,,,,,,,,,,,,,,,,,,,,,,,,,,,354.472,360.129,5.656,1,0,204.944,-0.203125,-0.044270833,0,0,0,0,28,28,21,1,c,Il paziente non ha preso il Batatrim,Il paziente ha superato la crisi,,,,,,,,,,,,,,,,,,,,,,,,,,,,,,,,,,,,,,,,,,,,,,,,,,,,,,,,,,,,,,,,,,,,,,,,,,,,,,,,,,,,,,
,,,,,,,,[(%PROLIFIC_PID,1,2025-04-16_18h49.38.749,CLTandFLE,2024.1.5,Linux x86_64,57.67012687,5fb6dd7c3d66c615d3534135,67ffc4c40efe1bd1090b10ee,67ffdf7e584cf20ec9ec8702,,,,,,,,,,,,,,,,,,,,,,,,,,,,,,,,,,,,,,,,,,,360.132,365.579,5.446,1,0,210.39,-0.203125,-0.044270833,0,0,0,0,29,29,18,1,b,Il paziente ha preso il Batatrim,Il paziente non ha superato la crisi,,,,,,,,,,,,,,,,,,,,,,,,,,,,,,,,,,,,,,,,,,,,,,,,,,,,,,,,,,,,,,,,,,,,,,,,,,,,,,,,,,,,,,
,,,,,,,,[(%PROLIFIC_PID,1,2025-04-16_18h49.38.749,CLTandFLE,2024.1.5,Linux x86_64,57.67012687,5fb6dd7c3d66c615d3534135,67ffc4c40efe1bd1090b10ee,67ffdf7e584cf20ec9ec8702,,,,,,,,,,,,,,,,,,,,,,,,,,,,,,,,,,,,,,,,,,,365.582,370.813,5.231,1,0,215.621,-0.203125,-0.044270833,0,0,0,0,30,30,13,1,a,Il paziente ha preso il Batatrim,Il paziente ha superato la crisi,,,,,,,,,,,,,,,,,,,,,,,,,,,,,,,,,,,,,,,,,,,,,,,,,,,,,,,,,,,,,,,,,,,,,,,,,,,,,,,,,,,,,,
,,,,,,,,[(%PROLIFIC_PID,1,2025-04-16_18h49.38.749,CLTandFLE,2024.1.5,Linux x86_64,57.67012687,5fb6dd7c3d66c615d3534135,67ffc4c40efe1bd1090b10ee,67ffdf7e584cf20ec9ec8702,,,,,,,,,,,,,,,,,,,,,,,,,,,,,,,,,,,,,,,,,,,370.819,376.107,5.287,1,0,220.908,-0.203125,-0.044270833,0,0,0,0,31,31,2,1,a,Il paziente ha preso il Batatrim,Il paziente ha superato la crisi,,,,,,,,,,,,,,,,,,,,,,,,,,,,,,,,,,,,,,,,,,,,,,,,,,,,,,,,,,,,,,,,,,,,,,,,,,,,,,,,,,,,,,
,,,,,,,,[(%PROLIFIC_PID,1,2025-04-16_18h49.38.749,CLTandFLE,2024.1.5,Linux x86_64,57.67012687,5fb6dd7c3d66c615d3534135,67ffc4c40efe1bd1090b10ee,67ffdf7e584cf20ec9ec8702,,,,,,,,,,,,,,,,,,,,,,,,,,,,,,,,,,,,,,,,,,,376.109,381.37,5.26,1,0,226.168,-0.203125,-0.044270833,0,0,0,0,32,32,17,1,b,Il paziente ha preso il Batatrim,Il paziente non ha superato la crisi,,,,,,,,,,,,,,,,,,,,,,,,,,,,,,,,,,,,,,,,,,,,,,,,,,,,,,,,,,,,,,,,,,,,,,,,,,,,,,,,,,,,,,
,,,,,,,,[(%PROLIFIC_PID,1,2025-04-16_18h49.38.749,CLTandFLE,2024.1.5,Linux x86_64,57.67012687,5fb6dd7c3d66c615d3534135,67ffc4c40efe1bd1090b10ee,67ffdf7e584cf20ec9ec8702,,,,,,,,,,,,,,,,,,,,,,,,,,,,,,,,,,,,,,,,,,,381.371,386.678,5.303,1,0,231.471,-0.203125,-0.044270833,0,0,0,0,33,33,19,1,b,Il paziente ha preso il Batatrim,Il paziente non ha superato la crisi,,,,,,,,,,,,,,,,,,,,,,,,,,,,,,,,,,,,,,,,,,,,,,,,,,,,,,,,,,,,,,,,,,,,,,,,,,,,,,,,,,,,,,
,,,,,,,,[(%PROLIFIC_PID,1,2025-04-16_18h49.38.749,CLTandFLE,2024.1.5,Linux x86_64,57.67012687,5fb6dd7c3d66c615d3534135,67ffc4c40efe1bd1090b10ee,67ffdf7e584cf20ec9ec8702,,,,,,,,,,,,,,,,,,,,,,,,,,,,,,,,,,,,,,,,,,,386.686,392.154,5.467,1,0,236.938,-0.203125,-0.044270833,0,0,0,0,34,34,4,1,a,Il paziente ha preso il Batatrim,Il paziente ha superato la crisi,,,,,,,,,,,,,,,,,,,,,,,,,,,,,,,,,,,,,,,,,,,,,,,,,,,,,,,,,,,,,,,,,,,,,,,,,,,,,,,,,,,,,,
,,,,,,,,[(%PROLIFIC_PID,1,2025-04-16_18h49.38.749,CLTandFLE,2024.1.5,Linux x86_64,57.67012687,5fb6dd7c3d66c615d3534135,67ffc4c40efe1bd1090b10ee,67ffdf7e584cf20ec9ec8702,,,,,,,,,,,,,,,,,,,,,,,,,,,,,,,,,,,,,,,,,,,392.158,398.638,6.48,1,0,243.418,-0.240885417,-0.02734375,0,0,0,0,35,35,22,1,c,Il paziente non ha preso il Batatrim,Il paziente ha superato la crisi,,,,,,,,,,,,,,,,,,,,,,,,,,,,,,,,,,,,,,,,,,,,,,,,,,,,,,,,,,,,,,,,,,,,,,,,,,,,,,,,,,,,,,
,,,,,,,,[(%PROLIFIC_PID,1,2025-04-16_18h49.38.749,CLTandFLE,2024.1.5,Linux x86_64,57.67012687,5fb6dd7c3d66c615d3534135,67ffc4c40efe1bd1090b10ee,67ffdf7e584cf20ec9ec8702,,,,,,,,,,,,,,,,,,,,,,,,,,,,,,,,,,,,,,,,,,,398.645,404.587,5.942,1,0,249.36,-0.1875,-0.02734375,0,0,0,0,36,36,1,1,a,Il paziente ha preso il Batatrim,Il paziente ha superato la crisi,,,,,,,,,,,,,,,,,,,,,,,,,,,,,,,,,,,,,,,,,,,,,,,,,,,,,,,,,,,,,,,,,,,,,,,,,,,,,,,,,,,,,,
,,,,,,,,[(%PROLIFIC_PID,1,2025-04-16_18h49.38.749,CLTandFLE,2024.1.5,Linux x86_64,57.67012687,5fb6dd7c3d66c615d3534135,67ffc4c40efe1bd1090b10ee,67ffdf7e584cf20ec9ec8702,,,,,,,,,,,,,,,,,,,,,,,,,,,,,,,,,,,,,,,,,,,404.597,411.714,7.116,1,0,256.476,-0.1875,-0.02734375,0,0,0,0,37,37,27,1,c,Il paziente non ha preso il Batatrim,Il paziente ha superato la crisi,,,,,,,,,,,,,,,,,,,,,,,,,,,,,,,,,,,,,,,,,,,,,,,,,,,,,,,,,,,,,,,,,,,,,,,,,,,,,,,,,,,,,,
,,,,,,,,[(%PROLIFIC_PID,1,2025-04-16_18h49.38.749,CLTandFLE,2024.1.5,Linux x86_64,57.67012687,5fb6dd7c3d66c615d3534135,67ffc4c40efe1bd1090b10ee,67ffdf7e584cf20ec9ec8702,,,,,,,,,,,,,,,,,,,,,,,,,,,,,,,,,,,,,,,,,,,411.722,421.751,10.026,1,0,266.502,-0.16796875,-0.03125,0,0,0,0,38,38,12,1,a,Il paziente ha preso il Batatrim,Il paziente ha superato la crisi,,,,,,,,,,,,,,,,,,,,,,,,,,,,,,,,,,,,,,,,,,,,,,,,,,,,,,,,,,,,,,,,,,,,,,,,,,,,,,,,,,,,,,
,,,,,,,,[(%PROLIFIC_PID,1,2025-04-16_18h49.38.749,CLTandFLE,2024.1.5,Linux x86_64,57.67012687,5fb6dd7c3d66c615d3534135,67ffc4c40efe1bd1090b10ee,67ffdf7e584cf20ec9ec8702,,,,,,,,,,,,,,,,,,,,,,,,,,,,,,,,,,,,,,,,,,,421.757,429.458,7.699,1,0,274.201,-0.16796875,-0.032552083,0,0,0,0,39,39,6,1,a,Il paziente ha preso il Batatrim,Il paziente ha superato la crisi,,,,,,,,,,,,,,,,,,,,,,,,,,,,,,,,,,,,,,,,,,,,,,,,,,,,,,,,,,,,,,,,,,,,,,,,,,,,,,,,,,,,,,
,,,,,,,,[(%PROLIFIC_PID,1,2025-04-16_18h49.38.749,CLTandFLE,2024.1.5,Linux x86_64,57.67012687,5fb6dd7c3d66c615d3534135,67ffc4c40efe1bd1090b10ee,67ffdf7e584cf20ec9ec8702,,478.99,481.41,,,,,,,,,,,,,,,,,,,,,,,,,,,,,,,,,,,,,,,,,,,,,,,,,,,,,,,,,,,431.997,458.129,26.131,75,24.82,0.016927083,-0.196614583,1,0,0,460.599,478.988,18.382,100,13.601,0.036458333,-0.216145833,1,0,0,10,20,10,10,0,0,0,0,1,,,,,,,,,,,,,,,,,,,,,,,,,,,,,,,,,,,,,,,,,,,,,,,,,,,,,,,,,
,,,,,,,,[(%PROLIFIC_PID,1,2025-04-16_18h49.38.749,CLTandFLE,2024.1.5,Linux x86_64,57.67012687,5fb6dd7c3d66c615d3534135,67ffc4c40efe1bd1090b10ee,67ffdf7e584cf20ec9ec8702,,692.907,695.297,,,,,,,,,,,,,,,,,,,,,,,,,,,,,,,,,,,,,,,,,,,,,,,,,,,,,,,,,,,,,,,,,,,,,,,,,,,,,,,,,,,,,,,,553.207,566.501,13.292,1,9.984,0.028645833,-0.197916667,1,0,0,29,Femmina,Sì,18,No,TRUE,FALSE,6,10,10,8,8,FALSE,Conferma,c1ok,c2ok,c3ok,c4ok,c5ok,c6ok,c7ok,c8ok,c9ok,c10ok,c11ok,c12err3,c13ok,c14ok,c15ok,c16ok,c17ok,c18ok,c19ok,c20ok,c21ok,c22ok,c23ok,c24ok,c25ok,c26ok,986.495,993.143,0,0,0,0,1
