﻿Alfa.started,Alfa.stopped,alfa_mouse.x,alfa_mouse.y,alfa_mouse.leftButton,alfa_mouse.midButton,alfa_mouse.rightButton,alfa_mouse.clicked_name,participant,group,date,expName,psychopyVersion,OS,frameRate,PROLIFIC_PID,STUDY_ID,SESSION_ID,)],ITI.started,ITI.stopped,B_consensoinformato.started,B_consensoinformato.stopped,tempo_consenso,cons_mouse.x,cons_mouse.y,cons_mouse.leftButton,cons_mouse.midButton,cons_mouse.rightButton,A_benvenuto.started,A_benvenuto.stopped,ben_mouse.x,ben_mouse.y,ben_mouse.leftButton,ben_mouse.midButton,ben_mouse.rightButton,B2_istruzioni.started,B2_istruzioni.stopped,tempo_istru,cons_mouse_2.x,cons_mouse_2.y,cons_mouse_2.leftButton,cons_mouse_2.midButton,cons_mouse_2.rightButton,SAMevaluation.started,SAMevaluation.stopped,temposam,sliderintensity.response,sliderintensity.rt,slidervalence.response,slidervalence.rt,mouse_sam.x,mouse_sam.y,mouse_sam.leftButton,mouse_sam.midButton,mouse_sam.rightButton,mouse_sam.time,mouse_sam.clicked_name,Loading.started,Loading.stopped,C_associative_task.started,C_associative_task.stopped,tempo_trial,hapremutosi,hapremutono,tempo_tasktot,mouse.x,mouse.y,mouse.leftButton,mouse.midButton,mouse.rightButton,trials.thisRepN,trials.thisTrialN,trials.thisN,trials.thisIndex,trials.ran,cond,causa,effetto,D_VD.started,D_VD.stopped,tempo_vd,vd.response,vd.rt,mouse_vd.x,mouse_vd.y,mouse_vd.leftButton,mouse_vd.midButton,mouse_vd.rightButton,Previous.started,Previous.stopped,tempo_vd1,previous.response,previous.rt,mouse_vd_2.x,mouse_vd_2.y,mouse_vd_2.leftButton,mouse_vd_2.midButton,mouse_vd_2.rightButton,EstITA.TrialSS,EstITA.TrialNS,EstITA.TrialSN,EstITA.TrialD,itaest.thisRepN,itaest.thisTrialN,itaest.thisN,itaest.thisIndex,itaest.ran,PF.started,PF.stopped,tempo_pf,processfluency.response,processfluency.rt,mouse_ch.x,mouse_ch.y,mouse_ch.leftButton,mouse_ch.midButton,mouse_ch.rightButton,Questionario_Lingua.Age,Questionario_Lingua.Sesso,Questionario_Lingua.StaiStudiando?,Questionario_Lingua.Anniscolarita,Questionario_Lingua.Diploma,Questionario_Lingua.ItaMADRE?,Questionario_Lingua.INGmadre?,Questionario_Lingua.Q5(AOAIng),Questionario_Lingua.INGLETTURA,Questionario_Lingua.INGCOMPRESO,Questionario_Lingua.INGSCRITTO,Questionario_Lingua.INGPARLATO,Questionario_Lingua.haivissutoestero,ProvaInglese.ProcediamoENg,ProvaInglese.C1,ProvaInglese.C2,ProvaInglese.C3,ProvaInglese.C4,ProvaInglese.C5,ProvaInglese.C6,ProvaInglese.C7,ProvaInglese.C8,ProvaInglese.C9,ProvaInglese.C10,ProvaInglese.C11,ProvaInglese.C12,ProvaInglese.C13,ProvaInglese.C14,ProvaInglese.C15,ProvaInglese.C16,ProvaInglese.C17,ProvaInglese.C18,ProvaInglese.C19,ProvaInglese.C20,ProvaInglese.C21,ProvaInglese.C22,ProvaInglese.C23,ProvaInglese.C24,ProvaInglese.C25,ProvaInglese.controlquestion,Ant_lastquestion.started,Ant_lastquestion.stopped,exp_loop.thisRepN,exp_loop.thisTrialN,exp_loop.thisN,exp_loop.thisIndex,exp_loop.ran
0.0004,17.2869,-0.034147987,0.053912338,1,0,0,alfa_mask,[(%PROLIFIC_PID,1,2025-04-16_19h33.22.412,CLTandFLE,2024.1.5,Linux armv81,90.09009009,5c609a727557640001f516c5,67ffc4c40efe1bd1090b10ee,67ffe9d2de32642fce2849dc,,,,,,,,,,,,,,,,,,,,,,,,,,,,,,,,,,,,,,,,,,,,,,,,,,,,,,,,,,,,,,,,,,,,,,,,,,,,,,,,,,,,,,,,,,,,,,,,,,,,,,,,,,,,,,,,,,,,,,,,,,,,,,,,,,,,,,,,,,,,,,,,,,,
,,,,,,,,[(%PROLIFIC_PID,1,2025-04-16_19h33.22.412,CLTandFLE,2024.1.5,Linux armv81,90.09009009,5c609a727557640001f516c5,67ffc4c40efe1bd1090b10ee,67ffe9d2de32642fce2849dc,,17.2874,17.9555,,,,,,,,,,,,,,,,,,,,,,,,,,,,,,,,,,,,,,,,,,,,,,,,,,,,,,,,,,,,,,,,,,,,,,,,,,,,,,,,,,,,,,,,,,,,,,,,,,,,,,,,,,,,,,,,,,,,,,,,,,,,,,,,,,,,,,,,,,,,,,,,
,,,,,,,,[(%PROLIFIC_PID,1,2025-04-16_19h33.22.412,CLTandFLE,2024.1.5,Linux armv81,90.09009009,5c609a727557640001f516c5,67ffc4c40efe1bd1090b10ee,67ffe9d2de32642fce2849dc,,,,17.956,28.4819,10.5229,0.237104707,-0.365525357,1,0,0,,,,,,,,,,,,,,,,,,,,,,,,,,,,,,,,,,,,,,,,,,,,,,,,,,,,,,,,,,,,,,,,,,,,,,,,,,,,,,,,,,,,,,,,,,,,,,,,,,,,,,,,,,,,,,,,,,,,,,,,,,,,,,,,,,,,,,,,
,,,,,,,,[(%PROLIFIC_PID,1,2025-04-16_19h33.22.412,CLTandFLE,2024.1.5,Linux armv81,90.09009009,5c609a727557640001f516c5,67ffc4c40efe1bd1090b10ee,67ffe9d2de32642fce2849dc,,77.3706,78.703,,,,,,,,,29.1629,33.3413,0.041398869,-0.096018986,1,0,0,34.0367,59.014,24.9759,0.02911716,-0.391711016,1,0,0,59.6796,69.6948,10.0135,0.651037268,7.35,0.326905674,9.0736,"[0.1829926246820494,-0.017694833050710596,-0.008424980695857558,0.014748822194969315]","[0.22516432966680797,0.19526987790445333,-0.02140090508670462,-0.2122337479307978]","[1,1,1,1]","[0,0,0,0]","[0,0,0,0]","[6.296500000000009,6.897200000286105,8.694900000095373,9.999500000000012]","[""sliderintensity"",""rettoksam""]",70.3765,77.3702,78.7378,87.202,8.4636,1,0,8.4636,0.066543382,-0.160672723,1,0,0,0,0,0,25,1,c,Il paziente non ha preso il Batatrim,Il paziente ha superato la crisi,,,,,,,,,,,,,,,,,,,,,,,,,,,,,,,,,,,,,,,,,,,,,,,,,,,,,,,,,,,,,,,,,,,,,,,,,,,,,,,,,,,,,,
,,,,,,,,[(%PROLIFIC_PID,1,2025-04-16_19h33.22.412,CLTandFLE,2024.1.5,Linux armv81,90.09009009,5c609a727557640001f516c5,67ffc4c40efe1bd1090b10ee,67ffe9d2de32642fce2849dc,,,,,,,,,,,,,,,,,,,,,,,,,,,,,,,,,,,,,,,,,,,87.2029,93.0385,5.8351,1,0,14.2987,-0.192311684,-0.036579457,0,0,0,0,1,1,39,1,d,Il paziente non ha preso il Batatrim,Il paziente non ha superato la crisi,,,,,,,,,,,,,,,,,,,,,,,,,,,,,,,,,,,,,,,,,,,,,,,,,,,,,,,,,,,,,,,,,,,,,,,,,,,,,,,,,,,,,,
,,,,,,,,[(%PROLIFIC_PID,1,2025-04-16_19h33.22.412,CLTandFLE,2024.1.5,Linux armv81,90.09009009,5c609a727557640001f516c5,67ffc4c40efe1bd1090b10ee,67ffe9d2de32642fce2849dc,,,,,,,,,,,,,,,,,,,,,,,,,,,,,,,,,,,,,,,,,,,93.0403,99.6676,6.6271,1,0,20.9258,-0.185706875,-0.062765038,0,0,0,0,2,2,35,1,d,Il paziente non ha preso il Batatrim,Il paziente non ha superato la crisi,,,,,,,,,,,,,,,,,,,,,,,,,,,,,,,,,,,,,,,,,,,,,,,,,,,,,,,,,,,,,,,,,,,,,,,,,,,,,,,,,,,,,,
,,,,,,,,[(%PROLIFIC_PID,1,2025-04-16_19h33.22.412,CLTandFLE,2024.1.5,Linux armv81,90.09009009,5c609a727557640001f516c5,67ffc4c40efe1bd1090b10ee,67ffe9d2de32642fce2849dc,,,,,,,,,,,,,,,,,,,,,,,,,,,,,,,,,,,,,,,,,,,99.668,105.3111,5.6428,0,1,26.5686,0.216479161,-0.044921441,0,0,0,0,3,3,38,1,d,Il paziente non ha preso il Batatrim,Il paziente non ha superato la crisi,,,,,,,,,,,,,,,,,,,,,,,,,,,,,,,,,,,,,,,,,,,,,,,,,,,,,,,,,,,,,,,,,,,,,,,,,,,,,,,,,,,,,,
,,,,,,,,[(%PROLIFIC_PID,1,2025-04-16_19h33.22.412,CLTandFLE,2024.1.5,Linux armv81,90.09009009,5c609a727557640001f516c5,67ffc4c40efe1bd1090b10ee,67ffe9d2de32642fce2849dc,,,,,,,,,,,,,,,,,,,,,,,,,,,,,,,,,,,,,,,,,,,105.3116,111.5996,6.2877,0,1,32.8563,0.224242691,-0.047586525,0,0,0,0,4,4,28,1,c,Il paziente non ha preso il Batatrim,Il paziente ha superato la crisi,,,,,,,,,,,,,,,,,,,,,,,,,,,,,,,,,,,,,,,,,,,,,,,,,,,,,,,,,,,,,,,,,,,,,,,,,,,,,,,,,,,,,,
,,,,,,,,[(%PROLIFIC_PID,1,2025-04-16_19h33.22.412,CLTandFLE,2024.1.5,Linux armv81,90.09009009,5c609a727557640001f516c5,67ffc4c40efe1bd1090b10ee,67ffe9d2de32642fce2849dc,,,,,,,,,,,,,,,,,,,,,,,,,,,,,,,,,,,,,,,,,,,111.6003,117.5011,5.9006,0,1,38.7569,0.222504608,-0.032408051,0,0,0,0,5,5,17,1,b,Il paziente ha preso il Batatrim,Il paziente non ha superato la crisi,,,,,,,,,,,,,,,,,,,,,,,,,,,,,,,,,,,,,,,,,,,,,,,,,,,,,,,,,,,,,,,,,,,,,,,,,,,,,,,,,,,,,,
,,,,,,,,[(%PROLIFIC_PID,1,2025-04-16_19h33.22.412,CLTandFLE,2024.1.5,Linux armv81,90.09009009,5c609a727557640001f516c5,67ffc4c40efe1bd1090b10ee,67ffe9d2de32642fce2849dc,,,,,,,,,,,,,,,,,,,,,,,,,,,,,,,,,,,,,,,,,,,117.5015,122.7051,5.2033,0,1,43.9602,0.229457017,-0.055465974,0,0,0,0,6,6,22,1,c,Il paziente non ha preso il Batatrim,Il paziente ha superato la crisi,,,,,,,,,,,,,,,,,,,,,,,,,,,,,,,,,,,,,,,,,,,,,,,,,,,,,,,,,,,,,,,,,,,,,,,,,,,,,,,,,,,,,,
,,,,,,,,[(%PROLIFIC_PID,1,2025-04-16_19h33.22.412,CLTandFLE,2024.1.5,Linux armv81,90.09009009,5c609a727557640001f516c5,67ffc4c40efe1bd1090b10ee,67ffe9d2de32642fce2849dc,,,,,,,,,,,,,,,,,,,,,,,,,,,,,,,,,,,,,,,,,,,122.7059,128.3329,5.6266,1,0,49.5868,-0.1890672,-0.047586525,0,0,0,0,7,7,20,1,c,Il paziente non ha preso il Batatrim,Il paziente ha superato la crisi,,,,,,,,,,,,,,,,,,,,,,,,,,,,,,,,,,,,,,,,,,,,,,,,,,,,,,,,,,,,,,,,,,,,,,,,,,,,,,,,,,,,,,
,,,,,,,,[(%PROLIFIC_PID,1,2025-04-16_19h33.22.412,CLTandFLE,2024.1.5,Linux armv81,90.09009009,5c609a727557640001f516c5,67ffc4c40efe1bd1090b10ee,67ffe9d2de32642fce2849dc,,,,,,,,,,,,,,,,,,,,,,,,,,,,,,,,,,,,,,,,,,,128.3334,133.2865,4.9528,1,0,54.5396,-0.192427524,-0.046659524,0,0,0,0,8,8,5,1,a,Il paziente ha preso il Batatrim,Il paziente ha superato la crisi,,,,,,,,,,,,,,,,,,,,,,,,,,,,,,,,,,,,,,,,,,,,,,,,,,,,,,,,,,,,,,,,,,,,,,,,,,,,,,,,,,,,,,
,,,,,,,,[(%PROLIFIC_PID,1,2025-04-16_19h33.22.412,CLTandFLE,2024.1.5,Linux armv81,90.09009009,5c609a727557640001f516c5,67ffc4c40efe1bd1090b10ee,67ffe9d2de32642fce2849dc,,,,,,,,,,,,,,,,,,,,,,,,,,,,,,,,,,,,,,,,,,,133.2871,138.6629,5.3744,1,0,59.914,-0.194745047,-0.036347697,0,0,0,0,9,9,6,1,a,Il paziente ha preso il Batatrim,Il paziente ha superato la crisi,,,,,,,,,,,,,,,,,,,,,,,,,,,,,,,,,,,,,,,,,,,,,,,,,,,,,,,,,,,,,,,,,,,,,,,,,,,,,,,,,,,,,,
,,,,,,,,[(%PROLIFIC_PID,1,2025-04-16_19h33.22.412,CLTandFLE,2024.1.5,Linux armv81,90.09009009,5c609a727557640001f516c5,67ffc4c40efe1bd1090b10ee,67ffe9d2de32642fce2849dc,,,,,,,,,,,,,,,,,,,,,,,,,,,,,,,,,,,,,,,,,,,138.6638,144.1176,5.4535,0,1,65.3675,0.215088679,-0.050251608,0,0,0,0,10,10,30,1,c,Il paziente non ha preso il Batatrim,Il paziente ha superato la crisi,,,,,,,,,,,,,,,,,,,,,,,,,,,,,,,,,,,,,,,,,,,,,,,,,,,,,,,,,,,,,,,,,,,,,,,,,,,,,,,,,,,,,,
,,,,,,,,[(%PROLIFIC_PID,1,2025-04-16_19h33.22.412,CLTandFLE,2024.1.5,Linux armv81,90.09009009,5c609a727557640001f516c5,67ffc4c40efe1bd1090b10ee,67ffe9d2de32642fce2849dc,,,,,,,,,,,,,,,,,,,,,,,,,,,,,,,,,,,,,,,,,,,144.118,149.3712,5.2527,1,0,70.6202,-0.211429882,-0.047238885,0,0,0,0,11,11,12,1,a,Il paziente ha preso il Batatrim,Il paziente ha superato la crisi,,,,,,,,,,,,,,,,,,,,,,,,,,,,,,,,,,,,,,,,,,,,,,,,,,,,,,,,,,,,,,,,,,,,,,,,,,,,,,,,,,,,,,
,,,,,,,,[(%PROLIFIC_PID,1,2025-04-16_19h33.22.412,CLTandFLE,2024.1.5,Linux armv81,90.09009009,5c609a727557640001f516c5,67ffc4c40efe1bd1090b10ee,67ffe9d2de32642fce2849dc,,,,,,,,,,,,,,,,,,,,,,,,,,,,,,,,,,,,,,,,,,,149.3721,154.4852,5.1126,0,1,75.7328,0.219260125,-0.064155519,0,0,0,0,12,12,29,1,c,Il paziente non ha preso il Batatrim,Il paziente ha superato la crisi,,,,,,,,,,,,,,,,,,,,,,,,,,,,,,,,,,,,,,,,,,,,,,,,,,,,,,,,,,,,,,,,,,,,,,,,,,,,,,,,,,,,,,
,,,,,,,,[(%PROLIFIC_PID,1,2025-04-16_19h33.22.412,CLTandFLE,2024.1.5,Linux armv81,90.09009009,5c609a727557640001f516c5,67ffc4c40efe1bd1090b10ee,67ffe9d2de32642fce2849dc,,,,,,,,,,,,,,,,,,,,,,,,,,,,,,,,,,,,,,,,,,,154.4859,159.2715,4.7854,1,0,80.5182,-0.155928264,-0.039592142,0,0,0,0,13,13,11,1,a,Il paziente ha preso il Batatrim,Il paziente ha superato la crisi,,,,,,,,,,,,,,,,,,,,,,,,,,,,,,,,,,,,,,,,,,,,,,,,,,,,,,,,,,,,,,,,,,,,,,,,,,,,,,,,,,,,,,
,,,,,,,,[(%PROLIFIC_PID,1,2025-04-16_19h33.22.412,CLTandFLE,2024.1.5,Linux armv81,90.09009009,5c609a727557640001f516c5,67ffc4c40efe1bd1090b10ee,67ffe9d2de32642fce2849dc,,,,,,,,,,,,,,,,,,,,,,,,,,,,,,,,,,,,,,,,,,,159.2726,164.3141,5.0412,0,1,85.5594,0.221230125,-0.05198977,0,0,0,0,14,14,31,1,c,Il paziente non ha preso il Batatrim,Il paziente ha superato la crisi,,,,,,,,,,,,,,,,,,,,,,,,,,,,,,,,,,,,,,,,,,,,,,,,,,,,,,,,,,,,,,,,,,,,,,,,,,,,,,,,,,,,,,
,,,,,,,,[(%PROLIFIC_PID,1,2025-04-16_19h33.22.412,CLTandFLE,2024.1.5,Linux armv81,90.09009009,5c609a727557640001f516c5,67ffc4c40efe1bd1090b10ee,67ffe9d2de32642fce2849dc,,,,,,,,,,,,,,,,,,,,,,,,,,,,,,,,,,,,,,,,,,,164.3145,169.4568,5.1418,1,0,90.7012,-0.171570297,-0.047818246,0,0,0,0,15,15,8,1,a,Il paziente ha preso il Batatrim,Il paziente ha superato la crisi,,,,,,,,,,,,,,,,,,,,,,,,,,,,,,,,,,,,,,,,,,,,,,,,,,,,,,,,,,,,,,,,,,,,,,,,,,,,,,,,,,,,,,
,,,,,,,,[(%PROLIFIC_PID,1,2025-04-16_19h33.22.412,CLTandFLE,2024.1.5,Linux armv81,90.09009009,5c609a727557640001f516c5,67ffc4c40efe1bd1090b10ee,67ffe9d2de32642fce2849dc,,,,,,,,,,,,,,,,,,,,,,,,,,,,,,,,,,,,,,,,,,,169.4573,174.0529,4.5952,1,0,95.2964,-0.166588677,-0.041213477,0,0,0,0,16,16,16,1,b,Il paziente ha preso il Batatrim,Il paziente non ha superato la crisi,,,,,,,,,,,,,,,,,,,,,,,,,,,,,,,,,,,,,,,,,,,,,,,,,,,,,,,,,,,,,,,,,,,,,,,,,,,,,,,,,,,,,,
,,,,,,,,[(%PROLIFIC_PID,1,2025-04-16_19h33.22.412,CLTandFLE,2024.1.5,Linux armv81,90.09009009,5c609a727557640001f516c5,67ffc4c40efe1bd1090b10ee,67ffe9d2de32642fce2849dc,,,,,,,,,,,,,,,,,,,,,,,,,,,,,,,,,,,,,,,,,,,174.0537,179.1436,5.0897,1,0,100.3861,-0.187213277,-0.044342041,0,0,0,0,17,17,21,1,c,Il paziente non ha preso il Batatrim,Il paziente ha superato la crisi,,,,,,,,,,,,,,,,,,,,,,,,,,,,,,,,,,,,,,,,,,,,,,,,,,,,,,,,,,,,,,,,,,,,,,,,,,,,,,,,,,,,,,
,,,,,,,,[(%PROLIFIC_PID,1,2025-04-16_19h33.22.412,CLTandFLE,2024.1.5,Linux armv81,90.09009009,5c609a727557640001f516c5,67ffc4c40efe1bd1090b10ee,67ffe9d2de32642fce2849dc,,,,,,,,,,,,,,,,,,,,,,,,,,,,,,,,,,,,,,,,,,,179.1446,185.0666,5.9211,1,0,106.3072,-0.212241003,-0.059752314,0,0,0,0,18,18,32,1,c,Il paziente non ha preso il Batatrim,Il paziente ha superato la crisi,,,,,,,,,,,,,,,,,,,,,,,,,,,,,,,,,,,,,,,,,,,,,,,,,,,,,,,,,,,,,,,,,,,,,,,,,,,,,,,,,,,,,,
,,,,,,,,[(%PROLIFIC_PID,1,2025-04-16_19h33.22.412,CLTandFLE,2024.1.5,Linux armv81,90.09009009,5c609a727557640001f516c5,67ffc4c40efe1bd1090b10ee,67ffe9d2de32642fce2849dc,,,,,,,,,,,,,,,,,,,,,,,,,,,,,,,,,,,,,,,,,,,185.0675,190.0547,4.9869,1,0,111.2941,-0.214790206,-0.046196043,0,0,0,0,19,19,1,1,a,Il paziente ha preso il Batatrim,Il paziente ha superato la crisi,,,,,,,,,,,,,,,,,,,,,,,,,,,,,,,,,,,,,,,,,,,,,,,,,,,,,,,,,,,,,,,,,,,,,,,,,,,,,,,,,,,,,,
,,,,,,,,[(%PROLIFIC_PID,1,2025-04-16_19h33.22.412,CLTandFLE,2024.1.5,Linux armv81,90.09009009,5c609a727557640001f516c5,67ffc4c40efe1bd1090b10ee,67ffe9d2de32642fce2849dc,,,,,,,,,,,,,,,,,,,,,,,,,,,,,,,,,,,,,,,,,,,190.0551,195.5143,5.4588,1,0,116.7529,-0.188719599,-0.065777761,0,0,0,0,20,20,23,1,c,Il paziente non ha preso il Batatrim,Il paziente ha superato la crisi,,,,,,,,,,,,,,,,,,,,,,,,,,,,,,,,,,,,,,,,,,,,,,,,,,,,,,,,,,,,,,,,,,,,,,,,,,,,,,,,,,,,,,
,,,,,,,,[(%PROLIFIC_PID,1,2025-04-16_19h33.22.412,CLTandFLE,2024.1.5,Linux armv81,90.09009009,5c609a727557640001f516c5,67ffc4c40efe1bd1090b10ee,67ffe9d2de32642fce2849dc,,,,,,,,,,,,,,,,,,,,,,,,,,,,,,,,,,,,,,,,,,,195.5147,201.0648,5.5492,1,0,122.3021,-0.200191054,-0.013521535,0,0,0,0,21,21,2,1,a,Il paziente ha preso il Batatrim,Il paziente ha superato la crisi,,,,,,,,,,,,,,,,,,,,,,,,,,,,,,,,,,,,,,,,,,,,,,,,,,,,,,,,,,,,,,,,,,,,,,,,,,,,,,,,,,,,,,
,,,,,,,,[(%PROLIFIC_PID,1,2025-04-16_19h33.22.412,CLTandFLE,2024.1.5,Linux armv81,90.09009009,5c609a727557640001f516c5,67ffc4c40efe1bd1090b10ee,67ffe9d2de32642fce2849dc,,,,,,,,,,,,,,,,,,,,,,,,,,,,,,,,,,,,,,,,,,,201.0658,206.8742,5.8081,0,1,128.1102,0.238842789,-0.05708723,0,0,0,0,22,22,34,1,c,Il paziente non ha preso il Batatrim,Il paziente ha superato la crisi,,,,,,,,,,,,,,,,,,,,,,,,,,,,,,,,,,,,,,,,,,,,,,,,,,,,,,,,,,,,,,,,,,,,,,,,,,,,,,,,,,,,,,
,,,,,,,,[(%PROLIFIC_PID,1,2025-04-16_19h33.22.412,CLTandFLE,2024.1.5,Linux armv81,90.09009009,5c609a727557640001f516c5,67ffc4c40efe1bd1090b10ee,67ffe9d2de32642fce2849dc,,,,,,,,,,,,,,,,,,,,,,,,,,,,,,,,,,,,,,,,,,,206.8757,211.6824,4.8063,1,0,132.9165,-0.221742615,-0.065372201,0,0,0,0,23,23,14,1,b,Il paziente ha preso il Batatrim,Il paziente ha superato la crisi,,,,,,,,,,,,,,,,,,,,,,,,,,,,,,,,,,,,,,,,,,,,,,,,,,,,,,,,,,,,,,,,,,,,,,,,,,,,,,,,,,,,,,
,,,,,,,,[(%PROLIFIC_PID,1,2025-04-16_19h33.22.412,CLTandFLE,2024.1.5,Linux armv81,90.09009009,5c609a727557640001f516c5,67ffc4c40efe1bd1090b10ee,67ffe9d2de32642fce2849dc,,,,,,,,,,,,,,,,,,,,,,,,,,,,,,,,,,,,,,,,,,,211.683,216.4833,4.7998,1,0,137.7163,-0.169310814,-0.043530959,0,0,0,0,24,24,18,1,b,Il paziente ha preso il Batatrim,Il paziente non ha superato la crisi,,,,,,,,,,,,,,,,,,,,,,,,,,,,,,,,,,,,,,,,,,,,,,,,,,,,,,,,,,,,,,,,,,,,,,,,,,,,,,,,,,,,,,
,,,,,,,,[(%PROLIFIC_PID,1,2025-04-16_19h33.22.412,CLTandFLE,2024.1.5,Linux armv81,90.09009009,5c609a727557640001f516c5,67ffc4c40efe1bd1090b10ee,67ffe9d2de32642fce2849dc,,,,,,,,,,,,,,,,,,,,,,,,,,,,,,,,,,,,,,,,,,,216.4841,222.6879,6.2034,1,0,143.9197,-0.187039397,-0.067168243,0,0,0,0,25,25,26,1,c,Il paziente non ha preso il Batatrim,Il paziente ha superato la crisi,,,,,,,,,,,,,,,,,,,,,,,,,,,,,,,,,,,,,,,,,,,,,,,,,,,,,,,,,,,,,,,,,,,,,,,,,,,,,,,,,,,,,,
,,,,,,,,[(%PROLIFIC_PID,1,2025-04-16_19h33.22.412,CLTandFLE,2024.1.5,Linux armv81,90.09009009,5c609a727557640001f516c5,67ffc4c40efe1bd1090b10ee,67ffe9d2de32642fce2849dc,,,,,,,,,,,,,,,,,,,,,,,,,,,,,,,,,,,,,,,,,,,222.6883,227.882,5.1933,1,0,149.113,-0.201233935,-0.069485687,0,0,0,0,26,26,10,1,a,Il paziente ha preso il Batatrim,Il paziente ha superato la crisi,,,,,,,,,,,,,,,,,,,,,,,,,,,,,,,,,,,,,,,,,,,,,,,,,,,,,,,,,,,,,,,,,,,,,,,,,,,,,,,,,,,,,,
,,,,,,,,[(%PROLIFIC_PID,1,2025-04-16_19h33.22.412,CLTandFLE,2024.1.5,Linux armv81,90.09009009,5c609a727557640001f516c5,67ffc4c40efe1bd1090b10ee,67ffe9d2de32642fce2849dc,,,,,,,,,,,,,,,,,,,,,,,,,,,,,,,,,,,,,,,,,,,227.8826,232.8603,4.9775,1,0,154.0905,-0.178580666,-0.060447555,0,0,0,0,27,27,36,1,d,Il paziente non ha preso il Batatrim,Il paziente non ha superato la crisi,,,,,,,,,,,,,,,,,,,,,,,,,,,,,,,,,,,,,,,,,,,,,,,,,,,,,,,,,,,,,,,,,,,,,,,,,,,,,,,,,,,,,,
,,,,,,,,[(%PROLIFIC_PID,1,2025-04-16_19h33.22.412,CLTandFLE,2024.1.5,Linux armv81,90.09009009,5c609a727557640001f516c5,67ffc4c40efe1bd1090b10ee,67ffe9d2de32642fce2849dc,,,,,,,,,,,,,,,,,,,,,,,,,,,,,,,,,,,,,,,,,,,232.8618,237.7811,4.9192,1,0,159.0097,-0.208648918,-0.042603958,0,0,0,0,28,28,15,1,b,Il paziente ha preso il Batatrim,Il paziente non ha superato la crisi,,,,,,,,,,,,,,,,,,,,,,,,,,,,,,,,,,,,,,,,,,,,,,,,,,,,,,,,,,,,,,,,,,,,,,,,,,,,,,,,,,,,,,
,,,,,,,,[(%PROLIFIC_PID,1,2025-04-16_19h33.22.412,CLTandFLE,2024.1.5,Linux armv81,90.09009009,5c609a727557640001f516c5,67ffc4c40efe1bd1090b10ee,67ffe9d2de32642fce2849dc,,,,,,,,,,,,,,,,,,,,,,,,,,,,,,,,,,,,,,,,,,,237.7829,245.1444,7.3611,1,0,166.3708,-0.198800572,-0.039244541,0,0,0,0,29,29,24,1,c,Il paziente non ha preso il Batatrim,Il paziente ha superato la crisi,,,,,,,,,,,,,,,,,,,,,,,,,,,,,,,,,,,,,,,,,,,,,,,,,,,,,,,,,,,,,,,,,,,,,,,,,,,,,,,,,,,,,,
,,,,,,,,[(%PROLIFIC_PID,1,2025-04-16_19h33.22.412,CLTandFLE,2024.1.5,Linux armv81,90.09009009,5c609a727557640001f516c5,67ffc4c40efe1bd1090b10ee,67ffe9d2de32642fce2849dc,,,,,,,,,,,,,,,,,,,,,,,,,,,,,,,,,,,,,,,,,,,245.145,249.9437,4.7983,1,0,171.1691,-0.191152962,-0.025687324,0,0,0,0,30,30,33,1,c,Il paziente non ha preso il Batatrim,Il paziente ha superato la crisi,,,,,,,,,,,,,,,,,,,,,,,,,,,,,,,,,,,,,,,,,,,,,,,,,,,,,,,,,,,,,,,,,,,,,,,,,,,,,,,,,,,,,,
,,,,,,,,[(%PROLIFIC_PID,1,2025-04-16_19h33.22.412,CLTandFLE,2024.1.5,Linux armv81,90.09009009,5c609a727557640001f516c5,67ffc4c40efe1bd1090b10ee,67ffe9d2de32642fce2849dc,,,,,,,,,,,,,,,,,,,,,,,,,,,,,,,,,,,,,,,,,,,249.9443,254.7757,4.831,1,0,176.0001,-0.202566457,-0.05685551,0,0,0,0,31,31,0,1,a,Il paziente ha preso il Batatrim,Il paziente ha superato la crisi,,,,,,,,,,,,,,,,,,,,,,,,,,,,,,,,,,,,,,,,,,,,,,,,,,,,,,,,,,,,,,,,,,,,,,,,,,,,,,,,,,,,,,
,,,,,,,,[(%PROLIFIC_PID,1,2025-04-16_19h33.22.412,CLTandFLE,2024.1.5,Linux armv81,90.09009009,5c609a727557640001f516c5,67ffc4c40efe1bd1090b10ee,67ffe9d2de32642fce2849dc,,,,,,,,,,,,,,,,,,,,,,,,,,,,,,,,,,,,,,,,,,,254.7763,259.6141,4.8374,1,0,180.8375,-0.207490197,-0.037969939,0,0,0,0,32,32,4,1,a,Il paziente ha preso il Batatrim,Il paziente ha superato la crisi,,,,,,,,,,,,,,,,,,,,,,,,,,,,,,,,,,,,,,,,,,,,,,,,,,,,,,,,,,,,,,,,,,,,,,,,,,,,,,,,,,,,,,
,,,,,,,,[(%PROLIFIC_PID,1,2025-04-16_19h33.22.412,CLTandFLE,2024.1.5,Linux armv81,90.09009009,5c609a727557640001f516c5,67ffc4c40efe1bd1090b10ee,67ffe9d2de32642fce2849dc,,,,,,,,,,,,,,,,,,,,,,,,,,,,,,,,,,,,,,,,,,,259.6145,264.7028,5.0879,0,1,185.9254,0.192610157,-0.045964283,0,0,0,0,33,33,27,1,c,Il paziente non ha preso il Batatrim,Il paziente ha superato la crisi,,,,,,,,,,,,,,,,,,,,,,,,,,,,,,,,,,,,,,,,,,,,,,,,,,,,,,,,,,,,,,,,,,,,,,,,,,,,,,,,,,,,,,
,,,,,,,,[(%PROLIFIC_PID,1,2025-04-16_19h33.22.412,CLTandFLE,2024.1.5,Linux armv81,90.09009009,5c609a727557640001f516c5,67ffc4c40efe1bd1090b10ee,67ffe9d2de32642fce2849dc,,,,,,,,,,,,,,,,,,,,,,,,,,,,,,,,,,,,,,,,,,,264.7039,269.0925,4.3882,1,0,190.3136,-0.199727613,-0.037854059,0,0,0,0,34,34,9,1,a,Il paziente ha preso il Batatrim,Il paziente ha superato la crisi,,,,,,,,,,,,,,,,,,,,,,,,,,,,,,,,,,,,,,,,,,,,,,,,,,,,,,,,,,,,,,,,,,,,,,,,,,,,,,,,,,,,,,
,,,,,,,,[(%PROLIFIC_PID,1,2025-04-16_19h33.22.412,CLTandFLE,2024.1.5,Linux armv81,90.09009009,5c609a727557640001f516c5,67ffc4c40efe1bd1090b10ee,67ffe9d2de32642fce2849dc,,,,,,,,,,,,,,,,,,,,,,,,,,,,,,,,,,,,,,,,,,,269.0934,273.7714,4.6778,1,0,194.9914,-0.160679149,-0.046311923,0,0,0,0,35,35,7,1,a,Il paziente ha preso il Batatrim,Il paziente ha superato la crisi,,,,,,,,,,,,,,,,,,,,,,,,,,,,,,,,,,,,,,,,,,,,,,,,,,,,,,,,,,,,,,,,,,,,,,,,,,,,,,,,,,,,,,
,,,,,,,,[(%PROLIFIC_PID,1,2025-04-16_19h33.22.412,CLTandFLE,2024.1.5,Linux armv81,90.09009009,5c609a727557640001f516c5,67ffc4c40efe1bd1090b10ee,67ffe9d2de32642fce2849dc,,,,,,,,,,,,,,,,,,,,,,,,,,,,,,,,,,,,,,,,,,,273.7719,278.4866,4.7143,1,0,199.7057,-0.194976728,-0.049092887,0,0,0,0,36,36,13,1,a,Il paziente ha preso il Batatrim,Il paziente ha superato la crisi,,,,,,,,,,,,,,,,,,,,,,,,,,,,,,,,,,,,,,,,,,,,,,,,,,,,,,,,,,,,,,,,,,,,,,,,,,,,,,,,,,,,,,
,,,,,,,,[(%PROLIFIC_PID,1,2025-04-16_19h33.22.412,CLTandFLE,2024.1.5,Linux armv81,90.09009009,5c609a727557640001f516c5,67ffc4c40efe1bd1090b10ee,67ffe9d2de32642fce2849dc,,,,,,,,,,,,,,,,,,,,,,,,,,,,,,,,,,,,,,,,,,,278.4871,283.2429,4.7555,1,0,204.4612,-0.185011674,-0.048977007,0,0,0,0,37,37,19,1,b,Il paziente ha preso il Batatrim,Il paziente non ha superato la crisi,,,,,,,,,,,,,,,,,,,,,,,,,,,,,,,,,,,,,,,,,,,,,,,,,,,,,,,,,,,,,,,,,,,,,,,,,,,,,,,,,,,,,,
,,,,,,,,[(%PROLIFIC_PID,1,2025-04-16_19h33.22.412,CLTandFLE,2024.1.5,Linux armv81,90.09009009,5c609a727557640001f516c5,67ffc4c40efe1bd1090b10ee,67ffe9d2de32642fce2849dc,,,,,,,,,,,,,,,,,,,,,,,,,,,,,,,,,,,,,,,,,,,283.2434,287.9511,4.7075,1,0,209.1687,-0.184895676,-0.068674605,0,0,0,0,38,38,37,1,d,Il paziente non ha preso il Batatrim,Il paziente non ha superato la crisi,,,,,,,,,,,,,,,,,,,,,,,,,,,,,,,,,,,,,,,,,,,,,,,,,,,,,,,,,,,,,,,,,,,,,,,,,,,,,,,,,,,,,,
,,,,,,,,[(%PROLIFIC_PID,1,2025-04-16_19h33.22.412,CLTandFLE,2024.1.5,Linux armv81,90.09009009,5c609a727557640001f516c5,67ffc4c40efe1bd1090b10ee,67ffe9d2de32642fce2849dc,,,,,,,,,,,,,,,,,,,,,,,,,,,,,,,,,,,,,,,,,,,287.9517,292.6085,4.6566,1,0,213.8253,-0.191848163,-0.035594497,0,0,0,0,39,39,3,1,a,Il paziente ha preso il Batatrim,Il paziente ha superato la crisi,,,,,,,,,,,,,,,,,,,,,,,,,,,,,,,,,,,,,,,,,,,,,,,,,,,,,,,,,,,,,,,,,,,,,,,,,,,,,,,,,,,,,,
,,,,,,,,[(%PROLIFIC_PID,1,2025-04-16_19h33.22.412,CLTandFLE,2024.1.5,Linux armv81,90.09009009,5c609a727557640001f516c5,67ffc4c40efe1bd1090b10ee,67ffe9d2de32642fce2849dc,,317.078,317.7554,,,,,,,,,,,,,,,,,,,,,,,,,,,,,,,,,,,,,,,,,,,,,,,,,,,,,,,,,,,293.9235,307.5268,13.6026,50,10.4363,0.021585391,-0.177357597,1,0,0,308.1908,317.0778,8.8856,77,8.411,0.010461536,-0.17932744,1,0,0,20,20,8,8,0,0,0,0,1,,,,,,,,,,,,,,,,,,,,,,,,,,,,,,,,,,,,,,,,,,,,,,,,,,,,,,,,,
,,,,,,,,[(%PROLIFIC_PID,1,2025-04-16_19h33.22.412,CLTandFLE,2024.1.5,Linux armv81,90.09009009,5c609a727557640001f516c5,67ffc4c40efe1bd1090b10ee,67ffe9d2de32642fce2849dc,,460.5397,461.2155,,,,,,,,,,,,,,,,,,,,,,,,,,,,,,,,,,,,,,,,,,,,,,,,,,,,,,,,,,,,,,,,,,,,,,,,,,,,,,,,,,,,,,,,365.5235,372.4816,6.9569,3,4.1767,0.014401221,-0.22660114,1,0,0,45,Femmina,No,18,No,TRUE,FALSE,13,7,7,6,5,FALSE,Conferma,c1ok,c2ok,c3ok,c4ok,c5ok,c6ok,c7ok,c8ok,c9ok,c10ok,c11ok,c12ok,c13ok,c14err2,c15ok,c16ok,c17ok,c18ok,c19ok,c20ok,c21ok,c22ok,c23ok,c24ok,c25ok,c26err3,703.9109,710.6937,0,0,0,0,1
