﻿Alfa.started,Alfa.stopped,alfa_mouse.x,alfa_mouse.y,alfa_mouse.leftButton,alfa_mouse.midButton,alfa_mouse.rightButton,alfa_mouse.clicked_name,participant,group,date,expName,psychopyVersion,OS,frameRate,PROLIFIC_PID,STUDY_ID,SESSION_ID,)],ITI.started,ITI.stopped,B_consensoinformato.started,B_consensoinformato.stopped,tempo_consenso,cons_mouse.x,cons_mouse.y,cons_mouse.leftButton,cons_mouse.midButton,cons_mouse.rightButton,A_benvenuto.started,A_benvenuto.stopped,ben_mouse.x,ben_mouse.y,ben_mouse.leftButton,ben_mouse.midButton,ben_mouse.rightButton,B2_istruzioni.started,B2_istruzioni.stopped,tempo_istru,cons_mouse_2.x,cons_mouse_2.y,cons_mouse_2.leftButton,cons_mouse_2.midButton,cons_mouse_2.rightButton,SAMevaluation.started,SAMevaluation.stopped,temposam,sliderintensity.response,sliderintensity.rt,slidervalence.response,slidervalence.rt,mouse_sam.x,mouse_sam.y,mouse_sam.leftButton,mouse_sam.midButton,mouse_sam.rightButton,mouse_sam.time,mouse_sam.clicked_name,Loading.started,Loading.stopped,C_associative_task.started,C_associative_task.stopped,tempo_trial,hapremutosi,hapremutono,tempo_tasktot,mouse.x,mouse.y,mouse.leftButton,mouse.midButton,mouse.rightButton,trials.thisRepN,trials.thisTrialN,trials.thisN,trials.thisIndex,trials.ran,cond,causa,effetto,D_VD.started,D_VD.stopped,tempo_vd,vd.response,vd.rt,mouse_vd.x,mouse_vd.y,mouse_vd.leftButton,mouse_vd.midButton,mouse_vd.rightButton,Previous.started,Previous.stopped,tempo_vd1,previous.response,previous.rt,mouse_vd_2.x,mouse_vd_2.y,mouse_vd_2.leftButton,mouse_vd_2.midButton,mouse_vd_2.rightButton,EstITA.TrialSS,EstITA.TrialSN,EstITA.TrialD,EstITA.TrialNS,itaest.thisRepN,itaest.thisTrialN,itaest.thisN,itaest.thisIndex,itaest.ran,PF.started,PF.stopped,tempo_pf,processfluency.response,processfluency.rt,mouse_ch.x,mouse_ch.y,mouse_ch.leftButton,mouse_ch.midButton,mouse_ch.rightButton,Questionario_Lingua.Age,Questionario_Lingua.Sesso,Questionario_Lingua.StaiStudiando?,Questionario_Lingua.Anniscolarita,Questionario_Lingua.Diploma,Questionario_Lingua.Punteggiodiploma,Questionario_Lingua.ItaMADRE?,Questionario_Lingua.INGmadre?,Questionario_Lingua.Q5(AOAIng),Questionario_Lingua.INGLETTURA,Questionario_Lingua.INGCOMPRESO,Questionario_Lingua.INGSCRITTO,Questionario_Lingua.INGPARLATO,Questionario_Lingua.haivissutoestero,ProvaInglese.ProcediamoENg,ProvaInglese.C1,ProvaInglese.C2,ProvaInglese.C3,ProvaInglese.C4,ProvaInglese.C5,ProvaInglese.C6,ProvaInglese.C7,ProvaInglese.C8,ProvaInglese.C9,ProvaInglese.C10,ProvaInglese.C11,ProvaInglese.C12,ProvaInglese.C13,ProvaInglese.C14,ProvaInglese.C15,ProvaInglese.C16,ProvaInglese.C17,ProvaInglese.C18,ProvaInglese.C19,ProvaInglese.C20,ProvaInglese.C21,ProvaInglese.C22,ProvaInglese.C23,ProvaInglese.C24,ProvaInglese.C25,ProvaInglese.controlquestion,Ant_lastquestion.started,Ant_lastquestion.stopped,exp_loop.thisRepN,exp_loop.thisTrialN,exp_loop.thisN,exp_loop.thisIndex,exp_loop.ran
0.0038,7.7445,-0.076311646,0.070797051,1,0,0,alfa_mask,[(%PROLIFIC_PID,1,2025-04-16_19h05.25.160,CLTandFLE,2024.1.5,MacIntel,60.60606061,5fde11a92cd5d051ebacc251,67ffc4c40efe1bd1090b10ee,67ffe32381596b17d63a2763,,,,,,,,,,,,,,,,,,,,,,,,,,,,,,,,,,,,,,,,,,,,,,,,,,,,,,,,,,,,,,,,,,,,,,,,,,,,,,,,,,,,,,,,,,,,,,,,,,,,,,,,,,,,,,,,,,,,,,,,,,,,,,,,,,,,,,,,,,,,,,,,,,,,
,,,,,,,,[(%PROLIFIC_PID,1,2025-04-16_19h05.25.160,CLTandFLE,2024.1.5,MacIntel,60.60606061,5fde11a92cd5d051ebacc251,67ffc4c40efe1bd1090b10ee,67ffe32381596b17d63a2763,,7.7447,8.7464,,,,,,,,,,,,,,,,,,,,,,,,,,,,,,,,,,,,,,,,,,,,,,,,,,,,,,,,,,,,,,,,,,,,,,,,,,,,,,,,,,,,,,,,,,,,,,,,,,,,,,,,,,,,,,,,,,,,,,,,,,,,,,,,,,,,,,,,,,,,,,,,,
,,,,,,,,[(%PROLIFIC_PID,1,2025-04-16_19h05.25.160,CLTandFLE,2024.1.5,MacIntel,60.60606061,5fde11a92cd5d051ebacc251,67ffc4c40efe1bd1090b10ee,67ffe32381596b17d63a2763,,,,8.7477,32.6937,23.945,0.183709106,-0.443579441,1,0,0,,,,,,,,,,,,,,,,,,,,,,,,,,,,,,,,,,,,,,,,,,,,,,,,,,,,,,,,,,,,,,,,,,,,,,,,,,,,,,,,,,,,,,,,,,,,,,,,,,,,,,,,,,,,,,,,,,,,,,,,,,,,,,,,,,,,,,,,,
,,,,,,,,[(%PROLIFIC_PID,1,2025-04-16_19h05.25.160,CLTandFLE,2024.1.5,MacIntel,60.60606061,5fde11a92cd5d051ebacc251,67ffc4c40efe1bd1090b10ee,67ffe32381596b17d63a2763,,149.1049,150.1074,,,,,,,,,33.697,53.0306,-0.022752346,-0.116435615,1,0,0,54.0342,121.4314,67.3959,0.003913574,-0.400711941,1,0,0,122.4341,141.1004,18.6656,0.687434218,7.8761,0.333538649,6.6561,"[-0.013672892252604167,-0.011569281684027778,0.14994737413194445,0.01977756076388889]","[0.19587283664279515,-0.014298027886284722,0.19969000922309027,-0.19874688042534722]","[1,1,1,1]","[0,0,0,0]","[0,0,0,0]","[1.9610000000000127,4.600099999964243,7.775599999964243,18.6551999999881]","[""sliderintensity"",""rettoksam""]",142.103,149.1049,150.1347,156.5681,6.433,1,0,6.433,0.043877021,0.037418552,0,0,0,0,0,0,6,1,a,Il paziente ha preso il Batatrim,Il paziente ha superato la crisi,,,,,,,,,,,,,,,,,,,,,,,,,,,,,,,,,,,,,,,,,,,,,,,,,,,,,,,,,,,,,,,,,,,,,,,,,,,,,,,,,,,,,,,
,,,,,,,,[(%PROLIFIC_PID,1,2025-04-16_19h05.25.160,CLTandFLE,2024.1.5,MacIntel,60.60606061,5fde11a92cd5d051ebacc251,67ffc4c40efe1bd1090b10ee,67ffe32381596b17d63a2763,,,,,,,,,,,,,,,,,,,,,,,,,,,,,,,,,,,,,,,,,,,156.5686,162.426,5.8572,1,0,12.2902,0.01818217,0.072951525,0,0,0,0,1,1,23,1,c,Il paziente non ha preso il Batatrim,Il paziente ha superato la crisi,,,,,,,,,,,,,,,,,,,,,,,,,,,,,,,,,,,,,,,,,,,,,,,,,,,,,,,,,,,,,,,,,,,,,,,,,,,,,,,,,,,,,,,
,,,,,,,,[(%PROLIFIC_PID,1,2025-04-16_19h05.25.160,CLTandFLE,2024.1.5,MacIntel,60.60606061,5fde11a92cd5d051ebacc251,67ffc4c40efe1bd1090b10ee,67ffe32381596b17d63a2763,,,,,,,,,,,,,,,,,,,,,,,,,,,,,,,,,,,,,,,,,,,162.4263,167.645,5.2185,0,1,17.5087,-0.038158434,0.10439738,0,0,0,0,2,2,26,1,c,Il paziente non ha preso il Batatrim,Il paziente ha superato la crisi,,,,,,,,,,,,,,,,,,,,,,,,,,,,,,,,,,,,,,,,,,,,,,,,,,,,,,,,,,,,,,,,,,,,,,,,,,,,,,,,,,,,,,,
,,,,,,,,[(%PROLIFIC_PID,1,2025-04-16_19h05.25.160,CLTandFLE,2024.1.5,MacIntel,60.60606061,5fde11a92cd5d051ebacc251,67ffc4c40efe1bd1090b10ee,67ffe32381596b17d63a2763,,,,,,,,,,,,,,,,,,,,,,,,,,,,,,,,,,,,,,,,,,,167.6453,173.074,5.4285,0,1,22.9372,0.043687337,0.088521864,0,0,0,0,3,3,25,1,c,Il paziente non ha preso il Batatrim,Il paziente ha superato la crisi,,,,,,,,,,,,,,,,,,,,,,,,,,,,,,,,,,,,,,,,,,,,,,,,,,,,,,,,,,,,,,,,,,,,,,,,,,,,,,,,,,,,,,,
,,,,,,,,[(%PROLIFIC_PID,1,2025-04-16_19h05.25.160,CLTandFLE,2024.1.5,MacIntel,60.60606061,5fde11a92cd5d051ebacc251,67ffc4c40efe1bd1090b10ee,67ffe32381596b17d63a2763,,,,,,,,,,,,,,,,,,,,,,,,,,,,,,,,,,,,,,,,,,,173.0743,178.0561,4.9815,1,0,27.9187,0.007749363,0.078914354,0,0,0,0,4,4,21,1,c,Il paziente non ha preso il Batatrim,Il paziente ha superato la crisi,,,,,,,,,,,,,,,,,,,,,,,,,,,,,,,,,,,,,,,,,,,,,,,,,,,,,,,,,,,,,,,,,,,,,,,,,,,,,,,,,,,,,,,
,,,,,,,,[(%PROLIFIC_PID,1,2025-04-16_19h05.25.160,CLTandFLE,2024.1.5,MacIntel,60.60606061,5fde11a92cd5d051ebacc251,67ffc4c40efe1bd1090b10ee,67ffe32381596b17d63a2763,,,,,,,,,,,,,,,,,,,,,,,,,,,,,,,,,,,,,,,,,,,178.0564,183.1121,5.0554,1,0,32.9741,-0.029554036,0.063227539,0,0,0,0,5,5,31,1,c,Il paziente non ha preso il Batatrim,Il paziente ha superato la crisi,,,,,,,,,,,,,,,,,,,,,,,,,,,,,,,,,,,,,,,,,,,,,,,,,,,,,,,,,,,,,,,,,,,,,,,,,,,,,,,,,,,,,,,
,,,,,,,,[(%PROLIFIC_PID,1,2025-04-16_19h05.25.160,CLTandFLE,2024.1.5,MacIntel,60.60606061,5fde11a92cd5d051ebacc251,67ffc4c40efe1bd1090b10ee,67ffe32381596b17d63a2763,,,,,,,,,,,,,,,,,,,,,,,,,,,,,,,,,,,,,,,,,,,183.1126,188.6169,5.5041,1,0,38.4782,-0.194804552,-0.037529738,0,0,0,0,6,6,37,1,d,Il paziente non ha preso il Batatrim,Il paziente non ha superato la crisi,,,,,,,,,,,,,,,,,,,,,,,,,,,,,,,,,,,,,,,,,,,,,,,,,,,,,,,,,,,,,,,,,,,,,,,,,,,,,,,,,,,,,,,
,,,,,,,,[(%PROLIFIC_PID,1,2025-04-16_19h05.25.160,CLTandFLE,2024.1.5,MacIntel,60.60606061,5fde11a92cd5d051ebacc251,67ffc4c40efe1bd1090b10ee,67ffe32381596b17d63a2763,,,,,,,,,,,,,,,,,,,,,,,,,,,,,,,,,,,,,,,,,,,188.6171,194.0106,5.3933,1,0,43.8715,-0.142416992,-0.064286465,0,0,0,0,7,7,19,1,b,Il paziente ha preso il Batatrim,Il paziente non ha superato la crisi,,,,,,,,,,,,,,,,,,,,,,,,,,,,,,,,,,,,,,,,,,,,,,,,,,,,,,,,,,,,,,,,,,,,,,,,,,,,,,,,,,,,,,,
,,,,,,,,[(%PROLIFIC_PID,1,2025-04-16_19h05.25.160,CLTandFLE,2024.1.5,MacIntel,60.60606061,5fde11a92cd5d051ebacc251,67ffc4c40efe1bd1090b10ee,67ffe32381596b17d63a2763,,,,,,,,,,,,,,,,,,,,,,,,,,,,,,,,,,,,,,,,,,,194.0113,200.9851,6.9737,1,0,50.8452,-0.178631592,-0.033132867,0,0,0,0,8,8,33,1,c,Il paziente non ha preso il Batatrim,Il paziente ha superato la crisi,,,,,,,,,,,,,,,,,,,,,,,,,,,,,,,,,,,,,,,,,,,,,,,,,,,,,,,,,,,,,,,,,,,,,,,,,,,,,,,,,,,,,,,
,,,,,,,,[(%PROLIFIC_PID,1,2025-04-16_19h05.25.160,CLTandFLE,2024.1.5,MacIntel,60.60606061,5fde11a92cd5d051ebacc251,67ffc4c40efe1bd1090b10ee,67ffe32381596b17d63a2763,,,,,,,,,,,,,,,,,,,,,,,,,,,,,,,,,,,,,,,,,,,200.9854,206.6552,5.6695,1,0,56.5147,-0.178631592,-0.033132867,0,0,0,0,9,9,32,1,c,Il paziente non ha preso il Batatrim,Il paziente ha superato la crisi,,,,,,,,,,,,,,,,,,,,,,,,,,,,,,,,,,,,,,,,,,,,,,,,,,,,,,,,,,,,,,,,,,,,,,,,,,,,,,,,,,,,,,,
,,,,,,,,[(%PROLIFIC_PID,1,2025-04-16_19h05.25.160,CLTandFLE,2024.1.5,MacIntel,60.60606061,5fde11a92cd5d051ebacc251,67ffc4c40efe1bd1090b10ee,67ffe32381596b17d63a2763,,,,,,,,,,,,,,,,,,,,,,,,,,,,,,,,,,,,,,,,,,,206.6555,211.6694,5.0137,1,0,61.5284,-0.178631592,-0.033132867,0,0,0,0,10,10,17,1,b,Il paziente ha preso il Batatrim,Il paziente non ha superato la crisi,,,,,,,,,,,,,,,,,,,,,,,,,,,,,,,,,,,,,,,,,,,,,,,,,,,,,,,,,,,,,,,,,,,,,,,,,,,,,,,,,,,,,,,
,,,,,,,,[(%PROLIFIC_PID,1,2025-04-16_19h05.25.160,CLTandFLE,2024.1.5,MacIntel,60.60606061,5fde11a92cd5d051ebacc251,67ffc4c40efe1bd1090b10ee,67ffe32381596b17d63a2763,,,,,,,,,,,,,,,,,,,,,,,,,,,,,,,,,,,,,,,,,,,211.6699,217.254,5.5838,1,0,67.1122,-0.178631592,-0.033132867,0,0,0,0,11,11,7,1,a,Il paziente ha preso il Batatrim,Il paziente ha superato la crisi,,,,,,,,,,,,,,,,,,,,,,,,,,,,,,,,,,,,,,,,,,,,,,,,,,,,,,,,,,,,,,,,,,,,,,,,,,,,,,,,,,,,,,,
,,,,,,,,[(%PROLIFIC_PID,1,2025-04-16_19h05.25.160,CLTandFLE,2024.1.5,MacIntel,60.60606061,5fde11a92cd5d051ebacc251,67ffc4c40efe1bd1090b10ee,67ffe32381596b17d63a2763,,,,,,,,,,,,,,,,,,,,,,,,,,,,,,,,,,,,,,,,,,,217.2546,222.4556,5.2009,1,0,72.3131,-0.156964654,-0.027770318,0,0,0,0,12,12,39,1,d,Il paziente non ha preso il Batatrim,Il paziente non ha superato la crisi,,,,,,,,,,,,,,,,,,,,,,,,,,,,,,,,,,,,,,,,,,,,,,,,,,,,,,,,,,,,,,,,,,,,,,,,,,,,,,,,,,,,,,,
,,,,,,,,[(%PROLIFIC_PID,1,2025-04-16_19h05.25.160,CLTandFLE,2024.1.5,MacIntel,60.60606061,5fde11a92cd5d051ebacc251,67ffc4c40efe1bd1090b10ee,67ffe32381596b17d63a2763,,,,,,,,,,,,,,,,,,,,,,,,,,,,,,,,,,,,,,,,,,,222.4559,228.5837,6.1277,1,0,78.4408,0.141966281,0.232663591,0,0,0,0,13,13,29,1,c,Il paziente non ha preso il Batatrim,Il paziente ha superato la crisi,,,,,,,,,,,,,,,,,,,,,,,,,,,,,,,,,,,,,,,,,,,,,,,,,,,,,,,,,,,,,,,,,,,,,,,,,,,,,,,,,,,,,,,
,,,,,,,,[(%PROLIFIC_PID,1,2025-04-16_19h05.25.160,CLTandFLE,2024.1.5,MacIntel,60.60606061,5fde11a92cd5d051ebacc251,67ffc4c40efe1bd1090b10ee,67ffe32381596b17d63a2763,,,,,,,,,,,,,,,,,,,,,,,,,,,,,,,,,,,,,,,,,,,228.584,234.0989,5.5146,0,1,83.9554,0.207641602,-0.036027154,0,0,0,0,14,14,2,1,a,Il paziente ha preso il Batatrim,Il paziente ha superato la crisi,,,,,,,,,,,,,,,,,,,,,,,,,,,,,,,,,,,,,,,,,,,,,,,,,,,,,,,,,,,,,,,,,,,,,,,,,,,,,,,,,,,,,,,
,,,,,,,,[(%PROLIFIC_PID,1,2025-04-16_19h05.25.160,CLTandFLE,2024.1.5,MacIntel,60.60606061,5fde11a92cd5d051ebacc251,67ffc4c40efe1bd1090b10ee,67ffe32381596b17d63a2763,,,,,,,,,,,,,,,,,,,,,,,,,,,,,,,,,,,,,,,,,,,234.0991,239.0793,4.9799,0,1,88.9353,0.207641602,-0.036027154,0,0,0,0,15,15,27,1,c,Il paziente non ha preso il Batatrim,Il paziente ha superato la crisi,,,,,,,,,,,,,,,,,,,,,,,,,,,,,,,,,,,,,,,,,,,,,,,,,,,,,,,,,,,,,,,,,,,,,,,,,,,,,,,,,,,,,,,
,,,,,,,,[(%PROLIFIC_PID,1,2025-04-16_19h05.25.160,CLTandFLE,2024.1.5,MacIntel,60.60606061,5fde11a92cd5d051ebacc251,67ffc4c40efe1bd1090b10ee,67ffe32381596b17d63a2763,,,,,,,,,,,,,,,,,,,,,,,,,,,,,,,,,,,,,,,,,,,239.0799,244.9052,5.8252,1,0,94.7605,-0.173097263,-0.036936849,0,0,0,0,16,16,22,1,c,Il paziente non ha preso il Batatrim,Il paziente ha superato la crisi,,,,,,,,,,,,,,,,,,,,,,,,,,,,,,,,,,,,,,,,,,,,,,,,,,,,,,,,,,,,,,,,,,,,,,,,,,,,,,,,,,,,,,,
,,,,,,,,[(%PROLIFIC_PID,1,2025-04-16_19h05.25.160,CLTandFLE,2024.1.5,MacIntel,60.60606061,5fde11a92cd5d051ebacc251,67ffc4c40efe1bd1090b10ee,67ffe32381596b17d63a2763,,,,,,,,,,,,,,,,,,,,,,,,,,,,,,,,,,,,,,,,,,,244.9055,251.3444,6.4387,1,0,101.1992,-0.177562934,-0.037377862,0,0,0,0,17,17,15,1,b,Il paziente ha preso il Batatrim,Il paziente non ha superato la crisi,,,,,,,,,,,,,,,,,,,,,,,,,,,,,,,,,,,,,,,,,,,,,,,,,,,,,,,,,,,,,,,,,,,,,,,,,,,,,,,,,,,,,,,
,,,,,,,,[(%PROLIFIC_PID,1,2025-04-16_19h05.25.160,CLTandFLE,2024.1.5,MacIntel,60.60606061,5fde11a92cd5d051ebacc251,67ffc4c40efe1bd1090b10ee,67ffe32381596b17d63a2763,,,,,,,,,,,,,,,,,,,,,,,,,,,,,,,,,,,,,,,,,,,251.3447,257.6075,6.2626,0,1,107.4618,0.200862766,-0.032593519,0,0,0,0,18,18,18,1,b,Il paziente ha preso il Batatrim,Il paziente non ha superato la crisi,,,,,,,,,,,,,,,,,,,,,,,,,,,,,,,,,,,,,,,,,,,,,,,,,,,,,,,,,,,,,,,,,,,,,,,,,,,,,,,,,,,,,,,
,,,,,,,,[(%PROLIFIC_PID,1,2025-04-16_19h05.25.160,CLTandFLE,2024.1.5,MacIntel,60.60606061,5fde11a92cd5d051ebacc251,67ffc4c40efe1bd1090b10ee,67ffe32381596b17d63a2763,,,,,,,,,,,,,,,,,,,,,,,,,,,,,,,,,,,,,,,,,,,257.6081,262.8059,5.1976,0,1,112.6594,0.168580594,-0.02595659,0,0,0,0,19,19,1,1,a,Il paziente ha preso il Batatrim,Il paziente ha superato la crisi,,,,,,,,,,,,,,,,,,,,,,,,,,,,,,,,,,,,,,,,,,,,,,,,,,,,,,,,,,,,,,,,,,,,,,,,,,,,,,,,,,,,,,,
,,,,,,,,[(%PROLIFIC_PID,1,2025-04-16_19h05.25.160,CLTandFLE,2024.1.5,MacIntel,60.60606061,5fde11a92cd5d051ebacc251,67ffc4c40efe1bd1090b10ee,67ffe32381596b17d63a2763,,,,,,,,,,,,,,,,,,,,,,,,,,,,,,,,,,,,,,,,,,,262.8063,267.8867,5.0801,1,0,117.7395,-0.145142212,-0.035881822,0,0,0,0,20,20,36,1,d,Il paziente non ha preso il Batatrim,Il paziente non ha superato la crisi,,,,,,,,,,,,,,,,,,,,,,,,,,,,,,,,,,,,,,,,,,,,,,,,,,,,,,,,,,,,,,,,,,,,,,,,,,,,,,,,,,,,,,,
,,,,,,,,[(%PROLIFIC_PID,1,2025-04-16_19h05.25.160,CLTandFLE,2024.1.5,MacIntel,60.60606061,5fde11a92cd5d051ebacc251,67ffc4c40efe1bd1090b10ee,67ffe32381596b17d63a2763,,,,,,,,,,,,,,,,,,,,,,,,,,,,,,,,,,,,,,,,,,,267.8871,274.4229,6.5356,1,0,124.2751,-0.215845947,-0.045406528,0,0,0,0,21,21,30,1,c,Il paziente non ha preso il Batatrim,Il paziente ha superato la crisi,,,,,,,,,,,,,,,,,,,,,,,,,,,,,,,,,,,,,,,,,,,,,,,,,,,,,,,,,,,,,,,,,,,,,,,,,,,,,,,,,,,,,,,
,,,,,,,,[(%PROLIFIC_PID,1,2025-04-16_19h05.25.160,CLTandFLE,2024.1.5,MacIntel,60.60606061,5fde11a92cd5d051ebacc251,67ffc4c40efe1bd1090b10ee,67ffe32381596b17d63a2763,,,,,,,,,,,,,,,,,,,,,,,,,,,,,,,,,,,,,,,,,,,274.4231,281.993,7.5698,1,0,131.8449,-0.176888902,-0.034674072,0,0,0,0,22,22,5,1,a,Il paziente ha preso il Batatrim,Il paziente ha superato la crisi,,,,,,,,,,,,,,,,,,,,,,,,,,,,,,,,,,,,,,,,,,,,,,,,,,,,,,,,,,,,,,,,,,,,,,,,,,,,,,,,,,,,,,,
,,,,,,,,[(%PROLIFIC_PID,1,2025-04-16_19h05.25.160,CLTandFLE,2024.1.5,MacIntel,60.60606061,5fde11a92cd5d051ebacc251,67ffc4c40efe1bd1090b10ee,67ffe32381596b17d63a2763,,,,,,,,,,,,,,,,,,,,,,,,,,,,,,,,,,,,,,,,,,,281.9933,287.4117,5.4183,1,0,137.2632,-0.176888902,-0.034674072,0,0,0,0,23,23,24,1,c,Il paziente non ha preso il Batatrim,Il paziente ha superato la crisi,,,,,,,,,,,,,,,,,,,,,,,,,,,,,,,,,,,,,,,,,,,,,,,,,,,,,,,,,,,,,,,,,,,,,,,,,,,,,,,,,,,,,,,
,,,,,,,,[(%PROLIFIC_PID,1,2025-04-16_19h05.25.160,CLTandFLE,2024.1.5,MacIntel,60.60606061,5fde11a92cd5d051ebacc251,67ffc4c40efe1bd1090b10ee,67ffe32381596b17d63a2763,,,,,,,,,,,,,,,,,,,,,,,,,,,,,,,,,,,,,,,,,,,287.412,292.6718,5.2596,0,1,142.5228,0.141317546,-0.029397447,0,0,0,0,24,24,10,1,a,Il paziente ha preso il Batatrim,Il paziente ha superato la crisi,,,,,,,,,,,,,,,,,,,,,,,,,,,,,,,,,,,,,,,,,,,,,,,,,,,,,,,,,,,,,,,,,,,,,,,,,,,,,,,,,,,,,,,
,,,,,,,,[(%PROLIFIC_PID,1,2025-04-16_19h05.25.160,CLTandFLE,2024.1.5,MacIntel,60.60606061,5fde11a92cd5d051ebacc251,67ffc4c40efe1bd1090b10ee,67ffe32381596b17d63a2763,,,,,,,,,,,,,,,,,,,,,,,,,,,,,,,,,,,,,,,,,,,292.6722,298.4047,5.7323,1,0,148.2551,-0.187871975,-0.02620263,0,0,0,0,25,25,28,1,c,Il paziente non ha preso il Batatrim,Il paziente ha superato la crisi,,,,,,,,,,,,,,,,,,,,,,,,,,,,,,,,,,,,,,,,,,,,,,,,,,,,,,,,,,,,,,,,,,,,,,,,,,,,,,,,,,,,,,,
,,,,,,,,[(%PROLIFIC_PID,1,2025-04-16_19h05.25.160,CLTandFLE,2024.1.5,MacIntel,60.60606061,5fde11a92cd5d051ebacc251,67ffc4c40efe1bd1090b10ee,67ffe32381596b17d63a2763,,,,,,,,,,,,,,,,,,,,,,,,,,,,,,,,,,,,,,,,,,,298.405,303.9955,5.5904,1,0,153.8455,-0.166031698,-0.029002821,0,0,0,0,26,26,11,1,a,Il paziente ha preso il Batatrim,Il paziente ha superato la crisi,,,,,,,,,,,,,,,,,,,,,,,,,,,,,,,,,,,,,,,,,,,,,,,,,,,,,,,,,,,,,,,,,,,,,,,,,,,,,,,,,,,,,,,
,,,,,,,,[(%PROLIFIC_PID,1,2025-04-16_19h05.25.160,CLTandFLE,2024.1.5,MacIntel,60.60606061,5fde11a92cd5d051ebacc251,67ffc4c40efe1bd1090b10ee,67ffe32381596b17d63a2763,,,,,,,,,,,,,,,,,,,,,,,,,,,,,,,,,,,,,,,,,,,303.9958,309.8665,5.8704,0,1,159.7159,0.140363702,-0.065955132,0,0,0,0,27,27,16,1,b,Il paziente ha preso il Batatrim,Il paziente non ha superato la crisi,,,,,,,,,,,,,,,,,,,,,,,,,,,,,,,,,,,,,,,,,,,,,,,,,,,,,,,,,,,,,,,,,,,,,,,,,,,,,,,,,,,,,,,
,,,,,,,,[(%PROLIFIC_PID,1,2025-04-16_19h05.25.160,CLTandFLE,2024.1.5,MacIntel,60.60606061,5fde11a92cd5d051ebacc251,67ffc4c40efe1bd1090b10ee,67ffe32381596b17d63a2763,,,,,,,,,,,,,,,,,,,,,,,,,,,,,,,,,,,,,,,,,,,309.8669,316.3036,6.4365,1,0,166.1524,-0.208901706,-0.049315389,0,0,0,0,28,28,14,1,b,Il paziente ha preso il Batatrim,Il paziente ha superato la crisi,,,,,,,,,,,,,,,,,,,,,,,,,,,,,,,,,,,,,,,,,,,,,,,,,,,,,,,,,,,,,,,,,,,,,,,,,,,,,,,,,,,,,,,
,,,,,,,,[(%PROLIFIC_PID,1,2025-04-16_19h05.25.160,CLTandFLE,2024.1.5,MacIntel,60.60606061,5fde11a92cd5d051ebacc251,67ffc4c40efe1bd1090b10ee,67ffe32381596b17d63a2763,,,,,,,,,,,,,,,,,,,,,,,,,,,,,,,,,,,,,,,,,,,316.3039,321.2618,4.9577,1,0,171.1101,-0.206359931,-0.049315389,0,0,0,0,29,29,4,1,a,Il paziente ha preso il Batatrim,Il paziente ha superato la crisi,,,,,,,,,,,,,,,,,,,,,,,,,,,,,,,,,,,,,,,,,,,,,,,,,,,,,,,,,,,,,,,,,,,,,,,,,,,,,,,,,,,,,,,
,,,,,,,,[(%PROLIFIC_PID,1,2025-04-16_19h05.25.160,CLTandFLE,2024.1.5,MacIntel,60.60606061,5fde11a92cd5d051ebacc251,67ffc4c40efe1bd1090b10ee,67ffe32381596b17d63a2763,,,,,,,,,,,,,,,,,,,,,,,,,,,,,,,,,,,,,,,,,,,321.2621,326.5304,5.2681,1,0,176.3782,-0.181240845,-0.038158502,0,0,0,0,30,30,34,1,c,Il paziente non ha preso il Batatrim,Il paziente ha superato la crisi,,,,,,,,,,,,,,,,,,,,,,,,,,,,,,,,,,,,,,,,,,,,,,,,,,,,,,,,,,,,,,,,,,,,,,,,,,,,,,,,,,,,,,,
,,,,,,,,[(%PROLIFIC_PID,1,2025-04-16_19h05.25.160,CLTandFLE,2024.1.5,MacIntel,60.60606061,5fde11a92cd5d051ebacc251,67ffc4c40efe1bd1090b10ee,67ffe32381596b17d63a2763,,,,,,,,,,,,,,,,,,,,,,,,,,,,,,,,,,,,,,,,,,,326.5306,332.9129,6.3821,1,0,182.7603,-0.194754028,-0.042669881,0,0,0,0,31,31,9,1,a,Il paziente ha preso il Batatrim,Il paziente ha superato la crisi,,,,,,,,,,,,,,,,,,,,,,,,,,,,,,,,,,,,,,,,,,,,,,,,,,,,,,,,,,,,,,,,,,,,,,,,,,,,,,,,,,,,,,,
,,,,,,,,[(%PROLIFIC_PID,1,2025-04-16_19h05.25.160,CLTandFLE,2024.1.5,MacIntel,60.60606061,5fde11a92cd5d051ebacc251,67ffc4c40efe1bd1090b10ee,67ffe32381596b17d63a2763,,,,,,,,,,,,,,,,,,,,,,,,,,,,,,,,,,,,,,,,,,,332.9132,339.9338,7.0205,0,1,189.7808,0.218805406,-0.043365682,0,0,0,0,32,32,35,1,d,Il paziente non ha preso il Batatrim,Il paziente non ha superato la crisi,,,,,,,,,,,,,,,,,,,,,,,,,,,,,,,,,,,,,,,,,,,,,,,,,,,,,,,,,,,,,,,,,,,,,,,,,,,,,,,,,,,,,,,
,,,,,,,,[(%PROLIFIC_PID,1,2025-04-16_19h05.25.160,CLTandFLE,2024.1.5,MacIntel,60.60606061,5fde11a92cd5d051ebacc251,67ffc4c40efe1bd1090b10ee,67ffe32381596b17d63a2763,,,,,,,,,,,,,,,,,,,,,,,,,,,,,,,,,,,,,,,,,,,339.9341,345.7833,5.849,1,0,195.6298,-0.159243503,-0.058272942,0,0,0,0,33,33,20,1,c,Il paziente non ha preso il Batatrim,Il paziente ha superato la crisi,,,,,,,,,,,,,,,,,,,,,,,,,,,,,,,,,,,,,,,,,,,,,,,,,,,,,,,,,,,,,,,,,,,,,,,,,,,,,,,,,,,,,,,
,,,,,,,,[(%PROLIFIC_PID,1,2025-04-16_19h05.25.160,CLTandFLE,2024.1.5,MacIntel,60.60606061,5fde11a92cd5d051ebacc251,67ffc4c40efe1bd1090b10ee,67ffe32381596b17d63a2763,,,,,,,,,,,,,,,,,,,,,,,,,,,,,,,,,,,,,,,,,,,345.7837,350.8176,5.0338,1,0,200.6636,-0.159243503,-0.058272942,0,0,0,0,34,34,0,1,a,Il paziente ha preso il Batatrim,Il paziente ha superato la crisi,,,,,,,,,,,,,,,,,,,,,,,,,,,,,,,,,,,,,,,,,,,,,,,,,,,,,,,,,,,,,,,,,,,,,,,,,,,,,,,,,,,,,,,
,,,,,,,,[(%PROLIFIC_PID,1,2025-04-16_19h05.25.160,CLTandFLE,2024.1.5,MacIntel,60.60606061,5fde11a92cd5d051ebacc251,67ffc4c40efe1bd1090b10ee,67ffe32381596b17d63a2763,,,,,,,,,,,,,,,,,,,,,,,,,,,,,,,,,,,,,,,,,,,350.8178,355.9914,5.1733,1,0,205.8369,-0.159243503,-0.058272942,0,0,0,0,35,35,13,1,a,Il paziente ha preso il Batatrim,Il paziente ha superato la crisi,,,,,,,,,,,,,,,,,,,,,,,,,,,,,,,,,,,,,,,,,,,,,,,,,,,,,,,,,,,,,,,,,,,,,,,,,,,,,,,,,,,,,,,
,,,,,,,,[(%PROLIFIC_PID,1,2025-04-16_19h05.25.160,CLTandFLE,2024.1.5,MacIntel,60.60606061,5fde11a92cd5d051ebacc251,67ffc4c40efe1bd1090b10ee,67ffe32381596b17d63a2763,,,,,,,,,,,,,,,,,,,,,,,,,,,,,,,,,,,,,,,,,,,355.992,360.8943,4.9022,1,0,210.7391,-0.159243503,-0.058272942,0,0,0,0,36,36,38,1,d,Il paziente non ha preso il Batatrim,Il paziente non ha superato la crisi,,,,,,,,,,,,,,,,,,,,,,,,,,,,,,,,,,,,,,,,,,,,,,,,,,,,,,,,,,,,,,,,,,,,,,,,,,,,,,,,,,,,,,,
,,,,,,,,[(%PROLIFIC_PID,1,2025-04-16_19h05.25.160,CLTandFLE,2024.1.5,MacIntel,60.60606061,5fde11a92cd5d051ebacc251,67ffc4c40efe1bd1090b10ee,67ffe32381596b17d63a2763,,,,,,,,,,,,,,,,,,,,,,,,,,,,,,,,,,,,,,,,,,,360.8949,366.6386,5.7435,1,0,216.4826,-0.159243503,-0.058272942,0,0,0,0,37,37,8,1,a,Il paziente ha preso il Batatrim,Il paziente ha superato la crisi,,,,,,,,,,,,,,,,,,,,,,,,,,,,,,,,,,,,,,,,,,,,,,,,,,,,,,,,,,,,,,,,,,,,,,,,,,,,,,,,,,,,,,,
,,,,,,,,[(%PROLIFIC_PID,1,2025-04-16_19h05.25.160,CLTandFLE,2024.1.5,MacIntel,60.60606061,5fde11a92cd5d051ebacc251,67ffc4c40efe1bd1090b10ee,67ffe32381596b17d63a2763,,,,,,,,,,,,,,,,,,,,,,,,,,,,,,,,,,,,,,,,,,,366.6391,371.577,4.9376,1,0,221.4202,-0.159243503,-0.058272942,0,0,0,0,38,38,12,1,a,Il paziente ha preso il Batatrim,Il paziente ha superato la crisi,,,,,,,,,,,,,,,,,,,,,,,,,,,,,,,,,,,,,,,,,,,,,,,,,,,,,,,,,,,,,,,,,,,,,,,,,,,,,,,,,,,,,,,
,,,,,,,,[(%PROLIFIC_PID,1,2025-04-16_19h05.25.160,CLTandFLE,2024.1.5,MacIntel,60.60606061,5fde11a92cd5d051ebacc251,67ffc4c40efe1bd1090b10ee,67ffe32381596b17d63a2763,,,,,,,,,,,,,,,,,,,,,,,,,,,,,,,,,,,,,,,,,,,371.5772,376.7333,5.156,1,0,226.5762,-0.159243503,-0.058272942,0,0,0,0,39,39,3,1,a,Il paziente ha preso il Batatrim,Il paziente ha superato la crisi,,,,,,,,,,,,,,,,,,,,,,,,,,,,,,,,,,,,,,,,,,,,,,,,,,,,,,,,,,,,,,,,,,,,,,,,,,,,,,,,,,,,,,,
,,,,,,,,[(%PROLIFIC_PID,1,2025-04-16_19h05.25.160,CLTandFLE,2024.1.5,MacIntel,60.60606061,5fde11a92cd5d051ebacc251,67ffc4c40efe1bd1090b10ee,67ffe32381596b17d63a2763,,409.2831,410.2856,,,,,,,,,,,,,,,,,,,,,,,,,,,,,,,,,,,,,,,,,,,,,,,,,,,,,,,,,,,377.7322,396.6483,18.9158,72,13.3249,0.000512356,-0.204045546,1,0,0,397.6523,409.283,11.6302,82,6.323,0.002320421,-0.184751723,1,0,0,12,5,5,20,0,0,0,0,1,,,,,,,,,,,,,,,,,,,,,,,,,,,,,,,,,,,,,,,,,,,,,,,,,,,,,,,,,,
,,,,,,,,[(%PROLIFIC_PID,1,2025-04-16_19h05.25.160,CLTandFLE,2024.1.5,MacIntel,60.60606061,5fde11a92cd5d051ebacc251,67ffc4c40efe1bd1090b10ee,67ffe32381596b17d63a2763,,546.9085,547.903,,,,,,,,,,,,,,,,,,,,,,,,,,,,,,,,,,,,,,,,,,,,,,,,,,,,,,,,,,,,,,,,,,,,,,,,,,,,,,,,,,,,,,,,457.7112,466.1349,8.4226,1,3.3668,0.000354886,-0.200760837,1,0,0,26,Femmina,Sì,15,"Sì, l'ho ottenuta più di due anni fa",C1 CEFR (7 - 8 IELTS),TRUE,FALSE,3,9,9,7,8,FALSE,Conferma,c1ok,c2ok,c3ok,c4ok,c5ok,c6ok,c7ok,c8ok,c9ok,c10ok,c11ok,c12err,c13ok,c14ok,c15ok,c16ok,c17ok,c18err2,c19ok,c20ok,c21ok,c22ok,c23ok,c24ok,c25ok,c26ok,752.3419,759.1833,0,0,0,0,1
