﻿Alfa.started,Alfa.stopped,alfa_mouse.x,alfa_mouse.y,alfa_mouse.leftButton,alfa_mouse.midButton,alfa_mouse.rightButton,alfa_mouse.clicked_name,participant,group,date,expName,psychopyVersion,OS,frameRate,PROLIFIC_PID,STUDY_ID,SESSION_ID,)],ITI.started,ITI.stopped,B_consensoinformato.started,B_consensoinformato.stopped,tempo_consenso,cons_mouse.x,cons_mouse.y,cons_mouse.leftButton,cons_mouse.midButton,cons_mouse.rightButton,A_benvenuto.started,A_benvenuto.stopped,ben_mouse.x,ben_mouse.y,ben_mouse.leftButton,ben_mouse.midButton,ben_mouse.rightButton,B2_istruzioni.started,B2_istruzioni.stopped,tempo_istru,cons_mouse_2.x,cons_mouse_2.y,cons_mouse_2.leftButton,cons_mouse_2.midButton,cons_mouse_2.rightButton,SAMevaluation.started,SAMevaluation.stopped,temposam,sliderintensity.response,sliderintensity.rt,slidervalence.response,slidervalence.rt,mouse_sam.x,mouse_sam.y,mouse_sam.leftButton,mouse_sam.midButton,mouse_sam.rightButton,mouse_sam.time,mouse_sam.clicked_name,Loading.started,Loading.stopped,C_associative_task.started,C_associative_task.stopped,tempo_trial,hapremutosi,hapremutono,tempo_tasktot,mouse.x,mouse.y,mouse.leftButton,mouse.midButton,mouse.rightButton,trials.thisRepN,trials.thisTrialN,trials.thisN,trials.thisIndex,trials.ran,cond,causa,effetto,D_VD.started,D_VD.stopped,tempo_vd,vd.response,vd.rt,mouse_vd.x,mouse_vd.y,mouse_vd.leftButton,mouse_vd.midButton,mouse_vd.rightButton,Previous.started,Previous.stopped,tempo_vd1,previous.response,previous.rt,mouse_vd_2.x,mouse_vd_2.y,mouse_vd_2.leftButton,mouse_vd_2.midButton,mouse_vd_2.rightButton,EstITA.TrialD,EstITA.TrialSN,EstITA.TrialNS,EstITA.TrialSS,itaest.thisRepN,itaest.thisTrialN,itaest.thisN,itaest.thisIndex,itaest.ran,PF.started,PF.stopped,tempo_pf,processfluency.response,processfluency.rt,mouse_ch.x,mouse_ch.y,mouse_ch.leftButton,mouse_ch.midButton,mouse_ch.rightButton,Questionario_Lingua.Age,Questionario_Lingua.Sesso,Questionario_Lingua.StaiStudiando?,Questionario_Lingua.Anniscolarita,Questionario_Lingua.Diploma,Questionario_Lingua.Punteggiodiploma,Questionario_Lingua.ItaMADRE?,Questionario_Lingua.INGmadre?,Questionario_Lingua.Q5(AOAIng),Questionario_Lingua.INGLETTURA,Questionario_Lingua.INGCOMPRESO,Questionario_Lingua.INGSCRITTO,Questionario_Lingua.INGPARLATO,Questionario_Lingua.haivissutoestero,ProvaInglese.ProcediamoENg,ProvaInglese.C1,ProvaInglese.C2,ProvaInglese.C3,ProvaInglese.C4,ProvaInglese.C5,ProvaInglese.C6,ProvaInglese.C7,ProvaInglese.C8,ProvaInglese.C9,ProvaInglese.C10,ProvaInglese.C11,ProvaInglese.C12,ProvaInglese.C13,ProvaInglese.C14,ProvaInglese.C15,ProvaInglese.C16,ProvaInglese.C17,ProvaInglese.C18,ProvaInglese.C19,ProvaInglese.C20,ProvaInglese.C21,ProvaInglese.C22,ProvaInglese.C23,ProvaInglese.C24,ProvaInglese.C25,ProvaInglese.controlquestion,Ant_lastquestion.started,Ant_lastquestion.stopped,exp_loop.thisRepN,exp_loop.thisTrialN,exp_loop.thisN,exp_loop.thisIndex,exp_loop.ran
0.0002,27.2757,-0.062962921,0.012962942,1,0,0,alfa_mask,[(%PROLIFIC_PID,1,2025-04-16_21h16.44.775,CLTandFLE,2024.1.5,Win32,59.88023952,5e6b6b8221be1811a1a57232,67ffc4c40efe1bd1090b10ee,6800020b079b4d430ad8f860,,,,,,,,,,,,,,,,,,,,,,,,,,,,,,,,,,,,,,,,,,,,,,,,,,,,,,,,,,,,,,,,,,,,,,,,,,,,,,,,,,,,,,,,,,,,,,,,,,,,,,,,,,,,,,,,,,,,,,,,,,,,,,,,,,,,,,,,,,,,,,,,,,,,
,,,,,,,,[(%PROLIFIC_PID,1,2025-04-16_21h16.44.775,CLTandFLE,2024.1.5,Win32,59.88023952,5e6b6b8221be1811a1a57232,67ffc4c40efe1bd1090b10ee,6800020b079b4d430ad8f860,,27.2758,28.2762,,,,,,,,,,,,,,,,,,,,,,,,,,,,,,,,,,,,,,,,,,,,,,,,,,,,,,,,,,,,,,,,,,,,,,,,,,,,,,,,,,,,,,,,,,,,,,,,,,,,,,,,,,,,,,,,,,,,,,,,,,,,,,,,,,,,,,,,,,,,,,,,,
,,,,,,,,[(%PROLIFIC_PID,1,2025-04-16_21h16.44.775,CLTandFLE,2024.1.5,Win32,59.88023952,5e6b6b8221be1811a1a57232,67ffc4c40efe1bd1090b10ee,6800020b079b4d430ad8f860,,,,28.2763,76.6107,48.3339,0.198148162,-0.384259259,1,0,0,,,,,,,,,,,,,,,,,,,,,,,,,,,,,,,,,,,,,,,,,,,,,,,,,,,,,,,,,,,,,,,,,,,,,,,,,,,,,,,,,,,,,,,,,,,,,,,,,,,,,,,,,,,,,,,,,,,,,,,,,,,,,,,,,,,,,,,,,
,,,,,,,,[(%PROLIFIC_PID,1,2025-04-16_21h16.44.775,CLTandFLE,2024.1.5,Win32,59.88023952,5e6b6b8221be1811a1a57232,67ffc4c40efe1bd1090b10ee,6800020b079b4d430ad8f860,,170.6345,171.6344,,,,,,,,,77.6104,82.3132,0.060185185,-0.100000028,1,0,0,83.3105,144.0988,60.7879,0.021296325,-0.402777778,1,0,0,145.0992,162.6336,17.534,0.766203704,6.4691,0.219907443,12.1723,"[0.015740783126265916,-0.0009259117974175347,0.03425930164478443]","[0.19074072661223235,-0.006481488545735677,-0.21203705116554541]","[1,1,1]","[0,0,0]","[0,0,0]","[3.579200000000185,7.62990000000039,17.529900000000367]","[""sliderintensity"",""rettoksam""]",163.6339,170.6344,171.646,184.1688,12.5225,0,1,12.5225,0.122222265,-0.171296296,0,0,0,0,0,0,17,1,b,Il paziente ha preso il Batatrim,Il paziente non ha superato la crisi,,,,,,,,,,,,,,,,,,,,,,,,,,,,,,,,,,,,,,,,,,,,,,,,,,,,,,,,,,,,,,,,,,,,,,,,,,,,,,,,,,,,,,,
,,,,,,,,[(%PROLIFIC_PID,1,2025-04-16_21h16.44.775,CLTandFLE,2024.1.5,Win32,59.88023952,5e6b6b8221be1811a1a57232,67ffc4c40efe1bd1090b10ee,6800020b079b4d430ad8f860,,,,,,,,,,,,,,,,,,,,,,,,,,,,,,,,,,,,,,,,,,,184.1693,196.3027,12.1332,1,0,24.6557,-0.251851824,-0.011111118,0,0,0,0,1,1,5,1,a,Il paziente ha preso il Batatrim,Il paziente ha superato la crisi,,,,,,,,,,,,,,,,,,,,,,,,,,,,,,,,,,,,,,,,,,,,,,,,,,,,,,,,,,,,,,,,,,,,,,,,,,,,,,,,,,,,,,,
,,,,,,,,[(%PROLIFIC_PID,1,2025-04-16_21h16.44.775,CLTandFLE,2024.1.5,Win32,59.88023952,5e6b6b8221be1811a1a57232,67ffc4c40efe1bd1090b10ee,6800020b079b4d430ad8f860,,,,,,,,,,,,,,,,,,,,,,,,,,,,,,,,,,,,,,,,,,,196.3029,202.0531,5.7501,1,0,30.4058,0.002777806,-0.037037037,0,0,0,0,2,2,1,1,a,Il paziente ha preso il Batatrim,Il paziente ha superato la crisi,,,,,,,,,,,,,,,,,,,,,,,,,,,,,,,,,,,,,,,,,,,,,,,,,,,,,,,,,,,,,,,,,,,,,,,,,,,,,,,,,,,,,,,
,,,,,,,,[(%PROLIFIC_PID,1,2025-04-16_21h16.44.775,CLTandFLE,2024.1.5,Win32,59.88023952,5e6b6b8221be1811a1a57232,67ffc4c40efe1bd1090b10ee,6800020b079b4d430ad8f860,,,,,,,,,,,,,,,,,,,,,,,,,,,,,,,,,,,,,,,,,,,202.0534,206.4202,4.3666,0,1,34.7724,0.23055557,-0.049074067,0,0,0,0,3,3,10,1,a,Il paziente ha preso il Batatrim,Il paziente ha superato la crisi,,,,,,,,,,,,,,,,,,,,,,,,,,,,,,,,,,,,,,,,,,,,,,,,,,,,,,,,,,,,,,,,,,,,,,,,,,,,,,,,,,,,,,,
,,,,,,,,[(%PROLIFIC_PID,1,2025-04-16_21h16.44.775,CLTandFLE,2024.1.5,Win32,59.88023952,5e6b6b8221be1811a1a57232,67ffc4c40efe1bd1090b10ee,6800020b079b4d430ad8f860,,,,,,,,,,,,,,,,,,,,,,,,,,,,,,,,,,,,,,,,,,,206.4205,212.1039,5.6832,0,1,40.4556,0.23055557,-0.049074067,0,0,0,0,4,4,3,1,a,Il paziente ha preso il Batatrim,Il paziente ha superato la crisi,,,,,,,,,,,,,,,,,,,,,,,,,,,,,,,,,,,,,,,,,,,,,,,,,,,,,,,,,,,,,,,,,,,,,,,,,,,,,,,,,,,,,,,
,,,,,,,,[(%PROLIFIC_PID,1,2025-04-16_21h16.44.775,CLTandFLE,2024.1.5,Win32,59.88023952,5e6b6b8221be1811a1a57232,67ffc4c40efe1bd1090b10ee,6800020b079b4d430ad8f860,,,,,,,,,,,,,,,,,,,,,,,,,,,,,,,,,,,,,,,,,,,212.1042,218.7879,6.6835,0,1,47.1391,0.145370413,-0.038888896,0,0,0,0,5,5,35,1,d,Il paziente non ha preso il Batatrim,Il paziente non ha superato la crisi,,,,,,,,,,,,,,,,,,,,,,,,,,,,,,,,,,,,,,,,,,,,,,,,,,,,,,,,,,,,,,,,,,,,,,,,,,,,,,,,,,,,,,,
,,,,,,,,[(%PROLIFIC_PID,1,2025-04-16_21h16.44.775,CLTandFLE,2024.1.5,Win32,59.88023952,5e6b6b8221be1811a1a57232,67ffc4c40efe1bd1090b10ee,6800020b079b4d430ad8f860,,,,,,,,,,,,,,,,,,,,,,,,,,,,,,,,,,,,,,,,,,,218.7882,223.7715,4.9831,1,0,52.1222,-0.204629616,-0.030555548,0,0,0,0,6,6,11,1,a,Il paziente ha preso il Batatrim,Il paziente ha superato la crisi,,,,,,,,,,,,,,,,,,,,,,,,,,,,,,,,,,,,,,,,,,,,,,,,,,,,,,,,,,,,,,,,,,,,,,,,,,,,,,,,,,,,,,,
,,,,,,,,[(%PROLIFIC_PID,1,2025-04-16_21h16.44.775,CLTandFLE,2024.1.5,Win32,59.88023952,5e6b6b8221be1811a1a57232,67ffc4c40efe1bd1090b10ee,6800020b079b4d430ad8f860,,,,,,,,,,,,,,,,,,,,,,,,,,,,,,,,,,,,,,,,,,,223.7718,228.8386,5.0667,0,1,57.1889,-0.001851824,-0.025000007,0,0,0,0,7,7,32,1,c,Il paziente non ha preso il Batatrim,Il paziente ha superato la crisi,,,,,,,,,,,,,,,,,,,,,,,,,,,,,,,,,,,,,,,,,,,,,,,,,,,,,,,,,,,,,,,,,,,,,,,,,,,,,,,,,,,,,,,
,,,,,,,,[(%PROLIFIC_PID,1,2025-04-16_21h16.44.775,CLTandFLE,2024.1.5,Win32,59.88023952,5e6b6b8221be1811a1a57232,67ffc4c40efe1bd1090b10ee,6800020b079b4d430ad8f860,,,,,,,,,,,,,,,,,,,,,,,,,,,,,,,,,,,,,,,,,,,228.8389,234.3891,5.55,1,0,62.7389,-0.012962977,-0.019444466,0,0,0,0,8,8,29,1,c,Il paziente non ha preso il Batatrim,Il paziente ha superato la crisi,,,,,,,,,,,,,,,,,,,,,,,,,,,,,,,,,,,,,,,,,,,,,,,,,,,,,,,,,,,,,,,,,,,,,,,,,,,,,,,,,,,,,,,
,,,,,,,,[(%PROLIFIC_PID,1,2025-04-16_21h16.44.775,CLTandFLE,2024.1.5,Win32,59.88023952,5e6b6b8221be1811a1a57232,67ffc4c40efe1bd1090b10ee,6800020b079b4d430ad8f860,,,,,,,,,,,,,,,,,,,,,,,,,,,,,,,,,,,,,,,,,,,234.3895,239.5229,5.1331,0,1,67.872,0.022222236,-0.012962977,0,0,0,0,9,9,37,1,d,Il paziente non ha preso il Batatrim,Il paziente non ha superato la crisi,,,,,,,,,,,,,,,,,,,,,,,,,,,,,,,,,,,,,,,,,,,,,,,,,,,,,,,,,,,,,,,,,,,,,,,,,,,,,,,,,,,,,,,
,,,,,,,,[(%PROLIFIC_PID,1,2025-04-16_21h16.44.775,CLTandFLE,2024.1.5,Win32,59.88023952,5e6b6b8221be1811a1a57232,67ffc4c40efe1bd1090b10ee,6800020b079b4d430ad8f860,,,,,,,,,,,,,,,,,,,,,,,,,,,,,,,,,,,,,,,,,,,239.523,246.7234,7.2002,0,1,75.0722,0.102777764,-0.049074067,0,0,0,0,10,10,36,1,d,Il paziente non ha preso il Batatrim,Il paziente non ha superato la crisi,,,,,,,,,,,,,,,,,,,,,,,,,,,,,,,,,,,,,,,,,,,,,,,,,,,,,,,,,,,,,,,,,,,,,,,,,,,,,,,,,,,,,,,
,,,,,,,,[(%PROLIFIC_PID,1,2025-04-16_21h16.44.775,CLTandFLE,2024.1.5,Win32,59.88023952,5e6b6b8221be1811a1a57232,67ffc4c40efe1bd1090b10ee,6800020b079b4d430ad8f860,,,,,,,,,,,,,,,,,,,,,,,,,,,,,,,,,,,,,,,,,,,246.7237,251.6904,4.9666,1,0,80.0388,-0.035185143,0,0,0,0,0,11,11,16,1,b,Il paziente ha preso il Batatrim,Il paziente non ha superato la crisi,,,,,,,,,,,,,,,,,,,,,,,,,,,,,,,,,,,,,,,,,,,,,,,,,,,,,,,,,,,,,,,,,,,,,,,,,,,,,,,,,,,,,,,
,,,,,,,,[(%PROLIFIC_PID,1,2025-04-16_21h16.44.775,CLTandFLE,2024.1.5,Win32,59.88023952,5e6b6b8221be1811a1a57232,67ffc4c40efe1bd1090b10ee,6800020b079b4d430ad8f860,,,,,,,,,,,,,,,,,,,,,,,,,,,,,,,,,,,,,,,,,,,251.6907,259.341,7.6501,1,0,87.6889,-0.024999972,-0.015740748,0,0,0,0,12,12,4,1,a,Il paziente ha preso il Batatrim,Il paziente ha superato la crisi,,,,,,,,,,,,,,,,,,,,,,,,,,,,,,,,,,,,,,,,,,,,,,,,,,,,,,,,,,,,,,,,,,,,,,,,,,,,,,,,,,,,,,,
,,,,,,,,[(%PROLIFIC_PID,1,2025-04-16_21h16.44.775,CLTandFLE,2024.1.5,Win32,59.88023952,5e6b6b8221be1811a1a57232,67ffc4c40efe1bd1090b10ee,6800020b079b4d430ad8f860,,,,,,,,,,,,,,,,,,,,,,,,,,,,,,,,,,,,,,,,,,,259.3413,264.7248,5.3834,0,1,93.0723,0.025000042,-0.062037044,0,0,0,0,13,13,20,1,c,Il paziente non ha preso il Batatrim,Il paziente ha superato la crisi,,,,,,,,,,,,,,,,,,,,,,,,,,,,,,,,,,,,,,,,,,,,,,,,,,,,,,,,,,,,,,,,,,,,,,,,,,,,,,,,,,,,,,,
,,,,,,,,[(%PROLIFIC_PID,1,2025-04-16_21h16.44.775,CLTandFLE,2024.1.5,Win32,59.88023952,5e6b6b8221be1811a1a57232,67ffc4c40efe1bd1090b10ee,6800020b079b4d430ad8f860,,,,,,,,,,,,,,,,,,,,,,,,,,,,,,,,,,,,,,,,,,,264.7251,270.7419,6.0167,1,0,99.089,-0.042592578,0,0,0,0,0,14,14,26,1,c,Il paziente non ha preso il Batatrim,Il paziente ha superato la crisi,,,,,,,,,,,,,,,,,,,,,,,,,,,,,,,,,,,,,,,,,,,,,,,,,,,,,,,,,,,,,,,,,,,,,,,,,,,,,,,,,,,,,,,
,,,,,,,,[(%PROLIFIC_PID,1,2025-04-16_21h16.44.775,CLTandFLE,2024.1.5,Win32,59.88023952,5e6b6b8221be1811a1a57232,67ffc4c40efe1bd1090b10ee,6800020b079b4d430ad8f860,,,,,,,,,,,,,,,,,,,,,,,,,,,,,,,,,,,,,,,,,,,270.7422,277.5925,6.8502,0,1,105.9392,-0.086111069,-0.022222236,0,0,0,0,15,15,33,1,c,Il paziente non ha preso il Batatrim,Il paziente ha superato la crisi,,,,,,,,,,,,,,,,,,,,,,,,,,,,,,,,,,,,,,,,,,,,,,,,,,,,,,,,,,,,,,,,,,,,,,,,,,,,,,,,,,,,,,,
,,,,,,,,[(%PROLIFIC_PID,1,2025-04-16_21h16.44.775,CLTandFLE,2024.1.5,Win32,59.88023952,5e6b6b8221be1811a1a57232,67ffc4c40efe1bd1090b10ee,6800020b079b4d430ad8f860,,,,,,,,,,,,,,,,,,,,,,,,,,,,,,,,,,,,,,,,,,,277.5927,290.3435,12.7506,1,0,118.6898,0.027777778,-0.014814836,0,0,0,0,16,16,21,1,c,Il paziente non ha preso il Batatrim,Il paziente ha superato la crisi,,,,,,,,,,,,,,,,,,,,,,,,,,,,,,,,,,,,,,,,,,,,,,,,,,,,,,,,,,,,,,,,,,,,,,,,,,,,,,,,,,,,,,,
,,,,,,,,[(%PROLIFIC_PID,1,2025-04-16_21h16.44.775,CLTandFLE,2024.1.5,Win32,59.88023952,5e6b6b8221be1811a1a57232,67ffc4c40efe1bd1090b10ee,6800020b079b4d430ad8f860,,,,,,,,,,,,,,,,,,,,,,,,,,,,,,,,,,,,,,,,,,,290.344,295.6106,5.2665,1,0,123.9563,-0.044444402,-0.066666674,0,0,0,0,17,17,39,1,d,Il paziente non ha preso il Batatrim,Il paziente non ha superato la crisi,,,,,,,,,,,,,,,,,,,,,,,,,,,,,,,,,,,,,,,,,,,,,,,,,,,,,,,,,,,,,,,,,,,,,,,,,,,,,,,,,,,,,,,
,,,,,,,,[(%PROLIFIC_PID,1,2025-04-16_21h16.44.775,CLTandFLE,2024.1.5,Win32,59.88023952,5e6b6b8221be1811a1a57232,67ffc4c40efe1bd1090b10ee,6800020b079b4d430ad8f860,,,,,,,,,,,,,,,,,,,,,,,,,,,,,,,,,,,,,,,,,,,295.6108,301.6611,6.05,1,0,130.0063,-0.015740712,-0.009259259,0,0,0,0,18,18,18,1,b,Il paziente ha preso il Batatrim,Il paziente non ha superato la crisi,,,,,,,,,,,,,,,,,,,,,,,,,,,,,,,,,,,,,,,,,,,,,,,,,,,,,,,,,,,,,,,,,,,,,,,,,,,,,,,,,,,,,,,
,,,,,,,,[(%PROLIFIC_PID,1,2025-04-16_21h16.44.775,CLTandFLE,2024.1.5,Win32,59.88023952,5e6b6b8221be1811a1a57232,67ffc4c40efe1bd1090b10ee,6800020b079b4d430ad8f860,,,,,,,,,,,,,,,,,,,,,,,,,,,,,,,,,,,,,,,,,,,301.6613,307.2785,5.6171,1,0,135.6234,-0.035185143,-0.028703725,0,0,0,0,19,19,31,1,c,Il paziente non ha preso il Batatrim,Il paziente ha superato la crisi,,,,,,,,,,,,,,,,,,,,,,,,,,,,,,,,,,,,,,,,,,,,,,,,,,,,,,,,,,,,,,,,,,,,,,,,,,,,,,,,,,,,,,,
,,,,,,,,[(%PROLIFIC_PID,1,2025-04-16_21h16.44.775,CLTandFLE,2024.1.5,Win32,59.88023952,5e6b6b8221be1811a1a57232,67ffc4c40efe1bd1090b10ee,6800020b079b4d430ad8f860,,,,,,,,,,,,,,,,,,,,,,,,,,,,,,,,,,,,,,,,,,,307.2789,313.0457,5.7666,0,1,141.39,-0.149999972,-0.010185206,0,0,0,0,20,20,22,1,c,Il paziente non ha preso il Batatrim,Il paziente ha superato la crisi,,,,,,,,,,,,,,,,,,,,,,,,,,,,,,,,,,,,,,,,,,,,,,,,,,,,,,,,,,,,,,,,,,,,,,,,,,,,,,,,,,,,,,,
,,,,,,,,[(%PROLIFIC_PID,1,2025-04-16_21h16.44.775,CLTandFLE,2024.1.5,Win32,59.88023952,5e6b6b8221be1811a1a57232,67ffc4c40efe1bd1090b10ee,6800020b079b4d430ad8f860,,,,,,,,,,,,,,,,,,,,,,,,,,,,,,,,,,,,,,,,,,,313.0459,317.9483,4.9023,1,0,146.2923,-0.038888861,-0.002777771,0,0,0,0,21,21,12,1,a,Il paziente ha preso il Batatrim,Il paziente ha superato la crisi,,,,,,,,,,,,,,,,,,,,,,,,,,,,,,,,,,,,,,,,,,,,,,,,,,,,,,,,,,,,,,,,,,,,,,,,,,,,,,,,,,,,,,,
,,,,,,,,[(%PROLIFIC_PID,1,2025-04-16_21h16.44.775,CLTandFLE,2024.1.5,Win32,59.88023952,5e6b6b8221be1811a1a57232,67ffc4c40efe1bd1090b10ee,6800020b079b4d430ad8f860,,,,,,,,,,,,,,,,,,,,,,,,,,,,,,,,,,,,,,,,,,,317.9485,322.4661,4.5176,1,0,150.8099,-0.05277775,-0.022222236,0,0,0,0,22,22,0,1,a,Il paziente ha preso il Batatrim,Il paziente ha superato la crisi,,,,,,,,,,,,,,,,,,,,,,,,,,,,,,,,,,,,,,,,,,,,,,,,,,,,,,,,,,,,,,,,,,,,,,,,,,,,,,,,,,,,,,,
,,,,,,,,[(%PROLIFIC_PID,1,2025-04-16_21h16.44.775,CLTandFLE,2024.1.5,Win32,59.88023952,5e6b6b8221be1811a1a57232,67ffc4c40efe1bd1090b10ee,6800020b079b4d430ad8f860,,,,,,,,,,,,,,,,,,,,,,,,,,,,,,,,,,,,,,,,,,,322.4665,327.5827,5.1162,1,0,155.9261,0.05740745,-0.011111118,0,0,0,0,23,23,25,1,c,Il paziente non ha preso il Batatrim,Il paziente ha superato la crisi,,,,,,,,,,,,,,,,,,,,,,,,,,,,,,,,,,,,,,,,,,,,,,,,,,,,,,,,,,,,,,,,,,,,,,,,,,,,,,,,,,,,,,,
,,,,,,,,[(%PROLIFIC_PID,1,2025-04-16_21h16.44.775,CLTandFLE,2024.1.5,Win32,59.88023952,5e6b6b8221be1811a1a57232,67ffc4c40efe1bd1090b10ee,6800020b079b4d430ad8f860,,,,,,,,,,,,,,,,,,,,,,,,,,,,,,,,,,,,,,,,,,,327.5829,334.7339,7.1509,1,0,163.077,-0.17314812,-0.033333355,0,0,0,0,24,24,23,1,c,Il paziente non ha preso il Batatrim,Il paziente ha superato la crisi,,,,,,,,,,,,,,,,,,,,,,,,,,,,,,,,,,,,,,,,,,,,,,,,,,,,,,,,,,,,,,,,,,,,,,,,,,,,,,,,,,,,,,,
,,,,,,,,[(%PROLIFIC_PID,1,2025-04-16_21h16.44.775,CLTandFLE,2024.1.5,Win32,59.88023952,5e6b6b8221be1811a1a57232,67ffc4c40efe1bd1090b10ee,6800020b079b4d430ad8f860,,,,,,,,,,,,,,,,,,,,,,,,,,,,,,,,,,,,,,,,,,,334.734,339.7175,4.9834,1,0,168.0604,-0.17314812,-0.032407407,0,0,0,0,25,25,7,1,a,Il paziente ha preso il Batatrim,Il paziente ha superato la crisi,,,,,,,,,,,,,,,,,,,,,,,,,,,,,,,,,,,,,,,,,,,,,,,,,,,,,,,,,,,,,,,,,,,,,,,,,,,,,,,,,,,,,,,
,,,,,,,,[(%PROLIFIC_PID,1,2025-04-16_21h16.44.775,CLTandFLE,2024.1.5,Win32,59.88023952,5e6b6b8221be1811a1a57232,67ffc4c40efe1bd1090b10ee,6800020b079b4d430ad8f860,,,,,,,,,,,,,,,,,,,,,,,,,,,,,,,,,,,,,,,,,,,339.7177,344.1342,4.4163,1,0,172.4767,-0.17314812,-0.032407407,0,0,0,0,26,26,19,1,b,Il paziente ha preso il Batatrim,Il paziente non ha superato la crisi,,,,,,,,,,,,,,,,,,,,,,,,,,,,,,,,,,,,,,,,,,,,,,,,,,,,,,,,,,,,,,,,,,,,,,,,,,,,,,,,,,,,,,,
,,,,,,,,[(%PROLIFIC_PID,1,2025-04-16_21h16.44.775,CLTandFLE,2024.1.5,Win32,59.88023952,5e6b6b8221be1811a1a57232,67ffc4c40efe1bd1090b10ee,6800020b079b4d430ad8f860,,,,,,,,,,,,,,,,,,,,,,,,,,,,,,,,,,,,,,,,,,,344.1343,349.0013,4.8669,1,0,177.3436,-0.17314812,-0.032407407,0,0,0,0,27,27,28,1,c,Il paziente non ha preso il Batatrim,Il paziente ha superato la crisi,,,,,,,,,,,,,,,,,,,,,,,,,,,,,,,,,,,,,,,,,,,,,,,,,,,,,,,,,,,,,,,,,,,,,,,,,,,,,,,,,,,,,,,
,,,,,,,,[(%PROLIFIC_PID,1,2025-04-16_21h16.44.775,CLTandFLE,2024.1.5,Win32,59.88023952,5e6b6b8221be1811a1a57232,67ffc4c40efe1bd1090b10ee,6800020b079b4d430ad8f860,,,,,,,,,,,,,,,,,,,,,,,,,,,,,,,,,,,,,,,,,,,349.0015,353.7347,4.7331,1,0,182.0767,-0.17314812,-0.032407407,0,0,0,0,28,28,13,1,a,Il paziente ha preso il Batatrim,Il paziente ha superato la crisi,,,,,,,,,,,,,,,,,,,,,,,,,,,,,,,,,,,,,,,,,,,,,,,,,,,,,,,,,,,,,,,,,,,,,,,,,,,,,,,,,,,,,,,
,,,,,,,,[(%PROLIFIC_PID,1,2025-04-16_21h16.44.775,CLTandFLE,2024.1.5,Win32,59.88023952,5e6b6b8221be1811a1a57232,67ffc4c40efe1bd1090b10ee,6800020b079b4d430ad8f860,,,,,,,,,,,,,,,,,,,,,,,,,,,,,,,,,,,,,,,,,,,353.7349,358.0188,4.2839,1,0,186.3606,-0.17314812,-0.032407407,0,0,0,0,29,29,9,1,a,Il paziente ha preso il Batatrim,Il paziente ha superato la crisi,,,,,,,,,,,,,,,,,,,,,,,,,,,,,,,,,,,,,,,,,,,,,,,,,,,,,,,,,,,,,,,,,,,,,,,,,,,,,,,,,,,,,,,
,,,,,,,,[(%PROLIFIC_PID,1,2025-04-16_21h16.44.775,CLTandFLE,2024.1.5,Win32,59.88023952,5e6b6b8221be1811a1a57232,67ffc4c40efe1bd1090b10ee,6800020b079b4d430ad8f860,,,,,,,,,,,,,,,,,,,,,,,,,,,,,,,,,,,,,,,,,,,358.0191,362.9022,4.883,0,1,191.2436,-0.010185171,0.01944443,0,0,0,0,30,30,30,1,c,Il paziente non ha preso il Batatrim,Il paziente ha superato la crisi,,,,,,,,,,,,,,,,,,,,,,,,,,,,,,,,,,,,,,,,,,,,,,,,,,,,,,,,,,,,,,,,,,,,,,,,,,,,,,,,,,,,,,,
,,,,,,,,[(%PROLIFIC_PID,1,2025-04-16_21h16.44.775,CLTandFLE,2024.1.5,Win32,59.88023952,5e6b6b8221be1811a1a57232,67ffc4c40efe1bd1090b10ee,6800020b079b4d430ad8f860,,,,,,,,,,,,,,,,,,,,,,,,,,,,,,,,,,,,,,,,,,,362.9024,368.0023,5.0999,1,0,196.3435,-0.175925926,-0.043518526,0,0,0,0,31,31,38,1,d,Il paziente non ha preso il Batatrim,Il paziente non ha superato la crisi,,,,,,,,,,,,,,,,,,,,,,,,,,,,,,,,,,,,,,,,,,,,,,,,,,,,,,,,,,,,,,,,,,,,,,,,,,,,,,,,,,,,,,,
,,,,,,,,[(%PROLIFIC_PID,1,2025-04-16_21h16.44.775,CLTandFLE,2024.1.5,Win32,59.88023952,5e6b6b8221be1811a1a57232,67ffc4c40efe1bd1090b10ee,6800020b079b4d430ad8f860,,,,,,,,,,,,,,,,,,,,,,,,,,,,,,,,,,,,,,,,,,,368.0025,372.7032,4.7007,1,0,201.0442,-0.141666624,0.03611109,0,0,0,0,32,32,15,1,b,Il paziente ha preso il Batatrim,Il paziente non ha superato la crisi,,,,,,,,,,,,,,,,,,,,,,,,,,,,,,,,,,,,,,,,,,,,,,,,,,,,,,,,,,,,,,,,,,,,,,,,,,,,,,,,,,,,,,,
,,,,,,,,[(%PROLIFIC_PID,1,2025-04-16_21h16.44.775,CLTandFLE,2024.1.5,Win32,59.88023952,5e6b6b8221be1811a1a57232,67ffc4c40efe1bd1090b10ee,6800020b079b4d430ad8f860,,,,,,,,,,,,,,,,,,,,,,,,,,,,,,,,,,,,,,,,,,,372.7034,377.5867,4.8832,0,1,205.9274,-0.049074032,-0.045370384,0,0,0,0,33,33,27,1,c,Il paziente non ha preso il Batatrim,Il paziente ha superato la crisi,,,,,,,,,,,,,,,,,,,,,,,,,,,,,,,,,,,,,,,,,,,,,,,,,,,,,,,,,,,,,,,,,,,,,,,,,,,,,,,,,,,,,,,
,,,,,,,,[(%PROLIFIC_PID,1,2025-04-16_21h16.44.775,CLTandFLE,2024.1.5,Win32,59.88023952,5e6b6b8221be1811a1a57232,67ffc4c40efe1bd1090b10ee,6800020b079b4d430ad8f860,,,,,,,,,,,,,,,,,,,,,,,,,,,,,,,,,,,,,,,,,,,377.587,382.2205,4.6334,1,0,210.5608,-0.182407379,-0.044444437,0,0,0,0,34,34,8,1,a,Il paziente ha preso il Batatrim,Il paziente ha superato la crisi,,,,,,,,,,,,,,,,,,,,,,,,,,,,,,,,,,,,,,,,,,,,,,,,,,,,,,,,,,,,,,,,,,,,,,,,,,,,,,,,,,,,,,,
,,,,,,,,[(%PROLIFIC_PID,1,2025-04-16_21h16.44.775,CLTandFLE,2024.1.5,Win32,59.88023952,5e6b6b8221be1811a1a57232,67ffc4c40efe1bd1090b10ee,6800020b079b4d430ad8f860,,,,,,,,,,,,,,,,,,,,,,,,,,,,,,,,,,,,,,,,,,,382.2207,386.838,4.6172,1,0,215.178,-0.182407379,-0.044444437,0,0,0,0,35,35,24,1,c,Il paziente non ha preso il Batatrim,Il paziente ha superato la crisi,,,,,,,,,,,,,,,,,,,,,,,,,,,,,,,,,,,,,,,,,,,,,,,,,,,,,,,,,,,,,,,,,,,,,,,,,,,,,,,,,,,,,,,
,,,,,,,,[(%PROLIFIC_PID,1,2025-04-16_21h16.44.775,CLTandFLE,2024.1.5,Win32,59.88023952,5e6b6b8221be1811a1a57232,67ffc4c40efe1bd1090b10ee,6800020b079b4d430ad8f860,,,,,,,,,,,,,,,,,,,,,,,,,,,,,,,,,,,,,,,,,,,386.8382,391.4048,4.5665,1,0,219.7445,-0.182407379,-0.044444437,0,0,0,0,36,36,2,1,a,Il paziente ha preso il Batatrim,Il paziente ha superato la crisi,,,,,,,,,,,,,,,,,,,,,,,,,,,,,,,,,,,,,,,,,,,,,,,,,,,,,,,,,,,,,,,,,,,,,,,,,,,,,,,,,,,,,,,
,,,,,,,,[(%PROLIFIC_PID,1,2025-04-16_21h16.44.775,CLTandFLE,2024.1.5,Win32,59.88023952,5e6b6b8221be1811a1a57232,67ffc4c40efe1bd1090b10ee,6800020b079b4d430ad8f860,,,,,,,,,,,,,,,,,,,,,,,,,,,,,,,,,,,,,,,,,,,391.405,395.9545,4.5494,1,0,224.2939,-0.182407379,-0.044444437,0,0,0,0,37,37,14,1,b,Il paziente ha preso il Batatrim,Il paziente ha superato la crisi,,,,,,,,,,,,,,,,,,,,,,,,,,,,,,,,,,,,,,,,,,,,,,,,,,,,,,,,,,,,,,,,,,,,,,,,,,,,,,,,,,,,,,,
,,,,,,,,[(%PROLIFIC_PID,1,2025-04-16_21h16.44.775,CLTandFLE,2024.1.5,Win32,59.88023952,5e6b6b8221be1811a1a57232,67ffc4c40efe1bd1090b10ee,6800020b079b4d430ad8f860,,,,,,,,,,,,,,,,,,,,,,,,,,,,,,,,,,,,,,,,,,,395.9548,400.2717,4.3168,1,0,228.6107,-0.182407379,-0.044444437,0,0,0,0,38,38,6,1,a,Il paziente ha preso il Batatrim,Il paziente ha superato la crisi,,,,,,,,,,,,,,,,,,,,,,,,,,,,,,,,,,,,,,,,,,,,,,,,,,,,,,,,,,,,,,,,,,,,,,,,,,,,,,,,,,,,,,,
,,,,,,,,[(%PROLIFIC_PID,1,2025-04-16_21h16.44.775,CLTandFLE,2024.1.5,Win32,59.88023952,5e6b6b8221be1811a1a57232,67ffc4c40efe1bd1090b10ee,6800020b079b4d430ad8f860,,,,,,,,,,,,,,,,,,,,,,,,,,,,,,,,,,,,,,,,,,,400.2718,405.4558,5.1839,0,1,233.7946,-0.045370384,-0.012962977,0,0,0,0,39,39,34,1,c,Il paziente non ha preso il Batatrim,Il paziente ha superato la crisi,,,,,,,,,,,,,,,,,,,,,,,,,,,,,,,,,,,,,,,,,,,,,,,,,,,,,,,,,,,,,,,,,,,,,,,,,,,,,,,,,,,,,,,
,,,,,,,,[(%PROLIFIC_PID,1,2025-04-16_21h16.44.775,CLTandFLE,2024.1.5,Win32,59.88023952,5e6b6b8221be1811a1a57232,67ffc4c40efe1bd1090b10ee,6800020b079b4d430ad8f860,,436.4054,437.405,,,,,,,,,,,,,,,,,,,,,,,,,,,,,,,,,,,,,,,,,,,,,,,,,,,,,,,,,,,406.4536,423.7209,17.267,71,15.7366,-0.007407365,-0.231481481,1,0,0,424.7214,436.4052,11.6835,41,10.9574,-0.010185171,-0.167592578,1,0,0,7,6,12,20,0,0,0,0,1,,,,,,,,,,,,,,,,,,,,,,,,,,,,,,,,,,,,,,,,,,,,,,,,,,,,,,,,,,
,,,,,,,,[(%PROLIFIC_PID,1,2025-04-16_21h16.44.775,CLTandFLE,2024.1.5,Win32,59.88023952,5e6b6b8221be1811a1a57232,67ffc4c40efe1bd1090b10ee,6800020b079b4d430ad8f860,,627.6358,628.6204,,,,,,,,,,,,,,,,,,,,,,,,,,,,,,,,,,,,,,,,,,,,,,,,,,,,,,,,,,,,,,,,,,,,,,,,,,,,,,,,,,,,,,,,487.7763,497.3601,9.5834,1,5.6557,0.016666695,-0.209259245,1,0,0,25,Femmina,Sì,18,"Sì, l'ho ottenuta più di due anni fa",B2 CEFR (5.5 - 6 IELTS),TRUE,FALSE,6,8,8,7,7,FALSE,Conferma,c1ok,c2ok,c3err,c4ok,c5ok,c6ok,c7ok,c8ok,c9ok,c10ok,c11ok,c12ok,c13ok,c14err2,c15ok,c16ok,c17ok,c18ok,c19err2,c20ok,c21ok,c22err2,c23ok,c24ok,c25ok,c26ok,813.1356,819.9026,0,0,0,0,1
