﻿Alfa.started,Alfa.stopped,alfa_mouse.x,alfa_mouse.y,alfa_mouse.leftButton,alfa_mouse.midButton,alfa_mouse.rightButton,alfa_mouse.clicked_name,participant,group,date,expName,psychopyVersion,OS,frameRate,PROLIFIC_PID,STUDY_ID,SESSION_ID,)],ITI.started,ITI.stopped,B_consensoinformato.started,B_consensoinformato.stopped,tempo_consenso,cons_mouse.x,cons_mouse.y,cons_mouse.leftButton,cons_mouse.midButton,cons_mouse.rightButton,A_benvenuto.started,A_benvenuto.stopped,ben_mouse.x,ben_mouse.y,ben_mouse.leftButton,ben_mouse.midButton,ben_mouse.rightButton,B2_istruzioni.started,B2_istruzioni.stopped,tempo_istru,cons_mouse_2.x,cons_mouse_2.y,cons_mouse_2.leftButton,cons_mouse_2.midButton,cons_mouse_2.rightButton,SAMevaluation.started,SAMevaluation.stopped,temposam,sliderintensity.response,sliderintensity.rt,slidervalence.response,slidervalence.rt,mouse_sam.x,mouse_sam.y,mouse_sam.leftButton,mouse_sam.midButton,mouse_sam.rightButton,mouse_sam.time,mouse_sam.clicked_name,Loading.started,Loading.stopped,C_associative_task.started,C_associative_task.stopped,tempo_trial,hapremutosi,hapremutono,tempo_tasktot,mouse.x,mouse.y,mouse.leftButton,mouse.midButton,mouse.rightButton,trials.thisRepN,trials.thisTrialN,trials.thisN,trials.thisIndex,trials.ran,cond,causa,effetto,D_VD.started,D_VD.stopped,tempo_vd,vd.response,vd.rt,mouse_vd.x,mouse_vd.y,mouse_vd.leftButton,mouse_vd.midButton,mouse_vd.rightButton,Previous.started,Previous.stopped,tempo_vd1,previous.response,previous.rt,mouse_vd_2.x,mouse_vd_2.y,mouse_vd_2.leftButton,mouse_vd_2.midButton,mouse_vd_2.rightButton,EstITA.TrialD,EstITA.TrialSS,EstITA.TrialNS,EstITA.TrialSN,itaest.thisRepN,itaest.thisTrialN,itaest.thisN,itaest.thisIndex,itaest.ran,PF.started,PF.stopped,tempo_pf,processfluency.response,processfluency.rt,mouse_ch.x,mouse_ch.y,mouse_ch.leftButton,mouse_ch.midButton,mouse_ch.rightButton,Questionario_Lingua.Age,Questionario_Lingua.Sesso,Questionario_Lingua.StaiStudiando?,Questionario_Lingua.Anniscolarita,Questionario_Lingua.Diploma,Questionario_Lingua.ItaMADRE?,Questionario_Lingua.INGmadre?,Questionario_Lingua.Q5(AOAIng),Questionario_Lingua.INGLETTURA,Questionario_Lingua.INGCOMPRESO,Questionario_Lingua.INGSCRITTO,Questionario_Lingua.INGPARLATO,Questionario_Lingua.haivissutoestero,ProvaInglese.ProcediamoENg,ProvaInglese.C1,ProvaInglese.C2,ProvaInglese.C3,ProvaInglese.C4,ProvaInglese.C5,ProvaInglese.C6,ProvaInglese.C7,ProvaInglese.C8,ProvaInglese.C9,ProvaInglese.C10,ProvaInglese.C11,ProvaInglese.C12,ProvaInglese.C13,ProvaInglese.C14,ProvaInglese.C15,ProvaInglese.C16,ProvaInglese.C17,ProvaInglese.C18,ProvaInglese.C19,ProvaInglese.C20,ProvaInglese.C21,ProvaInglese.C22,ProvaInglese.C23,ProvaInglese.C24,ProvaInglese.C25,ProvaInglese.controlquestion,Ant_lastquestion.started,Ant_lastquestion.stopped,exp_loop.thisRepN,exp_loop.thisTrialN,exp_loop.thisN,exp_loop.thisIndex,exp_loop.ran
0.0002,6.8153,-0.068923569,0.06875,1,0,0,alfa_mask,[(%PROLIFIC_PID,1,2025-04-16_19h12.07.872,CLTandFLE,2024.1.5,Win32,60.24096386,5f1165307d03fb0009716b8e,67ffc4c40efe1bd1090b10ee,67ffe4bca5cf7483f9680798,,,,,,,,,,,,,,,,,,,,,,,,,,,,,,,,,,,,,,,,,,,,,,,,,,,,,,,,,,,,,,,,,,,,,,,,,,,,,,,,,,,,,,,,,,,,,,,,,,,,,,,,,,,,,,,,,,,,,,,,,,,,,,,,,,,,,,,,,,,,,,,,,,,
,,,,,,,,[(%PROLIFIC_PID,1,2025-04-16_19h12.07.872,CLTandFLE,2024.1.5,Win32,60.24096386,5f1165307d03fb0009716b8e,67ffc4c40efe1bd1090b10ee,67ffe4bca5cf7483f9680798,,6.8154,7.8124,,,,,,,,,,,,,,,,,,,,,,,,,,,,,,,,,,,,,,,,,,,,,,,,,,,,,,,,,,,,,,,,,,,,,,,,,,,,,,,,,,,,,,,,,,,,,,,,,,,,,,,,,,,,,,,,,,,,,,,,,,,,,,,,,,,,,,,,,,,,,,,,
,,,,,,,,[(%PROLIFIC_PID,1,2025-04-16_19h12.07.872,CLTandFLE,2024.1.5,Win32,60.24096386,5f1165307d03fb0009716b8e,67ffc4c40efe1bd1090b10ee,67ffe4bca5cf7483f9680798,,,,7.8127,11.7911,3.978,0.178993098,-0.410416667,1,0,0,,,,,,,,,,,,,,,,,,,,,,,,,,,,,,,,,,,,,,,,,,,,,,,,,,,,,,,,,,,,,,,,,,,,,,,,,,,,,,,,,,,,,,,,,,,,,,,,,,,,,,,,,,,,,,,,,,,,,,,,,,,,,,,,,,,,,,,,
,,,,,,,,[(%PROLIFIC_PID,1,2025-04-16_19h12.07.872,CLTandFLE,2024.1.5,Win32,60.24096386,5f1165307d03fb0009716b8e,67ffc4c40efe1bd1090b10ee,67ffe4bca5cf7483f9680798,,58.4362,59.4391,,,,,,,,,12.794,14.8506,0.033159765,-0.097222265,1,0,0,15.8536,43.9748,28.1206,0.058854167,-0.395138931,1,0,0,44.9773,50.4449,5.4669,0.371118906,3.1645,0.268708326,4.2536,"[-0.006423568725585938,-0.0217013676961263,-0.054340235392252606]","[0.20347220102945965,0.004166666666666667,-0.21319446563720704]","[1,1,1]","[0,0,0]","[0,0,0]","[2.4355000000000047,3.788800000071518,5.461200000047683]","[""rettoksam""]",51.4472,58.4361,59.4543,70.7406,11.286,1,0,11.286,-0.083506902,-0.044444466,0,0,0,0,0,0,14,1,b,Il paziente ha preso il Batatrim,Il paziente ha superato la crisi,,,,,,,,,,,,,,,,,,,,,,,,,,,,,,,,,,,,,,,,,,,,,,,,,,,,,,,,,,,,,,,,,,,,,,,,,,,,,,,,,,,,,,
,,,,,,,,[(%PROLIFIC_PID,1,2025-04-16_19h12.07.872,CLTandFLE,2024.1.5,Win32,60.24096386,5f1165307d03fb0009716b8e,67ffc4c40efe1bd1090b10ee,67ffe4bca5cf7483f9680798,,,,,,,,,,,,,,,,,,,,,,,,,,,,,,,,,,,,,,,,,,,70.7411,75.9898,5.2486,1,0,16.5346,-0.190451368,-0.058333333,0,0,0,0,1,1,19,1,b,Il paziente ha preso il Batatrim,Il paziente non ha superato la crisi,,,,,,,,,,,,,,,,,,,,,,,,,,,,,,,,,,,,,,,,,,,,,,,,,,,,,,,,,,,,,,,,,,,,,,,,,,,,,,,,,,,,,,
,,,,,,,,[(%PROLIFIC_PID,1,2025-04-16_19h12.07.872,CLTandFLE,2024.1.5,Win32,60.24096386,5f1165307d03fb0009716b8e,67ffc4c40efe1bd1090b10ee,67ffe4bca5cf7483f9680798,,,,,,,,,,,,,,,,,,,,,,,,,,,,,,,,,,,,,,,,,,,75.99,81.0052,5.0152,1,0,21.5498,-0.157118034,0.048611101,0,0,0,0,2,2,9,1,a,Il paziente ha preso il Batatrim,Il paziente ha superato la crisi,,,,,,,,,,,,,,,,,,,,,,,,,,,,,,,,,,,,,,,,,,,,,,,,,,,,,,,,,,,,,,,,,,,,,,,,,,,,,,,,,,,,,,
,,,,,,,,[(%PROLIFIC_PID,1,2025-04-16_19h12.07.872,CLTandFLE,2024.1.5,Win32,60.24096386,5f1165307d03fb0009716b8e,67ffc4c40efe1bd1090b10ee,67ffe4bca5cf7483f9680798,,,,,,,,,,,,,,,,,,,,,,,,,,,,,,,,,,,,,,,,,,,81.0055,86.9072,5.9015,0,1,27.4513,0.069270833,-0.001388899,0,0,0,0,3,3,29,1,c,Il paziente non ha preso il Batatrim,Il paziente ha superato la crisi,,,,,,,,,,,,,,,,,,,,,,,,,,,,,,,,,,,,,,,,,,,,,,,,,,,,,,,,,,,,,,,,,,,,,,,,,,,,,,,,,,,,,,
,,,,,,,,[(%PROLIFIC_PID,1,2025-04-16_19h12.07.872,CLTandFLE,2024.1.5,Win32,60.24096386,5f1165307d03fb0009716b8e,67ffc4c40efe1bd1090b10ee,67ffe4bca5cf7483f9680798,,,,,,,,,,,,,,,,,,,,,,,,,,,,,,,,,,,,,,,,,,,86.9075,91.956,5.0484,1,0,32.4997,-0.116840235,0.040972201,0,0,0,0,4,4,11,1,a,Il paziente ha preso il Batatrim,Il paziente ha superato la crisi,,,,,,,,,,,,,,,,,,,,,,,,,,,,,,,,,,,,,,,,,,,,,,,,,,,,,,,,,,,,,,,,,,,,,,,,,,,,,,,,,,,,,,
,,,,,,,,[(%PROLIFIC_PID,1,2025-04-16_19h12.07.872,CLTandFLE,2024.1.5,Win32,60.24096386,5f1165307d03fb0009716b8e,67ffc4c40efe1bd1090b10ee,67ffe4bca5cf7483f9680798,,,,,,,,,,,,,,,,,,,,,,,,,,,,,,,,,,,,,,,,,,,91.9563,96.4032,4.4467,0,1,36.9464,0.090798632,0.043055534,0,0,0,0,5,5,28,1,c,Il paziente non ha preso il Batatrim,Il paziente ha superato la crisi,,,,,,,,,,,,,,,,,,,,,,,,,,,,,,,,,,,,,,,,,,,,,,,,,,,,,,,,,,,,,,,,,,,,,,,,,,,,,,,,,,,,,,
,,,,,,,,[(%PROLIFIC_PID,1,2025-04-16_19h12.07.872,CLTandFLE,2024.1.5,Win32,60.24096386,5f1165307d03fb0009716b8e,67ffc4c40efe1bd1090b10ee,67ffe4bca5cf7483f9680798,,,,,,,,,,,,,,,,,,,,,,,,,,,,,,,,,,,,,,,,,,,96.4033,101.0343,4.6308,1,0,41.5772,-0.124479167,-0.029861132,0,0,0,0,6,6,15,1,b,Il paziente ha preso il Batatrim,Il paziente non ha superato la crisi,,,,,,,,,,,,,,,,,,,,,,,,,,,,,,,,,,,,,,,,,,,,,,,,,,,,,,,,,,,,,,,,,,,,,,,,,,,,,,,,,,,,,,
,,,,,,,,[(%PROLIFIC_PID,1,2025-04-16_19h12.07.872,CLTandFLE,2024.1.5,Win32,60.24096386,5f1165307d03fb0009716b8e,67ffc4c40efe1bd1090b10ee,67ffe4bca5cf7483f9680798,,,,,,,,,,,,,,,,,,,,,,,,,,,,,,,,,,,,,,,,,,,101.0345,106.0331,4.9985,1,0,46.5757,-0.104340235,0.049305534,0,0,0,0,7,7,13,1,a,Il paziente ha preso il Batatrim,Il paziente ha superato la crisi,,,,,,,,,,,,,,,,,,,,,,,,,,,,,,,,,,,,,,,,,,,,,,,,,,,,,,,,,,,,,,,,,,,,,,,,,,,,,,,,,,,,,,
,,,,,,,,[(%PROLIFIC_PID,1,2025-04-16_19h12.07.872,CLTandFLE,2024.1.5,Win32,60.24096386,5f1165307d03fb0009716b8e,67ffc4c40efe1bd1090b10ee,67ffe4bca5cf7483f9680798,,,,,,,,,,,,,,,,,,,,,,,,,,,,,,,,,,,,,,,,,,,106.0334,110.5972,4.5636,0,1,51.1393,0.108159765,0.01875,0,0,0,0,8,8,30,1,c,Il paziente non ha preso il Batatrim,Il paziente ha superato la crisi,,,,,,,,,,,,,,,,,,,,,,,,,,,,,,,,,,,,,,,,,,,,,,,,,,,,,,,,,,,,,,,,,,,,,,,,,,,,,,,,,,,,,,
,,,,,,,,[(%PROLIFIC_PID,1,2025-04-16_19h12.07.872,CLTandFLE,2024.1.5,Win32,60.24096386,5f1165307d03fb0009716b8e,67ffc4c40efe1bd1090b10ee,67ffe4bca5cf7483f9680798,,,,,,,,,,,,,,,,,,,,,,,,,,,,,,,,,,,,,,,,,,,110.5975,114.7269,4.1291,1,0,55.2684,-0.0765625,0.011111101,0,0,0,0,9,9,16,1,b,Il paziente ha preso il Batatrim,Il paziente non ha superato la crisi,,,,,,,,,,,,,,,,,,,,,,,,,,,,,,,,,,,,,,,,,,,,,,,,,,,,,,,,,,,,,,,,,,,,,,,,,,,,,,,,,,,,,,
,,,,,,,,[(%PROLIFIC_PID,1,2025-04-16_19h12.07.872,CLTandFLE,2024.1.5,Win32,60.24096386,5f1165307d03fb0009716b8e,67ffc4c40efe1bd1090b10ee,67ffe4bca5cf7483f9680798,,,,,,,,,,,,,,,,,,,,,,,,,,,,,,,,,,,,,,,,,,,114.7274,120.7956,6.0681,0,1,61.3365,0.084548632,0.026388868,0,0,0,0,10,10,36,1,d,Il paziente non ha preso il Batatrim,Il paziente non ha superato la crisi,,,,,,,,,,,,,,,,,,,,,,,,,,,,,,,,,,,,,,,,,,,,,,,,,,,,,,,,,,,,,,,,,,,,,,,,,,,,,,,,,,,,,,
,,,,,,,,[(%PROLIFIC_PID,1,2025-04-16_19h12.07.872,CLTandFLE,2024.1.5,Win32,60.24096386,5f1165307d03fb0009716b8e,67ffc4c40efe1bd1090b10ee,67ffe4bca5cf7483f9680798,,,,,,,,,,,,,,,,,,,,,,,,,,,,,,,,,,,,,,,,,,,120.7958,125.3932,4.5973,1,0,65.9338,-0.127951368,0.020138868,0,0,0,0,11,11,4,1,a,Il paziente ha preso il Batatrim,Il paziente ha superato la crisi,,,,,,,,,,,,,,,,,,,,,,,,,,,,,,,,,,,,,,,,,,,,,,,,,,,,,,,,,,,,,,,,,,,,,,,,,,,,,,,,,,,,,,
,,,,,,,,[(%PROLIFIC_PID,1,2025-04-16_19h12.07.872,CLTandFLE,2024.1.5,Win32,60.24096386,5f1165307d03fb0009716b8e,67ffc4c40efe1bd1090b10ee,67ffe4bca5cf7483f9680798,,,,,,,,,,,,,,,,,,,,,,,,,,,,,,,,,,,,,,,,,,,125.3933,130.9604,5.5669,0,1,71.5007,-0.039756902,0.052083333,0,0,0,0,12,12,34,1,c,Il paziente non ha preso il Batatrim,Il paziente ha superato la crisi,,,,,,,,,,,,,,,,,,,,,,,,,,,,,,,,,,,,,,,,,,,,,,,,,,,,,,,,,,,,,,,,,,,,,,,,,,,,,,,,,,,,,,
,,,,,,,,[(%PROLIFIC_PID,1,2025-04-16_19h12.07.872,CLTandFLE,2024.1.5,Win32,60.24096386,5f1165307d03fb0009716b8e,67ffc4c40efe1bd1090b10ee,67ffe4bca5cf7483f9680798,,,,,,,,,,,,,,,,,,,,,,,,,,,,,,,,,,,,,,,,,,,130.961,136.2602,5.299,0,1,76.7997,0.090798632,0.027777767,0,0,0,0,13,13,33,1,c,Il paziente non ha preso il Batatrim,Il paziente ha superato la crisi,,,,,,,,,,,,,,,,,,,,,,,,,,,,,,,,,,,,,,,,,,,,,,,,,,,,,,,,,,,,,,,,,,,,,,,,,,,,,,,,,,,,,,
,,,,,,,,[(%PROLIFIC_PID,1,2025-04-16_19h12.07.872,CLTandFLE,2024.1.5,Win32,60.24096386,5f1165307d03fb0009716b8e,67ffc4c40efe1bd1090b10ee,67ffe4bca5cf7483f9680798,,,,,,,,,,,,,,,,,,,,,,,,,,,,,,,,,,,,,,,,,,,136.2603,141.9945,5.7341,0,1,82.5338,-0.005034701,-0.011805566,0,0,0,0,14,14,20,1,c,Il paziente non ha preso il Batatrim,Il paziente ha superato la crisi,,,,,,,,,,,,,,,,,,,,,,,,,,,,,,,,,,,,,,,,,,,,,,,,,,,,,,,,,,,,,,,,,,,,,,,,,,,,,,,,,,,,,,
,,,,,,,,[(%PROLIFIC_PID,1,2025-04-16_19h12.07.872,CLTandFLE,2024.1.5,Win32,60.24096386,5f1165307d03fb0009716b8e,67ffc4c40efe1bd1090b10ee,67ffe4bca5cf7483f9680798,,,,,,,,,,,,,,,,,,,,,,,,,,,,,,,,,,,,,,,,,,,141.9948,147.8797,5.8846,1,0,88.4184,-0.039756902,-0.015972233,0,0,0,0,15,15,6,1,a,Il paziente ha preso il Batatrim,Il paziente ha superato la crisi,,,,,,,,,,,,,,,,,,,,,,,,,,,,,,,,,,,,,,,,,,,,,,,,,,,,,,,,,,,,,,,,,,,,,,,,,,,,,,,,,,,,,,
,,,,,,,,[(%PROLIFIC_PID,1,2025-04-16_19h12.07.872,CLTandFLE,2024.1.5,Win32,60.24096386,5f1165307d03fb0009716b8e,67ffc4c40efe1bd1090b10ee,67ffe4bca5cf7483f9680798,,,,,,,,,,,,,,,,,,,,,,,,,,,,,,,,,,,,,,,,,,,147.8803,152.8282,4.9477,0,1,93.3661,0.101215299,0.120138868,0,0,0,0,16,16,37,1,d,Il paziente non ha preso il Batatrim,Il paziente non ha superato la crisi,,,,,,,,,,,,,,,,,,,,,,,,,,,,,,,,,,,,,,,,,,,,,,,,,,,,,,,,,,,,,,,,,,,,,,,,,,,,,,,,,,,,,,
,,,,,,,,[(%PROLIFIC_PID,1,2025-04-16_19h12.07.872,CLTandFLE,2024.1.5,Win32,60.24096386,5f1165307d03fb0009716b8e,67ffc4c40efe1bd1090b10ee,67ffe4bca5cf7483f9680798,,,,,,,,,,,,,,,,,,,,,,,,,,,,,,,,,,,,,,,,,,,152.8284,157.6266,4.7979,1,0,98.164,-0.043229167,0.055555534,0,0,0,0,17,17,3,1,a,Il paziente ha preso il Batatrim,Il paziente ha superato la crisi,,,,,,,,,,,,,,,,,,,,,,,,,,,,,,,,,,,,,,,,,,,,,,,,,,,,,,,,,,,,,,,,,,,,,,,,,,,,,,,,,,,,,,
,,,,,,,,[(%PROLIFIC_PID,1,2025-04-16_19h12.07.872,CLTandFLE,2024.1.5,Win32,60.24096386,5f1165307d03fb0009716b8e,67ffc4c40efe1bd1090b10ee,67ffe4bca5cf7483f9680798,,,,,,,,,,,,,,,,,,,,,,,,,,,,,,,,,,,,,,,,,,,157.6268,163.4946,5.8676,0,1,104.0316,-0.117534701,0.1625,0,0,0,0,18,18,23,1,c,Il paziente non ha preso il Batatrim,Il paziente ha superato la crisi,,,,,,,,,,,,,,,,,,,,,,,,,,,,,,,,,,,,,,,,,,,,,,,,,,,,,,,,,,,,,,,,,,,,,,,,,,,,,,,,,,,,,,
,,,,,,,,[(%PROLIFIC_PID,1,2025-04-16_19h12.07.872,CLTandFLE,2024.1.5,Win32,60.24096386,5f1165307d03fb0009716b8e,67ffc4c40efe1bd1090b10ee,67ffe4bca5cf7483f9680798,,,,,,,,,,,,,,,,,,,,,,,,,,,,,,,,,,,,,,,,,,,163.4947,169.3963,5.9015,0,1,109.9331,-0.050173569,0.051388868,0,0,0,0,19,19,22,1,c,Il paziente non ha preso il Batatrim,Il paziente ha superato la crisi,,,,,,,,,,,,,,,,,,,,,,,,,,,,,,,,,,,,,,,,,,,,,,,,,,,,,,,,,,,,,,,,,,,,,,,,,,,,,,,,,,,,,,
,,,,,,,,[(%PROLIFIC_PID,1,2025-04-16_19h12.07.872,CLTandFLE,2024.1.5,Win32,60.24096386,5f1165307d03fb0009716b8e,67ffc4c40efe1bd1090b10ee,67ffe4bca5cf7483f9680798,,,,,,,,,,,,,,,,,,,,,,,,,,,,,,,,,,,,,,,,,,,169.3965,183.0218,13.6252,0,1,123.5583,0.042881966,-0.014583333,0,0,0,0,20,20,26,1,c,Il paziente non ha preso il Batatrim,Il paziente ha superato la crisi,,,,,,,,,,,,,,,,,,,,,,,,,,,,,,,,,,,,,,,,,,,,,,,,,,,,,,,,,,,,,,,,,,,,,,,,,,,,,,,,,,,,,,
,,,,,,,,[(%PROLIFIC_PID,1,2025-04-16_19h12.07.872,CLTandFLE,2024.1.5,Win32,60.24096386,5f1165307d03fb0009716b8e,67ffc4c40efe1bd1090b10ee,67ffe4bca5cf7483f9680798,,,,,,,,,,,,,,,,,,,,,,,,,,,,,,,,,,,,,,,,,,,183.0221,188.6561,5.6338,0,1,129.1921,0.076909765,-0.007638899,0,0,0,0,21,21,32,1,c,Il paziente non ha preso il Batatrim,Il paziente ha superato la crisi,,,,,,,,,,,,,,,,,,,,,,,,,,,,,,,,,,,,,,,,,,,,,,,,,,,,,,,,,,,,,,,,,,,,,,,,,,,,,,,,,,,,,,
,,,,,,,,[(%PROLIFIC_PID,1,2025-04-16_19h12.07.872,CLTandFLE,2024.1.5,Win32,60.24096386,5f1165307d03fb0009716b8e,67ffc4c40efe1bd1090b10ee,67ffe4bca5cf7483f9680798,,,,,,,,,,,,,,,,,,,,,,,,,,,,,,,,,,,,,,,,,,,188.6562,195.2598,6.6034,0,1,135.7955,0.012326431,0.008333333,0,0,0,0,22,22,25,1,c,Il paziente non ha preso il Batatrim,Il paziente ha superato la crisi,,,,,,,,,,,,,,,,,,,,,,,,,,,,,,,,,,,,,,,,,,,,,,,,,,,,,,,,,,,,,,,,,,,,,,,,,,,,,,,,,,,,,,
,,,,,,,,[(%PROLIFIC_PID,1,2025-04-16_19h12.07.872,CLTandFLE,2024.1.5,Win32,60.24096386,5f1165307d03fb0009716b8e,67ffc4c40efe1bd1090b10ee,67ffe4bca5cf7483f9680798,,,,,,,,,,,,,,,,,,,,,,,,,,,,,,,,,,,,,,,,,,,195.26,200.1751,4.915,0,1,140.7105,-0.002951368,-0.0125,0,0,0,0,23,23,21,1,c,Il paziente non ha preso il Batatrim,Il paziente ha superato la crisi,,,,,,,,,,,,,,,,,,,,,,,,,,,,,,,,,,,,,,,,,,,,,,,,,,,,,,,,,,,,,,,,,,,,,,,,,,,,,,,,,,,,,,
,,,,,,,,[(%PROLIFIC_PID,1,2025-04-16_19h12.07.872,CLTandFLE,2024.1.5,Win32,60.24096386,5f1165307d03fb0009716b8e,67ffc4c40efe1bd1090b10ee,67ffe4bca5cf7483f9680798,,,,,,,,,,,,,,,,,,,,,,,,,,,,,,,,,,,,,,,,,,,200.1754,204.84,4.6641,0,1,145.3746,-0.000868034,0.002777767,0,0,0,0,24,24,24,1,c,Il paziente non ha preso il Batatrim,Il paziente ha superato la crisi,,,,,,,,,,,,,,,,,,,,,,,,,,,,,,,,,,,,,,,,,,,,,,,,,,,,,,,,,,,,,,,,,,,,,,,,,,,,,,,,,,,,,,
,,,,,,,,[(%PROLIFIC_PID,1,2025-04-16_19h12.07.872,CLTandFLE,2024.1.5,Win32,60.24096386,5f1165307d03fb0009716b8e,67ffc4c40efe1bd1090b10ee,67ffe4bca5cf7483f9680798,,,,,,,,,,,,,,,,,,,,,,,,,,,,,,,,,,,,,,,,,,,204.8403,209.4373,4.5967,1,0,149.9713,-0.134201368,0.008333333,0,0,0,0,25,25,12,1,a,Il paziente ha preso il Batatrim,Il paziente ha superato la crisi,,,,,,,,,,,,,,,,,,,,,,,,,,,,,,,,,,,,,,,,,,,,,,,,,,,,,,,,,,,,,,,,,,,,,,,,,,,,,,,,,,,,,,
,,,,,,,,[(%PROLIFIC_PID,1,2025-04-16_19h12.07.872,CLTandFLE,2024.1.5,Win32,60.24096386,5f1165307d03fb0009716b8e,67ffc4c40efe1bd1090b10ee,67ffe4bca5cf7483f9680798,,,,,,,,,,,,,,,,,,,,,,,,,,,,,,,,,,,,,,,,,,,209.4376,214.3022,4.8645,1,0,154.8358,-0.157118034,0.002777767,0,0,0,0,26,26,1,1,a,Il paziente ha preso il Batatrim,Il paziente ha superato la crisi,,,,,,,,,,,,,,,,,,,,,,,,,,,,,,,,,,,,,,,,,,,,,,,,,,,,,,,,,,,,,,,,,,,,,,,,,,,,,,,,,,,,,,
,,,,,,,,[(%PROLIFIC_PID,1,2025-04-16_19h12.07.872,CLTandFLE,2024.1.5,Win32,60.24096386,5f1165307d03fb0009716b8e,67ffc4c40efe1bd1090b10ee,67ffe4bca5cf7483f9680798,,,,,,,,,,,,,,,,,,,,,,,,,,,,,,,,,,,,,,,,,,,214.3023,218.7828,4.4805,0,1,159.3163,-0.009201368,-0.027083333,0,0,0,0,27,27,31,1,c,Il paziente non ha preso il Batatrim,Il paziente ha superato la crisi,,,,,,,,,,,,,,,,,,,,,,,,,,,,,,,,,,,,,,,,,,,,,,,,,,,,,,,,,,,,,,,,,,,,,,,,,,,,,,,,,,,,,,
,,,,,,,,[(%PROLIFIC_PID,1,2025-04-16_19h12.07.872,CLTandFLE,2024.1.5,Win32,60.24096386,5f1165307d03fb0009716b8e,67ffc4c40efe1bd1090b10ee,67ffe4bca5cf7483f9680798,,,,,,,,,,,,,,,,,,,,,,,,,,,,,,,,,,,,,,,,,,,218.783,223.3637,4.5805,1,0,163.8968,-0.069618034,0.009027767,0,0,0,0,28,28,5,1,a,Il paziente ha preso il Batatrim,Il paziente ha superato la crisi,,,,,,,,,,,,,,,,,,,,,,,,,,,,,,,,,,,,,,,,,,,,,,,,,,,,,,,,,,,,,,,,,,,,,,,,,,,,,,,,,,,,,,
,,,,,,,,[(%PROLIFIC_PID,1,2025-04-16_19h12.07.872,CLTandFLE,2024.1.5,Win32,60.24096386,5f1165307d03fb0009716b8e,67ffc4c40efe1bd1090b10ee,67ffe4bca5cf7483f9680798,,,,,,,,,,,,,,,,,,,,,,,,,,,,,,,,,,,,,,,,,,,223.3643,227.6436,4.2791,1,0,168.1759,-0.199479167,0.05625,0,0,0,0,29,29,2,1,a,Il paziente ha preso il Batatrim,Il paziente ha superato la crisi,,,,,,,,,,,,,,,,,,,,,,,,,,,,,,,,,,,,,,,,,,,,,,,,,,,,,,,,,,,,,,,,,,,,,,,,,,,,,,,,,,,,,,
,,,,,,,,[(%PROLIFIC_PID,1,2025-04-16_19h12.07.872,CLTandFLE,2024.1.5,Win32,60.24096386,5f1165307d03fb0009716b8e,67ffc4c40efe1bd1090b10ee,67ffe4bca5cf7483f9680798,,,,,,,,,,,,,,,,,,,,,,,,,,,,,,,,,,,,,,,,,,,227.6438,231.9905,4.3465,1,0,172.5224,-0.161979167,-0.028472233,0,0,0,0,30,30,27,1,c,Il paziente non ha preso il Batatrim,Il paziente ha superato la crisi,,,,,,,,,,,,,,,,,,,,,,,,,,,,,,,,,,,,,,,,,,,,,,,,,,,,,,,,,,,,,,,,,,,,,,,,,,,,,,,,,,,,,,
,,,,,,,,[(%PROLIFIC_PID,1,2025-04-16_19h12.07.872,CLTandFLE,2024.1.5,Win32,60.24096386,5f1165307d03fb0009716b8e,67ffc4c40efe1bd1090b10ee,67ffe4bca5cf7483f9680798,,,,,,,,,,,,,,,,,,,,,,,,,,,,,,,,,,,,,,,,,,,231.9908,236.6884,4.6974,1,0,177.2198,-0.209895833,-0.029166667,0,0,0,0,31,31,0,1,a,Il paziente ha preso il Batatrim,Il paziente ha superato la crisi,,,,,,,,,,,,,,,,,,,,,,,,,,,,,,,,,,,,,,,,,,,,,,,,,,,,,,,,,,,,,,,,,,,,,,,,,,,,,,,,,,,,,,
,,,,,,,,[(%PROLIFIC_PID,1,2025-04-16_19h12.07.872,CLTandFLE,2024.1.5,Win32,60.24096386,5f1165307d03fb0009716b8e,67ffc4c40efe1bd1090b10ee,67ffe4bca5cf7483f9680798,,,,,,,,,,,,,,,,,,,,,,,,,,,,,,,,,,,,,,,,,,,236.6887,241.0017,4.313,1,0,181.5328,-0.193923569,-0.030555566,0,0,0,0,32,32,8,1,a,Il paziente ha preso il Batatrim,Il paziente ha superato la crisi,,,,,,,,,,,,,,,,,,,,,,,,,,,,,,,,,,,,,,,,,,,,,,,,,,,,,,,,,,,,,,,,,,,,,,,,,,,,,,,,,,,,,,
,,,,,,,,[(%PROLIFIC_PID,1,2025-04-16_19h12.07.872,CLTandFLE,2024.1.5,Win32,60.24096386,5f1165307d03fb0009716b8e,67ffc4c40efe1bd1090b10ee,67ffe4bca5cf7483f9680798,,,,,,,,,,,,,,,,,,,,,,,,,,,,,,,,,,,,,,,,,,,241.002,245.5157,4.5136,0,1,186.0464,-0.075868034,-0.018055566,0,0,0,0,33,33,38,1,d,Il paziente non ha preso il Batatrim,Il paziente non ha superato la crisi,,,,,,,,,,,,,,,,,,,,,,,,,,,,,,,,,,,,,,,,,,,,,,,,,,,,,,,,,,,,,,,,,,,,,,,,,,,,,,,,,,,,,,
,,,,,,,,[(%PROLIFIC_PID,1,2025-04-16_19h12.07.872,CLTandFLE,2024.1.5,Win32,60.24096386,5f1165307d03fb0009716b8e,67ffc4c40efe1bd1090b10ee,67ffe4bca5cf7483f9680798,,,,,,,,,,,,,,,,,,,,,,,,,,,,,,,,,,,,,,,,,,,245.5159,250.4144,4.8984,1,0,190.9448,-0.171006902,0.034722201,0,0,0,0,34,34,7,1,a,Il paziente ha preso il Batatrim,Il paziente ha superato la crisi,,,,,,,,,,,,,,,,,,,,,,,,,,,,,,,,,,,,,,,,,,,,,,,,,,,,,,,,,,,,,,,,,,,,,,,,,,,,,,,,,,,,,,
,,,,,,,,[(%PROLIFIC_PID,1,2025-04-16_19h12.07.872,CLTandFLE,2024.1.5,Win32,60.24096386,5f1165307d03fb0009716b8e,67ffc4c40efe1bd1090b10ee,67ffe4bca5cf7483f9680798,,,,,,,,,,,,,,,,,,,,,,,,,,,,,,,,,,,,,,,,,,,250.4145,254.7109,4.2961,1,0,195.2409,-0.168229167,0.047916667,0,0,0,0,35,35,17,1,b,Il paziente ha preso il Batatrim,Il paziente non ha superato la crisi,,,,,,,,,,,,,,,,,,,,,,,,,,,,,,,,,,,,,,,,,,,,,,,,,,,,,,,,,,,,,,,,,,,,,,,,,,,,,,,,,,,,,,
,,,,,,,,[(%PROLIFIC_PID,1,2025-04-16_19h12.07.872,CLTandFLE,2024.1.5,Win32,60.24096386,5f1165307d03fb0009716b8e,67ffc4c40efe1bd1090b10ee,67ffe4bca5cf7483f9680798,,,,,,,,,,,,,,,,,,,,,,,,,,,,,,,,,,,,,,,,,,,254.7114,259.4256,4.714,0,1,199.9549,-0.125173569,0.01875,0,0,0,0,36,36,35,1,d,Il paziente non ha preso il Batatrim,Il paziente non ha superato la crisi,,,,,,,,,,,,,,,,,,,,,,,,,,,,,,,,,,,,,,,,,,,,,,,,,,,,,,,,,,,,,,,,,,,,,,,,,,,,,,,,,,,,,,
,,,,,,,,[(%PROLIFIC_PID,1,2025-04-16_19h12.07.872,CLTandFLE,2024.1.5,Win32,60.24096386,5f1165307d03fb0009716b8e,67ffc4c40efe1bd1090b10ee,67ffe4bca5cf7483f9680798,,,,,,,,,,,,,,,,,,,,,,,,,,,,,,,,,,,,,,,,,,,259.426,264.3743,4.9482,0,1,204.9031,-0.148784701,0.007638868,0,0,0,0,37,37,39,1,d,Il paziente non ha preso il Batatrim,Il paziente non ha superato la crisi,,,,,,,,,,,,,,,,,,,,,,,,,,,,,,,,,,,,,,,,,,,,,,,,,,,,,,,,,,,,,,,,,,,,,,,,,,,,,,,,,,,,,,
,,,,,,,,[(%PROLIFIC_PID,1,2025-04-16_19h12.07.872,CLTandFLE,2024.1.5,Win32,60.24096386,5f1165307d03fb0009716b8e,67ffc4c40efe1bd1090b10ee,67ffe4bca5cf7483f9680798,,,,,,,,,,,,,,,,,,,,,,,,,,,,,,,,,,,,,,,,,,,264.3744,268.6874,4.3129,1,0,209.216,-0.133506902,-0.038194466,0,0,0,0,38,38,18,1,b,Il paziente ha preso il Batatrim,Il paziente non ha superato la crisi,,,,,,,,,,,,,,,,,,,,,,,,,,,,,,,,,,,,,,,,,,,,,,,,,,,,,,,,,,,,,,,,,,,,,,,,,,,,,,,,,,,,,,
,,,,,,,,[(%PROLIFIC_PID,1,2025-04-16_19h12.07.872,CLTandFLE,2024.1.5,Win32,60.24096386,5f1165307d03fb0009716b8e,67ffc4c40efe1bd1090b10ee,67ffe4bca5cf7483f9680798,,,,,,,,,,,,,,,,,,,,,,,,,,,,,,,,,,,,,,,,,,,268.6877,272.9509,4.263,0,1,213.479,-0.064756902,0.013888868,0,0,0,0,39,39,10,1,a,Il paziente ha preso il Batatrim,Il paziente ha superato la crisi,,,,,,,,,,,,,,,,,,,,,,,,,,,,,,,,,,,,,,,,,,,,,,,,,,,,,,,,,,,,,,,,,,,,,,,,,,,,,,,,,,,,,,
,,,,,,,,[(%PROLIFIC_PID,1,2025-04-16_19h12.07.872,CLTandFLE,2024.1.5,Win32,60.24096386,5f1165307d03fb0009716b8e,67ffc4c40efe1bd1090b10ee,67ffe4bca5cf7483f9680798,,297.8957,298.903,,,,,,,,,,,,,,,,,,,,,,,,,,,,,,,,,,,,,,,,,,,,,,,,,,,,,,,,,,,273.9547,286.9842,13.0292,76,9.8165,0.018576431,-0.213194466,1,0,0,287.9815,297.8956,9.9135,92,8.7757,0.013020833,-0.19375,1,0,0,15,20,10,10,0,0,0,0,1,,,,,,,,,,,,,,,,,,,,,,,,,,,,,,,,,,,,,,,,,,,,,,,,,,,,,,,,,
,,,,,,,,[(%PROLIFIC_PID,1,2025-04-16_19h12.07.872,CLTandFLE,2024.1.5,Win32,60.24096386,5f1165307d03fb0009716b8e,67ffc4c40efe1bd1090b10ee,67ffe4bca5cf7483f9680798,,426.3962,427.3967,,,,,,,,,,,,,,,,,,,,,,,,,,,,,,,,,,,,,,,,,,,,,,,,,,,,,,,,,,,,,,,,,,,,,,,,,,,,,,,,,,,,,,,,343.3533,349.0766,5.7229,1,4.7935,0.006770833,-0.23125,1,0,0,23,Maschio,Sì,17,No,TRUE,FALSE,7,7,8,6,7,FALSE,Conferma,c1ok,c2ok,c3ok,c4ok,c5ok,c6ok,c7ok,c8ok,c9ok,c10ok,c11err3,c12err,c13ok,c14err2,c15ok,c16err3,c17ok,c18ok,c19err2,c20err2,c21ok,c22ok,c23ok,c24err3,c25ok,c26ok,588.7788,595.5354,0,0,0,0,1
