﻿Alfa.started,Alfa.stopped,alfa_mouse.x,alfa_mouse.y,alfa_mouse.leftButton,alfa_mouse.midButton,alfa_mouse.rightButton,alfa_mouse.clicked_name,participant,group,date,expName,psychopyVersion,OS,frameRate,PROLIFIC_PID,STUDY_ID,SESSION_ID,)],ITI.started,ITI.stopped,B_consensoinformato.started,B_consensoinformato.stopped,tempo_consenso,cons_mouse.x,cons_mouse.y,cons_mouse.leftButton,cons_mouse.midButton,cons_mouse.rightButton,A_benvenuto.started,A_benvenuto.stopped,ben_mouse.x,ben_mouse.y,ben_mouse.leftButton,ben_mouse.midButton,ben_mouse.rightButton,B2_istruzioni.started,B2_istruzioni.stopped,tempo_istru,cons_mouse_2.x,cons_mouse_2.y,cons_mouse_2.leftButton,cons_mouse_2.midButton,cons_mouse_2.rightButton,SAMevaluation.started,SAMevaluation.stopped,temposam,sliderintensity.response,sliderintensity.rt,slidervalence.response,slidervalence.rt,mouse_sam.x,mouse_sam.y,mouse_sam.leftButton,mouse_sam.midButton,mouse_sam.rightButton,mouse_sam.time,mouse_sam.clicked_name,Loading.started,Loading.stopped,C_associative_task.started,C_associative_task.stopped,tempo_trial,hapremutosi,hapremutono,tempo_tasktot,mouse.x,mouse.y,mouse.leftButton,mouse.midButton,mouse.rightButton,trials.thisRepN,trials.thisTrialN,trials.thisN,trials.thisIndex,trials.ran,cond,causa,effetto,D_VD.started,D_VD.stopped,tempo_vd,vd.response,vd.rt,mouse_vd.x,mouse_vd.y,mouse_vd.leftButton,mouse_vd.midButton,mouse_vd.rightButton,Previous.started,Previous.stopped,tempo_vd1,previous.response,previous.rt,mouse_vd_2.x,mouse_vd_2.y,mouse_vd_2.leftButton,mouse_vd_2.midButton,mouse_vd_2.rightButton,EstITA.TrialNS,EstITA.TrialD,EstITA.TrialSN,EstITA.TrialSS,itaest.thisRepN,itaest.thisTrialN,itaest.thisN,itaest.thisIndex,itaest.ran,PF.started,PF.stopped,tempo_pf,processfluency.response,processfluency.rt,mouse_ch.x,mouse_ch.y,mouse_ch.leftButton,mouse_ch.midButton,mouse_ch.rightButton,Questionario_Lingua.Age,Questionario_Lingua.Sesso,Questionario_Lingua.StaiStudiando?,Questionario_Lingua.Anniscolarita,Questionario_Lingua.Diploma,Questionario_Lingua.Punteggiodiploma,Questionario_Lingua.ItaMADRE?,Questionario_Lingua.INGmadre?,Questionario_Lingua.Q5(AOAIng),Questionario_Lingua.INGLETTURA,Questionario_Lingua.INGCOMPRESO,Questionario_Lingua.INGSCRITTO,Questionario_Lingua.INGPARLATO,Questionario_Lingua.haivissutoestero,ProvaInglese.ProcediamoENg,ProvaInglese.C1,ProvaInglese.C2,ProvaInglese.C3,ProvaInglese.C4,ProvaInglese.C5,ProvaInglese.C6,ProvaInglese.C7,ProvaInglese.C8,ProvaInglese.C9,ProvaInglese.C10,ProvaInglese.C11,ProvaInglese.C12,ProvaInglese.C13,ProvaInglese.C14,ProvaInglese.C15,ProvaInglese.C16,ProvaInglese.C17,ProvaInglese.C18,ProvaInglese.C19,ProvaInglese.C20,ProvaInglese.C21,ProvaInglese.C22,ProvaInglese.C23,ProvaInglese.C24,ProvaInglese.C25,ProvaInglese.controlquestion,Ant_lastquestion.started,Ant_lastquestion.stopped,exp_loop.thisRepN,exp_loop.thisTrialN,exp_loop.thisN,exp_loop.thisIndex,exp_loop.ran
0.0003,9.3638,-0.072222222,-0.006481481,1,0,0,alfa_mask,[(%PROLIFIC_PID,1,2025-04-16_18h45.09.765,CLTandFLE,2024.1.5,Win32,59.88023952,603ac8c8ecb86c6cfa1948a5,67ffc4c40efe1bd1090b10ee,67ffdd7c47c9dadbedb9ab94,,,,,,,,,,,,,,,,,,,,,,,,,,,,,,,,,,,,,,,,,,,,,,,,,,,,,,,,,,,,,,,,,,,,,,,,,,,,,,,,,,,,,,,,,,,,,,,,,,,,,,,,,,,,,,,,,,,,,,,,,,,,,,,,,,,,,,,,,,,,,,,,,,,,
,,,,,,,,[(%PROLIFIC_PID,1,2025-04-16_18h45.09.765,CLTandFLE,2024.1.5,Win32,59.88023952,603ac8c8ecb86c6cfa1948a5,67ffc4c40efe1bd1090b10ee,67ffdd7c47c9dadbedb9ab94,,9.364,10.3523,,,,,,,,,,,,,,,,,,,,,,,,,,,,,,,,,,,,,,,,,,,,,,,,,,,,,,,,,,,,,,,,,,,,,,,,,,,,,,,,,,,,,,,,,,,,,,,,,,,,,,,,,,,,,,,,,,,,,,,,,,,,,,,,,,,,,,,,,,,,,,,,,
,,,,,,,,[(%PROLIFIC_PID,1,2025-04-16_18h45.09.765,CLTandFLE,2024.1.5,Win32,59.88023952,603ac8c8ecb86c6cfa1948a5,67ffc4c40efe1bd1090b10ee,67ffdd7c47c9dadbedb9ab94,,,,10.3524,24.598,14.2451,0.262037037,-0.377777778,1,0,0,,,,,,,,,,,,,,,,,,,,,,,,,,,,,,,,,,,,,,,,,,,,,,,,,,,,,,,,,,,,,,,,,,,,,,,,,,,,,,,,,,,,,,,,,,,,,,,,,,,,,,,,,,,,,,,,,,,,,,,,,,,,,,,,,,,,,,,,,
,,,,,,,,[(%PROLIFIC_PID,1,2025-04-16_18h45.09.765,CLTandFLE,2024.1.5,Win32,59.88023952,603ac8c8ecb86c6cfa1948a5,67ffc4c40efe1bd1090b10ee,67ffdd7c47c9dadbedb9ab94,,117.9334,118.9324,,,,,,,,,25.5976,30.9955,0.019444444,-0.109259259,1,0,0,31.9958,82.4295,50.4326,-0.008333333,-0.40462963,1,0,0,83.4288,109.936,26.5064,0.498842593,23.4722,0.498842593,25.5128,"[0.004629629629629629,0.010185185185185186,0.019444444444444445]","[0.19166666666666668,-0.003703703703703704,-0.20462962962962963]","[1,1,1]","[0,0,0]","[0,0,0]","[21.856900000005965,24.471000000000004,26.487099999994044]","[""sliderintensity"",""slidervalence"",""rettoksam""]",110.9358,117.9332,118.9502,125.2637,6.3131,1,0,6.3131,-0.177777778,-0.031481481,0,0,0,0,0,0,19,1,b,Il paziente ha preso il Batatrim,Il paziente non ha superato la crisi,,,,,,,,,,,,,,,,,,,,,,,,,,,,,,,,,,,,,,,,,,,,,,,,,,,,,,,,,,,,,,,,,,,,,,,,,,,,,,,,,,,,,,,
,,,,,,,,[(%PROLIFIC_PID,1,2025-04-16_18h45.09.765,CLTandFLE,2024.1.5,Win32,59.88023952,603ac8c8ecb86c6cfa1948a5,67ffc4c40efe1bd1090b10ee,67ffdd7c47c9dadbedb9ab94,,,,,,,,,,,,,,,,,,,,,,,,,,,,,,,,,,,,,,,,,,,125.264,134.0782,8.8141,0,1,15.1272,0.157407407,-0.037962963,0,0,0,0,1,1,22,1,c,Il paziente non ha preso il Batatrim,Il paziente ha superato la crisi,,,,,,,,,,,,,,,,,,,,,,,,,,,,,,,,,,,,,,,,,,,,,,,,,,,,,,,,,,,,,,,,,,,,,,,,,,,,,,,,,,,,,,,
,,,,,,,,[(%PROLIFIC_PID,1,2025-04-16_18h45.09.765,CLTandFLE,2024.1.5,Win32,59.88023952,603ac8c8ecb86c6cfa1948a5,67ffc4c40efe1bd1090b10ee,67ffdd7c47c9dadbedb9ab94,,,,,,,,,,,,,,,,,,,,,,,,,,,,,,,,,,,,,,,,,,,134.0785,139.2423,5.1636,1,0,20.2908,-0.172222222,-0.044444444,0,0,0,0,2,2,23,1,c,Il paziente non ha preso il Batatrim,Il paziente ha superato la crisi,,,,,,,,,,,,,,,,,,,,,,,,,,,,,,,,,,,,,,,,,,,,,,,,,,,,,,,,,,,,,,,,,,,,,,,,,,,,,,,,,,,,,,,
,,,,,,,,[(%PROLIFIC_PID,1,2025-04-16_18h45.09.765,CLTandFLE,2024.1.5,Win32,59.88023952,603ac8c8ecb86c6cfa1948a5,67ffc4c40efe1bd1090b10ee,67ffdd7c47c9dadbedb9ab94,,,,,,,,,,,,,,,,,,,,,,,,,,,,,,,,,,,,,,,,,,,139.2426,144.1238,4.8811,1,0,25.1719,-0.17037037,-0.043518519,0,0,0,0,3,3,27,1,c,Il paziente non ha preso il Batatrim,Il paziente ha superato la crisi,,,,,,,,,,,,,,,,,,,,,,,,,,,,,,,,,,,,,,,,,,,,,,,,,,,,,,,,,,,,,,,,,,,,,,,,,,,,,,,,,,,,,,,
,,,,,,,,[(%PROLIFIC_PID,1,2025-04-16_18h45.09.765,CLTandFLE,2024.1.5,Win32,59.88023952,603ac8c8ecb86c6cfa1948a5,67ffc4c40efe1bd1090b10ee,67ffdd7c47c9dadbedb9ab94,,,,,,,,,,,,,,,,,,,,,,,,,,,,,,,,,,,,,,,,,,,144.124,149.4054,5.2813,1,0,30.4532,-0.17037037,-0.043518519,0,0,0,0,4,4,36,1,d,Il paziente non ha preso il Batatrim,Il paziente non ha superato la crisi,,,,,,,,,,,,,,,,,,,,,,,,,,,,,,,,,,,,,,,,,,,,,,,,,,,,,,,,,,,,,,,,,,,,,,,,,,,,,,,,,,,,,,,
,,,,,,,,[(%PROLIFIC_PID,1,2025-04-16_18h45.09.765,CLTandFLE,2024.1.5,Win32,59.88023952,603ac8c8ecb86c6cfa1948a5,67ffc4c40efe1bd1090b10ee,67ffdd7c47c9dadbedb9ab94,,,,,,,,,,,,,,,,,,,,,,,,,,,,,,,,,,,,,,,,,,,149.4057,156.4534,7.0472,1,0,37.5004,-0.17037037,-0.043518519,0,0,0,0,5,5,31,1,c,Il paziente non ha preso il Batatrim,Il paziente ha superato la crisi,,,,,,,,,,,,,,,,,,,,,,,,,,,,,,,,,,,,,,,,,,,,,,,,,,,,,,,,,,,,,,,,,,,,,,,,,,,,,,,,,,,,,,,
,,,,,,,,[(%PROLIFIC_PID,1,2025-04-16_18h45.09.765,CLTandFLE,2024.1.5,Win32,59.88023952,603ac8c8ecb86c6cfa1948a5,67ffc4c40efe1bd1090b10ee,67ffdd7c47c9dadbedb9ab94,,,,,,,,,,,,,,,,,,,,,,,,,,,,,,,,,,,,,,,,,,,156.4541,161.951,5.4968,1,0,42.9972,-0.17037037,-0.043518519,0,0,0,0,6,6,39,1,d,Il paziente non ha preso il Batatrim,Il paziente non ha superato la crisi,,,,,,,,,,,,,,,,,,,,,,,,,,,,,,,,,,,,,,,,,,,,,,,,,,,,,,,,,,,,,,,,,,,,,,,,,,,,,,,,,,,,,,,
,,,,,,,,[(%PROLIFIC_PID,1,2025-04-16_18h45.09.765,CLTandFLE,2024.1.5,Win32,59.88023952,603ac8c8ecb86c6cfa1948a5,67ffc4c40efe1bd1090b10ee,67ffdd7c47c9dadbedb9ab94,,,,,,,,,,,,,,,,,,,,,,,,,,,,,,,,,,,,,,,,,,,161.9512,167.0837,5.132,0,1,48.1292,0.175925926,-0.052777778,0,0,0,0,7,7,9,1,a,Il paziente ha preso il Batatrim,Il paziente ha superato la crisi,,,,,,,,,,,,,,,,,,,,,,,,,,,,,,,,,,,,,,,,,,,,,,,,,,,,,,,,,,,,,,,,,,,,,,,,,,,,,,,,,,,,,,,
,,,,,,,,[(%PROLIFIC_PID,1,2025-04-16_18h45.09.765,CLTandFLE,2024.1.5,Win32,59.88023952,603ac8c8ecb86c6cfa1948a5,67ffc4c40efe1bd1090b10ee,67ffdd7c47c9dadbedb9ab94,,,,,,,,,,,,,,,,,,,,,,,,,,,,,,,,,,,,,,,,,,,167.0843,173.4153,6.3308,1,0,54.46,0.122222222,-0.039814815,0,0,0,0,8,8,26,1,c,Il paziente non ha preso il Batatrim,Il paziente ha superato la crisi,,,,,,,,,,,,,,,,,,,,,,,,,,,,,,,,,,,,,,,,,,,,,,,,,,,,,,,,,,,,,,,,,,,,,,,,,,,,,,,,,,,,,,,
,,,,,,,,[(%PROLIFIC_PID,1,2025-04-16_18h45.09.765,CLTandFLE,2024.1.5,Win32,59.88023952,603ac8c8ecb86c6cfa1948a5,67ffc4c40efe1bd1090b10ee,67ffdd7c47c9dadbedb9ab94,,,,,,,,,,,,,,,,,,,,,,,,,,,,,,,,,,,,,,,,,,,173.4158,178.2627,4.8466,0,1,59.3066,0.134259259,-0.046296296,0,0,0,0,9,9,15,1,b,Il paziente ha preso il Batatrim,Il paziente non ha superato la crisi,,,,,,,,,,,,,,,,,,,,,,,,,,,,,,,,,,,,,,,,,,,,,,,,,,,,,,,,,,,,,,,,,,,,,,,,,,,,,,,,,,,,,,,
,,,,,,,,[(%PROLIFIC_PID,1,2025-04-16_18h45.09.765,CLTandFLE,2024.1.5,Win32,59.88023952,603ac8c8ecb86c6cfa1948a5,67ffc4c40efe1bd1090b10ee,67ffdd7c47c9dadbedb9ab94,,,,,,,,,,,,,,,,,,,,,,,,,,,,,,,,,,,,,,,,,,,178.2635,183.1439,4.8803,1,0,64.1869,-0.096296296,-0.042592593,0,0,0,0,10,10,37,1,d,Il paziente non ha preso il Batatrim,Il paziente non ha superato la crisi,,,,,,,,,,,,,,,,,,,,,,,,,,,,,,,,,,,,,,,,,,,,,,,,,,,,,,,,,,,,,,,,,,,,,,,,,,,,,,,,,,,,,,,
,,,,,,,,[(%PROLIFIC_PID,1,2025-04-16_18h45.09.765,CLTandFLE,2024.1.5,Win32,59.88023952,603ac8c8ecb86c6cfa1948a5,67ffc4c40efe1bd1090b10ee,67ffdd7c47c9dadbedb9ab94,,,,,,,,,,,,,,,,,,,,,,,,,,,,,,,,,,,,,,,,,,,183.1441,189.2584,6.1142,1,0,70.3011,-0.189814815,-0.038888889,0,0,0,0,11,11,29,1,c,Il paziente non ha preso il Batatrim,Il paziente ha superato la crisi,,,,,,,,,,,,,,,,,,,,,,,,,,,,,,,,,,,,,,,,,,,,,,,,,,,,,,,,,,,,,,,,,,,,,,,,,,,,,,,,,,,,,,,
,,,,,,,,[(%PROLIFIC_PID,1,2025-04-16_18h45.09.765,CLTandFLE,2024.1.5,Win32,59.88023952,603ac8c8ecb86c6cfa1948a5,67ffc4c40efe1bd1090b10ee,67ffdd7c47c9dadbedb9ab94,,,,,,,,,,,,,,,,,,,,,,,,,,,,,,,,,,,,,,,,,,,189.2586,194.7294,5.4706,0,1,75.7717,-0.142592593,-0.049074074,0,0,0,0,12,12,30,1,c,Il paziente non ha preso il Batatrim,Il paziente ha superato la crisi,,,,,,,,,,,,,,,,,,,,,,,,,,,,,,,,,,,,,,,,,,,,,,,,,,,,,,,,,,,,,,,,,,,,,,,,,,,,,,,,,,,,,,,
,,,,,,,,[(%PROLIFIC_PID,1,2025-04-16_18h45.09.765,CLTandFLE,2024.1.5,Win32,59.88023952,603ac8c8ecb86c6cfa1948a5,67ffc4c40efe1bd1090b10ee,67ffdd7c47c9dadbedb9ab94,,,,,,,,,,,,,,,,,,,,,,,,,,,,,,,,,,,,,,,,,,,194.7298,199.7049,4.975,0,1,80.7467,-0.219444444,-0.086111111,0,0,0,0,13,13,1,1,a,Il paziente ha preso il Batatrim,Il paziente ha superato la crisi,,,,,,,,,,,,,,,,,,,,,,,,,,,,,,,,,,,,,,,,,,,,,,,,,,,,,,,,,,,,,,,,,,,,,,,,,,,,,,,,,,,,,,,
,,,,,,,,[(%PROLIFIC_PID,1,2025-04-16_18h45.09.765,CLTandFLE,2024.1.5,Win32,59.88023952,603ac8c8ecb86c6cfa1948a5,67ffc4c40efe1bd1090b10ee,67ffdd7c47c9dadbedb9ab94,,,,,,,,,,,,,,,,,,,,,,,,,,,,,,,,,,,,,,,,,,,199.7051,206.8191,7.1139,1,0,87.8606,-0.049074074,-0.05462963,0,0,0,0,14,14,24,1,c,Il paziente non ha preso il Batatrim,Il paziente ha superato la crisi,,,,,,,,,,,,,,,,,,,,,,,,,,,,,,,,,,,,,,,,,,,,,,,,,,,,,,,,,,,,,,,,,,,,,,,,,,,,,,,,,,,,,,,
,,,,,,,,[(%PROLIFIC_PID,1,2025-04-16_18h45.09.765,CLTandFLE,2024.1.5,Win32,59.88023952,603ac8c8ecb86c6cfa1948a5,67ffc4c40efe1bd1090b10ee,67ffdd7c47c9dadbedb9ab94,,,,,,,,,,,,,,,,,,,,,,,,,,,,,,,,,,,,,,,,,,,206.8193,211.7509,4.9315,1,0,92.7921,-0.15462963,-0.062037037,0,0,0,0,15,15,28,1,c,Il paziente non ha preso il Batatrim,Il paziente ha superato la crisi,,,,,,,,,,,,,,,,,,,,,,,,,,,,,,,,,,,,,,,,,,,,,,,,,,,,,,,,,,,,,,,,,,,,,,,,,,,,,,,,,,,,,,,
,,,,,,,,[(%PROLIFIC_PID,1,2025-04-16_18h45.09.765,CLTandFLE,2024.1.5,Win32,59.88023952,603ac8c8ecb86c6cfa1948a5,67ffc4c40efe1bd1090b10ee,67ffdd7c47c9dadbedb9ab94,,,,,,,,,,,,,,,,,,,,,,,,,,,,,,,,,,,,,,,,,,,211.7513,216.4991,4.7476,1,0,97.5397,-0.168518519,-0.055555556,0,0,0,0,16,16,38,1,d,Il paziente non ha preso il Batatrim,Il paziente non ha superato la crisi,,,,,,,,,,,,,,,,,,,,,,,,,,,,,,,,,,,,,,,,,,,,,,,,,,,,,,,,,,,,,,,,,,,,,,,,,,,,,,,,,,,,,,,
,,,,,,,,[(%PROLIFIC_PID,1,2025-04-16_18h45.09.765,CLTandFLE,2024.1.5,Win32,59.88023952,603ac8c8ecb86c6cfa1948a5,67ffc4c40efe1bd1090b10ee,67ffdd7c47c9dadbedb9ab94,,,,,,,,,,,,,,,,,,,,,,,,,,,,,,,,,,,,,,,,,,,216.4994,222.1306,5.6311,1,0,103.1708,-0.175,-0.047222222,0,0,0,0,17,17,33,1,c,Il paziente non ha preso il Batatrim,Il paziente ha superato la crisi,,,,,,,,,,,,,,,,,,,,,,,,,,,,,,,,,,,,,,,,,,,,,,,,,,,,,,,,,,,,,,,,,,,,,,,,,,,,,,,,,,,,,,,
,,,,,,,,[(%PROLIFIC_PID,1,2025-04-16_18h45.09.765,CLTandFLE,2024.1.5,Win32,59.88023952,603ac8c8ecb86c6cfa1948a5,67ffc4c40efe1bd1090b10ee,67ffdd7c47c9dadbedb9ab94,,,,,,,,,,,,,,,,,,,,,,,,,,,,,,,,,,,,,,,,,,,222.1309,227.4791,5.3481,0,1,108.5189,0.130555556,-0.043518519,0,0,0,0,18,18,11,1,a,Il paziente ha preso il Batatrim,Il paziente ha superato la crisi,,,,,,,,,,,,,,,,,,,,,,,,,,,,,,,,,,,,,,,,,,,,,,,,,,,,,,,,,,,,,,,,,,,,,,,,,,,,,,,,,,,,,,,
,,,,,,,,[(%PROLIFIC_PID,1,2025-04-16_18h45.09.765,CLTandFLE,2024.1.5,Win32,59.88023952,603ac8c8ecb86c6cfa1948a5,67ffc4c40efe1bd1090b10ee,67ffdd7c47c9dadbedb9ab94,,,,,,,,,,,,,,,,,,,,,,,,,,,,,,,,,,,,,,,,,,,227.4794,232.8439,5.3644,1,0,113.8833,0.039814815,-0.043518519,0,0,0,0,19,19,0,1,a,Il paziente ha preso il Batatrim,Il paziente ha superato la crisi,,,,,,,,,,,,,,,,,,,,,,,,,,,,,,,,,,,,,,,,,,,,,,,,,,,,,,,,,,,,,,,,,,,,,,,,,,,,,,,,,,,,,,,
,,,,,,,,[(%PROLIFIC_PID,1,2025-04-16_18h45.09.765,CLTandFLE,2024.1.5,Win32,59.88023952,603ac8c8ecb86c6cfa1948a5,67ffc4c40efe1bd1090b10ee,67ffdd7c47c9dadbedb9ab94,,,,,,,,,,,,,,,,,,,,,,,,,,,,,,,,,,,,,,,,,,,232.8441,237.7618,4.9176,1,0,118.8009,-0.063888889,-0.041666667,0,0,0,0,20,20,32,1,c,Il paziente non ha preso il Batatrim,Il paziente ha superato la crisi,,,,,,,,,,,,,,,,,,,,,,,,,,,,,,,,,,,,,,,,,,,,,,,,,,,,,,,,,,,,,,,,,,,,,,,,,,,,,,,,,,,,,,,
,,,,,,,,[(%PROLIFIC_PID,1,2025-04-16_18h45.09.765,CLTandFLE,2024.1.5,Win32,59.88023952,603ac8c8ecb86c6cfa1948a5,67ffc4c40efe1bd1090b10ee,67ffdd7c47c9dadbedb9ab94,,,,,,,,,,,,,,,,,,,,,,,,,,,,,,,,,,,,,,,,,,,237.7621,242.6501,4.8799,0,1,123.6808,0.100925926,-0.047222222,0,0,0,0,21,21,35,1,d,Il paziente non ha preso il Batatrim,Il paziente non ha superato la crisi,,,,,,,,,,,,,,,,,,,,,,,,,,,,,,,,,,,,,,,,,,,,,,,,,,,,,,,,,,,,,,,,,,,,,,,,,,,,,,,,,,,,,,,
,,,,,,,,[(%PROLIFIC_PID,1,2025-04-16_18h45.09.765,CLTandFLE,2024.1.5,Win32,59.88023952,603ac8c8ecb86c6cfa1948a5,67ffc4c40efe1bd1090b10ee,67ffdd7c47c9dadbedb9ab94,,,,,,,,,,,,,,,,,,,,,,,,,,,,,,,,,,,,,,,,,,,242.6505,248.1051,5.4543,0,1,129.1351,-0.155555556,-0.093518519,0,0,0,0,22,22,10,1,a,Il paziente ha preso il Batatrim,Il paziente ha superato la crisi,,,,,,,,,,,,,,,,,,,,,,,,,,,,,,,,,,,,,,,,,,,,,,,,,,,,,,,,,,,,,,,,,,,,,,,,,,,,,,,,,,,,,,,
,,,,,,,,[(%PROLIFIC_PID,1,2025-04-16_18h45.09.765,CLTandFLE,2024.1.5,Win32,59.88023952,603ac8c8ecb86c6cfa1948a5,67ffc4c40efe1bd1090b10ee,67ffdd7c47c9dadbedb9ab94,,,,,,,,,,,,,,,,,,,,,,,,,,,,,,,,,,,,,,,,,,,248.1054,255.3437,7.2378,1,0,136.3729,-0.161111111,-0.05,0,0,0,0,23,23,13,1,a,Il paziente ha preso il Batatrim,Il paziente ha superato la crisi,,,,,,,,,,,,,,,,,,,,,,,,,,,,,,,,,,,,,,,,,,,,,,,,,,,,,,,,,,,,,,,,,,,,,,,,,,,,,,,,,,,,,,,
,,,,,,,,[(%PROLIFIC_PID,1,2025-04-16_18h45.09.765,CLTandFLE,2024.1.5,Win32,59.88023952,603ac8c8ecb86c6cfa1948a5,67ffc4c40efe1bd1090b10ee,67ffdd7c47c9dadbedb9ab94,,,,,,,,,,,,,,,,,,,,,,,,,,,,,,,,,,,,,,,,,,,255.3439,261.1579,5.8139,0,1,142.1868,-0.22037037,-0.066666667,0,0,0,0,24,24,3,1,a,Il paziente ha preso il Batatrim,Il paziente ha superato la crisi,,,,,,,,,,,,,,,,,,,,,,,,,,,,,,,,,,,,,,,,,,,,,,,,,,,,,,,,,,,,,,,,,,,,,,,,,,,,,,,,,,,,,,,
,,,,,,,,[(%PROLIFIC_PID,1,2025-04-16_18h45.09.765,CLTandFLE,2024.1.5,Win32,59.88023952,603ac8c8ecb86c6cfa1948a5,67ffc4c40efe1bd1090b10ee,67ffdd7c47c9dadbedb9ab94,,,,,,,,,,,,,,,,,,,,,,,,,,,,,,,,,,,,,,,,,,,261.1581,265.589,4.4293,1,0,146.6161,-0.096296296,-0.060185185,0,0,0,0,25,25,2,1,a,Il paziente ha preso il Batatrim,Il paziente ha superato la crisi,,,,,,,,,,,,,,,,,,,,,,,,,,,,,,,,,,,,,,,,,,,,,,,,,,,,,,,,,,,,,,,,,,,,,,,,,,,,,,,,,,,,,,,
,,,,,,,,[(%PROLIFIC_PID,1,2025-04-16_18h45.09.765,CLTandFLE,2024.1.5,Win32,59.88023952,603ac8c8ecb86c6cfa1948a5,67ffc4c40efe1bd1090b10ee,67ffdd7c47c9dadbedb9ab94,,,,,,,,,,,,,,,,,,,,,,,,,,,,,,,,,,,,,,,,,,,265.5892,270.081,4.4916,1,0,151.1077,-0.156481481,-0.062962963,0,0,0,0,26,26,6,1,a,Il paziente ha preso il Batatrim,Il paziente ha superato la crisi,,,,,,,,,,,,,,,,,,,,,,,,,,,,,,,,,,,,,,,,,,,,,,,,,,,,,,,,,,,,,,,,,,,,,,,,,,,,,,,,,,,,,,,
,,,,,,,,[(%PROLIFIC_PID,1,2025-04-16_18h45.09.765,CLTandFLE,2024.1.5,Win32,59.88023952,603ac8c8ecb86c6cfa1948a5,67ffc4c40efe1bd1090b10ee,67ffdd7c47c9dadbedb9ab94,,,,,,,,,,,,,,,,,,,,,,,,,,,,,,,,,,,,,,,,,,,270.0811,274.313,4.2317,0,1,155.3394,0.150925926,-0.075,0,0,0,0,27,27,12,1,a,Il paziente ha preso il Batatrim,Il paziente ha superato la crisi,,,,,,,,,,,,,,,,,,,,,,,,,,,,,,,,,,,,,,,,,,,,,,,,,,,,,,,,,,,,,,,,,,,,,,,,,,,,,,,,,,,,,,,
,,,,,,,,[(%PROLIFIC_PID,1,2025-04-16_18h45.09.765,CLTandFLE,2024.1.5,Win32,59.88023952,603ac8c8ecb86c6cfa1948a5,67ffc4c40efe1bd1090b10ee,67ffdd7c47c9dadbedb9ab94,,,,,,,,,,,,,,,,,,,,,,,,,,,,,,,,,,,,,,,,,,,274.3133,279.2613,4.9478,1,0,160.2872,-0.128703704,-0.039814815,0,0,0,0,28,28,7,1,a,Il paziente ha preso il Batatrim,Il paziente ha superato la crisi,,,,,,,,,,,,,,,,,,,,,,,,,,,,,,,,,,,,,,,,,,,,,,,,,,,,,,,,,,,,,,,,,,,,,,,,,,,,,,,,,,,,,,,
,,,,,,,,[(%PROLIFIC_PID,1,2025-04-16_18h45.09.765,CLTandFLE,2024.1.5,Win32,59.88023952,603ac8c8ecb86c6cfa1948a5,67ffc4c40efe1bd1090b10ee,67ffdd7c47c9dadbedb9ab94,,,,,,,,,,,,,,,,,,,,,,,,,,,,,,,,,,,,,,,,,,,279.2616,283.56,4.2982,1,0,164.5854,-0.163888889,-0.047222222,0,0,0,0,29,29,8,1,a,Il paziente ha preso il Batatrim,Il paziente ha superato la crisi,,,,,,,,,,,,,,,,,,,,,,,,,,,,,,,,,,,,,,,,,,,,,,,,,,,,,,,,,,,,,,,,,,,,,,,,,,,,,,,,,,,,,,,
,,,,,,,,[(%PROLIFIC_PID,1,2025-04-16_18h45.09.765,CLTandFLE,2024.1.5,Win32,59.88023952,603ac8c8ecb86c6cfa1948a5,67ffc4c40efe1bd1090b10ee,67ffdd7c47c9dadbedb9ab94,,,,,,,,,,,,,,,,,,,,,,,,,,,,,,,,,,,,,,,,,,,283.5604,287.925,4.3644,1,0,168.9498,-0.157407407,-0.04537037,0,0,0,0,30,30,5,1,a,Il paziente ha preso il Batatrim,Il paziente ha superato la crisi,,,,,,,,,,,,,,,,,,,,,,,,,,,,,,,,,,,,,,,,,,,,,,,,,,,,,,,,,,,,,,,,,,,,,,,,,,,,,,,,,,,,,,,
,,,,,,,,[(%PROLIFIC_PID,1,2025-04-16_18h45.09.765,CLTandFLE,2024.1.5,Win32,59.88023952,603ac8c8ecb86c6cfa1948a5,67ffc4c40efe1bd1090b10ee,67ffdd7c47c9dadbedb9ab94,,,,,,,,,,,,,,,,,,,,,,,,,,,,,,,,,,,,,,,,,,,287.9252,293.2065,5.2812,1,0,174.231,-0.108333333,-0.042592593,0,0,0,0,31,31,18,1,b,Il paziente ha preso il Batatrim,Il paziente non ha superato la crisi,,,,,,,,,,,,,,,,,,,,,,,,,,,,,,,,,,,,,,,,,,,,,,,,,,,,,,,,,,,,,,,,,,,,,,,,,,,,,,,,,,,,,,,
,,,,,,,,[(%PROLIFIC_PID,1,2025-04-16_18h45.09.765,CLTandFLE,2024.1.5,Win32,59.88023952,603ac8c8ecb86c6cfa1948a5,67ffc4c40efe1bd1090b10ee,67ffdd7c47c9dadbedb9ab94,,,,,,,,,,,,,,,,,,,,,,,,,,,,,,,,,,,,,,,,,,,293.2067,301.7073,8.5003,0,1,182.7313,-0.080555556,-0.050925926,0,0,0,0,32,32,20,1,c,Il paziente non ha preso il Batatrim,Il paziente ha superato la crisi,,,,,,,,,,,,,,,,,,,,,,,,,,,,,,,,,,,,,,,,,,,,,,,,,,,,,,,,,,,,,,,,,,,,,,,,,,,,,,,,,,,,,,,
,,,,,,,,[(%PROLIFIC_PID,1,2025-04-16_18h45.09.765,CLTandFLE,2024.1.5,Win32,59.88023952,603ac8c8ecb86c6cfa1948a5,67ffc4c40efe1bd1090b10ee,67ffdd7c47c9dadbedb9ab94,,,,,,,,,,,,,,,,,,,,,,,,,,,,,,,,,,,,,,,,,,,301.7078,306.5688,4.8609,1,0,187.5922,-0.159259259,-0.049074074,0,0,0,0,33,33,4,1,a,Il paziente ha preso il Batatrim,Il paziente ha superato la crisi,,,,,,,,,,,,,,,,,,,,,,,,,,,,,,,,,,,,,,,,,,,,,,,,,,,,,,,,,,,,,,,,,,,,,,,,,,,,,,,,,,,,,,,
,,,,,,,,[(%PROLIFIC_PID,1,2025-04-16_18h45.09.765,CLTandFLE,2024.1.5,Win32,59.88023952,603ac8c8ecb86c6cfa1948a5,67ffc4c40efe1bd1090b10ee,67ffdd7c47c9dadbedb9ab94,,,,,,,,,,,,,,,,,,,,,,,,,,,,,,,,,,,,,,,,,,,306.5689,311.567,4.9979,1,0,192.5901,-0.203703704,-0.041666667,0,0,0,0,34,34,17,1,b,Il paziente ha preso il Batatrim,Il paziente non ha superato la crisi,,,,,,,,,,,,,,,,,,,,,,,,,,,,,,,,,,,,,,,,,,,,,,,,,,,,,,,,,,,,,,,,,,,,,,,,,,,,,,,,,,,,,,,
,,,,,,,,[(%PROLIFIC_PID,1,2025-04-16_18h45.09.765,CLTandFLE,2024.1.5,Win32,59.88023952,603ac8c8ecb86c6cfa1948a5,67ffc4c40efe1bd1090b10ee,67ffdd7c47c9dadbedb9ab94,,,,,,,,,,,,,,,,,,,,,,,,,,,,,,,,,,,,,,,,,,,311.5671,318.5,6.9277,1,0,199.5178,-0.168518519,0.008333333,0,0,0,0,35,35,34,1,c,Il paziente non ha preso il Batatrim,Il paziente ha superato la crisi,,,,,,,,,,,,,,,,,,,,,,,,,,,,,,,,,,,,,,,,,,,,,,,,,,,,,,,,,,,,,,,,,,,,,,,,,,,,,,,,,,,,,,,
,,,,,,,,[(%PROLIFIC_PID,1,2025-04-16_18h45.09.765,CLTandFLE,2024.1.5,Win32,59.88023952,603ac8c8ecb86c6cfa1948a5,67ffc4c40efe1bd1090b10ee,67ffdd7c47c9dadbedb9ab94,,,,,,,,,,,,,,,,,,,,,,,,,,,,,,,,,,,,,,,,,,,318.5003,323.0036,4.5028,1,0,204.0206,-0.159259259,-0.012962963,0,0,0,0,36,36,16,1,b,Il paziente ha preso il Batatrim,Il paziente non ha superato la crisi,,,,,,,,,,,,,,,,,,,,,,,,,,,,,,,,,,,,,,,,,,,,,,,,,,,,,,,,,,,,,,,,,,,,,,,,,,,,,,,,,,,,,,,
,,,,,,,,[(%PROLIFIC_PID,1,2025-04-16_18h45.09.765,CLTandFLE,2024.1.5,Win32,59.88023952,603ac8c8ecb86c6cfa1948a5,67ffc4c40efe1bd1090b10ee,67ffdd7c47c9dadbedb9ab94,,,,,,,,,,,,,,,,,,,,,,,,,,,,,,,,,,,,,,,,,,,323.004,331.1944,8.1902,1,0,212.2108,-0.077777778,-0.057407407,0,0,0,0,37,37,21,1,c,Il paziente non ha preso il Batatrim,Il paziente ha superato la crisi,,,,,,,,,,,,,,,,,,,,,,,,,,,,,,,,,,,,,,,,,,,,,,,,,,,,,,,,,,,,,,,,,,,,,,,,,,,,,,,,,,,,,,,
,,,,,,,,[(%PROLIFIC_PID,1,2025-04-16_18h45.09.765,CLTandFLE,2024.1.5,Win32,59.88023952,603ac8c8ecb86c6cfa1948a5,67ffc4c40efe1bd1090b10ee,67ffdd7c47c9dadbedb9ab94,,,,,,,,,,,,,,,,,,,,,,,,,,,,,,,,,,,,,,,,,,,331.1946,336.7169,5.5222,1,0,217.733,-0.152777778,0.00462963,0,0,0,0,38,38,14,1,b,Il paziente ha preso il Batatrim,Il paziente ha superato la crisi,,,,,,,,,,,,,,,,,,,,,,,,,,,,,,,,,,,,,,,,,,,,,,,,,,,,,,,,,,,,,,,,,,,,,,,,,,,,,,,,,,,,,,,
,,,,,,,,[(%PROLIFIC_PID,1,2025-04-16_18h45.09.765,CLTandFLE,2024.1.5,Win32,59.88023952,603ac8c8ecb86c6cfa1948a5,67ffc4c40efe1bd1090b10ee,67ffdd7c47c9dadbedb9ab94,,,,,,,,,,,,,,,,,,,,,,,,,,,,,,,,,,,,,,,,,,,336.7171,341.2977,4.5804,0,1,222.3134,0.125,-0.062037037,0,0,0,0,39,39,25,1,c,Il paziente non ha preso il Batatrim,Il paziente ha superato la crisi,,,,,,,,,,,,,,,,,,,,,,,,,,,,,,,,,,,,,,,,,,,,,,,,,,,,,,,,,,,,,,,,,,,,,,,,,,,,,,,,,,,,,,,
,,,,,,,,[(%PROLIFIC_PID,1,2025-04-16_18h45.09.765,CLTandFLE,2024.1.5,Win32,59.88023952,603ac8c8ecb86c6cfa1948a5,67ffc4c40efe1bd1090b10ee,67ffdd7c47c9dadbedb9ab94,,393.373,394.3726,,,,,,,,,,,,,,,,,,,,,,,,,,,,,,,,,,,,,,,,,,,,,,,,,,,,,,,,,,,342.29,380.3115,38.0203,68,36.9945,0.010185185,-0.181481481,1,0,0,381.3107,393.3729,12.0618,85,10.5517,0.005555556,-0.187037037,1,0,0,15,8,7,19,0,0,0,0,1,,,,,,,,,,,,,,,,,,,,,,,,,,,,,,,,,,,,,,,,,,,,,,,,,,,,,,,,,,
,,,,,,,,[(%PROLIFIC_PID,1,2025-04-16_18h45.09.765,CLTandFLE,2024.1.5,Win32,59.88023952,603ac8c8ecb86c6cfa1948a5,67ffc4c40efe1bd1090b10ee,67ffdd7c47c9dadbedb9ab94,,612.7187,613.7146,,,,,,,,,,,,,,,,,,,,,,,,,,,,,,,,,,,,,,,,,,,,,,,,,,,,,,,,,,,,,,,,,,,,,,,,,,,,,,,,,,,,,,,,446.2058,460.9513,14.7443,1,10.5034,-0.025925926,-0.225,1,0,0,25,Maschio,Sì,19,"Sì, l'ho ottenuta più di due anni fa",C1 CEFR (7 - 8 IELTS),TRUE,FALSE,10,8,8,6,7,FALSE,Conferma,c1ok,c2ok,c3ok,c4ok,c5ok,c6ok,c7ok,c8ok,c9ok,c10ok,c11ok,c12err,c13ok,c14ok,c15ok,c16ok,c17ok,c18ok,c19ok,c20ok,c21err2,c22ok,c23ok,c24err2,c25ok,c26ok,851.739,858.565,0,0,0,0,1
