﻿Alfa.started,Alfa.stopped,alfa_mouse.x,alfa_mouse.y,alfa_mouse.leftButton,alfa_mouse.midButton,alfa_mouse.rightButton,alfa_mouse.clicked_name,participant,group,date,expName,psychopyVersion,OS,frameRate,PROLIFIC_PID,STUDY_ID,SESSION_ID,)],ITI.started,ITI.stopped,B_consensoinformato.started,B_consensoinformato.stopped,tempo_consenso,cons_mouse.x,cons_mouse.y,cons_mouse.leftButton,cons_mouse.midButton,cons_mouse.rightButton,A_benvenuto.started,A_benvenuto.stopped,ben_mouse.x,ben_mouse.y,ben_mouse.leftButton,ben_mouse.midButton,ben_mouse.rightButton,B2_istruzioni.started,B2_istruzioni.stopped,tempo_istru,cons_mouse_2.x,cons_mouse_2.y,cons_mouse_2.leftButton,cons_mouse_2.midButton,cons_mouse_2.rightButton,SAMevaluation.started,SAMevaluation.stopped,temposam,sliderintensity.response,sliderintensity.rt,slidervalence.response,slidervalence.rt,mouse_sam.x,mouse_sam.y,mouse_sam.leftButton,mouse_sam.midButton,mouse_sam.rightButton,mouse_sam.time,mouse_sam.clicked_name,Loading.started,Loading.stopped,C_associative_task.started,C_associative_task.stopped,tempo_trial,hapremutosi,hapremutono,tempo_tasktot,mouse.x,mouse.y,mouse.leftButton,mouse.midButton,mouse.rightButton,trials.thisRepN,trials.thisTrialN,trials.thisN,trials.thisIndex,trials.ran,cond,causa,effetto,D_VD.started,D_VD.stopped,tempo_vd,vd.response,vd.rt,mouse_vd.x,mouse_vd.y,mouse_vd.leftButton,mouse_vd.midButton,mouse_vd.rightButton,Previous.started,Previous.stopped,tempo_vd1,previous.response,previous.rt,mouse_vd_2.x,mouse_vd_2.y,mouse_vd_2.leftButton,mouse_vd_2.midButton,mouse_vd_2.rightButton,EstITA.TrialSS,EstITA.TrialSN,EstITA.TrialD,EstITA.TrialNS,itaest.thisRepN,itaest.thisTrialN,itaest.thisN,itaest.thisIndex,itaest.ran,PF.started,PF.stopped,tempo_pf,processfluency.response,processfluency.rt,mouse_ch.x,mouse_ch.y,mouse_ch.leftButton,mouse_ch.midButton,mouse_ch.rightButton,Questionario_Lingua.Age,Questionario_Lingua.Sesso,Questionario_Lingua.StaiStudiando?,Questionario_Lingua.Anniscolarita,Questionario_Lingua.Diploma,Questionario_Lingua.ItaMADRE?,Questionario_Lingua.INGmadre?,Questionario_Lingua.Q5(AOAIng),Questionario_Lingua.INGLETTURA,Questionario_Lingua.INGCOMPRESO,Questionario_Lingua.INGSCRITTO,Questionario_Lingua.INGPARLATO,Questionario_Lingua.haivissutoestero,ProvaInglese.ProcediamoENg,ProvaInglese.C1,ProvaInglese.C2,ProvaInglese.C3,ProvaInglese.C4,ProvaInglese.C5,ProvaInglese.C6,ProvaInglese.C7,ProvaInglese.C8,ProvaInglese.C9,ProvaInglese.C10,ProvaInglese.C11,ProvaInglese.C12,ProvaInglese.C13,ProvaInglese.C14,ProvaInglese.C15,ProvaInglese.C16,ProvaInglese.C17,ProvaInglese.C18,ProvaInglese.C19,ProvaInglese.C20,ProvaInglese.C21,ProvaInglese.C22,ProvaInglese.C23,ProvaInglese.C24,ProvaInglese.C25,ProvaInglese.controlquestion,Ant_lastquestion.started,Ant_lastquestion.stopped,exp_loop.thisRepN,exp_loop.thisTrialN,exp_loop.thisN,exp_loop.thisIndex,exp_loop.ran
1E-04,32.0984,0.03125,0.0125,1,0,0,alfa_mask,[(%PROLIFIC_PID,1,2025-04-16_18h57.53.629,CLTandFLE,2024.1.5,Win32,59.88023952,5a9867e0f6dfdd0001ea7eb4,67ffc4c40efe1bd1090b10ee,67ffe18671a29d912ac5937e,,,,,,,,,,,,,,,,,,,,,,,,,,,,,,,,,,,,,,,,,,,,,,,,,,,,,,,,,,,,,,,,,,,,,,,,,,,,,,,,,,,,,,,,,,,,,,,,,,,,,,,,,,,,,,,,,,,,,,,,,,,,,,,,,,,,,,,,,,,,,,,,,,,
,,,,,,,,[(%PROLIFIC_PID,1,2025-04-16_18h57.53.629,CLTandFLE,2024.1.5,Win32,59.88023952,5a9867e0f6dfdd0001ea7eb4,67ffc4c40efe1bd1090b10ee,67ffe18671a29d912ac5937e,,32.0986,33.0969,,,,,,,,,,,,,,,,,,,,,,,,,,,,,,,,,,,,,,,,,,,,,,,,,,,,,,,,,,,,,,,,,,,,,,,,,,,,,,,,,,,,,,,,,,,,,,,,,,,,,,,,,,,,,,,,,,,,,,,,,,,,,,,,,,,,,,,,,,,,,,,,
,,,,,,,,[(%PROLIFIC_PID,1,2025-04-16_18h57.53.629,CLTandFLE,2024.1.5,Win32,59.88023952,5a9867e0f6dfdd0001ea7eb4,67ffc4c40efe1bd1090b10ee,67ffe18671a29d912ac5937e,,,,33.097,40.3807,7.2835,0.195833333,-0.390277778,1,0,0,,,,,,,,,,,,,,,,,,,,,,,,,,,,,,,,,,,,,,,,,,,,,,,,,,,,,,,,,,,,,,,,,,,,,,,,,,,,,,,,,,,,,,,,,,,,,,,,,,,,,,,,,,,,,,,,,,,,,,,,,,,,,,,,,,,,,,,,
,,,,,,,,[(%PROLIFIC_PID,1,2025-04-16_18h57.53.629,CLTandFLE,2024.1.5,Win32,59.88023952,5a9867e0f6dfdd0001ea7eb4,67ffc4c40efe1bd1090b10ee,67ffe18671a29d912ac5937e,,93.6003,94.6003,,,,,,,,,41.3809,44.6506,0.078472222,-0.100694444,1,0,0,45.6476,73.0492,27.4014,0.026388889,-0.4,1,0,0,74.0492,85.6,11.5505,0.756076389,4.7192,0.231770833,7.1321,"[0.019444444444444445,0.002777777777777778,0.03333333333333333]","[0.20347222222222222,-0.011111111111111112,-0.2]","[1,1,1]","[0,0,0]","[0,0,0]","[3.3970999999977636,5.613599999997774,11.547299999997023]","[""sliderintensity"",""slidervalence"",""rettoksam""]",86.6001,93.6003,94.6087,161.0211,66.4122,0,1,66.4122,0.045138889,-0.159027778,0,0,0,0,0,0,26,1,c,Il paziente non ha preso il Batatrim,Il paziente ha superato la crisi,,,,,,,,,,,,,,,,,,,,,,,,,,,,,,,,,,,,,,,,,,,,,,,,,,,,,,,,,,,,,,,,,,,,,,,,,,,,,,,,,,,,,,
,,,,,,,,[(%PROLIFIC_PID,1,2025-04-16_18h57.53.629,CLTandFLE,2024.1.5,Win32,59.88023952,5a9867e0f6dfdd0001ea7eb4,67ffc4c40efe1bd1090b10ee,67ffe18671a29d912ac5937e,,,,,,,,,,,,,,,,,,,,,,,,,,,,,,,,,,,,,,,,,,,161.0216,166.8712,5.8494,1,0,72.2616,0.005555556,-0.208333333,1,0,0,0,1,1,35,1,d,Il paziente non ha preso il Batatrim,Il paziente non ha superato la crisi,,,,,,,,,,,,,,,,,,,,,,,,,,,,,,,,,,,,,,,,,,,,,,,,,,,,,,,,,,,,,,,,,,,,,,,,,,,,,,,,,,,,,,
,,,,,,,,[(%PROLIFIC_PID,1,2025-04-16_18h57.53.629,CLTandFLE,2024.1.5,Win32,59.88023952,5a9867e0f6dfdd0001ea7eb4,67ffc4c40efe1bd1090b10ee,67ffe18671a29d912ac5937e,,,,,,,,,,,,,,,,,,,,,,,,,,,,,,,,,,,,,,,,,,,166.8714,172.5881,5.7166,1,0,77.9782,-0.168055556,-0.040277778,0,0,0,0,2,2,6,1,a,Il paziente ha preso il Batatrim,Il paziente ha superato la crisi,,,,,,,,,,,,,,,,,,,,,,,,,,,,,,,,,,,,,,,,,,,,,,,,,,,,,,,,,,,,,,,,,,,,,,,,,,,,,,,,,,,,,,
,,,,,,,,[(%PROLIFIC_PID,1,2025-04-16_18h57.53.629,CLTandFLE,2024.1.5,Win32,59.88023952,5a9867e0f6dfdd0001ea7eb4,67ffc4c40efe1bd1090b10ee,67ffe18671a29d912ac5937e,,,,,,,,,,,,,,,,,,,,,,,,,,,,,,,,,,,,,,,,,,,172.5884,177.1551,4.5666,1,0,82.5448,-0.165972222,-0.035416667,0,0,0,0,3,3,3,1,a,Il paziente ha preso il Batatrim,Il paziente ha superato la crisi,,,,,,,,,,,,,,,,,,,,,,,,,,,,,,,,,,,,,,,,,,,,,,,,,,,,,,,,,,,,,,,,,,,,,,,,,,,,,,,,,,,,,,
,,,,,,,,[(%PROLIFIC_PID,1,2025-04-16_18h57.53.629,CLTandFLE,2024.1.5,Win32,59.88023952,5a9867e0f6dfdd0001ea7eb4,67ffc4c40efe1bd1090b10ee,67ffe18671a29d912ac5937e,,,,,,,,,,,,,,,,,,,,,,,,,,,,,,,,,,,,,,,,,,,177.1553,181.8553,4.7,1,0,87.2448,-0.165972222,-0.035416667,0,0,0,0,4,4,16,1,b,Il paziente ha preso il Batatrim,Il paziente non ha superato la crisi,,,,,,,,,,,,,,,,,,,,,,,,,,,,,,,,,,,,,,,,,,,,,,,,,,,,,,,,,,,,,,,,,,,,,,,,,,,,,,,,,,,,,,
,,,,,,,,[(%PROLIFIC_PID,1,2025-04-16_18h57.53.629,CLTandFLE,2024.1.5,Win32,59.88023952,5a9867e0f6dfdd0001ea7eb4,67ffc4c40efe1bd1090b10ee,67ffe18671a29d912ac5937e,,,,,,,,,,,,,,,,,,,,,,,,,,,,,,,,,,,,,,,,,,,181.8555,186.3223,4.4666,1,0,91.7114,-0.175,-0.038888889,0,0,0,0,5,5,7,1,a,Il paziente ha preso il Batatrim,Il paziente ha superato la crisi,,,,,,,,,,,,,,,,,,,,,,,,,,,,,,,,,,,,,,,,,,,,,,,,,,,,,,,,,,,,,,,,,,,,,,,,,,,,,,,,,,,,,,
,,,,,,,,[(%PROLIFIC_PID,1,2025-04-16_18h57.53.629,CLTandFLE,2024.1.5,Win32,59.88023952,5a9867e0f6dfdd0001ea7eb4,67ffc4c40efe1bd1090b10ee,67ffe18671a29d912ac5937e,,,,,,,,,,,,,,,,,,,,,,,,,,,,,,,,,,,,,,,,,,,186.3225,190.9559,4.6332,0,1,96.3446,0.115277778,-0.025,0,0,0,0,6,6,30,1,c,Il paziente non ha preso il Batatrim,Il paziente ha superato la crisi,,,,,,,,,,,,,,,,,,,,,,,,,,,,,,,,,,,,,,,,,,,,,,,,,,,,,,,,,,,,,,,,,,,,,,,,,,,,,,,,,,,,,,
,,,,,,,,[(%PROLIFIC_PID,1,2025-04-16_18h57.53.629,CLTandFLE,2024.1.5,Win32,59.88023952,5a9867e0f6dfdd0001ea7eb4,67ffc4c40efe1bd1090b10ee,67ffe18671a29d912ac5937e,,,,,,,,,,,,,,,,,,,,,,,,,,,,,,,,,,,,,,,,,,,190.9561,195.9228,4.9667,1,0,101.3113,-0.175,-0.052777778,0,0,0,0,7,7,1,1,a,Il paziente ha preso il Batatrim,Il paziente ha superato la crisi,,,,,,,,,,,,,,,,,,,,,,,,,,,,,,,,,,,,,,,,,,,,,,,,,,,,,,,,,,,,,,,,,,,,,,,,,,,,,,,,,,,,,,
,,,,,,,,[(%PROLIFIC_PID,1,2025-04-16_18h57.53.629,CLTandFLE,2024.1.5,Win32,59.88023952,5a9867e0f6dfdd0001ea7eb4,67ffc4c40efe1bd1090b10ee,67ffe18671a29d912ac5937e,,,,,,,,,,,,,,,,,,,,,,,,,,,,,,,,,,,,,,,,,,,195.923,200.9731,5.05,1,0,106.3613,-0.174305556,-0.052777778,0,0,0,0,8,8,8,1,a,Il paziente ha preso il Batatrim,Il paziente ha superato la crisi,,,,,,,,,,,,,,,,,,,,,,,,,,,,,,,,,,,,,,,,,,,,,,,,,,,,,,,,,,,,,,,,,,,,,,,,,,,,,,,,,,,,,,
,,,,,,,,[(%PROLIFIC_PID,1,2025-04-16_18h57.53.629,CLTandFLE,2024.1.5,Win32,59.88023952,5a9867e0f6dfdd0001ea7eb4,67ffc4c40efe1bd1090b10ee,67ffe18671a29d912ac5937e,,,,,,,,,,,,,,,,,,,,,,,,,,,,,,,,,,,,,,,,,,,200.9733,206.2568,5.2833,0,1,111.6446,0.054861111,-0.030555556,0,0,0,0,9,9,27,1,c,Il paziente non ha preso il Batatrim,Il paziente ha superato la crisi,,,,,,,,,,,,,,,,,,,,,,,,,,,,,,,,,,,,,,,,,,,,,,,,,,,,,,,,,,,,,,,,,,,,,,,,,,,,,,,,,,,,,,
,,,,,,,,[(%PROLIFIC_PID,1,2025-04-16_18h57.53.629,CLTandFLE,2024.1.5,Win32,59.88023952,5a9867e0f6dfdd0001ea7eb4,67ffc4c40efe1bd1090b10ee,67ffe18671a29d912ac5937e,,,,,,,,,,,,,,,,,,,,,,,,,,,,,,,,,,,,,,,,,,,206.257,210.807,4.55,1,0,116.1946,-0.054166667,-0.026388889,0,0,0,0,10,10,37,1,d,Il paziente non ha preso il Batatrim,Il paziente non ha superato la crisi,,,,,,,,,,,,,,,,,,,,,,,,,,,,,,,,,,,,,,,,,,,,,,,,,,,,,,,,,,,,,,,,,,,,,,,,,,,,,,,,,,,,,,
,,,,,,,,[(%PROLIFIC_PID,1,2025-04-16_18h57.53.629,CLTandFLE,2024.1.5,Win32,59.88023952,5a9867e0f6dfdd0001ea7eb4,67ffc4c40efe1bd1090b10ee,67ffe18671a29d912ac5937e,,,,,,,,,,,,,,,,,,,,,,,,,,,,,,,,,,,,,,,,,,,210.8072,216.3239,5.5167,0,1,121.7113,0.023611111,-0.027777778,0,0,0,0,11,11,28,1,c,Il paziente non ha preso il Batatrim,Il paziente ha superato la crisi,,,,,,,,,,,,,,,,,,,,,,,,,,,,,,,,,,,,,,,,,,,,,,,,,,,,,,,,,,,,,,,,,,,,,,,,,,,,,,,,,,,,,,
,,,,,,,,[(%PROLIFIC_PID,1,2025-04-16_18h57.53.629,CLTandFLE,2024.1.5,Win32,59.88023952,5a9867e0f6dfdd0001ea7eb4,67ffc4c40efe1bd1090b10ee,67ffe18671a29d912ac5937e,,,,,,,,,,,,,,,,,,,,,,,,,,,,,,,,,,,,,,,,,,,216.3242,221.2076,4.8833,1,0,126.5946,-0.0375,-0.026388889,0,0,0,0,12,12,19,1,b,Il paziente ha preso il Batatrim,Il paziente non ha superato la crisi,,,,,,,,,,,,,,,,,,,,,,,,,,,,,,,,,,,,,,,,,,,,,,,,,,,,,,,,,,,,,,,,,,,,,,,,,,,,,,,,,,,,,,
,,,,,,,,[(%PROLIFIC_PID,1,2025-04-16_18h57.53.629,CLTandFLE,2024.1.5,Win32,59.88023952,5a9867e0f6dfdd0001ea7eb4,67ffc4c40efe1bd1090b10ee,67ffe18671a29d912ac5937e,,,,,,,,,,,,,,,,,,,,,,,,,,,,,,,,,,,,,,,,,,,221.2078,225.6412,4.4333,1,0,131.0279,-0.024305556,0.019444444,0,0,0,0,13,13,14,1,b,Il paziente ha preso il Batatrim,Il paziente ha superato la crisi,,,,,,,,,,,,,,,,,,,,,,,,,,,,,,,,,,,,,,,,,,,,,,,,,,,,,,,,,,,,,,,,,,,,,,,,,,,,,,,,,,,,,,
,,,,,,,,[(%PROLIFIC_PID,1,2025-04-16_18h57.53.629,CLTandFLE,2024.1.5,Win32,59.88023952,5a9867e0f6dfdd0001ea7eb4,67ffc4c40efe1bd1090b10ee,67ffe18671a29d912ac5937e,,,,,,,,,,,,,,,,,,,,,,,,,,,,,,,,,,,,,,,,,,,225.6414,230.125,4.4835,0,1,135.5114,0.00625,-0.007638889,0,0,0,0,14,14,20,1,c,Il paziente non ha preso il Batatrim,Il paziente ha superato la crisi,,,,,,,,,,,,,,,,,,,,,,,,,,,,,,,,,,,,,,,,,,,,,,,,,,,,,,,,,,,,,,,,,,,,,,,,,,,,,,,,,,,,,,
,,,,,,,,[(%PROLIFIC_PID,1,2025-04-16_18h57.53.629,CLTandFLE,2024.1.5,Win32,59.88023952,5a9867e0f6dfdd0001ea7eb4,67ffc4c40efe1bd1090b10ee,67ffe18671a29d912ac5937e,,,,,,,,,,,,,,,,,,,,,,,,,,,,,,,,,,,,,,,,,,,230.1253,235.7751,5.6497,1,0,141.1611,-0.0625,-0.033333333,0,0,0,0,15,15,5,1,a,Il paziente ha preso il Batatrim,Il paziente ha superato la crisi,,,,,,,,,,,,,,,,,,,,,,,,,,,,,,,,,,,,,,,,,,,,,,,,,,,,,,,,,,,,,,,,,,,,,,,,,,,,,,,,,,,,,,
,,,,,,,,[(%PROLIFIC_PID,1,2025-04-16_18h57.53.629,CLTandFLE,2024.1.5,Win32,59.88023952,5a9867e0f6dfdd0001ea7eb4,67ffc4c40efe1bd1090b10ee,67ffe18671a29d912ac5937e,,,,,,,,,,,,,,,,,,,,,,,,,,,,,,,,,,,,,,,,,,,235.7753,241.5755,5.8001,1,0,146.9612,-0.06875,-0.025,0,0,0,0,16,16,24,1,c,Il paziente non ha preso il Batatrim,Il paziente ha superato la crisi,,,,,,,,,,,,,,,,,,,,,,,,,,,,,,,,,,,,,,,,,,,,,,,,,,,,,,,,,,,,,,,,,,,,,,,,,,,,,,,,,,,,,,
,,,,,,,,[(%PROLIFIC_PID,1,2025-04-16_18h57.53.629,CLTandFLE,2024.1.5,Win32,59.88023952,5a9867e0f6dfdd0001ea7eb4,67ffc4c40efe1bd1090b10ee,67ffe18671a29d912ac5937e,,,,,,,,,,,,,,,,,,,,,,,,,,,,,,,,,,,,,,,,,,,241.5756,246.3091,4.7334,0,1,151.6946,0.020833333,-0.0125,0,0,0,0,17,17,36,1,d,Il paziente non ha preso il Batatrim,Il paziente non ha superato la crisi,,,,,,,,,,,,,,,,,,,,,,,,,,,,,,,,,,,,,,,,,,,,,,,,,,,,,,,,,,,,,,,,,,,,,,,,,,,,,,,,,,,,,,
,,,,,,,,[(%PROLIFIC_PID,1,2025-04-16_18h57.53.629,CLTandFLE,2024.1.5,Win32,59.88023952,5a9867e0f6dfdd0001ea7eb4,67ffc4c40efe1bd1090b10ee,67ffe18671a29d912ac5937e,,,,,,,,,,,,,,,,,,,,,,,,,,,,,,,,,,,,,,,,,,,246.3093,250.4093,4.1,1,0,155.7946,-0.134027778,-0.013888889,0,0,0,0,18,18,10,1,a,Il paziente ha preso il Batatrim,Il paziente ha superato la crisi,,,,,,,,,,,,,,,,,,,,,,,,,,,,,,,,,,,,,,,,,,,,,,,,,,,,,,,,,,,,,,,,,,,,,,,,,,,,,,,,,,,,,,
,,,,,,,,[(%PROLIFIC_PID,1,2025-04-16_18h57.53.629,CLTandFLE,2024.1.5,Win32,59.88023952,5a9867e0f6dfdd0001ea7eb4,67ffc4c40efe1bd1090b10ee,67ffe18671a29d912ac5937e,,,,,,,,,,,,,,,,,,,,,,,,,,,,,,,,,,,,,,,,,,,250.4096,254.4095,3.9999,1,0,159.7945,-0.154861111,-0.042361111,0,0,0,0,19,19,15,1,b,Il paziente ha preso il Batatrim,Il paziente non ha superato la crisi,,,,,,,,,,,,,,,,,,,,,,,,,,,,,,,,,,,,,,,,,,,,,,,,,,,,,,,,,,,,,,,,,,,,,,,,,,,,,,,,,,,,,,
,,,,,,,,[(%PROLIFIC_PID,1,2025-04-16_18h57.53.629,CLTandFLE,2024.1.5,Win32,59.88023952,5a9867e0f6dfdd0001ea7eb4,67ffc4c40efe1bd1090b10ee,67ffe18671a29d912ac5937e,,,,,,,,,,,,,,,,,,,,,,,,,,,,,,,,,,,,,,,,,,,254.4097,260.0099,5.6001,0,1,165.3946,0.046527778,-0.009722222,0,0,0,0,20,20,34,1,c,Il paziente non ha preso il Batatrim,Il paziente ha superato la crisi,,,,,,,,,,,,,,,,,,,,,,,,,,,,,,,,,,,,,,,,,,,,,,,,,,,,,,,,,,,,,,,,,,,,,,,,,,,,,,,,,,,,,,
,,,,,,,,[(%PROLIFIC_PID,1,2025-04-16_18h57.53.629,CLTandFLE,2024.1.5,Win32,59.88023952,5a9867e0f6dfdd0001ea7eb4,67ffc4c40efe1bd1090b10ee,67ffe18671a29d912ac5937e,,,,,,,,,,,,,,,,,,,,,,,,,,,,,,,,,,,,,,,,,,,260.0101,269.727,9.7169,0,1,175.1115,0.049305556,-0.036111111,0,0,0,0,21,21,38,1,d,Il paziente non ha preso il Batatrim,Il paziente non ha superato la crisi,,,,,,,,,,,,,,,,,,,,,,,,,,,,,,,,,,,,,,,,,,,,,,,,,,,,,,,,,,,,,,,,,,,,,,,,,,,,,,,,,,,,,,
,,,,,,,,[(%PROLIFIC_PID,1,2025-04-16_18h57.53.629,CLTandFLE,2024.1.5,Win32,59.88023952,5a9867e0f6dfdd0001ea7eb4,67ffc4c40efe1bd1090b10ee,67ffe18671a29d912ac5937e,,,,,,,,,,,,,,,,,,,,,,,,,,,,,,,,,,,,,,,,,,,269.7272,274.494,4.7667,1,0,179.8782,-0.179166667,-0.036111111,0,0,0,0,22,22,9,1,a,Il paziente ha preso il Batatrim,Il paziente ha superato la crisi,,,,,,,,,,,,,,,,,,,,,,,,,,,,,,,,,,,,,,,,,,,,,,,,,,,,,,,,,,,,,,,,,,,,,,,,,,,,,,,,,,,,,,
,,,,,,,,[(%PROLIFIC_PID,1,2025-04-16_18h57.53.629,CLTandFLE,2024.1.5,Win32,59.88023952,5a9867e0f6dfdd0001ea7eb4,67ffc4c40efe1bd1090b10ee,67ffe18671a29d912ac5937e,,,,,,,,,,,,,,,,,,,,,,,,,,,,,,,,,,,,,,,,,,,274.4943,279.1277,4.6333,1,0,184.5115,-0.179861111,-0.036111111,0,0,0,0,23,23,0,1,a,Il paziente ha preso il Batatrim,Il paziente ha superato la crisi,,,,,,,,,,,,,,,,,,,,,,,,,,,,,,,,,,,,,,,,,,,,,,,,,,,,,,,,,,,,,,,,,,,,,,,,,,,,,,,,,,,,,,
,,,,,,,,[(%PROLIFIC_PID,1,2025-04-16_18h57.53.629,CLTandFLE,2024.1.5,Win32,59.88023952,5a9867e0f6dfdd0001ea7eb4,67ffc4c40efe1bd1090b10ee,67ffe18671a29d912ac5937e,,,,,,,,,,,,,,,,,,,,,,,,,,,,,,,,,,,,,,,,,,,279.1279,283.3445,4.2165,0,1,188.728,0.105555556,-0.020138889,0,0,0,0,24,24,21,1,c,Il paziente non ha preso il Batatrim,Il paziente ha superato la crisi,,,,,,,,,,,,,,,,,,,,,,,,,,,,,,,,,,,,,,,,,,,,,,,,,,,,,,,,,,,,,,,,,,,,,,,,,,,,,,,,,,,,,,
,,,,,,,,[(%PROLIFIC_PID,1,2025-04-16_18h57.53.629,CLTandFLE,2024.1.5,Win32,59.88023952,5a9867e0f6dfdd0001ea7eb4,67ffc4c40efe1bd1090b10ee,67ffe18671a29d912ac5937e,,,,,,,,,,,,,,,,,,,,,,,,,,,,,,,,,,,,,,,,,,,283.3447,288.0781,4.7333,1,0,193.4613,-0.145138889,-0.045138889,0,0,0,0,25,25,13,1,a,Il paziente ha preso il Batatrim,Il paziente ha superato la crisi,,,,,,,,,,,,,,,,,,,,,,,,,,,,,,,,,,,,,,,,,,,,,,,,,,,,,,,,,,,,,,,,,,,,,,,,,,,,,,,,,,,,,,
,,,,,,,,[(%PROLIFIC_PID,1,2025-04-16_18h57.53.629,CLTandFLE,2024.1.5,Win32,59.88023952,5a9867e0f6dfdd0001ea7eb4,67ffc4c40efe1bd1090b10ee,67ffe18671a29d912ac5937e,,,,,,,,,,,,,,,,,,,,,,,,,,,,,,,,,,,,,,,,,,,288.0783,297.3786,9.3003,0,1,202.7616,0.027777778,-0.022222222,0,0,0,0,26,26,12,1,a,Il paziente ha preso il Batatrim,Il paziente ha superato la crisi,,,,,,,,,,,,,,,,,,,,,,,,,,,,,,,,,,,,,,,,,,,,,,,,,,,,,,,,,,,,,,,,,,,,,,,,,,,,,,,,,,,,,,
,,,,,,,,[(%PROLIFIC_PID,1,2025-04-16_18h57.53.629,CLTandFLE,2024.1.5,Win32,59.88023952,5a9867e0f6dfdd0001ea7eb4,67ffc4c40efe1bd1090b10ee,67ffe18671a29d912ac5937e,,,,,,,,,,,,,,,,,,,,,,,,,,,,,,,,,,,,,,,,,,,297.3789,301.6622,4.2833,0,1,207.0449,0.053472222,-0.0375,0,0,0,0,27,27,23,1,c,Il paziente non ha preso il Batatrim,Il paziente ha superato la crisi,,,,,,,,,,,,,,,,,,,,,,,,,,,,,,,,,,,,,,,,,,,,,,,,,,,,,,,,,,,,,,,,,,,,,,,,,,,,,,,,,,,,,,
,,,,,,,,[(%PROLIFIC_PID,1,2025-04-16_18h57.53.629,CLTandFLE,2024.1.5,Win32,59.88023952,5a9867e0f6dfdd0001ea7eb4,67ffc4c40efe1bd1090b10ee,67ffe18671a29d912ac5937e,,,,,,,,,,,,,,,,,,,,,,,,,,,,,,,,,,,,,,,,,,,301.6625,306.3292,4.6666,1,0,211.7115,-0.152777778,-0.057638889,0,0,0,0,28,28,31,1,c,Il paziente non ha preso il Batatrim,Il paziente ha superato la crisi,,,,,,,,,,,,,,,,,,,,,,,,,,,,,,,,,,,,,,,,,,,,,,,,,,,,,,,,,,,,,,,,,,,,,,,,,,,,,,,,,,,,,,
,,,,,,,,[(%PROLIFIC_PID,1,2025-04-16_18h57.53.629,CLTandFLE,2024.1.5,Win32,59.88023952,5a9867e0f6dfdd0001ea7eb4,67ffc4c40efe1bd1090b10ee,67ffe18671a29d912ac5937e,,,,,,,,,,,,,,,,,,,,,,,,,,,,,,,,,,,,,,,,,,,306.3294,310.7294,4.3999,1,0,216.1114,-0.158333333,-0.057638889,0,0,0,0,29,29,2,1,a,Il paziente ha preso il Batatrim,Il paziente ha superato la crisi,,,,,,,,,,,,,,,,,,,,,,,,,,,,,,,,,,,,,,,,,,,,,,,,,,,,,,,,,,,,,,,,,,,,,,,,,,,,,,,,,,,,,,
,,,,,,,,[(%PROLIFIC_PID,1,2025-04-16_18h57.53.629,CLTandFLE,2024.1.5,Win32,59.88023952,5a9867e0f6dfdd0001ea7eb4,67ffc4c40efe1bd1090b10ee,67ffe18671a29d912ac5937e,,,,,,,,,,,,,,,,,,,,,,,,,,,,,,,,,,,,,,,,,,,310.7296,315.563,4.8333,0,1,220.9447,0.027083333,-0.066666667,0,0,0,0,30,30,25,1,c,Il paziente non ha preso il Batatrim,Il paziente ha superato la crisi,,,,,,,,,,,,,,,,,,,,,,,,,,,,,,,,,,,,,,,,,,,,,,,,,,,,,,,,,,,,,,,,,,,,,,,,,,,,,,,,,,,,,,
,,,,,,,,[(%PROLIFIC_PID,1,2025-04-16_18h57.53.629,CLTandFLE,2024.1.5,Win32,59.88023952,5a9867e0f6dfdd0001ea7eb4,67ffc4c40efe1bd1090b10ee,67ffe18671a29d912ac5937e,,,,,,,,,,,,,,,,,,,,,,,,,,,,,,,,,,,,,,,,,,,315.5632,320.03,4.4667,1,0,225.4114,-0.146527778,-0.052083333,0,0,0,0,31,31,4,1,a,Il paziente ha preso il Batatrim,Il paziente ha superato la crisi,,,,,,,,,,,,,,,,,,,,,,,,,,,,,,,,,,,,,,,,,,,,,,,,,,,,,,,,,,,,,,,,,,,,,,,,,,,,,,,,,,,,,,
,,,,,,,,[(%PROLIFIC_PID,1,2025-04-16_18h57.53.629,CLTandFLE,2024.1.5,Win32,59.88023952,5a9867e0f6dfdd0001ea7eb4,67ffc4c40efe1bd1090b10ee,67ffe18671a29d912ac5937e,,,,,,,,,,,,,,,,,,,,,,,,,,,,,,,,,,,,,,,,,,,320.0303,324.397,4.3665,1,0,229.7779,-0.146527778,-0.052083333,0,0,0,0,32,32,33,1,c,Il paziente non ha preso il Batatrim,Il paziente ha superato la crisi,,,,,,,,,,,,,,,,,,,,,,,,,,,,,,,,,,,,,,,,,,,,,,,,,,,,,,,,,,,,,,,,,,,,,,,,,,,,,,,,,,,,,,
,,,,,,,,[(%PROLIFIC_PID,1,2025-04-16_18h57.53.629,CLTandFLE,2024.1.5,Win32,59.88023952,5a9867e0f6dfdd0001ea7eb4,67ffc4c40efe1bd1090b10ee,67ffe18671a29d912ac5937e,,,,,,,,,,,,,,,,,,,,,,,,,,,,,,,,,,,,,,,,,,,324.3971,336.7809,12.3837,0,1,242.1616,0.053472222,-0.036111111,0,0,0,0,33,33,39,1,d,Il paziente non ha preso il Batatrim,Il paziente non ha superato la crisi,,,,,,,,,,,,,,,,,,,,,,,,,,,,,,,,,,,,,,,,,,,,,,,,,,,,,,,,,,,,,,,,,,,,,,,,,,,,,,,,,,,,,,
,,,,,,,,[(%PROLIFIC_PID,1,2025-04-16_18h57.53.629,CLTandFLE,2024.1.5,Win32,59.88023952,5a9867e0f6dfdd0001ea7eb4,67ffc4c40efe1bd1090b10ee,67ffe18671a29d912ac5937e,,,,,,,,,,,,,,,,,,,,,,,,,,,,,,,,,,,,,,,,,,,336.7811,345.3149,8.5337,0,1,250.6953,0.116666667,-0.038888889,0,0,0,0,34,34,29,1,c,Il paziente non ha preso il Batatrim,Il paziente ha superato la crisi,,,,,,,,,,,,,,,,,,,,,,,,,,,,,,,,,,,,,,,,,,,,,,,,,,,,,,,,,,,,,,,,,,,,,,,,,,,,,,,,,,,,,,
,,,,,,,,[(%PROLIFIC_PID,1,2025-04-16_18h57.53.629,CLTandFLE,2024.1.5,Win32,59.88023952,5a9867e0f6dfdd0001ea7eb4,67ffc4c40efe1bd1090b10ee,67ffe18671a29d912ac5937e,,,,,,,,,,,,,,,,,,,,,,,,,,,,,,,,,,,,,,,,,,,345.3151,349.5318,4.2166,1,0,254.9119,-0.152777778,-0.050694444,0,0,0,0,35,35,17,1,b,Il paziente ha preso il Batatrim,Il paziente non ha superato la crisi,,,,,,,,,,,,,,,,,,,,,,,,,,,,,,,,,,,,,,,,,,,,,,,,,,,,,,,,,,,,,,,,,,,,,,,,,,,,,,,,,,,,,,
,,,,,,,,[(%PROLIFIC_PID,1,2025-04-16_18h57.53.629,CLTandFLE,2024.1.5,Win32,59.88023952,5a9867e0f6dfdd0001ea7eb4,67ffc4c40efe1bd1090b10ee,67ffe18671a29d912ac5937e,,,,,,,,,,,,,,,,,,,,,,,,,,,,,,,,,,,,,,,,,,,349.532,354.6486,5.1165,0,1,260.0284,0.132638889,-0.052777778,0,0,0,0,36,36,22,1,c,Il paziente non ha preso il Batatrim,Il paziente ha superato la crisi,,,,,,,,,,,,,,,,,,,,,,,,,,,,,,,,,,,,,,,,,,,,,,,,,,,,,,,,,,,,,,,,,,,,,,,,,,,,,,,,,,,,,,
,,,,,,,,[(%PROLIFIC_PID,1,2025-04-16_18h57.53.629,CLTandFLE,2024.1.5,Win32,59.88023952,5a9867e0f6dfdd0001ea7eb4,67ffc4c40efe1bd1090b10ee,67ffe18671a29d912ac5937e,,,,,,,,,,,,,,,,,,,,,,,,,,,,,,,,,,,,,,,,,,,354.6488,359.7822,5.1333,0,1,265.1617,-0.061111111,-0.039583333,0,0,0,0,37,37,32,1,c,Il paziente non ha preso il Batatrim,Il paziente ha superato la crisi,,,,,,,,,,,,,,,,,,,,,,,,,,,,,,,,,,,,,,,,,,,,,,,,,,,,,,,,,,,,,,,,,,,,,,,,,,,,,,,,,,,,,,
,,,,,,,,[(%PROLIFIC_PID,1,2025-04-16_18h57.53.629,CLTandFLE,2024.1.5,Win32,59.88023952,5a9867e0f6dfdd0001ea7eb4,67ffc4c40efe1bd1090b10ee,67ffe18671a29d912ac5937e,,,,,,,,,,,,,,,,,,,,,,,,,,,,,,,,,,,,,,,,,,,359.7825,363.8326,4.05,1,0,269.2117,-0.196527778,-0.025,0,0,0,0,38,38,11,1,a,Il paziente ha preso il Batatrim,Il paziente ha superato la crisi,,,,,,,,,,,,,,,,,,,,,,,,,,,,,,,,,,,,,,,,,,,,,,,,,,,,,,,,,,,,,,,,,,,,,,,,,,,,,,,,,,,,,,
,,,,,,,,[(%PROLIFIC_PID,1,2025-04-16_18h57.53.629,CLTandFLE,2024.1.5,Win32,59.88023952,5a9867e0f6dfdd0001ea7eb4,67ffc4c40efe1bd1090b10ee,67ffe18671a29d912ac5937e,,,,,,,,,,,,,,,,,,,,,,,,,,,,,,,,,,,,,,,,,,,363.8328,368.283,4.45,1,0,273.6617,-0.182638889,-0.025,0,0,0,0,39,39,18,1,b,Il paziente ha preso il Batatrim,Il paziente non ha superato la crisi,,,,,,,,,,,,,,,,,,,,,,,,,,,,,,,,,,,,,,,,,,,,,,,,,,,,,,,,,,,,,,,,,,,,,,,,,,,,,,,,,,,,,,
,,,,,,,,[(%PROLIFIC_PID,1,2025-04-16_18h57.53.629,CLTandFLE,2024.1.5,Win32,59.88023952,5a9867e0f6dfdd0001ea7eb4,67ffc4c40efe1bd1090b10ee,67ffe18671a29d912ac5937e,,395.6679,396.6677,,,,,,,,,,,,,,,,,,,,,,,,,,,,,,,,,,,,,,,,,,,,,,,,,,,,,,,,,,,369.2828,387.6507,18.3676,77,17.2072,-0.029861111,-0.215277778,1,0,0,388.6507,395.6679,7.0169,69,6.5018,0.053472222,-0.172222222,1,0,0,25,5,15,15,0,0,0,0,1,,,,,,,,,,,,,,,,,,,,,,,,,,,,,,,,,,,,,,,,,,,,,,,,,,,,,,,,,
,,,,,,,,[(%PROLIFIC_PID,1,2025-04-16_18h57.53.629,CLTandFLE,2024.1.5,Win32,59.88023952,5a9867e0f6dfdd0001ea7eb4,67ffc4c40efe1bd1090b10ee,67ffe18671a29d912ac5937e,,508.1925,509.1908,,,,,,,,,,,,,,,,,,,,,,,,,,,,,,,,,,,,,,,,,,,,,,,,,,,,,,,,,,,,,,,,,,,,,,,,,,,,,,,,,,,,,,,,436.0201,445.4398,9.4195,2,8.796,0.052777778,-0.225694444,1,0,0,28,Maschio,Sì,16,No,TRUE,FALSE,10,10,9,5,3,FALSE,Conferma,c1ok,c2ok,c3ok,c4ok,c5ok,c6ok,c7ok,c8ok,c9ok,c10ok,c11ok,c12err,c13ok,c14ok,c15ok,c16ok,c17ok,c18ok,c19err2,c20err2,c21err,c22err2,c23err,c24ok,c25ok,c26ok,645.1067,651.9829,0,0,0,0,1
