﻿Alfa.started,Alfa.stopped,alfa_mouse.x,alfa_mouse.y,alfa_mouse.leftButton,alfa_mouse.midButton,alfa_mouse.rightButton,alfa_mouse.clicked_name,participant,group,date,expName,psychopyVersion,OS,frameRate,PROLIFIC_PID,STUDY_ID,SESSION_ID,)],ITI.started,ITI.stopped,B_consensoinformato.started,B_consensoinformato.stopped,tempo_consenso,cons_mouse.x,cons_mouse.y,cons_mouse.leftButton,cons_mouse.midButton,cons_mouse.rightButton,A_benvenuto.started,A_benvenuto.stopped,ben_mouse.x,ben_mouse.y,ben_mouse.leftButton,ben_mouse.midButton,ben_mouse.rightButton,B2_istruzioni.started,B2_istruzioni.stopped,tempo_istru,cons_mouse_2.x,cons_mouse_2.y,cons_mouse_2.leftButton,cons_mouse_2.midButton,cons_mouse_2.rightButton,SAMevaluation.started,SAMevaluation.stopped,temposam,sliderintensity.response,sliderintensity.rt,slidervalence.response,slidervalence.rt,mouse_sam.x,mouse_sam.y,mouse_sam.leftButton,mouse_sam.midButton,mouse_sam.rightButton,mouse_sam.time,mouse_sam.clicked_name,Loading.started,Loading.stopped,C_associative_task.started,C_associative_task.stopped,tempo_trial,hapremutosi,hapremutono,tempo_tasktot,mouse.x,mouse.y,mouse.leftButton,mouse.midButton,mouse.rightButton,trials.thisRepN,trials.thisTrialN,trials.thisN,trials.thisIndex,trials.ran,cond,causa,effetto,D_VD.started,D_VD.stopped,tempo_vd,vd.response,vd.rt,mouse_vd.x,mouse_vd.y,mouse_vd.leftButton,mouse_vd.midButton,mouse_vd.rightButton,Previous.started,Previous.stopped,tempo_vd1,previous.response,previous.rt,mouse_vd_2.x,mouse_vd_2.y,mouse_vd_2.leftButton,mouse_vd_2.midButton,mouse_vd_2.rightButton,EstENG.TrialNS,EstENG.TrialSN,EstENG.TrialSS,EstENG.TrialNN,ingesta.thisRepN,ingesta.thisTrialN,ingesta.thisN,ingesta.thisIndex,ingesta.ran,PF.started,PF.stopped,tempo_pf,processfluency.response,processfluency.rt,mouse_ch.x,mouse_ch.y,mouse_ch.leftButton,mouse_ch.midButton,mouse_ch.rightButton,Questionario_Lingua.Age,Questionario_Lingua.Sesso,Questionario_Lingua.StaiStudiando?,Questionario_Lingua.Anniscolarita,Questionario_Lingua.Diploma,Questionario_Lingua.ItaMADRE?,Questionario_Lingua.INGmadre?,Questionario_Lingua.Q5(AOAIng),Questionario_Lingua.INGLETTURA,Questionario_Lingua.INGCOMPRESO,Questionario_Lingua.INGSCRITTO,Questionario_Lingua.INGPARLATO,Questionario_Lingua.haivissutoestero,ProvaInglese.ProcediamoENg,ProvaInglese.C1,ProvaInglese.C2,ProvaInglese.C3,ProvaInglese.C4,ProvaInglese.C5,ProvaInglese.C6,ProvaInglese.C7,ProvaInglese.C8,ProvaInglese.C9,ProvaInglese.C10,ProvaInglese.C11,ProvaInglese.C12,ProvaInglese.C13,ProvaInglese.C14,ProvaInglese.C15,ProvaInglese.C16,ProvaInglese.C17,ProvaInglese.C18,ProvaInglese.C19,ProvaInglese.C20,ProvaInglese.C21,ProvaInglese.C22,ProvaInglese.C23,ProvaInglese.C24,ProvaInglese.C25,ProvaInglese.controlquestion,Ant_lastquestion.started,Ant_lastquestion.stopped,exp_loop.thisRepN,exp_loop.thisTrialN,exp_loop.thisN,exp_loop.thisIndex,exp_loop.ran
0,231.016,-0.005555538,-0.014814812,1,0,0,alfa_mask,[(%PROLIFIC_PID,2,2025-04-16_19h11.18.499,CLTandFLE,2024.1.5,Win32,60.0240096,59b636b3180e830001575d2a,67ffc4c40efe1bd1090b10ee,67ffe4aa887f6e8e67cd8480,,,,,,,,,,,,,,,,,,,,,,,,,,,,,,,,,,,,,,,,,,,,,,,,,,,,,,,,,,,,,,,,,,,,,,,,,,,,,,,,,,,,,,,,,,,,,,,,,,,,,,,,,,,,,,,,,,,,,,,,,,,,,,,,,,,,,,,,,,,,,,,,,,,
,,,,,,,,[(%PROLIFIC_PID,2,2025-04-16_19h11.18.499,CLTandFLE,2024.1.5,Win32,60.0240096,59b636b3180e830001575d2a,67ffc4c40efe1bd1090b10ee,67ffe4aa887f6e8e67cd8480,,231.016,232.015,,,,,,,,,,,,,,,,,,,,,,,,,,,,,,,,,,,,,,,,,,,,,,,,,,,,,,,,,,,,,,,,,,,,,,,,,,,,,,,,,,,,,,,,,,,,,,,,,,,,,,,,,,,,,,,,,,,,,,,,,,,,,,,,,,,,,,,,,,,,,,,,
,,,,,,,,[(%PROLIFIC_PID,2,2025-04-16_19h11.18.499,CLTandFLE,2024.1.5,Win32,60.0240096,59b636b3180e830001575d2a,67ffc4c40efe1bd1090b10ee,67ffe4aa887f6e8e67cd8480,,,,232.015,239.049,7.034,0.243518495,-0.36574077,1,0,0,,,,,,,,,,,,,,,,,,,,,,,,,,,,,,,,,,,,,,,,,,,,,,,,,,,,,,,,,,,,,,,,,,,,,,,,,,,,,,,,,,,,,,,,,,,,,,,,,,,,,,,,,,,,,,,,,,,,,,,,,,,,,,,,,,,,,,,,
,,,,,,,,[(%PROLIFIC_PID,2,2025-04-16_19h11.18.499,CLTandFLE,2024.1.5,Win32,60.0240096,59b636b3180e830001575d2a,67ffc4c40efe1bd1090b10ee,67ffe4aa887f6e8e67cd8480,,356.866,357.866,,,,,,,,,240.049,242.215,0.030555591,-0.110185188,1,0,0,243.215,314.083,70.867,0.015740735,-0.40185181,1,0,0,315.084,348.868,33.782,0.859953719,23.813,0.483796348,32.652,"[-0.010185197082876463,0.0037036918060124268,0.002777813470851608,0.002777813470851608,0.20648148743032713,0.25,0.28796297486065425,-0.04351851256967288,-0.01944442659790753,-0.012962921321043494,0.03796297486065424]","[0.19722221329895376,0.19814815855862802,-0.012037042985882675,-0.012037042985882675,0.19444444444444445,0.19814815855862802,0.19722221329895376,0,0,0,-0.24074072586862663]","[1,1,1,1,1,1,1,1,1,1,1]","[0,0,0,0,0,0,0,0,0,0,0]","[0,0,0,0,0,0,0,0,0,0,0]","[7.4360000000000355,8.06800000000004,13.435000000000002,14.102000000000032,22.785000000000025,23.25200000000001,23.718000000000018,31.602000000000032,32.152000000000044,32.551000000000045,33.77000000000004]","[""sliderintensity"",""slidervalence"",""slidervalence"",""sliderintensity"",""sliderintensity"",""sliderintensity"",""rettoksam""]",349.866,356.866,357.881,367.982,10.101,1,0,10.101,0.090740717,-0.282407437,0,0,0,0,0,0,15,1,b,The patient has taken Batatrim,The patient has not overcome the crisis,,,,,,,,,,,,,,,,,,,,,,,,,,,,,,,,,,,,,,,,,,,,,,,,,,,,,,,,,,,,,,,,,,,,,,,,,,,,,,,,,,,,,,
,,,,,,,,[(%PROLIFIC_PID,2,2025-04-16_19h11.18.499,CLTandFLE,2024.1.5,Win32,60.0240096,59b636b3180e830001575d2a,67ffc4c40efe1bd1090b10ee,67ffe4aa887f6e8e67cd8480,,,,,,,,,,,,,,,,,,,,,,,,,,,,,,,,,,,,,,,,,,,367.982,375.082,7.099,1,0,17.2,0.07592595,-0.291666667,0,0,0,0,1,1,17,1,b,The patient has taken Batatrim,The patient has not overcome the crisis,,,,,,,,,,,,,,,,,,,,,,,,,,,,,,,,,,,,,,,,,,,,,,,,,,,,,,,,,,,,,,,,,,,,,,,,,,,,,,,,,,,,,,
,,,,,,,,[(%PROLIFIC_PID,2,2025-04-16_19h11.18.499,CLTandFLE,2024.1.5,Win32,60.0240096,59b636b3180e830001575d2a,67ffc4c40efe1bd1090b10ee,67ffe4aa887f6e8e67cd8480,,,,,,,,,,,,,,,,,,,,,,,,,,,,,,,,,,,,,,,,,,,375.082,382.066,6.983,1,0,24.183,0.063888907,-0.237037034,0,0,0,0,2,2,22,1,c,The patient has not taken Batatrim,The patient has overcome the crisis,,,,,,,,,,,,,,,,,,,,,,,,,,,,,,,,,,,,,,,,,,,,,,,,,,,,,,,,,,,,,,,,,,,,,,,,,,,,,,,,,,,,,,
,,,,,,,,[(%PROLIFIC_PID,2,2025-04-16_19h11.18.499,CLTandFLE,2024.1.5,Win32,60.0240096,59b636b3180e830001575d2a,67ffc4c40efe1bd1090b10ee,67ffe4aa887f6e8e67cd8480,,,,,,,,,,,,,,,,,,,,,,,,,,,,,,,,,,,,,,,,,,,382.068,386.716,4.648,1,0,28.831,0.122222187,-0.250925968,0,0,0,0,3,3,35,1,d,The patient has not taken Batatrim,The patient has not overcome the crisis,,,,,,,,,,,,,,,,,,,,,,,,,,,,,,,,,,,,,,,,,,,,,,,,,,,,,,,,,,,,,,,,,,,,,,,,,,,,,,,,,,,,,,
,,,,,,,,[(%PROLIFIC_PID,2,2025-04-16_19h11.18.499,CLTandFLE,2024.1.5,Win32,60.0240096,59b636b3180e830001575d2a,67ffc4c40efe1bd1090b10ee,67ffe4aa887f6e8e67cd8480,,,,,,,,,,,,,,,,,,,,,,,,,,,,,,,,,,,,,,,,,,,386.716,392.19,5.474,0,1,34.305,-0.02685181,-0.258333351,0,0,0,0,4,4,7,1,a,The patient has taken Batatrim,The patient has overcome the crisis,,,,,,,,,,,,,,,,,,,,,,,,,,,,,,,,,,,,,,,,,,,,,,,,,,,,,,,,,,,,,,,,,,,,,,,,,,,,,,,,,,,,,,
,,,,,,,,[(%PROLIFIC_PID,2,2025-04-16_19h11.18.499,CLTandFLE,2024.1.5,Win32,60.0240096,59b636b3180e830001575d2a,67ffc4c40efe1bd1090b10ee,67ffe4aa887f6e8e67cd8480,,,,,,,,,,,,,,,,,,,,,,,,,,,,,,,,,,,,,,,,,,,392.191,398.22,6.029,0,1,40.334,-0.079629642,-0.274999964,0,0,0,0,5,5,39,1,d,The patient has not taken Batatrim,The patient has not overcome the crisis,,,,,,,,,,,,,,,,,,,,,,,,,,,,,,,,,,,,,,,,,,,,,,,,,,,,,,,,,,,,,,,,,,,,,,,,,,,,,,,,,,,,,,
,,,,,,,,[(%PROLIFIC_PID,2,2025-04-16_19h11.18.499,CLTandFLE,2024.1.5,Win32,60.0240096,59b636b3180e830001575d2a,67ffc4c40efe1bd1090b10ee,67ffe4aa887f6e8e67cd8480,,,,,,,,,,,,,,,,,,,,,,,,,,,,,,,,,,,,,,,,,,,398.22,404.017,5.797,0,1,46.131,0.173148172,-0.317592599,0,0,0,0,6,6,30,1,c,The patient has not taken Batatrim,The patient has overcome the crisis,,,,,,,,,,,,,,,,,,,,,,,,,,,,,,,,,,,,,,,,,,,,,,,,,,,,,,,,,,,,,,,,,,,,,,,,,,,,,,,,,,,,,,
,,,,,,,,[(%PROLIFIC_PID,2,2025-04-16_19h11.18.499,CLTandFLE,2024.1.5,Win32,60.0240096,59b636b3180e830001575d2a,67ffc4c40efe1bd1090b10ee,67ffe4aa887f6e8e67cd8480,,,,,,,,,,,,,,,,,,,,,,,,,,,,,,,,,,,,,,,,,,,404.018,408.442,4.423,1,0,50.554,0.155555591,-0.34351853,0,0,0,0,7,7,4,1,a,The patient has taken Batatrim,The patient has overcome the crisis,,,,,,,,,,,,,,,,,,,,,,,,,,,,,,,,,,,,,,,,,,,,,,,,,,,,,,,,,,,,,,,,,,,,,,,,,,,,,,,,,,,,,,
,,,,,,,,[(%PROLIFIC_PID,2,2025-04-16_19h11.18.499,CLTandFLE,2024.1.5,Win32,60.0240096,59b636b3180e830001575d2a,67ffc4c40efe1bd1090b10ee,67ffe4aa887f6e8e67cd8480,,,,,,,,,,,,,,,,,,,,,,,,,,,,,,,,,,,,,,,,,,,408.442,413.451,5.008,0,1,55.562,0.121296308,-0.357407419,0,0,0,0,8,8,21,1,c,The patient has not taken Batatrim,The patient has overcome the crisis,,,,,,,,,,,,,,,,,,,,,,,,,,,,,,,,,,,,,,,,,,,,,,,,,,,,,,,,,,,,,,,,,,,,,,,,,,,,,,,,,,,,,,
,,,,,,,,[(%PROLIFIC_PID,2,2025-04-16_19h11.18.499,CLTandFLE,2024.1.5,Win32,60.0240096,59b636b3180e830001575d2a,67ffc4c40efe1bd1090b10ee,67ffe4aa887f6e8e67cd8480,,,,,,,,,,,,,,,,,,,,,,,,,,,,,,,,,,,,,,,,,,,413.451,418.901,5.45,1,0,61.012,0.126851846,-0.249074032,0,0,0,0,9,9,3,1,a,The patient has taken Batatrim,The patient has overcome the crisis,,,,,,,,,,,,,,,,,,,,,,,,,,,,,,,,,,,,,,,,,,,,,,,,,,,,,,,,,,,,,,,,,,,,,,,,,,,,,,,,,,,,,,
,,,,,,,,[(%PROLIFIC_PID,2,2025-04-16_19h11.18.499,CLTandFLE,2024.1.5,Win32,60.0240096,59b636b3180e830001575d2a,67ffc4c40efe1bd1090b10ee,67ffe4aa887f6e8e67cd8480,,,,,,,,,,,,,,,,,,,,,,,,,,,,,,,,,,,,,,,,,,,418.902,423.566,4.664,1,0,65.676,0.073148136,-0.152777778,0,0,0,0,10,10,18,1,b,The patient has taken Batatrim,The patient has not overcome the crisis,,,,,,,,,,,,,,,,,,,,,,,,,,,,,,,,,,,,,,,,,,,,,,,,,,,,,,,,,,,,,,,,,,,,,,,,,,,,,,,,,,,,,,
,,,,,,,,[(%PROLIFIC_PID,2,2025-04-16_19h11.18.499,CLTandFLE,2024.1.5,Win32,60.0240096,59b636b3180e830001575d2a,67ffc4c40efe1bd1090b10ee,67ffe4aa887f6e8e67cd8480,,,,,,,,,,,,,,,,,,,,,,,,,,,,,,,,,,,,,,,,,,,423.566,428.585,5.019,1,0,70.695,0.100000036,-0.150925932,0,0,0,0,11,11,19,1,b,The patient has taken Batatrim,The patient has not overcome the crisis,,,,,,,,,,,,,,,,,,,,,,,,,,,,,,,,,,,,,,,,,,,,,,,,,,,,,,,,,,,,,,,,,,,,,,,,,,,,,,,,,,,,,,
,,,,,,,,[(%PROLIFIC_PID,2,2025-04-16_19h11.18.499,CLTandFLE,2024.1.5,Win32,60.0240096,59b636b3180e830001575d2a,67ffc4c40efe1bd1090b10ee,67ffe4aa887f6e8e67cd8480,,,,,,,,,,,,,,,,,,,,,,,,,,,,,,,,,,,,,,,,,,,428.586,434.872,6.286,1,0,76.981,0.117592616,-0.199074059,0,0,0,0,12,12,12,1,a,The patient has taken Batatrim,The patient has overcome the crisis,,,,,,,,,,,,,,,,,,,,,,,,,,,,,,,,,,,,,,,,,,,,,,,,,,,,,,,,,,,,,,,,,,,,,,,,,,,,,,,,,,,,,,
,,,,,,,,[(%PROLIFIC_PID,2,2025-04-16_19h11.18.499,CLTandFLE,2024.1.5,Win32,60.0240096,59b636b3180e830001575d2a,67ffc4c40efe1bd1090b10ee,67ffe4aa887f6e8e67cd8480,,,,,,,,,,,,,,,,,,,,,,,,,,,,,,,,,,,,,,,,,,,434.872,439.749,4.877,0,1,81.858,0.048148172,-0.137037043,0,0,0,0,13,13,29,1,c,The patient has not taken Batatrim,The patient has overcome the crisis,,,,,,,,,,,,,,,,,,,,,,,,,,,,,,,,,,,,,,,,,,,,,,,,,,,,,,,,,,,,,,,,,,,,,,,,,,,,,,,,,,,,,,
,,,,,,,,[(%PROLIFIC_PID,2,2025-04-16_19h11.18.499,CLTandFLE,2024.1.5,Win32,60.0240096,59b636b3180e830001575d2a,67ffc4c40efe1bd1090b10ee,67ffe4aa887f6e8e67cd8480,,,,,,,,,,,,,,,,,,,,,,,,,,,,,,,,,,,,,,,,,,,439.749,448.536,8.787,0,1,90.645,-0.003703692,-0.13611112,0,0,0,0,14,14,25,1,c,The patient has not taken Batatrim,The patient has overcome the crisis,,,,,,,,,,,,,,,,,,,,,,,,,,,,,,,,,,,,,,,,,,,,,,,,,,,,,,,,,,,,,,,,,,,,,,,,,,,,,,,,,,,,,,
,,,,,,,,[(%PROLIFIC_PID,2,2025-04-16_19h11.18.499,CLTandFLE,2024.1.5,Win32,60.0240096,59b636b3180e830001575d2a,67ffc4c40efe1bd1090b10ee,67ffe4aa887f6e8e67cd8480,,,,,,,,,,,,,,,,,,,,,,,,,,,,,,,,,,,,,,,,,,,448.537,454.501,5.963,0,1,96.608,0.136111075,-0.216666685,0,0,0,0,15,15,36,1,d,The patient has not taken Batatrim,The patient has not overcome the crisis,,,,,,,,,,,,,,,,,,,,,,,,,,,,,,,,,,,,,,,,,,,,,,,,,,,,,,,,,,,,,,,,,,,,,,,,,,,,,,,,,,,,,,
,,,,,,,,[(%PROLIFIC_PID,2,2025-04-16_19h11.18.499,CLTandFLE,2024.1.5,Win32,60.0240096,59b636b3180e830001575d2a,67ffc4c40efe1bd1090b10ee,67ffe4aa887f6e8e67cd8480,,,,,,,,,,,,,,,,,,,,,,,,,,,,,,,,,,,,,,,,,,,454.502,462.621,8.119,1,0,104.727,0.105555573,-0.225925914,0,0,0,0,16,16,13,1,a,The patient has taken Batatrim,The patient has overcome the crisis,,,,,,,,,,,,,,,,,,,,,,,,,,,,,,,,,,,,,,,,,,,,,,,,,,,,,,,,,,,,,,,,,,,,,,,,,,,,,,,,,,,,,,
,,,,,,,,[(%PROLIFIC_PID,2,2025-04-16_19h11.18.499,CLTandFLE,2024.1.5,Win32,60.0240096,59b636b3180e830001575d2a,67ffc4c40efe1bd1090b10ee,67ffe4aa887f6e8e67cd8480,,,,,,,,,,,,,,,,,,,,,,,,,,,,,,,,,,,,,,,,,,,462.622,468.917,6.295,1,0,111.022,0.243518495,-0.130555538,0,0,0,0,17,17,6,1,a,The patient has taken Batatrim,The patient has overcome the crisis,,,,,,,,,,,,,,,,,,,,,,,,,,,,,,,,,,,,,,,,,,,,,,,,,,,,,,,,,,,,,,,,,,,,,,,,,,,,,,,,,,,,,,
,,,,,,,,[(%PROLIFIC_PID,2,2025-04-16_19h11.18.499,CLTandFLE,2024.1.5,Win32,60.0240096,59b636b3180e830001575d2a,67ffc4c40efe1bd1090b10ee,67ffe4aa887f6e8e67cd8480,,,,,,,,,,,,,,,,,,,,,,,,,,,,,,,,,,,,,,,,,,,468.918,475.149,6.23,1,0,117.252,0.002777813,-0.125,0,0,0,0,18,18,5,1,a,The patient has taken Batatrim,The patient has overcome the crisis,,,,,,,,,,,,,,,,,,,,,,,,,,,,,,,,,,,,,,,,,,,,,,,,,,,,,,,,,,,,,,,,,,,,,,,,,,,,,,,,,,,,,,
,,,,,,,,[(%PROLIFIC_PID,2,2025-04-16_19h11.18.499,CLTandFLE,2024.1.5,Win32,60.0240096,59b636b3180e830001575d2a,67ffc4c40efe1bd1090b10ee,67ffe4aa887f6e8e67cd8480,,,,,,,,,,,,,,,,,,,,,,,,,,,,,,,,,,,,,,,,,,,475.149,481.157,6.008,0,1,123.26,0.059259247,-0.137962966,0,0,0,0,19,19,37,1,d,The patient has not taken Batatrim,The patient has not overcome the crisis,,,,,,,,,,,,,,,,,,,,,,,,,,,,,,,,,,,,,,,,,,,,,,,,,,,,,,,,,,,,,,,,,,,,,,,,,,,,,,,,,,,,,,
,,,,,,,,[(%PROLIFIC_PID,2,2025-04-16_19h11.18.499,CLTandFLE,2024.1.5,Win32,60.0240096,59b636b3180e830001575d2a,67ffc4c40efe1bd1090b10ee,67ffe4aa887f6e8e67cd8480,,,,,,,,,,,,,,,,,,,,,,,,,,,,,,,,,,,,,,,,,,,481.159,488.326,7.166,0,1,130.426,0.139814856,-0.040740744,0,0,0,0,20,20,32,1,c,The patient has not taken Batatrim,The patient has overcome the crisis,,,,,,,,,,,,,,,,,,,,,,,,,,,,,,,,,,,,,,,,,,,,,,,,,,,,,,,,,,,,,,,,,,,,,,,,,,,,,,,,,,,,,,
,,,,,,,,[(%PROLIFIC_PID,2,2025-04-16_19h11.18.499,CLTandFLE,2024.1.5,Win32,60.0240096,59b636b3180e830001575d2a,67ffc4c40efe1bd1090b10ee,67ffe4aa887f6e8e67cd8480,,,,,,,,,,,,,,,,,,,,,,,,,,,,,,,,,,,,,,,,,,,488.326,495.336,7.01,1,0,137.436,0.235185144,-0.127777769,0,0,0,0,21,21,1,1,a,The patient has taken Batatrim,The patient has overcome the crisis,,,,,,,,,,,,,,,,,,,,,,,,,,,,,,,,,,,,,,,,,,,,,,,,,,,,,,,,,,,,,,,,,,,,,,,,,,,,,,,,,,,,,,
,,,,,,,,[(%PROLIFIC_PID,2,2025-04-16_19h11.18.499,CLTandFLE,2024.1.5,Win32,60.0240096,59b636b3180e830001575d2a,67ffc4c40efe1bd1090b10ee,67ffe4aa887f6e8e67cd8480,,,,,,,,,,,,,,,,,,,,,,,,,,,,,,,,,,,,,,,,,,,495.336,504.024,8.688,0,1,146.124,0.105555573,-0.107407419,0,0,0,0,22,22,28,1,c,The patient has not taken Batatrim,The patient has overcome the crisis,,,,,,,,,,,,,,,,,,,,,,,,,,,,,,,,,,,,,,,,,,,,,,,,,,,,,,,,,,,,,,,,,,,,,,,,,,,,,,,,,,,,,,
,,,,,,,,[(%PROLIFIC_PID,2,2025-04-16_19h11.18.499,CLTandFLE,2024.1.5,Win32,60.0240096,59b636b3180e830001575d2a,67ffc4c40efe1bd1090b10ee,67ffe4aa887f6e8e67cd8480,,,,,,,,,,,,,,,,,,,,,,,,,,,,,,,,,,,,,,,,,,,504.025,510.432,6.407,1,0,152.531,0.025925932,-0.099074068,0,0,0,0,23,23,11,1,a,The patient has taken Batatrim,The patient has overcome the crisis,,,,,,,,,,,,,,,,,,,,,,,,,,,,,,,,,,,,,,,,,,,,,,,,,,,,,,,,,,,,,,,,,,,,,,,,,,,,,,,,,,,,,,
,,,,,,,,[(%PROLIFIC_PID,2,2025-04-16_19h11.18.499,CLTandFLE,2024.1.5,Win32,60.0240096,59b636b3180e830001575d2a,67ffc4c40efe1bd1090b10ee,67ffe4aa887f6e8e67cd8480,,,,,,,,,,,,,,,,,,,,,,,,,,,,,,,,,,,,,,,,,,,510.433,522.365,11.932,1,0,164.463,0.094444409,-0.199074059,0,0,0,0,24,24,9,1,a,The patient has taken Batatrim,The patient has overcome the crisis,,,,,,,,,,,,,,,,,,,,,,,,,,,,,,,,,,,,,,,,,,,,,,,,,,,,,,,,,,,,,,,,,,,,,,,,,,,,,,,,,,,,,,
,,,,,,,,[(%PROLIFIC_PID,2,2025-04-16_19h11.18.499,CLTandFLE,2024.1.5,Win32,60.0240096,59b636b3180e830001575d2a,67ffc4c40efe1bd1090b10ee,67ffe4aa887f6e8e67cd8480,,,,,,,,,,,,,,,,,,,,,,,,,,,,,,,,,,,,,,,,,,,522.368,529.008,6.64,0,1,171.103,0,-0.199074059,0,0,0,0,25,25,26,1,c,The patient has not taken Batatrim,The patient has overcome the crisis,,,,,,,,,,,,,,,,,,,,,,,,,,,,,,,,,,,,,,,,,,,,,,,,,,,,,,,,,,,,,,,,,,,,,,,,,,,,,,,,,,,,,,
,,,,,,,,[(%PROLIFIC_PID,2,2025-04-16_19h11.18.499,CLTandFLE,2024.1.5,Win32,60.0240096,59b636b3180e830001575d2a,67ffc4c40efe1bd1090b10ee,67ffe4aa887f6e8e67cd8480,,,,,,,,,,,,,,,,,,,,,,,,,,,,,,,,,,,,,,,,,,,529.008,538.582,9.574,0,1,180.677,-0.18518517,-0.29907405,0,0,0,0,26,26,33,1,c,The patient has not taken Batatrim,The patient has overcome the crisis,,,,,,,,,,,,,,,,,,,,,,,,,,,,,,,,,,,,,,,,,,,,,,,,,,,,,,,,,,,,,,,,,,,,,,,,,,,,,,,,,,,,,,
,,,,,,,,[(%PROLIFIC_PID,2,2025-04-16_19h11.18.499,CLTandFLE,2024.1.5,Win32,60.0240096,59b636b3180e830001575d2a,67ffc4c40efe1bd1090b10ee,67ffe4aa887f6e8e67cd8480,,,,,,,,,,,,,,,,,,,,,,,,,,,,,,,,,,,,,,,,,,,538.583,545.149,6.566,1,0,187.243,0.187037061,-0.117592572,0,0,0,0,27,27,8,1,a,The patient has taken Batatrim,The patient has overcome the crisis,,,,,,,,,,,,,,,,,,,,,,,,,,,,,,,,,,,,,,,,,,,,,,,,,,,,,,,,,,,,,,,,,,,,,,,,,,,,,,,,,,,,,,
,,,,,,,,[(%PROLIFIC_PID,2,2025-04-16_19h11.18.499,CLTandFLE,2024.1.5,Win32,60.0240096,59b636b3180e830001575d2a,67ffc4c40efe1bd1090b10ee,67ffe4aa887f6e8e67cd8480,,,,,,,,,,,,,,,,,,,,,,,,,,,,,,,,,,,,,,,,,,,545.15,550.084,4.933,0,1,192.176,0.255555538,-0.191666676,0,0,0,0,28,28,38,1,d,The patient has not taken Batatrim,The patient has not overcome the crisis,,,,,,,,,,,,,,,,,,,,,,,,,,,,,,,,,,,,,,,,,,,,,,,,,,,,,,,,,,,,,,,,,,,,,,,,,,,,,,,,,,,,,,
,,,,,,,,[(%PROLIFIC_PID,2,2025-04-16_19h11.18.499,CLTandFLE,2024.1.5,Win32,60.0240096,59b636b3180e830001575d2a,67ffc4c40efe1bd1090b10ee,67ffe4aa887f6e8e67cd8480,,,,,,,,,,,,,,,,,,,,,,,,,,,,,,,,,,,,,,,,,,,550.086,555.599,5.513,0,1,197.689,0.138888889,-0.197222213,0,0,0,0,29,29,27,1,c,The patient has not taken Batatrim,The patient has overcome the crisis,,,,,,,,,,,,,,,,,,,,,,,,,,,,,,,,,,,,,,,,,,,,,,,,,,,,,,,,,,,,,,,,,,,,,,,,,,,,,,,,,,,,,,
,,,,,,,,[(%PROLIFIC_PID,2,2025-04-16_19h11.18.499,CLTandFLE,2024.1.5,Win32,60.0240096,59b636b3180e830001575d2a,67ffc4c40efe1bd1090b10ee,67ffe4aa887f6e8e67cd8480,,,,,,,,,,,,,,,,,,,,,,,,,,,,,,,,,,,,,,,,,,,555.6,561.441,5.841,1,0,203.53,0.091666685,-0.225925914,0,0,0,0,30,30,14,1,b,The patient has taken Batatrim,The patient has overcome the crisis,,,,,,,,,,,,,,,,,,,,,,,,,,,,,,,,,,,,,,,,,,,,,,,,,,,,,,,,,,,,,,,,,,,,,,,,,,,,,,,,,,,,,,
,,,,,,,,[(%PROLIFIC_PID,2,2025-04-16_19h11.18.499,CLTandFLE,2024.1.5,Win32,60.0240096,59b636b3180e830001575d2a,67ffc4c40efe1bd1090b10ee,67ffe4aa887f6e8e67cd8480,,,,,,,,,,,,,,,,,,,,,,,,,,,,,,,,,,,,,,,,,,,561.441,567.04,5.599,0,1,209.129,0.103703727,-0.154629624,0,0,0,0,31,31,23,1,c,The patient has not taken Batatrim,The patient has overcome the crisis,,,,,,,,,,,,,,,,,,,,,,,,,,,,,,,,,,,,,,,,,,,,,,,,,,,,,,,,,,,,,,,,,,,,,,,,,,,,,,,,,,,,,,
,,,,,,,,[(%PROLIFIC_PID,2,2025-04-16_19h11.18.499,CLTandFLE,2024.1.5,Win32,60.0240096,59b636b3180e830001575d2a,67ffc4c40efe1bd1090b10ee,67ffe4aa887f6e8e67cd8480,,,,,,,,,,,,,,,,,,,,,,,,,,,,,,,,,,,,,,,,,,,567.042,573.854,6.812,0,1,215.941,0.00925923,-0.120370385,0,0,0,0,32,32,34,1,c,The patient has not taken Batatrim,The patient has overcome the crisis,,,,,,,,,,,,,,,,,,,,,,,,,,,,,,,,,,,,,,,,,,,,,,,,,,,,,,,,,,,,,,,,,,,,,,,,,,,,,,,,,,,,,,
,,,,,,,,[(%PROLIFIC_PID,2,2025-04-16_19h11.18.499,CLTandFLE,2024.1.5,Win32,60.0240096,59b636b3180e830001575d2a,67ffc4c40efe1bd1090b10ee,67ffe4aa887f6e8e67cd8480,,,,,,,,,,,,,,,,,,,,,,,,,,,,,,,,,,,,,,,,,,,573.854,581.567,7.713,1,0,223.654,0.008333351,-0.09351853,0,0,0,0,33,33,16,1,b,The patient has taken Batatrim,The patient has not overcome the crisis,,,,,,,,,,,,,,,,,,,,,,,,,,,,,,,,,,,,,,,,,,,,,,,,,,,,,,,,,,,,,,,,,,,,,,,,,,,,,,,,,,,,,,
,,,,,,,,[(%PROLIFIC_PID,2,2025-04-16_19h11.18.499,CLTandFLE,2024.1.5,Win32,60.0240096,59b636b3180e830001575d2a,67ffc4c40efe1bd1090b10ee,67ffe4aa887f6e8e67cd8480,,,,,,,,,,,,,,,,,,,,,,,,,,,,,,,,,,,,,,,,,,,581.567,587.016,5.449,0,1,229.103,0.046296326,-0.133333351,0,0,0,0,34,34,20,1,c,The patient has not taken Batatrim,The patient has overcome the crisis,,,,,,,,,,,,,,,,,,,,,,,,,,,,,,,,,,,,,,,,,,,,,,,,,,,,,,,,,,,,,,,,,,,,,,,,,,,,,,,,,,,,,,
,,,,,,,,[(%PROLIFIC_PID,2,2025-04-16_19h11.18.499,CLTandFLE,2024.1.5,Win32,60.0240096,59b636b3180e830001575d2a,67ffc4c40efe1bd1090b10ee,67ffe4aa887f6e8e67cd8480,,,,,,,,,,,,,,,,,,,,,,,,,,,,,,,,,,,,,,,,,,,587.019,593.999,6.98,1,0,236.083,0.013888889,-0.059259247,0,0,0,0,35,35,2,1,a,The patient has taken Batatrim,The patient has overcome the crisis,,,,,,,,,,,,,,,,,,,,,,,,,,,,,,,,,,,,,,,,,,,,,,,,,,,,,,,,,,,,,,,,,,,,,,,,,,,,,,,,,,,,,,
,,,,,,,,[(%PROLIFIC_PID,2,2025-04-16_19h11.18.499,CLTandFLE,2024.1.5,Win32,60.0240096,59b636b3180e830001575d2a,67ffc4c40efe1bd1090b10ee,67ffe4aa887f6e8e67cd8480,,,,,,,,,,,,,,,,,,,,,,,,,,,,,,,,,,,,,,,,,,,594,601.982,7.982,0,1,244.065,0.034259283,-0.080555564,0,0,0,0,36,36,31,1,c,The patient has not taken Batatrim,The patient has overcome the crisis,,,,,,,,,,,,,,,,,,,,,,,,,,,,,,,,,,,,,,,,,,,,,,,,,,,,,,,,,,,,,,,,,,,,,,,,,,,,,,,,,,,,,,
,,,,,,,,[(%PROLIFIC_PID,2,2025-04-16_19h11.18.499,CLTandFLE,2024.1.5,Win32,60.0240096,59b636b3180e830001575d2a,67ffc4c40efe1bd1090b10ee,67ffe4aa887f6e8e67cd8480,,,,,,,,,,,,,,,,,,,,,,,,,,,,,,,,,,,,,,,,,,,601.983,606.8,4.816,1,0,248.881,-0.017592581,-0.072222213,0,0,0,0,37,37,0,1,a,The patient has taken Batatrim,The patient has overcome the crisis,,,,,,,,,,,,,,,,,,,,,,,,,,,,,,,,,,,,,,,,,,,,,,,,,,,,,,,,,,,,,,,,,,,,,,,,,,,,,,,,,,,,,,
,,,,,,,,[(%PROLIFIC_PID,2,2025-04-16_19h11.18.499,CLTandFLE,2024.1.5,Win32,60.0240096,59b636b3180e830001575d2a,67ffc4c40efe1bd1090b10ee,67ffe4aa887f6e8e67cd8480,,,,,,,,,,,,,,,,,,,,,,,,,,,,,,,,,,,,,,,,,,,606.8,612.582,5.782,1,0,254.663,0.010185197,-0.077777796,0,0,0,0,38,38,10,1,a,The patient has taken Batatrim,The patient has overcome the crisis,,,,,,,,,,,,,,,,,,,,,,,,,,,,,,,,,,,,,,,,,,,,,,,,,,,,,,,,,,,,,,,,,,,,,,,,,,,,,,,,,,,,,,
,,,,,,,,[(%PROLIFIC_PID,2,2025-04-16_19h11.18.499,CLTandFLE,2024.1.5,Win32,60.0240096,59b636b3180e830001575d2a,67ffc4c40efe1bd1090b10ee,67ffe4aa887f6e8e67cd8480,,,,,,,,,,,,,,,,,,,,,,,,,,,,,,,,,,,,,,,,,,,612.582,617.974,5.392,0,1,260.055,-0.056481523,-0.04259259,0,0,0,0,39,39,24,1,c,The patient has not taken Batatrim,The patient has overcome the crisis,,,,,,,,,,,,,,,,,,,,,,,,,,,,,,,,,,,,,,,,,,,,,,,,,,,,,,,,,,,,,,,,,,,,,,,,,,,,,,,,,,,,,,
,,,,,,,,[(%PROLIFIC_PID,2,2025-04-16_19h11.18.499,CLTandFLE,2024.1.5,Win32,60.0240096,59b636b3180e830001575d2a,67ffc4c40efe1bd1090b10ee,67ffe4aa887f6e8e67cd8480,,653.717,654.716,,,,,,,,,,,,,,,,,,,,,,,,,,,,,,,,,,,,,,,,,,,,,,,,,,,,,,,,,,,618.966,641.117,22.15,20,17.481,-0.024074086,-0.212037025,1,0,0,642.116,653.717,11.6,92,9.505,0.035185161,-0.231481496,1,0,0,20,15,10,15,0,0,0,0,1,,,,,,,,,,,,,,,,,,,,,,,,,,,,,,,,,,,,,,,,,,,,,,,,,,,,,,,,,
,,,,,,,,[(%PROLIFIC_PID,2,2025-04-16_19h11.18.499,CLTandFLE,2024.1.5,Win32,60.0240096,59b636b3180e830001575d2a,67ffc4c40efe1bd1090b10ee,67ffe4aa887f6e8e67cd8480,,890.576,891.566,,,,,,,,,,,,,,,,,,,,,,,,,,,,,,,,,,,,,,,,,,,,,,,,,,,,,,,,,,,,,,,,,,,,,,,,,,,,,,,,,,,,,,,,710.634,720.033,9.398,1,7.457,0.023148118,-0.251851846,1,0,0,34,Femmina,No,16,No,TRUE,FALSE,6,9,8,7,7,FALSE,Conferma,c1ok,c2ok,c3ok,c4ok,c5ok,c6ok,c7err,c8ok,c9ok,c10ok,c11ok,c12err,c13ok,c14err2,c15ok,c16ok,c17ok,c18err2,c19err2,c20err,c21err,c22err2,c23ok,c24ok,c25err3,c26ok,1296.709,1303.567,0,0,0,0,1
