﻿Alfa.started,Alfa.stopped,alfa_mouse.x,alfa_mouse.y,alfa_mouse.leftButton,alfa_mouse.midButton,alfa_mouse.rightButton,alfa_mouse.clicked_name,participant,group,date,expName,psychopyVersion,OS,frameRate,PROLIFIC_PID,STUDY_ID,SESSION_ID,)],ITI.started,ITI.stopped,B_consensoinformato.started,B_consensoinformato.stopped,tempo_consenso,cons_mouse.x,cons_mouse.y,cons_mouse.leftButton,cons_mouse.midButton,cons_mouse.rightButton,A_benvenuto.started,A_benvenuto.stopped,ben_mouse.x,ben_mouse.y,ben_mouse.leftButton,ben_mouse.midButton,ben_mouse.rightButton,B2_istruzioni.started,B2_istruzioni.stopped,tempo_istru,cons_mouse_2.x,cons_mouse_2.y,cons_mouse_2.leftButton,cons_mouse_2.midButton,cons_mouse_2.rightButton,SAMevaluation.started,SAMevaluation.stopped,temposam,sliderintensity.response,sliderintensity.rt,slidervalence.response,slidervalence.rt,mouse_sam.x,mouse_sam.y,mouse_sam.leftButton,mouse_sam.midButton,mouse_sam.rightButton,mouse_sam.time,mouse_sam.clicked_name,Loading.started,Loading.stopped,C_associative_task.started,C_associative_task.stopped,tempo_trial,hapremutosi,hapremutono,tempo_tasktot,mouse.x,mouse.y,mouse.leftButton,mouse.midButton,mouse.rightButton,trials.thisRepN,trials.thisTrialN,trials.thisN,trials.thisIndex,trials.ran,cond,causa,effetto,D_VD.started,D_VD.stopped,tempo_vd,vd.response,vd.rt,mouse_vd.x,mouse_vd.y,mouse_vd.leftButton,mouse_vd.midButton,mouse_vd.rightButton,Previous.started,Previous.stopped,tempo_vd1,previous.response,previous.rt,mouse_vd_2.x,mouse_vd_2.y,mouse_vd_2.leftButton,mouse_vd_2.midButton,mouse_vd_2.rightButton,EstENG.TrialNN,EstENG.TrialNS,EstENG.TrialSS,EstENG.TrialSN,ingesta.thisRepN,ingesta.thisTrialN,ingesta.thisN,ingesta.thisIndex,ingesta.ran,PF.started,PF.stopped,tempo_pf,processfluency.response,processfluency.rt,mouse_ch.x,mouse_ch.y,mouse_ch.leftButton,mouse_ch.midButton,mouse_ch.rightButton,Questionario_Lingua.Age,Questionario_Lingua.Sesso,Questionario_Lingua.StaiStudiando?,Questionario_Lingua.Anniscolarita,Questionario_Lingua.Diploma,Questionario_Lingua.ItaMADRE?,Questionario_Lingua.INGmadre?,Questionario_Lingua.Q5(AOAIng),Questionario_Lingua.INGLETTURA,Questionario_Lingua.INGCOMPRESO,Questionario_Lingua.INGSCRITTO,Questionario_Lingua.INGPARLATO,Questionario_Lingua.haivissutoestero,ProvaInglese.ProcediamoENg,ProvaInglese.C1,ProvaInglese.C2,ProvaInglese.C3,ProvaInglese.C4,ProvaInglese.C5,ProvaInglese.C6,ProvaInglese.C7,ProvaInglese.C8,ProvaInglese.C9,ProvaInglese.C10,ProvaInglese.C11,ProvaInglese.C12,ProvaInglese.C13,ProvaInglese.C14,ProvaInglese.C15,ProvaInglese.C16,ProvaInglese.C17,ProvaInglese.C18,ProvaInglese.C19,ProvaInglese.C20,ProvaInglese.C21,ProvaInglese.C22,ProvaInglese.C23,ProvaInglese.C24,ProvaInglese.C25,ProvaInglese.controlquestion,Ant_lastquestion.started,Ant_lastquestion.stopped,exp_loop.thisRepN,exp_loop.thisTrialN,exp_loop.thisN,exp_loop.thisIndex,exp_loop.ran
0.0011,4.1758,-0.002777778,0.014814815,1,0,0,alfa_mask,[(%PROLIFIC_PID,2,2025-04-16_18h57.24.163,CLTandFLE,2024.1.5,Win32,59.88023952,5e7a0cc0c4ee0904d8d5f154,67ffc4c40efe1bd1090b10ee,67ffe14ba99b3aa126d684d4,,,,,,,,,,,,,,,,,,,,,,,,,,,,,,,,,,,,,,,,,,,,,,,,,,,,,,,,,,,,,,,,,,,,,,,,,,,,,,,,,,,,,,,,,,,,,,,,,,,,,,,,,,,,,,,,,,,,,,,,,,,,,,,,,,,,,,,,,,,,,,,,,,,
,,,,,,,,[(%PROLIFIC_PID,2,2025-04-16_18h57.24.163,CLTandFLE,2024.1.5,Win32,59.88023952,5e7a0cc0c4ee0904d8d5f154,67ffc4c40efe1bd1090b10ee,67ffe14ba99b3aa126d684d4,,4.1761,5.1741,,,,,,,,,,,,,,,,,,,,,,,,,,,,,,,,,,,,,,,,,,,,,,,,,,,,,,,,,,,,,,,,,,,,,,,,,,,,,,,,,,,,,,,,,,,,,,,,,,,,,,,,,,,,,,,,,,,,,,,,,,,,,,,,,,,,,,,,,,,,,,,,
,,,,,,,,[(%PROLIFIC_PID,2,2025-04-16_18h57.24.163,CLTandFLE,2024.1.5,Win32,59.88023952,5e7a0cc0c4ee0904d8d5f154,67ffc4c40efe1bd1090b10ee,67ffe14ba99b3aa126d684d4,,,,5.1745,12.9995,7.8237,0.251851852,-0.399074074,1,0,0,,,,,,,,,,,,,,,,,,,,,,,,,,,,,,,,,,,,,,,,,,,,,,,,,,,,,,,,,,,,,,,,,,,,,,,,,,,,,,,,,,,,,,,,,,,,,,,,,,,,,,,,,,,,,,,,,,,,,,,,,,,,,,,,,,,,,,,,
,,,,,,,,[(%PROLIFIC_PID,2,2025-04-16_18h57.24.163,CLTandFLE,2024.1.5,Win32,59.88023952,5e7a0cc0c4ee0904d8d5f154,67ffc4c40efe1bd1090b10ee,67ffe14ba99b3aa126d684d4,,245.0311,246.0319,,,,,,,,,13.9999,16.276,0.049074074,-0.098148148,1,0,0,17.2758,228.469,211.1919,-0.012972973,-0.384324324,1,0,0,229.4687,237.0446,7.5748,0.705405405,5.6556,0.633783784,4.2399,"[0.018378378378378378,0.024864864864864864,0.012972972972972972]","[0.20054054054054055,0.0005405405405405405,-0.20378378378378378]","[1,1,1]","[0,0,0]","[0,0,0]","[3.503200000047684,4.81060000002384,7.545500000000004]","[""slidervalence"",""sliderintensity"",""rettoksam""]",238.0404,245.0309,246.0702,252.8917,6.821,1,0,6.821,0.029189189,-0.083783784,0,0,0,0,0,0,5,1,a,The patient has taken Batatrim,The patient has overcome the crisis,,,,,,,,,,,,,,,,,,,,,,,,,,,,,,,,,,,,,,,,,,,,,,,,,,,,,,,,,,,,,,,,,,,,,,,,,,,,,,,,,,,,,,
,,,,,,,,[(%PROLIFIC_PID,2,2025-04-16_18h57.24.163,CLTandFLE,2024.1.5,Win32,59.88023952,5e7a0cc0c4ee0904d8d5f154,67ffc4c40efe1bd1090b10ee,67ffe14ba99b3aa126d684d4,,,,,,,,,,,,,,,,,,,,,,,,,,,,,,,,,,,,,,,,,,,252.8925,259.1775,6.2846,0,1,13.1056,-0.291891892,-0.031891892,0,0,0,0,1,1,11,1,a,The patient has taken Batatrim,The patient has overcome the crisis,,,,,,,,,,,,,,,,,,,,,,,,,,,,,,,,,,,,,,,,,,,,,,,,,,,,,,,,,,,,,,,,,,,,,,,,,,,,,,,,,,,,,,
,,,,,,,,[(%PROLIFIC_PID,2,2025-04-16_18h57.24.163,CLTandFLE,2024.1.5,Win32,59.88023952,5e7a0cc0c4ee0904d8d5f154,67ffc4c40efe1bd1090b10ee,67ffe14ba99b3aa126d684d4,,,,,,,,,,,,,,,,,,,,,,,,,,,,,,,,,,,,,,,,,,,259.1782,263.4861,4.3075,1,0,17.4131,-0.182702703,-0.02972973,0,0,0,0,2,2,21,1,c,The patient has not taken Batatrim,The patient has overcome the crisis,,,,,,,,,,,,,,,,,,,,,,,,,,,,,,,,,,,,,,,,,,,,,,,,,,,,,,,,,,,,,,,,,,,,,,,,,,,,,,,,,,,,,,
,,,,,,,,[(%PROLIFIC_PID,2,2025-04-16_18h57.24.163,CLTandFLE,2024.1.5,Win32,59.88023952,5e7a0cc0c4ee0904d8d5f154,67ffc4c40efe1bd1090b10ee,67ffe14ba99b3aa126d684d4,,,,,,,,,,,,,,,,,,,,,,,,,,,,,,,,,,,,,,,,,,,263.4868,267.5862,4.099,1,0,21.5121,-0.221621622,-0.058918919,0,0,0,0,3,3,0,1,a,The patient has taken Batatrim,The patient has overcome the crisis,,,,,,,,,,,,,,,,,,,,,,,,,,,,,,,,,,,,,,,,,,,,,,,,,,,,,,,,,,,,,,,,,,,,,,,,,,,,,,,,,,,,,,
,,,,,,,,[(%PROLIFIC_PID,2,2025-04-16_18h57.24.163,CLTandFLE,2024.1.5,Win32,59.88023952,5e7a0cc0c4ee0904d8d5f154,67ffc4c40efe1bd1090b10ee,67ffe14ba99b3aa126d684d4,,,,,,,,,,,,,,,,,,,,,,,,,,,,,,,,,,,,,,,,,,,267.5869,271.8564,4.2691,1,0,25.7812,-0.134054054,0.011351351,0,0,0,0,4,4,18,1,b,The patient has taken Batatrim,The patient has not overcome the crisis,,,,,,,,,,,,,,,,,,,,,,,,,,,,,,,,,,,,,,,,,,,,,,,,,,,,,,,,,,,,,,,,,,,,,,,,,,,,,,,,,,,,,,
,,,,,,,,[(%PROLIFIC_PID,2,2025-04-16_18h57.24.163,CLTandFLE,2024.1.5,Win32,59.88023952,5e7a0cc0c4ee0904d8d5f154,67ffc4c40efe1bd1090b10ee,67ffe14ba99b3aa126d684d4,,,,,,,,,,,,,,,,,,,,,,,,,,,,,,,,,,,,,,,,,,,271.857,424.1229,152.2655,1,0,178.0467,-0.202162162,0.508648649,0,0,0,0,5,5,35,1,d,The patient has not taken Batatrim,The patient has not overcome the crisis,,,,,,,,,,,,,,,,,,,,,,,,,,,,,,,,,,,,,,,,,,,,,,,,,,,,,,,,,,,,,,,,,,,,,,,,,,,,,,,,,,,,,,
,,,,,,,,[(%PROLIFIC_PID,2,2025-04-16_18h57.24.163,CLTandFLE,2024.1.5,Win32,59.88023952,5e7a0cc0c4ee0904d8d5f154,67ffc4c40efe1bd1090b10ee,67ffe14ba99b3aa126d684d4,,,,,,,,,,,,,,,,,,,,,,,,,,,,,,,,,,,,,,,,,,,424.136,430.0412,5.9049,1,0,183.9516,-0.198918919,0.218918919,0,0,0,0,6,6,2,1,a,The patient has taken Batatrim,The patient has overcome the crisis,,,,,,,,,,,,,,,,,,,,,,,,,,,,,,,,,,,,,,,,,,,,,,,,,,,,,,,,,,,,,,,,,,,,,,,,,,,,,,,,,,,,,,
,,,,,,,,[(%PROLIFIC_PID,2,2025-04-16_18h57.24.163,CLTandFLE,2024.1.5,Win32,59.88023952,5e7a0cc0c4ee0904d8d5f154,67ffc4c40efe1bd1090b10ee,67ffe14ba99b3aa126d684d4,,,,,,,,,,,,,,,,,,,,,,,,,,,,,,,,,,,,,,,,,,,430.0416,433.9954,3.9535,1,0,187.9051,-0.141621622,0.014594595,0,0,0,0,7,7,9,1,a,The patient has taken Batatrim,The patient has overcome the crisis,,,,,,,,,,,,,,,,,,,,,,,,,,,,,,,,,,,,,,,,,,,,,,,,,,,,,,,,,,,,,,,,,,,,,,,,,,,,,,,,,,,,,,
,,,,,,,,[(%PROLIFIC_PID,2,2025-04-16_18h57.24.163,CLTandFLE,2024.1.5,Win32,59.88023952,5e7a0cc0c4ee0904d8d5f154,67ffc4c40efe1bd1090b10ee,67ffe14ba99b3aa126d684d4,,,,,,,,,,,,,,,,,,,,,,,,,,,,,,,,,,,,,,,,,,,433.9958,438.1278,4.1318,1,0,192.0369,0.184864865,-0.042702703,0,0,0,0,8,8,8,1,a,The patient has taken Batatrim,The patient has overcome the crisis,,,,,,,,,,,,,,,,,,,,,,,,,,,,,,,,,,,,,,,,,,,,,,,,,,,,,,,,,,,,,,,,,,,,,,,,,,,,,,,,,,,,,,
,,,,,,,,[(%PROLIFIC_PID,2,2025-04-16_18h57.24.163,CLTandFLE,2024.1.5,Win32,59.88023952,5e7a0cc0c4ee0904d8d5f154,67ffc4c40efe1bd1090b10ee,67ffe14ba99b3aa126d684d4,,,,,,,,,,,,,,,,,,,,,,,,,,,,,,,,,,,,,,,,,,,438.1282,442.3021,4.1736,0,1,196.2105,-0.197837838,-0.038378378,0,0,0,0,9,9,33,1,c,The patient has not taken Batatrim,The patient has overcome the crisis,,,,,,,,,,,,,,,,,,,,,,,,,,,,,,,,,,,,,,,,,,,,,,,,,,,,,,,,,,,,,,,,,,,,,,,,,,,,,,,,,,,,,,
,,,,,,,,[(%PROLIFIC_PID,2,2025-04-16_18h57.24.163,CLTandFLE,2024.1.5,Win32,59.88023952,5e7a0cc0c4ee0904d8d5f154,67ffc4c40efe1bd1090b10ee,67ffe14ba99b3aa126d684d4,,,,,,,,,,,,,,,,,,,,,,,,,,,,,,,,,,,,,,,,,,,442.3027,452.5229,10.22,1,0,206.4305,0.048648649,-0.163783784,0,0,0,0,10,10,23,1,c,The patient has not taken Batatrim,The patient has overcome the crisis,,,,,,,,,,,,,,,,,,,,,,,,,,,,,,,,,,,,,,,,,,,,,,,,,,,,,,,,,,,,,,,,,,,,,,,,,,,,,,,,,,,,,,
,,,,,,,,[(%PROLIFIC_PID,2,2025-04-16_18h57.24.163,CLTandFLE,2024.1.5,Win32,59.88023952,5e7a0cc0c4ee0904d8d5f154,67ffc4c40efe1bd1090b10ee,67ffe14ba99b3aa126d684d4,,,,,,,,,,,,,,,,,,,,,,,,,,,,,,,,,,,,,,,,,,,452.5234,456.3769,3.8532,1,0,210.2837,-0.277837838,0.056756757,0,0,0,0,11,11,7,1,a,The patient has taken Batatrim,The patient has overcome the crisis,,,,,,,,,,,,,,,,,,,,,,,,,,,,,,,,,,,,,,,,,,,,,,,,,,,,,,,,,,,,,,,,,,,,,,,,,,,,,,,,,,,,,,
,,,,,,,,[(%PROLIFIC_PID,2,2025-04-16_18h57.24.163,CLTandFLE,2024.1.5,Win32,59.88023952,5e7a0cc0c4ee0904d8d5f154,67ffc4c40efe1bd1090b10ee,67ffe14ba99b3aa126d684d4,,,,,,,,,,,,,,,,,,,,,,,,,,,,,,,,,,,,,,,,,,,456.3774,463.4376,7.0598,1,0,217.3435,-0.208648649,-0.034054054,0,0,0,0,12,12,26,1,c,The patient has not taken Batatrim,The patient has overcome the crisis,,,,,,,,,,,,,,,,,,,,,,,,,,,,,,,,,,,,,,,,,,,,,,,,,,,,,,,,,,,,,,,,,,,,,,,,,,,,,,,,,,,,,,
,,,,,,,,[(%PROLIFIC_PID,2,2025-04-16_18h57.24.163,CLTandFLE,2024.1.5,Win32,59.88023952,5e7a0cc0c4ee0904d8d5f154,67ffc4c40efe1bd1090b10ee,67ffe14ba99b3aa126d684d4,,,,,,,,,,,,,,,,,,,,,,,,,,,,,,,,,,,,,,,,,,,463.438,472.6638,9.2255,1,0,226.569,-0.207567568,-0.02972973,0,0,0,0,13,13,13,1,a,The patient has taken Batatrim,The patient has overcome the crisis,,,,,,,,,,,,,,,,,,,,,,,,,,,,,,,,,,,,,,,,,,,,,,,,,,,,,,,,,,,,,,,,,,,,,,,,,,,,,,,,,,,,,,
,,,,,,,,[(%PROLIFIC_PID,2,2025-04-16_18h57.24.163,CLTandFLE,2024.1.5,Win32,59.88023952,5e7a0cc0c4ee0904d8d5f154,67ffc4c40efe1bd1090b10ee,67ffe14ba99b3aa126d684d4,,,,,,,,,,,,,,,,,,,,,,,,,,,,,,,,,,,,,,,,,,,472.6642,477.4813,4.8169,1,0,231.3859,0.176216216,-0.058918919,0,0,0,0,14,14,38,1,d,The patient has not taken Batatrim,The patient has not overcome the crisis,,,,,,,,,,,,,,,,,,,,,,,,,,,,,,,,,,,,,,,,,,,,,,,,,,,,,,,,,,,,,,,,,,,,,,,,,,,,,,,,,,,,,,
,,,,,,,,[(%PROLIFIC_PID,2,2025-04-16_18h57.24.163,CLTandFLE,2024.1.5,Win32,59.88023952,5e7a0cc0c4ee0904d8d5f154,67ffc4c40efe1bd1090b10ee,67ffe14ba99b3aa126d684d4,,,,,,,,,,,,,,,,,,,,,,,,,,,,,,,,,,,,,,,,,,,477.4825,481.7628,4.2798,0,1,235.6657,-0.157837838,-0.047027027,0,0,0,0,15,15,24,1,c,The patient has not taken Batatrim,The patient has overcome the crisis,,,,,,,,,,,,,,,,,,,,,,,,,,,,,,,,,,,,,,,,,,,,,,,,,,,,,,,,,,,,,,,,,,,,,,,,,,,,,,,,,,,,,,
,,,,,,,,[(%PROLIFIC_PID,2,2025-04-16_18h57.24.163,CLTandFLE,2024.1.5,Win32,59.88023952,5e7a0cc0c4ee0904d8d5f154,67ffc4c40efe1bd1090b10ee,67ffe14ba99b3aa126d684d4,,,,,,,,,,,,,,,,,,,,,,,,,,,,,,,,,,,,,,,,,,,481.7633,485.6034,3.8398,1,0,239.5055,-0.149189189,-0.039459459,0,0,0,0,16,16,28,1,c,The patient has not taken Batatrim,The patient has overcome the crisis,,,,,,,,,,,,,,,,,,,,,,,,,,,,,,,,,,,,,,,,,,,,,,,,,,,,,,,,,,,,,,,,,,,,,,,,,,,,,,,,,,,,,,
,,,,,,,,[(%PROLIFIC_PID,2,2025-04-16_18h57.24.163,CLTandFLE,2024.1.5,Win32,59.88023952,5e7a0cc0c4ee0904d8d5f154,67ffc4c40efe1bd1090b10ee,67ffe14ba99b3aa126d684d4,,,,,,,,,,,,,,,,,,,,,,,,,,,,,,,,,,,,,,,,,,,485.6037,489.4407,3.8366,1,0,243.3421,-0.07027027,-0.02972973,0,0,0,0,17,17,16,1,b,The patient has taken Batatrim,The patient has not overcome the crisis,,,,,,,,,,,,,,,,,,,,,,,,,,,,,,,,,,,,,,,,,,,,,,,,,,,,,,,,,,,,,,,,,,,,,,,,,,,,,,,,,,,,,,
,,,,,,,,[(%PROLIFIC_PID,2,2025-04-16_18h57.24.163,CLTandFLE,2024.1.5,Win32,59.88023952,5e7a0cc0c4ee0904d8d5f154,67ffc4c40efe1bd1090b10ee,67ffe14ba99b3aa126d684d4,,,,,,,,,,,,,,,,,,,,,,,,,,,,,,,,,,,,,,,,,,,489.4411,499.4756,10.0341,1,0,253.3762,0.100540541,-0.065405405,0,0,0,0,18,18,27,1,c,The patient has not taken Batatrim,The patient has overcome the crisis,,,,,,,,,,,,,,,,,,,,,,,,,,,,,,,,,,,,,,,,,,,,,,,,,,,,,,,,,,,,,,,,,,,,,,,,,,,,,,,,,,,,,,
,,,,,,,,[(%PROLIFIC_PID,2,2025-04-16_18h57.24.163,CLTandFLE,2024.1.5,Win32,59.88023952,5e7a0cc0c4ee0904d8d5f154,67ffc4c40efe1bd1090b10ee,67ffe14ba99b3aa126d684d4,,,,,,,,,,,,,,,,,,,,,,,,,,,,,,,,,,,,,,,,,,,499.4759,508.5027,9.0262,0,1,262.4024,-0.235675676,-0.036216216,0,0,0,0,19,19,31,1,c,The patient has not taken Batatrim,The patient has overcome the crisis,,,,,,,,,,,,,,,,,,,,,,,,,,,,,,,,,,,,,,,,,,,,,,,,,,,,,,,,,,,,,,,,,,,,,,,,,,,,,,,,,,,,,,
,,,,,,,,[(%PROLIFIC_PID,2,2025-04-16_18h57.24.163,CLTandFLE,2024.1.5,Win32,59.88023952,5e7a0cc0c4ee0904d8d5f154,67ffc4c40efe1bd1090b10ee,67ffe14ba99b3aa126d684d4,,,,,,,,,,,,,,,,,,,,,,,,,,,,,,,,,,,,,,,,,,,508.5032,512.5058,4.0022,1,0,266.4046,-0.286486486,-0.058918919,0,0,0,0,20,20,15,1,b,The patient has taken Batatrim,The patient has not overcome the crisis,,,,,,,,,,,,,,,,,,,,,,,,,,,,,,,,,,,,,,,,,,,,,,,,,,,,,,,,,,,,,,,,,,,,,,,,,,,,,,,,,,,,,,
,,,,,,,,[(%PROLIFIC_PID,2,2025-04-16_18h57.24.163,CLTandFLE,2024.1.5,Win32,59.88023952,5e7a0cc0c4ee0904d8d5f154,67ffc4c40efe1bd1090b10ee,67ffe14ba99b3aa126d684d4,,,,,,,,,,,,,,,,,,,,,,,,,,,,,,,,,,,,,,,,,,,512.5064,524.5593,12.0527,1,0,278.4573,-0.206486486,-0.041621622,0,0,0,0,21,21,22,1,c,The patient has not taken Batatrim,The patient has overcome the crisis,,,,,,,,,,,,,,,,,,,,,,,,,,,,,,,,,,,,,,,,,,,,,,,,,,,,,,,,,,,,,,,,,,,,,,,,,,,,,,,,,,,,,,
,,,,,,,,[(%PROLIFIC_PID,2,2025-04-16_18h57.24.163,CLTandFLE,2024.1.5,Win32,59.88023952,5e7a0cc0c4ee0904d8d5f154,67ffc4c40efe1bd1090b10ee,67ffe14ba99b3aa126d684d4,,,,,,,,,,,,,,,,,,,,,,,,,,,,,,,,,,,,,,,,,,,524.5597,528.3964,3.8362,0,1,282.2935,0.221621622,-0.035135135,1,0,0,0,22,22,32,1,c,The patient has not taken Batatrim,The patient has overcome the crisis,,,,,,,,,,,,,,,,,,,,,,,,,,,,,,,,,,,,,,,,,,,,,,,,,,,,,,,,,,,,,,,,,,,,,,,,,,,,,,,,,,,,,,
,,,,,,,,[(%PROLIFIC_PID,2,2025-04-16_18h57.24.163,CLTandFLE,2024.1.5,Win32,59.88023952,5e7a0cc0c4ee0904d8d5f154,67ffc4c40efe1bd1090b10ee,67ffe14ba99b3aa126d684d4,,,,,,,,,,,,,,,,,,,,,,,,,,,,,,,,,,,,,,,,,,,528.3968,532.2671,3.8698,0,1,286.1633,-0.187027027,-0.045945946,0,0,0,0,23,23,34,1,c,The patient has not taken Batatrim,The patient has overcome the crisis,,,,,,,,,,,,,,,,,,,,,,,,,,,,,,,,,,,,,,,,,,,,,,,,,,,,,,,,,,,,,,,,,,,,,,,,,,,,,,,,,,,,,,
,,,,,,,,[(%PROLIFIC_PID,2,2025-04-16_18h57.24.163,CLTandFLE,2024.1.5,Win32,59.88023952,5e7a0cc0c4ee0904d8d5f154,67ffc4c40efe1bd1090b10ee,67ffe14ba99b3aa126d684d4,,,,,,,,,,,,,,,,,,,,,,,,,,,,,,,,,,,,,,,,,,,532.2676,536.1041,3.836,1,0,289.9993,-0.198918919,-0.047027027,0,0,0,0,24,24,10,1,a,The patient has taken Batatrim,The patient has overcome the crisis,,,,,,,,,,,,,,,,,,,,,,,,,,,,,,,,,,,,,,,,,,,,,,,,,,,,,,,,,,,,,,,,,,,,,,,,,,,,,,,,,,,,,,
,,,,,,,,[(%PROLIFIC_PID,2,2025-04-16_18h57.24.163,CLTandFLE,2024.1.5,Win32,59.88023952,5e7a0cc0c4ee0904d8d5f154,67ffc4c40efe1bd1090b10ee,67ffe14ba99b3aa126d684d4,,,,,,,,,,,,,,,,,,,,,,,,,,,,,,,,,,,,,,,,,,,536.1045,539.9413,3.8364,1,0,293.8357,-0.243243243,-0.062162162,0,0,0,0,25,25,25,1,c,The patient has not taken Batatrim,The patient has overcome the crisis,,,,,,,,,,,,,,,,,,,,,,,,,,,,,,,,,,,,,,,,,,,,,,,,,,,,,,,,,,,,,,,,,,,,,,,,,,,,,,,,,,,,,,
,,,,,,,,[(%PROLIFIC_PID,2,2025-04-16_18h57.24.163,CLTandFLE,2024.1.5,Win32,59.88023952,5e7a0cc0c4ee0904d8d5f154,67ffc4c40efe1bd1090b10ee,67ffe14ba99b3aa126d684d4,,,,,,,,,,,,,,,,,,,,,,,,,,,,,,,,,,,,,,,,,,,539.9417,544.1707,4.2287,1,0,298.0644,-0.243243243,-0.062162162,0,0,0,0,26,26,19,1,b,The patient has taken Batatrim,The patient has not overcome the crisis,,,,,,,,,,,,,,,,,,,,,,,,,,,,,,,,,,,,,,,,,,,,,,,,,,,,,,,,,,,,,,,,,,,,,,,,,,,,,,,,,,,,,,
,,,,,,,,[(%PROLIFIC_PID,2,2025-04-16_18h57.24.163,CLTandFLE,2024.1.5,Win32,59.88023952,5e7a0cc0c4ee0904d8d5f154,67ffc4c40efe1bd1090b10ee,67ffe14ba99b3aa126d684d4,,,,,,,,,,,,,,,,,,,,,,,,,,,,,,,,,,,,,,,,,,,544.171,549.432,5.2606,1,0,303.325,-0.243243243,-0.062162162,0,0,0,0,27,27,20,1,c,The patient has not taken Batatrim,The patient has overcome the crisis,,,,,,,,,,,,,,,,,,,,,,,,,,,,,,,,,,,,,,,,,,,,,,,,,,,,,,,,,,,,,,,,,,,,,,,,,,,,,,,,,,,,,,
,,,,,,,,[(%PROLIFIC_PID,2,2025-04-16_18h57.24.163,CLTandFLE,2024.1.5,Win32,59.88023952,5e7a0cc0c4ee0904d8d5f154,67ffc4c40efe1bd1090b10ee,67ffe14ba99b3aa126d684d4,,,,,,,,,,,,,,,,,,,,,,,,,,,,,,,,,,,,,,,,,,,549.4324,555.874,6.441,1,0,309.766,-0.237837838,-0.062162162,0,0,0,0,28,28,3,1,a,The patient has taken Batatrim,The patient has overcome the crisis,,,,,,,,,,,,,,,,,,,,,,,,,,,,,,,,,,,,,,,,,,,,,,,,,,,,,,,,,,,,,,,,,,,,,,,,,,,,,,,,,,,,,,
,,,,,,,,[(%PROLIFIC_PID,2,2025-04-16_18h57.24.163,CLTandFLE,2024.1.5,Win32,59.88023952,5e7a0cc0c4ee0904d8d5f154,67ffc4c40efe1bd1090b10ee,67ffe14ba99b3aa126d684d4,,,,,,,,,,,,,,,,,,,,,,,,,,,,,,,,,,,,,,,,,,,555.8745,560.7957,4.9206,1,0,314.6866,-0.207567568,-0.043783784,0,0,0,0,29,29,6,1,a,The patient has taken Batatrim,The patient has overcome the crisis,,,,,,,,,,,,,,,,,,,,,,,,,,,,,,,,,,,,,,,,,,,,,,,,,,,,,,,,,,,,,,,,,,,,,,,,,,,,,,,,,,,,,,
,,,,,,,,[(%PROLIFIC_PID,2,2025-04-16_18h57.24.163,CLTandFLE,2024.1.5,Win32,59.88023952,5e7a0cc0c4ee0904d8d5f154,67ffc4c40efe1bd1090b10ee,67ffe14ba99b3aa126d684d4,,,,,,,,,,,,,,,,,,,,,,,,,,,,,,,,,,,,,,,,,,,560.7962,568.1526,7.3563,1,0,322.0429,-0.217297297,-0.038378378,0,0,0,0,30,30,12,1,a,The patient has taken Batatrim,The patient has overcome the crisis,,,,,,,,,,,,,,,,,,,,,,,,,,,,,,,,,,,,,,,,,,,,,,,,,,,,,,,,,,,,,,,,,,,,,,,,,,,,,,,,,,,,,,
,,,,,,,,[(%PROLIFIC_PID,2,2025-04-16_18h57.24.163,CLTandFLE,2024.1.5,Win32,59.88023952,5e7a0cc0c4ee0904d8d5f154,67ffc4c40efe1bd1090b10ee,67ffe14ba99b3aa126d684d4,,,,,,,,,,,,,,,,,,,,,,,,,,,,,,,,,,,,,,,,,,,568.153,578.096,9.9425,1,0,331.9854,-0.172972973,-0.044864865,0,0,0,0,31,31,37,1,d,The patient has not taken Batatrim,The patient has not overcome the crisis,,,,,,,,,,,,,,,,,,,,,,,,,,,,,,,,,,,,,,,,,,,,,,,,,,,,,,,,,,,,,,,,,,,,,,,,,,,,,,,,,,,,,,
,,,,,,,,[(%PROLIFIC_PID,2,2025-04-16_18h57.24.163,CLTandFLE,2024.1.5,Win32,59.88023952,5e7a0cc0c4ee0904d8d5f154,67ffc4c40efe1bd1090b10ee,67ffe14ba99b3aa126d684d4,,,,,,,,,,,,,,,,,,,,,,,,,,,,,,,,,,,,,,,,,,,578.0964,582.2671,4.1702,1,0,336.1556,-0.153513514,0.044864865,0,0,0,0,32,32,29,1,c,The patient has not taken Batatrim,The patient has overcome the crisis,,,,,,,,,,,,,,,,,,,,,,,,,,,,,,,,,,,,,,,,,,,,,,,,,,,,,,,,,,,,,,,,,,,,,,,,,,,,,,,,,,,,,,
,,,,,,,,[(%PROLIFIC_PID,2,2025-04-16_18h57.24.163,CLTandFLE,2024.1.5,Win32,59.88023952,5e7a0cc0c4ee0904d8d5f154,67ffc4c40efe1bd1090b10ee,67ffe14ba99b3aa126d684d4,,,,,,,,,,,,,,,,,,,,,,,,,,,,,,,,,,,,,,,,,,,582.2677,586.6436,4.3758,1,0,340.5314,-0.148108108,0.035135135,0,0,0,0,33,33,30,1,c,The patient has not taken Batatrim,The patient has overcome the crisis,,,,,,,,,,,,,,,,,,,,,,,,,,,,,,,,,,,,,,,,,,,,,,,,,,,,,,,,,,,,,,,,,,,,,,,,,,,,,,,,,,,,,,
,,,,,,,,[(%PROLIFIC_PID,2,2025-04-16_18h57.24.163,CLTandFLE,2024.1.5,Win32,59.88023952,5e7a0cc0c4ee0904d8d5f154,67ffc4c40efe1bd1090b10ee,67ffe14ba99b3aa126d684d4,,,,,,,,,,,,,,,,,,,,,,,,,,,,,,,,,,,,,,,,,,,586.6441,590.9859,4.3415,1,0,344.8729,-0.113513514,-0.014594595,0,0,0,0,34,34,4,1,a,The patient has taken Batatrim,The patient has overcome the crisis,,,,,,,,,,,,,,,,,,,,,,,,,,,,,,,,,,,,,,,,,,,,,,,,,,,,,,,,,,,,,,,,,,,,,,,,,,,,,,,,,,,,,,
,,,,,,,,[(%PROLIFIC_PID,2,2025-04-16_18h57.24.163,CLTandFLE,2024.1.5,Win32,59.88023952,5e7a0cc0c4ee0904d8d5f154,67ffc4c40efe1bd1090b10ee,67ffe14ba99b3aa126d684d4,,,,,,,,,,,,,,,,,,,,,,,,,,,,,,,,,,,,,,,,,,,590.9862,594.8535,3.8667,1,0,348.7396,-0.206486486,-0.034054054,0,0,0,0,35,35,39,1,d,The patient has not taken Batatrim,The patient has not overcome the crisis,,,,,,,,,,,,,,,,,,,,,,,,,,,,,,,,,,,,,,,,,,,,,,,,,,,,,,,,,,,,,,,,,,,,,,,,,,,,,,,,,,,,,,
,,,,,,,,[(%PROLIFIC_PID,2,2025-04-16_18h57.24.163,CLTandFLE,2024.1.5,Win32,59.88023952,5e7a0cc0c4ee0904d8d5f154,67ffc4c40efe1bd1090b10ee,67ffe14ba99b3aa126d684d4,,,,,,,,,,,,,,,,,,,,,,,,,,,,,,,,,,,,,,,,,,,594.854,608.2516,13.3972,1,0,362.1368,0.118918919,-0.06972973,0,0,0,0,36,36,1,1,a,The patient has taken Batatrim,The patient has overcome the crisis,,,,,,,,,,,,,,,,,,,,,,,,,,,,,,,,,,,,,,,,,,,,,,,,,,,,,,,,,,,,,,,,,,,,,,,,,,,,,,,,,,,,,,
,,,,,,,,[(%PROLIFIC_PID,2,2025-04-16_18h57.24.163,CLTandFLE,2024.1.5,Win32,59.88023952,5e7a0cc0c4ee0904d8d5f154,67ffc4c40efe1bd1090b10ee,67ffe14ba99b3aa126d684d4,,,,,,,,,,,,,,,,,,,,,,,,,,,,,,,,,,,,,,,,,,,608.2519,612.6539,4.4018,1,0,366.5386,-0.144864865,0.000540541,0,0,0,0,37,37,36,1,d,The patient has not taken Batatrim,The patient has not overcome the crisis,,,,,,,,,,,,,,,,,,,,,,,,,,,,,,,,,,,,,,,,,,,,,,,,,,,,,,,,,,,,,,,,,,,,,,,,,,,,,,,,,,,,,,
,,,,,,,,[(%PROLIFIC_PID,2,2025-04-16_18h57.24.163,CLTandFLE,2024.1.5,Win32,59.88023952,5e7a0cc0c4ee0904d8d5f154,67ffc4c40efe1bd1090b10ee,67ffe14ba99b3aa126d684d4,,,,,,,,,,,,,,,,,,,,,,,,,,,,,,,,,,,,,,,,,,,612.6544,626.9281,14.2735,1,0,380.8121,-0.176216216,-0.038378378,0,0,0,0,38,38,17,1,b,The patient has taken Batatrim,The patient has not overcome the crisis,,,,,,,,,,,,,,,,,,,,,,,,,,,,,,,,,,,,,,,,,,,,,,,,,,,,,,,,,,,,,,,,,,,,,,,,,,,,,,,,,,,,,,
,,,,,,,,[(%PROLIFIC_PID,2,2025-04-16_18h57.24.163,CLTandFLE,2024.1.5,Win32,59.88023952,5e7a0cc0c4ee0904d8d5f154,67ffc4c40efe1bd1090b10ee,67ffe14ba99b3aa126d684d4,,,,,,,,,,,,,,,,,,,,,,,,,,,,,,,,,,,,,,,,,,,626.9286,639.2077,12.2786,1,0,393.0907,-0.141621622,-0.066486486,0,0,0,0,39,39,14,1,b,The patient has taken Batatrim,The patient has overcome the crisis,,,,,,,,,,,,,,,,,,,,,,,,,,,,,,,,,,,,,,,,,,,,,,,,,,,,,,,,,,,,,,,,,,,,,,,,,,,,,,,,,,,,,,
,,,,,,,,[(%PROLIFIC_PID,2,2025-04-16_18h57.24.163,CLTandFLE,2024.1.5,Win32,59.88023952,5e7a0cc0c4ee0904d8d5f154,67ffc4c40efe1bd1090b10ee,67ffe14ba99b3aa126d684d4,,663.5827,664.585,,,,,,,,,,,,,,,,,,,,,,,,,,,,,,,,,,,,,,,,,,,,,,,,,,,,,,,,,,,640.2084,659.0659,18.8571,68,17.975,0.012972973,-0.239459459,1,0,0,660.0639,663.5825,3.5176,84,2.8472,0.042162162,-0.221081081,1,0,0,32,21,68,32,0,0,0,0,1,,,,,,,,,,,,,,,,,,,,,,,,,,,,,,,,,,,,,,,,,,,,,,,,,,,,,,,,,
,,,,,,,,[(%PROLIFIC_PID,2,2025-04-16_18h57.24.163,CLTandFLE,2024.1.5,Win32,59.88023952,5e7a0cc0c4ee0904d8d5f154,67ffc4c40efe1bd1090b10ee,67ffe14ba99b3aa126d684d4,,740.1357,741.1258,,,,,,,,,,,,,,,,,,,,,,,,,,,,,,,,,,,,,,,,,,,,,,,,,,,,,,,,,,,,,,,,,,,,,,,,,,,,,,,,,,,,,,,,685.4368,688.8128,3.3754,6,2.1903,0.036756757,-0.208108108,1,0,0,29,Maschio,Sì,20,No,TRUE,FALSE,7,8,8,8,8,FALSE,Conferma,c1ok,c2ok,c3err2,c4err,c5err2,c6ok,c7err2,c8err2,c9ok,c10ok,c11err,c12ok,c13ok,c14err2,c15err3,c16err3,c17ok,c18err3,c19err2,c20ok,c21err3,c22err3,c23err2,c24err2,c25ok,c26ok,1040.3718,1047.1654,0,0,0,0,1
