﻿Alfa.started,Alfa.stopped,alfa_mouse.x,alfa_mouse.y,alfa_mouse.leftButton,alfa_mouse.midButton,alfa_mouse.rightButton,alfa_mouse.clicked_name,participant,group,date,expName,psychopyVersion,OS,frameRate,PROLIFIC_PID,STUDY_ID,SESSION_ID,)],ITI.started,ITI.stopped,B_consensoinformato.started,B_consensoinformato.stopped,tempo_consenso,cons_mouse.x,cons_mouse.y,cons_mouse.leftButton,cons_mouse.midButton,cons_mouse.rightButton,A_benvenuto.started,A_benvenuto.stopped,ben_mouse.x,ben_mouse.y,ben_mouse.leftButton,ben_mouse.midButton,ben_mouse.rightButton,B2_istruzioni.started,B2_istruzioni.stopped,tempo_istru,cons_mouse_2.x,cons_mouse_2.y,cons_mouse_2.leftButton,cons_mouse_2.midButton,cons_mouse_2.rightButton,SAMevaluation.started,SAMevaluation.stopped,temposam,sliderintensity.response,sliderintensity.rt,slidervalence.response,slidervalence.rt,mouse_sam.x,mouse_sam.y,mouse_sam.leftButton,mouse_sam.midButton,mouse_sam.rightButton,mouse_sam.time,mouse_sam.clicked_name,Loading.started,Loading.stopped,C_associative_task.started,C_associative_task.stopped,tempo_trial,hapremutosi,hapremutono,tempo_tasktot,mouse.x,mouse.y,mouse.leftButton,mouse.midButton,mouse.rightButton,trials.thisRepN,trials.thisTrialN,trials.thisN,trials.thisIndex,trials.ran,cond,causa,effetto,D_VD.started,D_VD.stopped,tempo_vd,vd.response,vd.rt,mouse_vd.x,mouse_vd.y,mouse_vd.leftButton,mouse_vd.midButton,mouse_vd.rightButton,Previous.started,Previous.stopped,tempo_vd1,previous.response,previous.rt,mouse_vd_2.x,mouse_vd_2.y,mouse_vd_2.leftButton,mouse_vd_2.midButton,mouse_vd_2.rightButton,EstENG.TrialSS,EstENG.TrialNN,EstENG.TrialSN,EstENG.TrialNS,ingesta.thisRepN,ingesta.thisTrialN,ingesta.thisN,ingesta.thisIndex,ingesta.ran,PF.started,PF.stopped,tempo_pf,processfluency.response,processfluency.rt,mouse_ch.x,mouse_ch.y,mouse_ch.leftButton,mouse_ch.midButton,mouse_ch.rightButton,Questionario_Lingua.Age,Questionario_Lingua.Sesso,Questionario_Lingua.StaiStudiando?,Questionario_Lingua.Anniscolarita,Questionario_Lingua.Diploma,Questionario_Lingua.Punteggiodiploma,Questionario_Lingua.ItaMADRE?,Questionario_Lingua.INGmadre?,Questionario_Lingua.Q5(AOAIng),Questionario_Lingua.INGLETTURA,Questionario_Lingua.INGCOMPRESO,Questionario_Lingua.INGSCRITTO,Questionario_Lingua.INGPARLATO,Questionario_Lingua.haivissutoestero,ProvaInglese.ProcediamoENg,ProvaInglese.C1,ProvaInglese.C2,ProvaInglese.C3,ProvaInglese.C4,ProvaInglese.C5,ProvaInglese.C6,ProvaInglese.C7,ProvaInglese.C8,ProvaInglese.C9,ProvaInglese.C10,ProvaInglese.C11,ProvaInglese.C12,ProvaInglese.C13,ProvaInglese.C14,ProvaInglese.C15,ProvaInglese.C16,ProvaInglese.C17,ProvaInglese.C18,ProvaInglese.C19,ProvaInglese.C20,ProvaInglese.C21,ProvaInglese.C22,ProvaInglese.C23,ProvaInglese.C24,ProvaInglese.C25,ProvaInglese.controlquestion,Ant_lastquestion.started,Ant_lastquestion.stopped,exp_loop.thisRepN,exp_loop.thisTrialN,exp_loop.thisN,exp_loop.thisIndex,exp_loop.ran
0.0003,1.3118,0.064953766,0.024074059,1,0,0,alfa_mask,[(%PROLIFIC_PID,2,2025-04-16_18h53.27.326,CLTandFLE,2024.1.5,Win32,59.88023952,608531ab1db1579634caa459,67ffc4c40efe1bd1090b10ee,67ffdf93cf2b15e53ec176e5,,,,,,,,,,,,,,,,,,,,,,,,,,,,,,,,,,,,,,,,,,,,,,,,,,,,,,,,,,,,,,,,,,,,,,,,,,,,,,,,,,,,,,,,,,,,,,,,,,,,,,,,,,,,,,,,,,,,,,,,,,,,,,,,,,,,,,,,,,,,,,,,,,,,
,,,,,,,,[(%PROLIFIC_PID,2,2025-04-16_18h53.27.326,CLTandFLE,2024.1.5,Win32,59.88023952,608531ab1db1579634caa459,67ffc4c40efe1bd1090b10ee,67ffdf93cf2b15e53ec176e5,,1.3119,2.3083,,,,,,,,,,,,,,,,,,,,,,,,,,,,,,,,,,,,,,,,,,,,,,,,,,,,,,,,,,,,,,,,,,,,,,,,,,,,,,,,,,,,,,,,,,,,,,,,,,,,,,,,,,,,,,,,,,,,,,,,,,,,,,,,,,,,,,,,,,,,,,,,,
,,,,,,,,[(%PROLIFIC_PID,2,2025-04-16_18h53.27.326,CLTandFLE,2024.1.5,Win32,59.88023952,608531ab1db1579634caa459,67ffc4c40efe1bd1090b10ee,67ffdf93cf2b15e53ec176e5,,,,2.3088,4.8282,2.5187,0.150138931,-0.377777786,1,0,0,,,,,,,,,,,,,,,,,,,,,,,,,,,,,,,,,,,,,,,,,,,,,,,,,,,,,,,,,,,,,,,,,,,,,,,,,,,,,,,,,,,,,,,,,,,,,,,,,,,,,,,,,,,,,,,,,,,,,,,,,,,,,,,,,,,,,,,,,
,,,,,,,,[(%PROLIFIC_PID,2,2025-04-16_18h53.27.326,CLTandFLE,2024.1.5,Win32,59.88023952,608531ab1db1579634caa459,67ffc4c40efe1bd1090b10ee,67ffdf93cf2b15e53ec176e5,,27.387,28.3864,,,,,,,,,5.8288,10.8569,0.03717598,-0.100925941,1,0,0,11.8566,15.3442,3.485,0.035324173,-0.352777786,1,0,0,16.3401,19.3888,3.0483,0.780925013,2.369,0.675638655,1.4704,"[0.010324172973632813,0.014027786254882813,0.056620330810546876]","[0.019444427490234374,0.21481479644775392,-0.21018524169921876]","[1,1,1]","[0,0,0]","[0,0,0]","[1.091900000000372,2.024600000000092,3.0412000000001846]","[""slidervalence"",""sliderintensity"",""rettoksam""]",20.3884,27.387,28.4166,33.8317,5.4148,0,1,5.4148,-0.132268448,-0.0592593,0,0,0,0,0,0,1,1,a,The patient has taken Batatrim,The patient has overcome the crisis,,,,,,,,,,,,,,,,,,,,,,,,,,,,,,,,,,,,,,,,,,,,,,,,,,,,,,,,,,,,,,,,,,,,,,,,,,,,,,,,,,,,,,,
,,,,,,,,[(%PROLIFIC_PID,2,2025-04-16_18h53.27.326,CLTandFLE,2024.1.5,Win32,59.88023952,608531ab1db1579634caa459,67ffc4c40efe1bd1090b10ee,67ffdf93cf2b15e53ec176e5,,,,,,,,,,,,,,,,,,,,,,,,,,,,,,,,,,,,,,,,,,,33.8322,37.8271,3.9944,1,0,9.4092,0.184398193,-0.044444466,0,0,0,0,1,1,13,1,a,The patient has taken Batatrim,The patient has overcome the crisis,,,,,,,,,,,,,,,,,,,,,,,,,,,,,,,,,,,,,,,,,,,,,,,,,,,,,,,,,,,,,,,,,,,,,,,,,,,,,,,,,,,,,,,
,,,,,,,,[(%PROLIFIC_PID,2,2025-04-16_18h53.27.326,CLTandFLE,2024.1.5,Win32,59.88023952,608531ab1db1579634caa459,67ffc4c40efe1bd1090b10ee,67ffdf93cf2b15e53ec176e5,,,,,,,,,,,,,,,,,,,,,,,,,,,,,,,,,,,,,,,,,,,37.8278,41.9453,4.1171,1,0,13.5263,-0.198009262,-0.033333359,0,0,0,0,2,2,26,1,c,The patient has not taken Batatrim,The patient has overcome the crisis,,,,,,,,,,,,,,,,,,,,,,,,,,,,,,,,,,,,,,,,,,,,,,,,,,,,,,,,,,,,,,,,,,,,,,,,,,,,,,,,,,,,,,,
,,,,,,,,[(%PROLIFIC_PID,2,2025-04-16_18h53.27.326,CLTandFLE,2024.1.5,Win32,59.88023952,608531ab1db1579634caa459,67ffc4c40efe1bd1090b10ee,67ffdf93cf2b15e53ec176e5,,,,,,,,,,,,,,,,,,,,,,,,,,,,,,,,,,,,,,,,,,,41.9458,48.9432,6.9971,0,1,20.5234,-0.103564758,-0.06203701,0,0,0,0,3,3,3,1,a,The patient has taken Batatrim,The patient has overcome the crisis,,,,,,,,,,,,,,,,,,,,,,,,,,,,,,,,,,,,,,,,,,,,,,,,,,,,,,,,,,,,,,,,,,,,,,,,,,,,,,,,,,,,,,,
,,,,,,,,[(%PROLIFIC_PID,2,2025-04-16_18h53.27.326,CLTandFLE,2024.1.5,Win32,59.88023952,608531ab1db1579634caa459,67ffc4c40efe1bd1090b10ee,67ffdf93cf2b15e53ec176e5,,,,,,,,,,,,,,,,,,,,,,,,,,,,,,,,,,,,,,,,,,,48.9439,53.4401,4.4956,0,1,25.019,0.152916718,-0.064814835,0,0,0,0,4,4,4,1,a,The patient has taken Batatrim,The patient has overcome the crisis,,,,,,,,,,,,,,,,,,,,,,,,,,,,,,,,,,,,,,,,,,,,,,,,,,,,,,,,,,,,,,,,,,,,,,,,,,,,,,,,,,,,,,,
,,,,,,,,[(%PROLIFIC_PID,2,2025-04-16_18h53.27.326,CLTandFLE,2024.1.5,Win32,59.88023952,608531ab1db1579634caa459,67ffc4c40efe1bd1090b10ee,67ffdf93cf2b15e53ec176e5,,,,,,,,,,,,,,,,,,,,,,,,,,,,,,,,,,,,,,,,,,,53.4405,57.4511,4.0102,0,1,29.0292,0.173287125,-0.0592593,1,0,0,0,5,5,15,1,b,The patient has taken Batatrim,The patient has not overcome the crisis,,,,,,,,,,,,,,,,,,,,,,,,,,,,,,,,,,,,,,,,,,,,,,,,,,,,,,,,,,,,,,,,,,,,,,,,,,,,,,,,,,,,,,,
,,,,,,,,[(%PROLIFIC_PID,2,2025-04-16_18h53.27.326,CLTandFLE,2024.1.5,Win32,59.88023952,608531ab1db1579634caa459,67ffc4c40efe1bd1090b10ee,67ffdf93cf2b15e53ec176e5,,,,,,,,,,,,,,,,,,,,,,,,,,,,,,,,,,,,,,,,,,,57.4518,61.4469,3.9946,0,1,33.0238,-0.135972214,-0.051851883,0,0,0,0,6,6,33,1,c,The patient has not taken Batatrim,The patient has overcome the crisis,,,,,,,,,,,,,,,,,,,,,,,,,,,,,,,,,,,,,,,,,,,,,,,,,,,,,,,,,,,,,,,,,,,,,,,,,,,,,,,,,,,,,,,
,,,,,,,,[(%PROLIFIC_PID,2,2025-04-16_18h53.27.326,CLTandFLE,2024.1.5,Win32,59.88023952,608531ab1db1579634caa459,67ffc4c40efe1bd1090b10ee,67ffdf93cf2b15e53ec176e5,,,,,,,,,,,,,,,,,,,,,,,,,,,,,,,,,,,,,,,,,,,61.4473,66.0332,4.5856,1,0,37.6094,0.186250076,-0.017592621,0,0,0,0,7,7,37,1,d,The patient has not taken Batatrim,The patient has not overcome the crisis,,,,,,,,,,,,,,,,,,,,,,,,,,,,,,,,,,,,,,,,,,,,,,,,,,,,,,,,,,,,,,,,,,,,,,,,,,,,,,,,,,,,,,,
,,,,,,,,[(%PROLIFIC_PID,2,2025-04-16_18h53.27.326,CLTandFLE,2024.1.5,Win32,59.88023952,608531ab1db1579634caa459,67ffc4c40efe1bd1090b10ee,67ffdf93cf2b15e53ec176e5,,,,,,,,,,,,,,,,,,,,,,,,,,,,,,,,,,,,,,,,,,,66.0335,70.637,4.6033,1,0,42.2127,-0.050786972,0.106481476,0,0,0,0,8,8,16,1,b,The patient has taken Batatrim,The patient has not overcome the crisis,,,,,,,,,,,,,,,,,,,,,,,,,,,,,,,,,,,,,,,,,,,,,,,,,,,,,,,,,,,,,,,,,,,,,,,,,,,,,,,,,,,,,,,
,,,,,,,,[(%PROLIFIC_PID,2,2025-04-16_18h53.27.326,CLTandFLE,2024.1.5,Win32,59.88023952,608531ab1db1579634caa459,67ffc4c40efe1bd1090b10ee,67ffdf93cf2b15e53ec176e5,,,,,,,,,,,,,,,,,,,,,,,,,,,,,,,,,,,,,,,,,,,70.6378,76.3343,5.6963,1,0,47.909,-0.19152771,-0.047222252,0,0,0,0,9,9,34,1,c,The patient has not taken Batatrim,The patient has overcome the crisis,,,,,,,,,,,,,,,,,,,,,,,,,,,,,,,,,,,,,,,,,,,,,,,,,,,,,,,,,,,,,,,,,,,,,,,,,,,,,,,,,,,,,,,
,,,,,,,,[(%PROLIFIC_PID,2,2025-04-16_18h53.27.326,CLTandFLE,2024.1.5,Win32,59.88023952,608531ab1db1579634caa459,67ffc4c40efe1bd1090b10ee,67ffdf93cf2b15e53ec176e5,,,,,,,,,,,,,,,,,,,,,,,,,,,,,,,,,,,,,,,,,,,76.335,80.9453,4.6102,0,1,52.5192,0.199213028,-0.054629669,0,0,0,0,10,10,18,1,b,The patient has taken Batatrim,The patient has not overcome the crisis,,,,,,,,,,,,,,,,,,,,,,,,,,,,,,,,,,,,,,,,,,,,,,,,,,,,,,,,,,,,,,,,,,,,,,,,,,,,,,,,,,,,,,,
,,,,,,,,[(%PROLIFIC_PID,2,2025-04-16_18h53.27.326,CLTandFLE,2024.1.5,Win32,59.88023952,608531ab1db1579634caa459,67ffc4c40efe1bd1090b10ee,67ffdf93cf2b15e53ec176e5,,,,,,,,,,,,,,,,,,,,,,,,,,,,,,,,,,,,,,,,,,,80.946,85.7881,4.8417,0,1,57.3609,0.199213028,-0.054629669,0,0,0,0,11,11,8,1,a,The patient has taken Batatrim,The patient has overcome the crisis,,,,,,,,,,,,,,,,,,,,,,,,,,,,,,,,,,,,,,,,,,,,,,,,,,,,,,,,,,,,,,,,,,,,,,,,,,,,,,,,,,,,,,,
,,,,,,,,[(%PROLIFIC_PID,2,2025-04-16_18h53.27.326,CLTandFLE,2024.1.5,Win32,59.88023952,608531ab1db1579634caa459,67ffc4c40efe1bd1090b10ee,67ffdf93cf2b15e53ec176e5,,,,,,,,,,,,,,,,,,,,,,,,,,,,,,,,,,,,,,,,,,,85.7887,89.8472,4.0582,0,1,61.4191,0.199213028,-0.054629669,0,0,0,0,12,12,31,1,c,The patient has not taken Batatrim,The patient has overcome the crisis,,,,,,,,,,,,,,,,,,,,,,,,,,,,,,,,,,,,,,,,,,,,,,,,,,,,,,,,,,,,,,,,,,,,,,,,,,,,,,,,,,,,,,,
,,,,,,,,[(%PROLIFIC_PID,2,2025-04-16_18h53.27.326,CLTandFLE,2024.1.5,Win32,59.88023952,608531ab1db1579634caa459,67ffc4c40efe1bd1090b10ee,67ffdf93cf2b15e53ec176e5,,,,,,,,,,,,,,,,,,,,,,,,,,,,,,,,,,,,,,,,,,,89.8475,94.2006,4.353,0,1,65.7721,-0.117453613,-0.040740776,0,0,0,0,13,13,39,1,d,The patient has not taken Batatrim,The patient has not overcome the crisis,,,,,,,,,,,,,,,,,,,,,,,,,,,,,,,,,,,,,,,,,,,,,,,,,,,,,,,,,,,,,,,,,,,,,,,,,,,,,,,,,,,,,,,
,,,,,,,,[(%PROLIFIC_PID,2,2025-04-16_18h53.27.326,CLTandFLE,2024.1.5,Win32,59.88023952,608531ab1db1579634caa459,67ffc4c40efe1bd1090b10ee,67ffdf93cf2b15e53ec176e5,,,,,,,,,,,,,,,,,,,,,,,,,,,,,,,,,,,,,,,,,,,94.2012,99.0617,4.8598,1,0,70.6319,0.099213028,-0.030555573,0,0,0,0,14,14,11,1,a,The patient has taken Batatrim,The patient has overcome the crisis,,,,,,,,,,,,,,,,,,,,,,,,,,,,,,,,,,,,,,,,,,,,,,,,,,,,,,,,,,,,,,,,,,,,,,,,,,,,,,,,,,,,,,,
,,,,,,,,[(%PROLIFIC_PID,2,2025-04-16_18h53.27.326,CLTandFLE,2024.1.5,Win32,59.88023952,608531ab1db1579634caa459,67ffc4c40efe1bd1090b10ee,67ffdf93cf2b15e53ec176e5,,,,,,,,,,,,,,,,,,,,,,,,,,,,,,,,,,,,,,,,,,,99.062,103.8985,4.8358,0,1,75.4677,0.114953766,-0.051851883,0,0,0,0,15,15,17,1,b,The patient has taken Batatrim,The patient has not overcome the crisis,,,,,,,,,,,,,,,,,,,,,,,,,,,,,,,,,,,,,,,,,,,,,,,,,,,,,,,,,,,,,,,,,,,,,,,,,,,,,,,,,,,,,,,
,,,,,,,,[(%PROLIFIC_PID,2,2025-04-16_18h53.27.326,CLTandFLE,2024.1.5,Win32,59.88023952,608531ab1db1579634caa459,67ffc4c40efe1bd1090b10ee,67ffdf93cf2b15e53ec176e5,,,,,,,,,,,,,,,,,,,,,,,,,,,,,,,,,,,,,,,,,,,103.8988,109.2043,5.3052,1,0,80.7729,0.088101883,-0.030555573,0,0,0,0,16,16,6,1,a,The patient has taken Batatrim,The patient has overcome the crisis,,,,,,,,,,,,,,,,,,,,,,,,,,,,,,,,,,,,,,,,,,,,,,,,,,,,,,,,,,,,,,,,,,,,,,,,,,,,,,,,,,,,,,,
,,,,,,,,[(%PROLIFIC_PID,2,2025-04-16_18h53.27.326,CLTandFLE,2024.1.5,Win32,59.88023952,608531ab1db1579634caa459,67ffc4c40efe1bd1090b10ee,67ffdf93cf2b15e53ec176e5,,,,,,,,,,,,,,,,,,,,,,,,,,,,,,,,,,,,,,,,,,,109.2047,113.752,4.5469,0,1,85.3198,0.16217598,-0.026851883,0,0,0,0,17,17,36,1,d,The patient has not taken Batatrim,The patient has not overcome the crisis,,,,,,,,,,,,,,,,,,,,,,,,,,,,,,,,,,,,,,,,,,,,,,,,,,,,,,,,,,,,,,,,,,,,,,,,,,,,,,,,,,,,,,,
,,,,,,,,[(%PROLIFIC_PID,2,2025-04-16_18h53.27.326,CLTandFLE,2024.1.5,Win32,59.88023952,608531ab1db1579634caa459,67ffc4c40efe1bd1090b10ee,67ffdf93cf2b15e53ec176e5,,,,,,,,,,,,,,,,,,,,,,,,,,,,,,,,,,,,,,,,,,,113.7527,119.3032,5.5498,1,0,90.8696,-0.110046234,-0.025000038,0,0,0,0,18,18,10,1,a,The patient has taken Batatrim,The patient has overcome the crisis,,,,,,,,,,,,,,,,,,,,,,,,,,,,,,,,,,,,,,,,,,,,,,,,,,,,,,,,,,,,,,,,,,,,,,,,,,,,,,,,,,,,,,,
,,,,,,,,[(%PROLIFIC_PID,2,2025-04-16_18h53.27.326,CLTandFLE,2024.1.5,Win32,59.88023952,608531ab1db1579634caa459,67ffc4c40efe1bd1090b10ee,67ffdf93cf2b15e53ec176e5,,,,,,,,,,,,,,,,,,,,,,,,,,,,,,,,,,,,,,,,,,,119.304,127.5403,8.2359,1,0,99.1055,-0.140601807,-0.038888931,0,0,0,0,19,19,19,1,b,The patient has taken Batatrim,The patient has not overcome the crisis,,,,,,,,,,,,,,,,,,,,,,,,,,,,,,,,,,,,,,,,,,,,,,,,,,,,,,,,,,,,,,,,,,,,,,,,,,,,,,,,,,,,,,,
,,,,,,,,[(%PROLIFIC_PID,2,2025-04-16_18h53.27.326,CLTandFLE,2024.1.5,Win32,59.88023952,608531ab1db1579634caa459,67ffc4c40efe1bd1090b10ee,67ffdf93cf2b15e53ec176e5,,,,,,,,,,,,,,,,,,,,,,,,,,,,,,,,,,,,,,,,,,,127.5405,132.5975,5.0565,1,0,104.162,-0.14152771,-0.050925941,0,0,0,0,20,20,7,1,a,The patient has taken Batatrim,The patient has overcome the crisis,,,,,,,,,,,,,,,,,,,,,,,,,,,,,,,,,,,,,,,,,,,,,,,,,,,,,,,,,,,,,,,,,,,,,,,,,,,,,,,,,,,,,,,
,,,,,,,,[(%PROLIFIC_PID,2,2025-04-16_18h53.27.326,CLTandFLE,2024.1.5,Win32,59.88023952,608531ab1db1579634caa459,67ffc4c40efe1bd1090b10ee,67ffdf93cf2b15e53ec176e5,,,,,,,,,,,,,,,,,,,,,,,,,,,,,,,,,,,,,,,,,,,132.5977,137.3635,4.7655,0,1,108.9275,0.0547686,-0.020370407,0,0,0,0,21,21,2,1,a,The patient has taken Batatrim,The patient has overcome the crisis,,,,,,,,,,,,,,,,,,,,,,,,,,,,,,,,,,,,,,,,,,,,,,,,,,,,,,,,,,,,,,,,,,,,,,,,,,,,,,,,,,,,,,,
,,,,,,,,[(%PROLIFIC_PID,2,2025-04-16_18h53.27.326,CLTandFLE,2024.1.5,Win32,59.88023952,608531ab1db1579634caa459,67ffc4c40efe1bd1090b10ee,67ffdf93cf2b15e53ec176e5,,,,,,,,,,,,,,,,,,,,,,,,,,,,,,,,,,,,,,,,,,,137.3643,142.213,4.8483,0,1,113.7758,0.191805496,-0.026851883,0,0,0,0,22,22,22,1,c,The patient has not taken Batatrim,The patient has overcome the crisis,,,,,,,,,,,,,,,,,,,,,,,,,,,,,,,,,,,,,,,,,,,,,,,,,,,,,,,,,,,,,,,,,,,,,,,,,,,,,,,,,,,,,,,
,,,,,,,,[(%PROLIFIC_PID,2,2025-04-16_18h53.27.326,CLTandFLE,2024.1.5,Win32,59.88023952,608531ab1db1579634caa459,67ffc4c40efe1bd1090b10ee,67ffdf93cf2b15e53ec176e5,,,,,,,,,,,,,,,,,,,,,,,,,,,,,,,,,,,,,,,,,,,142.2133,146.7449,4.5313,0,1,118.3071,0.197361145,-0.035185204,0,0,0,0,23,23,38,1,d,The patient has not taken Batatrim,The patient has not overcome the crisis,,,,,,,,,,,,,,,,,,,,,,,,,,,,,,,,,,,,,,,,,,,,,,,,,,,,,,,,,,,,,,,,,,,,,,,,,,,,,,,,,,,,,,,
,,,,,,,,[(%PROLIFIC_PID,2,2025-04-16_18h53.27.326,CLTandFLE,2024.1.5,Win32,59.88023952,608531ab1db1579634caa459,67ffc4c40efe1bd1090b10ee,67ffdf93cf2b15e53ec176e5,,,,,,,,,,,,,,,,,,,,,,,,,,,,,,,,,,,,,,,,,,,146.7454,151.4132,4.6676,1,0,122.9747,-0.177638855,-0.029629669,0,0,0,0,24,24,20,1,c,The patient has not taken Batatrim,The patient has overcome the crisis,,,,,,,,,,,,,,,,,,,,,,,,,,,,,,,,,,,,,,,,,,,,,,,,,,,,,,,,,,,,,,,,,,,,,,,,,,,,,,,,,,,,,,,
,,,,,,,,[(%PROLIFIC_PID,2,2025-04-16_18h53.27.326,CLTandFLE,2024.1.5,Win32,59.88023952,608531ab1db1579634caa459,67ffc4c40efe1bd1090b10ee,67ffdf93cf2b15e53ec176e5,,,,,,,,,,,,,,,,,,,,,,,,,,,,,,,,,,,,,,,,,,,151.414,157.2088,5.7946,1,0,128.7693,-0.119305496,-0.025925941,0,0,0,0,25,25,28,1,c,The patient has not taken Batatrim,The patient has overcome the crisis,,,,,,,,,,,,,,,,,,,,,,,,,,,,,,,,,,,,,,,,,,,,,,,,,,,,,,,,,,,,,,,,,,,,,,,,,,,,,,,,,,,,,,,
,,,,,,,,[(%PROLIFIC_PID,2,2025-04-16_18h53.27.326,CLTandFLE,2024.1.5,Win32,59.88023952,608531ab1db1579634caa459,67ffc4c40efe1bd1090b10ee,67ffdf93cf2b15e53ec176e5,,,,,,,,,,,,,,,,,,,,,,,,,,,,,,,,,,,,,,,,,,,157.2092,162.0212,4.8118,1,0,133.5811,-0.128564758,-0.024074097,0,0,0,0,26,26,27,1,c,The patient has not taken Batatrim,The patient has overcome the crisis,,,,,,,,,,,,,,,,,,,,,,,,,,,,,,,,,,,,,,,,,,,,,,,,,,,,,,,,,,,,,,,,,,,,,,,,,,,,,,,,,,,,,,,
,,,,,,,,[(%PROLIFIC_PID,2,2025-04-16_18h53.27.326,CLTandFLE,2024.1.5,Win32,59.88023952,608531ab1db1579634caa459,67ffc4c40efe1bd1090b10ee,67ffdf93cf2b15e53ec176e5,,,,,,,,,,,,,,,,,,,,,,,,,,,,,,,,,,,,,,,,,,,162.0221,167.6795,5.6571,1,0,139.2382,-0.128564758,-0.019444466,0,0,0,0,27,27,9,1,a,The patient has taken Batatrim,The patient has overcome the crisis,,,,,,,,,,,,,,,,,,,,,,,,,,,,,,,,,,,,,,,,,,,,,,,,,,,,,,,,,,,,,,,,,,,,,,,,,,,,,,,,,,,,,,,
,,,,,,,,[(%PROLIFIC_PID,2,2025-04-16_18h53.27.326,CLTandFLE,2024.1.5,Win32,59.88023952,608531ab1db1579634caa459,67ffc4c40efe1bd1090b10ee,67ffdf93cf2b15e53ec176e5,,,,,,,,,,,,,,,,,,,,,,,,,,,,,,,,,,,,,,,,,,,167.6801,171.6651,3.9847,1,0,143.2229,0.226064758,-0.093518562,0,0,0,0,28,28,0,1,a,The patient has taken Batatrim,The patient has overcome the crisis,,,,,,,,,,,,,,,,,,,,,,,,,,,,,,,,,,,,,,,,,,,,,,,,,,,,,,,,,,,,,,,,,,,,,,,,,,,,,,,,,,,,,,,
,,,,,,,,[(%PROLIFIC_PID,2,2025-04-16_18h53.27.326,CLTandFLE,2024.1.5,Win32,59.88023952,608531ab1db1579634caa459,67ffc4c40efe1bd1090b10ee,67ffdf93cf2b15e53ec176e5,,,,,,,,,,,,,,,,,,,,,,,,,,,,,,,,,,,,,,,,,,,171.6655,176.2719,4.6057,0,1,147.8286,0.263101883,-0.061111145,0,0,0,0,29,29,12,1,a,The patient has taken Batatrim,The patient has overcome the crisis,,,,,,,,,,,,,,,,,,,,,,,,,,,,,,,,,,,,,,,,,,,,,,,,,,,,,,,,,,,,,,,,,,,,,,,,,,,,,,,,,,,,,,,
,,,,,,,,[(%PROLIFIC_PID,2,2025-04-16_18h53.27.326,CLTandFLE,2024.1.5,Win32,59.88023952,608531ab1db1579634caa459,67ffc4c40efe1bd1090b10ee,67ffdf93cf2b15e53ec176e5,,,,,,,,,,,,,,,,,,,,,,,,,,,,,,,,,,,,,,,,,,,176.2723,181.4318,5.1592,1,0,152.9878,-0.126712952,-0.025925941,0,0,0,0,30,30,35,1,d,The patient has not taken Batatrim,The patient has not overcome the crisis,,,,,,,,,,,,,,,,,,,,,,,,,,,,,,,,,,,,,,,,,,,,,,,,,,,,,,,,,,,,,,,,,,,,,,,,,,,,,,,,,,,,,,,
,,,,,,,,[(%PROLIFIC_PID,2,2025-04-16_18h53.27.326,CLTandFLE,2024.1.5,Win32,59.88023952,608531ab1db1579634caa459,67ffc4c40efe1bd1090b10ee,67ffdf93cf2b15e53ec176e5,,,,,,,,,,,,,,,,,,,,,,,,,,,,,,,,,,,,,,,,,,,181.4325,186.024,4.5911,1,0,157.5789,-0.126712952,-0.025000038,0,0,0,0,31,31,32,1,c,The patient has not taken Batatrim,The patient has overcome the crisis,,,,,,,,,,,,,,,,,,,,,,,,,,,,,,,,,,,,,,,,,,,,,,,,,,,,,,,,,,,,,,,,,,,,,,,,,,,,,,,,,,,,,,,
,,,,,,,,[(%PROLIFIC_PID,2,2025-04-16_18h53.27.326,CLTandFLE,2024.1.5,Win32,59.88023952,608531ab1db1579634caa459,67ffc4c40efe1bd1090b10ee,67ffdf93cf2b15e53ec176e5,,,,,,,,,,,,,,,,,,,,,,,,,,,,,,,,,,,,,,,,,,,186.0244,190.5822,4.5575,1,0,162.1364,-0.126712952,-0.025000038,0,0,0,0,32,32,23,1,c,The patient has not taken Batatrim,The patient has overcome the crisis,,,,,,,,,,,,,,,,,,,,,,,,,,,,,,,,,,,,,,,,,,,,,,,,,,,,,,,,,,,,,,,,,,,,,,,,,,,,,,,,,,,,,,,
,,,,,,,,[(%PROLIFIC_PID,2,2025-04-16_18h53.27.326,CLTandFLE,2024.1.5,Win32,59.88023952,608531ab1db1579634caa459,67ffc4c40efe1bd1090b10ee,67ffdf93cf2b15e53ec176e5,,,,,,,,,,,,,,,,,,,,,,,,,,,,,,,,,,,,,,,,,,,190.5826,195.4734,4.8904,0,1,167.0268,0.150138931,-0.024074097,0,0,0,0,33,33,30,1,c,The patient has not taken Batatrim,The patient has overcome the crisis,,,,,,,,,,,,,,,,,,,,,,,,,,,,,,,,,,,,,,,,,,,,,,,,,,,,,,,,,,,,,,,,,,,,,,,,,,,,,,,,,,,,,,,
,,,,,,,,[(%PROLIFIC_PID,2,2025-04-16_18h53.27.326,CLTandFLE,2024.1.5,Win32,59.88023952,608531ab1db1579634caa459,67ffc4c40efe1bd1090b10ee,67ffdf93cf2b15e53ec176e5,,,,,,,,,,,,,,,,,,,,,,,,,,,,,,,,,,,,,,,,,,,195.4739,199.5609,4.0868,1,0,171.1136,-0.16282402,-0.027777748,0,0,0,0,34,34,5,1,a,The patient has taken Batatrim,The patient has overcome the crisis,,,,,,,,,,,,,,,,,,,,,,,,,,,,,,,,,,,,,,,,,,,,,,,,,,,,,,,,,,,,,,,,,,,,,,,,,,,,,,,,,,,,,,,
,,,,,,,,[(%PROLIFIC_PID,2,2025-04-16_18h53.27.326,CLTandFLE,2024.1.5,Win32,59.88023952,608531ab1db1579634caa459,67ffc4c40efe1bd1090b10ee,67ffdf93cf2b15e53ec176e5,,,,,,,,,,,,,,,,,,,,,,,,,,,,,,,,,,,,,,,,,,,199.5613,204.3065,4.7449,1,0,175.8585,0.203842621,-0.031481514,0,0,0,0,35,35,14,1,b,The patient has taken Batatrim,The patient has overcome the crisis,,,,,,,,,,,,,,,,,,,,,,,,,,,,,,,,,,,,,,,,,,,,,,,,,,,,,,,,,,,,,,,,,,,,,,,,,,,,,,,,,,,,,,,
,,,,,,,,[(%PROLIFIC_PID,2,2025-04-16_18h53.27.326,CLTandFLE,2024.1.5,Win32,59.88023952,608531ab1db1579634caa459,67ffc4c40efe1bd1090b10ee,67ffdf93cf2b15e53ec176e5,,,,,,,,,,,,,,,,,,,,,,,,,,,,,,,,,,,,,,,,,,,204.3071,208.7972,4.4901,0,1,180.3486,0.203842621,-0.031481514,0,0,0,0,36,36,21,1,c,The patient has not taken Batatrim,The patient has overcome the crisis,,,,,,,,,,,,,,,,,,,,,,,,,,,,,,,,,,,,,,,,,,,,,,,,,,,,,,,,,,,,,,,,,,,,,,,,,,,,,,,,,,,,,,,
,,,,,,,,[(%PROLIFIC_PID,2,2025-04-16_18h53.27.326,CLTandFLE,2024.1.5,Win32,59.88023952,608531ab1db1579634caa459,67ffc4c40efe1bd1090b10ee,67ffdf93cf2b15e53ec176e5,,,,,,,,,,,,,,,,,,,,,,,,,,,,,,,,,,,,,,,,,,,208.7976,212.9626,4.1646,0,1,184.5132,-0.25078701,-0.023148117,1,0,0,0,37,37,29,1,c,The patient has not taken Batatrim,The patient has overcome the crisis,,,,,,,,,,,,,,,,,,,,,,,,,,,,,,,,,,,,,,,,,,,,,,,,,,,,,,,,,,,,,,,,,,,,,,,,,,,,,,,,,,,,,,,
,,,,,,,,[(%PROLIFIC_PID,2,2025-04-16_18h53.27.326,CLTandFLE,2024.1.5,Win32,59.88023952,608531ab1db1579634caa459,67ffc4c40efe1bd1090b10ee,67ffdf93cf2b15e53ec176e5,,,,,,,,,,,,,,,,,,,,,,,,,,,,,,,,,,,,,,,,,,,212.9629,216.9447,3.9817,1,0,188.4949,-0.215601807,0.043518486,0,0,0,0,38,38,24,1,c,The patient has not taken Batatrim,The patient has overcome the crisis,,,,,,,,,,,,,,,,,,,,,,,,,,,,,,,,,,,,,,,,,,,,,,,,,,,,,,,,,,,,,,,,,,,,,,,,,,,,,,,,,,,,,,,
,,,,,,,,[(%PROLIFIC_PID,2,2025-04-16_18h53.27.326,CLTandFLE,2024.1.5,Win32,59.88023952,608531ab1db1579634caa459,67ffc4c40efe1bd1090b10ee,67ffdf93cf2b15e53ec176e5,,,,,,,,,,,,,,,,,,,,,,,,,,,,,,,,,,,,,,,,,,,216.9449,226.7338,9.7882,1,0,198.2831,-0.136898041,-0.016666679,0,0,0,0,39,39,25,1,c,The patient has not taken Batatrim,The patient has overcome the crisis,,,,,,,,,,,,,,,,,,,,,,,,,,,,,,,,,,,,,,,,,,,,,,,,,,,,,,,,,,,,,,,,,,,,,,,,,,,,,,,,,,,,,,,
,,,,,,,,[(%PROLIFIC_PID,2,2025-04-16_18h53.27.326,CLTandFLE,2024.1.5,Win32,59.88023952,608531ab1db1579634caa459,67ffc4c40efe1bd1090b10ee,67ffdf93cf2b15e53ec176e5,,245.865,246.8636,,,,,,,,,,,,,,,,,,,,,,,,,,,,,,,,,,,,,,,,,,,,,,,,,,,,,,,,,,,227.731,235.2298,7.4983,53,3.7476,-0.008194427,-0.206481552,1,0,0,236.2294,245.865,9.6351,100,8.8843,0.022361069,-0.2,1,0,0,15,15,15,15,0,0,0,0,1,,,,,,,,,,,,,,,,,,,,,,,,,,,,,,,,,,,,,,,,,,,,,,,,,,,,,,,,,,
,,,,,,,,[(%PROLIFIC_PID,2,2025-04-16_18h53.27.326,CLTandFLE,2024.1.5,Win32,59.88023952,608531ab1db1579634caa459,67ffc4c40efe1bd1090b10ee,67ffdf93cf2b15e53ec176e5,,398.8444,399.8303,,,,,,,,,,,,,,,,,,,,,,,,,,,,,,,,,,,,,,,,,,,,,,,,,,,,,,,,,,,,,,,,,,,,,,,,,,,,,,,,,,,,,,,,270.2393,276.005,5.7652,1,3.9897,-0.01652771,-0.202777786,1,0,0,38,Maschio,No,19,"Sì, l'ho ottenuta più di due anni fa",C2 CEFR (8.5 + IELTS),TRUE,FALSE,5,9,9,9,8,FALSE,Conferma,c1ok,c2ok,c3ok,c4ok,c5ok,c6ok,c7ok,c8ok,c9ok,c10ok,c11ok,c12err,c13ok,c14ok,c15ok,c16ok,c17ok,c18err3,c19err2,c20ok,c21ok,c22ok,c23ok,c24ok,c25ok,c26ok,790.7151,797.4359,0,0,0,0,1
