﻿Alfa.started,Alfa.stopped,alfa_mouse.x,alfa_mouse.y,alfa_mouse.leftButton,alfa_mouse.midButton,alfa_mouse.rightButton,alfa_mouse.clicked_name,participant,group,date,expName,psychopyVersion,OS,frameRate,PROLIFIC_PID,STUDY_ID,SESSION_ID,)],ITI.started,ITI.stopped,B_consensoinformato.started,B_consensoinformato.stopped,tempo_consenso,cons_mouse.x,cons_mouse.y,cons_mouse.leftButton,cons_mouse.midButton,cons_mouse.rightButton,A_benvenuto.started,A_benvenuto.stopped,ben_mouse.x,ben_mouse.y,ben_mouse.leftButton,ben_mouse.midButton,ben_mouse.rightButton,B2_istruzioni.started,B2_istruzioni.stopped,tempo_istru,cons_mouse_2.x,cons_mouse_2.y,cons_mouse_2.leftButton,cons_mouse_2.midButton,cons_mouse_2.rightButton,SAMevaluation.started,SAMevaluation.stopped,temposam,sliderintensity.response,sliderintensity.rt,slidervalence.response,slidervalence.rt,mouse_sam.x,mouse_sam.y,mouse_sam.leftButton,mouse_sam.midButton,mouse_sam.rightButton,mouse_sam.time,mouse_sam.clicked_name,Loading.started,Loading.stopped,C_associative_task.started,C_associative_task.stopped,tempo_trial,hapremutosi,hapremutono,tempo_tasktot,mouse.x,mouse.y,mouse.leftButton,mouse.midButton,mouse.rightButton,trials.thisRepN,trials.thisTrialN,trials.thisN,trials.thisIndex,trials.ran,cond,causa,effetto,D_VD.started,D_VD.stopped,tempo_vd,vd.response,vd.rt,mouse_vd.x,mouse_vd.y,mouse_vd.leftButton,mouse_vd.midButton,mouse_vd.rightButton,Previous.started,Previous.stopped,tempo_vd1,previous.response,previous.rt,mouse_vd_2.x,mouse_vd_2.y,mouse_vd_2.leftButton,mouse_vd_2.midButton,mouse_vd_2.rightButton,EstITA.TrialNS,EstITA.TrialD,EstITA.TrialSN,EstITA.TrialSS,itaest.thisRepN,itaest.thisTrialN,itaest.thisN,itaest.thisIndex,itaest.ran,PF.started,PF.stopped,tempo_pf,processfluency.response,processfluency.rt,mouse_ch.x,mouse_ch.y,mouse_ch.leftButton,mouse_ch.midButton,mouse_ch.rightButton,Questionario_Lingua.Age,Questionario_Lingua.Sesso,Questionario_Lingua.StaiStudiando?,Questionario_Lingua.Anniscolarita,Questionario_Lingua.Diploma,Questionario_Lingua.Punteggiodiploma,Questionario_Lingua.ItaMADRE?,Questionario_Lingua.INGmadre?,Questionario_Lingua.Q5(AOAIng),Questionario_Lingua.INGLETTURA,Questionario_Lingua.INGCOMPRESO,Questionario_Lingua.INGSCRITTO,Questionario_Lingua.INGPARLATO,Questionario_Lingua.haivissutoestero,ProvaInglese.ProcediamoENg,ProvaInglese.C1,ProvaInglese.C2,ProvaInglese.C3,ProvaInglese.C4,ProvaInglese.C5,ProvaInglese.C6,ProvaInglese.C7,ProvaInglese.C8,ProvaInglese.C9,ProvaInglese.C10,ProvaInglese.C11,ProvaInglese.C12,ProvaInglese.C13,ProvaInglese.C14,ProvaInglese.C15,ProvaInglese.C16,ProvaInglese.C17,ProvaInglese.C18,ProvaInglese.C19,ProvaInglese.C20,ProvaInglese.C21,ProvaInglese.C22,ProvaInglese.C23,ProvaInglese.C24,ProvaInglese.C25,ProvaInglese.controlquestion,Ant_lastquestion.started,Ant_lastquestion.stopped,exp_loop.thisRepN,exp_loop.thisTrialN,exp_loop.thisN,exp_loop.thisIndex,exp_loop.ran
0.0001,3.7562,-0.076851852,-0.022222222,1,0,0,alfa_mask,[(%PROLIFIC_PID,1,2025-05-08_11h28.04.379,CLTandFLE,2024.1.5,Win32,60.24096386,5f7ad4d0a5196673920933f8,67ffc4c40efe1bd1090b10ee,681c78ee9249a7de00a14fad,,,,,,,,,,,,,,,,,,,,,,,,,,,,,,,,,,,,,,,,,,,,,,,,,,,,,,,,,,,,,,,,,,,,,,,,,,,,,,,,,,,,,,,,,,,,,,,,,,,,,,,,,,,,,,,,,,,,,,,,,,,,,,,,,,,,,,,,,,,,,,,,,,,,
,,,,,,,,[(%PROLIFIC_PID,1,2025-05-08_11h28.04.379,CLTandFLE,2024.1.5,Win32,60.24096386,5f7ad4d0a5196673920933f8,67ffc4c40efe1bd1090b10ee,681c78ee9249a7de00a14fad,,3.7564,4.7916,,,,,,,,,,,,,,,,,,,,,,,,,,,,,,,,,,,,,,,,,,,,,,,,,,,,,,,,,,,,,,,,,,,,,,,,,,,,,,,,,,,,,,,,,,,,,,,,,,,,,,,,,,,,,,,,,,,,,,,,,,,,,,,,,,,,,,,,,,,,,,,,,
,,,,,,,,[(%PROLIFIC_PID,1,2025-05-08_11h28.04.379,CLTandFLE,2024.1.5,Win32,60.24096386,5f7ad4d0a5196673920933f8,67ffc4c40efe1bd1090b10ee,681c78ee9249a7de00a14fad,,,,4.7918,8.8188,4.0266,0.272222222,-0.396296296,1,0,0,,,,,,,,,,,,,,,,,,,,,,,,,,,,,,,,,,,,,,,,,,,,,,,,,,,,,,,,,,,,,,,,,,,,,,,,,,,,,,,,,,,,,,,,,,,,,,,,,,,,,,,,,,,,,,,,,,,,,,,,,,,,,,,,,,,,,,,,,
,,,,,,,,[(%PROLIFIC_PID,1,2025-05-08_11h28.04.379,CLTandFLE,2024.1.5,Win32,60.24096386,5f7ad4d0a5196673920933f8,67ffc4c40efe1bd1090b10ee,681c78ee9249a7de00a14fad,,84.7523,85.7522,,,,,,,,,9.8187,12.9024,0.027282267,-0.087618048,1,0,0,13.903,58.9023,44.9988,0.009443861,-0.416054565,1,0,0,59.9025,76.7523,16.8494,0.720356768,13.9755,0.303252886,6.0958,"[0.002098635886673662,-0.1521511017838405,0.012591815320041973,-0.155299055613851,0.0062959076600209865]","[0.19359916054564533,0.18100734522560336,-0.008919202518363064,0.20199370409233997,-0.22507869884575027]","[1,1,1,1,1]","[0,0,0,0,0]","[0,0,0,0,0]","[2.4767000000011166,4.426599999999624,5.059900000000368,12.709900000000374,16.843200000001133]","[""sliderintensity"",""slidervalence"",""rettoksam""]",77.7524,84.7522,85.7674,91.7359,5.9679,1,0,5.9679,-0.165792235,-0.052990556,0,0,0,0,0,0,12,1,a,Il paziente ha preso il Batatrim,Il paziente ha superato la crisi,,,,,,,,,,,,,,,,,,,,,,,,,,,,,,,,,,,,,,,,,,,,,,,,,,,,,,,,,,,,,,,,,,,,,,,,,,,,,,,,,,,,,,,
,,,,,,,,[(%PROLIFIC_PID,1,2025-05-08_11h28.04.379,CLTandFLE,2024.1.5,Win32,60.24096386,5f7ad4d0a5196673920933f8,67ffc4c40efe1bd1090b10ee,681c78ee9249a7de00a14fad,,,,,,,,,,,,,,,,,,,,,,,,,,,,,,,,,,,,,,,,,,,91.7362,97.9855,6.2491,0,1,12.217,0.227701994,-0.045645331,0,0,0,0,1,1,21,1,c,Il paziente non ha preso il Batatrim,Il paziente ha superato la crisi,,,,,,,,,,,,,,,,,,,,,,,,,,,,,,,,,,,,,,,,,,,,,,,,,,,,,,,,,,,,,,,,,,,,,,,,,,,,,,,,,,,,,,,
,,,,,,,,[(%PROLIFIC_PID,1,2025-05-08_11h28.04.379,CLTandFLE,2024.1.5,Win32,60.24096386,5f7ad4d0a5196673920933f8,67ffc4c40efe1bd1090b10ee,681c78ee9249a7de00a14fad,,,,,,,,,,,,,,,,,,,,,,,,,,,,,,,,,,,,,,,,,,,97.9859,103.2187,5.2326,1,0,17.4496,-0.173137461,-0.049842602,0,0,0,0,2,2,0,1,a,Il paziente ha preso il Batatrim,Il paziente ha superato la crisi,,,,,,,,,,,,,,,,,,,,,,,,,,,,,,,,,,,,,,,,,,,,,,,,,,,,,,,,,,,,,,,,,,,,,,,,,,,,,,,,,,,,,,,
,,,,,,,,[(%PROLIFIC_PID,1,2025-05-08_11h28.04.379,CLTandFLE,2024.1.5,Win32,60.24096386,5f7ad4d0a5196673920933f8,67ffc4c40efe1bd1090b10ee,681c78ee9249a7de00a14fad,,,,,,,,,,,,,,,,,,,,,,,,,,,,,,,,,,,,,,,,,,,103.2191,108.519,5.2996,1,0,22.7492,-0.173137461,-0.048793284,0,0,0,0,3,3,19,1,b,Il paziente ha preso il Batatrim,Il paziente non ha superato la crisi,,,,,,,,,,,,,,,,,,,,,,,,,,,,,,,,,,,,,,,,,,,,,,,,,,,,,,,,,,,,,,,,,,,,,,,,,,,,,,,,,,,,,,,
,,,,,,,,[(%PROLIFIC_PID,1,2025-05-08_11h28.04.379,CLTandFLE,2024.1.5,Win32,60.24096386,5f7ad4d0a5196673920933f8,67ffc4c40efe1bd1090b10ee,681c78ee9249a7de00a14fad,,,,,,,,,,,,,,,,,,,,,,,,,,,,,,,,,,,,,,,,,,,108.5195,116.2188,7.6991,1,0,30.4483,-0.173137461,-0.048793284,0,0,0,0,4,4,29,1,c,Il paziente non ha preso il Batatrim,Il paziente ha superato la crisi,,,,,,,,,,,,,,,,,,,,,,,,,,,,,,,,,,,,,,,,,,,,,,,,,,,,,,,,,,,,,,,,,,,,,,,,,,,,,,,,,,,,,,,
,,,,,,,,[(%PROLIFIC_PID,1,2025-05-08_11h28.04.379,CLTandFLE,2024.1.5,Win32,60.24096386,5f7ad4d0a5196673920933f8,67ffc4c40efe1bd1090b10ee,681c78ee9249a7de00a14fad,,,,,,,,,,,,,,,,,,,,,,,,,,,,,,,,,,,,,,,,,,,116.2193,124.4687,8.2492,0,1,38.6975,-0.288562434,-0.083420776,0,0,0,0,5,5,24,1,c,Il paziente non ha preso il Batatrim,Il paziente ha superato la crisi,,,,,,,,,,,,,,,,,,,,,,,,,,,,,,,,,,,,,,,,,,,,,,,,,,,,,,,,,,,,,,,,,,,,,,,,,,,,,,,,,,,,,,,
,,,,,,,,[(%PROLIFIC_PID,1,2025-05-08_11h28.04.379,CLTandFLE,2024.1.5,Win32,60.24096386,5f7ad4d0a5196673920933f8,67ffc4c40efe1bd1090b10ee,681c78ee9249a7de00a14fad,,,,,,,,,,,,,,,,,,,,,,,,,,,,,,,,,,,,,,,,,,,124.4692,130.6523,6.1829,1,0,44.8804,-0.240293809,-0.051941238,0,0,0,0,6,6,6,1,a,Il paziente ha preso il Batatrim,Il paziente ha superato la crisi,,,,,,,,,,,,,,,,,,,,,,,,,,,,,,,,,,,,,,,,,,,,,,,,,,,,,,,,,,,,,,,,,,,,,,,,,,,,,,,,,,,,,,,
,,,,,,,,[(%PROLIFIC_PID,1,2025-05-08_11h28.04.379,CLTandFLE,2024.1.5,Win32,60.24096386,5f7ad4d0a5196673920933f8,67ffc4c40efe1bd1090b10ee,681c78ee9249a7de00a14fad,,,,,,,,,,,,,,,,,,,,,,,,,,,,,,,,,,,,,,,,,,,130.6527,136.0689,5.4161,1,0,50.2965,-0.205666317,-0.175760756,0,0,0,0,7,7,18,1,b,Il paziente ha preso il Batatrim,Il paziente non ha superato la crisi,,,,,,,,,,,,,,,,,,,,,,,,,,,,,,,,,,,,,,,,,,,,,,,,,,,,,,,,,,,,,,,,,,,,,,,,,,,,,,,,,,,,,,,
,,,,,,,,[(%PROLIFIC_PID,1,2025-05-08_11h28.04.379,CLTandFLE,2024.1.5,Win32,60.24096386,5f7ad4d0a5196673920933f8,67ffc4c40efe1bd1090b10ee,681c78ee9249a7de00a14fad,,,,,,,,,,,,,,,,,,,,,,,,,,,,,,,,,,,,,,,,,,,136.0694,141.0521,4.9824,1,0,55.2789,-0.220356768,-0.176810073,0,0,0,0,8,8,13,1,a,Il paziente ha preso il Batatrim,Il paziente ha superato la crisi,,,,,,,,,,,,,,,,,,,,,,,,,,,,,,,,,,,,,,,,,,,,,,,,,,,,,,,,,,,,,,,,,,,,,,,,,,,,,,,,,,,,,,,
,,,,,,,,[(%PROLIFIC_PID,1,2025-05-08_11h28.04.379,CLTandFLE,2024.1.5,Win32,60.24096386,5f7ad4d0a5196673920933f8,67ffc4c40efe1bd1090b10ee,681c78ee9249a7de00a14fad,,,,,,,,,,,,,,,,,,,,,,,,,,,,,,,,,,,,,,,,,,,141.0525,146.7688,5.7161,1,0,60.995,0.036726128,-0.233473242,0,0,0,0,9,9,10,1,a,Il paziente ha preso il Batatrim,Il paziente ha superato la crisi,,,,,,,,,,,,,,,,,,,,,,,,,,,,,,,,,,,,,,,,,,,,,,,,,,,,,,,,,,,,,,,,,,,,,,,,,,,,,,,,,,,,,,,
,,,,,,,,[(%PROLIFIC_PID,1,2025-05-08_11h28.04.379,CLTandFLE,2024.1.5,Win32,60.24096386,5f7ad4d0a5196673920933f8,67ffc4c40efe1bd1090b10ee,681c78ee9249a7de00a14fad,,,,,,,,,,,,,,,,,,,,,,,,,,,,,,,,,,,,,,,,,,,146.7692,151.7854,5.0161,1,0,66.0111,-0.292759706,-0.174711438,0,0,0,0,10,10,35,1,d,Il paziente non ha preso il Batatrim,Il paziente non ha superato la crisi,,,,,,,,,,,,,,,,,,,,,,,,,,,,,,,,,,,,,,,,,,,,,,,,,,,,,,,,,,,,,,,,,,,,,,,,,,,,,,,,,,,,,,,
,,,,,,,,[(%PROLIFIC_PID,1,2025-05-08_11h28.04.379,CLTandFLE,2024.1.5,Win32,60.24096386,5f7ad4d0a5196673920933f8,67ffc4c40efe1bd1090b10ee,681c78ee9249a7de00a14fad,,,,,,,,,,,,,,,,,,,,,,,,,,,,,,,,,,,,,,,,,,,151.7858,157.0521,5.2661,1,0,71.2772,-0.253934942,-0.20409234,0,0,0,0,11,11,9,1,a,Il paziente ha preso il Batatrim,Il paziente ha superato la crisi,,,,,,,,,,,,,,,,,,,,,,,,,,,,,,,,,,,,,,,,,,,,,,,,,,,,,,,,,,,,,,,,,,,,,,,,,,,,,,,,,,,,,,,
,,,,,,,,[(%PROLIFIC_PID,1,2025-05-08_11h28.04.379,CLTandFLE,2024.1.5,Win32,60.24096386,5f7ad4d0a5196673920933f8,67ffc4c40efe1bd1090b10ee,681c78ee9249a7de00a14fad,,,,,,,,,,,,,,,,,,,,,,,,,,,,,,,,,,,,,,,,,,,157.0526,162.2855,5.2326,0,1,76.5098,-0.008394544,-0.076075551,0,0,0,0,12,12,30,1,c,Il paziente non ha preso il Batatrim,Il paziente ha superato la crisi,,,,,,,,,,,,,,,,,,,,,,,,,,,,,,,,,,,,,,,,,,,,,,,,,,,,,,,,,,,,,,,,,,,,,,,,,,,,,,,,,,,,,,,
,,,,,,,,[(%PROLIFIC_PID,1,2025-05-08_11h28.04.379,CLTandFLE,2024.1.5,Win32,60.24096386,5f7ad4d0a5196673920933f8,67ffc4c40efe1bd1090b10ee,681c78ee9249a7de00a14fad,,,,,,,,,,,,,,,,,,,,,,,,,,,,,,,,,,,,,,,,,,,162.286,167.1689,4.8827,0,1,81.3925,0.090241343,-0.177859391,0,0,0,0,13,13,34,1,c,Il paziente non ha preso il Batatrim,Il paziente ha superato la crisi,,,,,,,,,,,,,,,,,,,,,,,,,,,,,,,,,,,,,,,,,,,,,,,,,,,,,,,,,,,,,,,,,,,,,,,,,,,,,,,,,,,,,,,
,,,,,,,,[(%PROLIFIC_PID,1,2025-05-08_11h28.04.379,CLTandFLE,2024.1.5,Win32,60.24096386,5f7ad4d0a5196673920933f8,67ffc4c40efe1bd1090b10ee,681c78ee9249a7de00a14fad,,,,,,,,,,,,,,,,,,,,,,,,,,,,,,,,,,,,,,,,,,,167.1692,171.9187,4.7493,0,1,86.1418,0.228751312,-0.23452256,0,0,0,0,14,14,38,1,d,Il paziente non ha preso il Batatrim,Il paziente non ha superato la crisi,,,,,,,,,,,,,,,,,,,,,,,,,,,,,,,,,,,,,,,,,,,,,,,,,,,,,,,,,,,,,,,,,,,,,,,,,,,,,,,,,,,,,,,
,,,,,,,,[(%PROLIFIC_PID,1,2025-05-08_11h28.04.379,CLTandFLE,2024.1.5,Win32,60.24096386,5f7ad4d0a5196673920933f8,67ffc4c40efe1bd1090b10ee,681c78ee9249a7de00a14fad,,,,,,,,,,,,,,,,,,,,,,,,,,,,,,,,,,,,,,,,,,,171.9191,178.4521,6.5328,1,0,92.6746,-0.006295908,-0.076075551,0,0,0,0,15,15,26,1,c,Il paziente non ha preso il Batatrim,Il paziente ha superato la crisi,,,,,,,,,,,,,,,,,,,,,,,,,,,,,,,,,,,,,,,,,,,,,,,,,,,,,,,,,,,,,,,,,,,,,,,,,,,,,,,,,,,,,,,
,,,,,,,,[(%PROLIFIC_PID,1,2025-05-08_11h28.04.379,CLTandFLE,2024.1.5,Win32,60.24096386,5f7ad4d0a5196673920933f8,67ffc4c40efe1bd1090b10ee,681c78ee9249a7de00a14fad,,,,,,,,,,,,,,,,,,,,,,,,,,,,,,,,,,,,,,,,,,,178.4525,184.0187,5.5661,1,0,98.2407,-0.196222455,-0.331059811,0,0,0,0,16,16,33,1,c,Il paziente non ha preso il Batatrim,Il paziente ha superato la crisi,,,,,,,,,,,,,,,,,,,,,,,,,,,,,,,,,,,,,,,,,,,,,,,,,,,,,,,,,,,,,,,,,,,,,,,,,,,,,,,,,,,,,,,
,,,,,,,,[(%PROLIFIC_PID,1,2025-05-08_11h28.04.379,CLTandFLE,2024.1.5,Win32,60.24096386,5f7ad4d0a5196673920933f8,67ffc4c40efe1bd1090b10ee,681c78ee9249a7de00a14fad,,,,,,,,,,,,,,,,,,,,,,,,,,,,,,,,,,,,,,,,,,,184.0191,189.1855,5.1662,1,0,103.4069,0.029380902,-0.191500525,0,0,0,0,17,17,8,1,a,Il paziente ha preso il Batatrim,Il paziente ha superato la crisi,,,,,,,,,,,,,,,,,,,,,,,,,,,,,,,,,,,,,,,,,,,,,,,,,,,,,,,,,,,,,,,,,,,,,,,,,,,,,,,,,,,,,,,
,,,,,,,,[(%PROLIFIC_PID,1,2025-05-08_11h28.04.379,CLTandFLE,2024.1.5,Win32,60.24096386,5f7ad4d0a5196673920933f8,67ffc4c40efe1bd1090b10ee,681c78ee9249a7de00a14fad,,,,,,,,,,,,,,,,,,,,,,,,,,,,,,,,,,,,,,,,,,,189.1859,195.2189,6.0327,1,0,109.4396,-0.271773347,-0.100209864,0,0,0,0,18,18,20,1,c,Il paziente non ha preso il Batatrim,Il paziente ha superato la crisi,,,,,,,,,,,,,,,,,,,,,,,,,,,,,,,,,,,,,,,,,,,,,,,,,,,,,,,,,,,,,,,,,,,,,,,,,,,,,,,,,,,,,,,
,,,,,,,,[(%PROLIFIC_PID,1,2025-05-08_11h28.04.379,CLTandFLE,2024.1.5,Win32,60.24096386,5f7ad4d0a5196673920933f8,67ffc4c40efe1bd1090b10ee,681c78ee9249a7de00a14fad,,,,,,,,,,,,,,,,,,,,,,,,,,,,,,,,,,,,,,,,,,,195.2191,199.6856,4.4662,1,0,113.9058,-0.268625393,-0.048793284,0,0,0,0,19,19,27,1,c,Il paziente non ha preso il Batatrim,Il paziente ha superato la crisi,,,,,,,,,,,,,,,,,,,,,,,,,,,,,,,,,,,,,,,,,,,,,,,,,,,,,,,,,,,,,,,,,,,,,,,,,,,,,,,,,,,,,,,
,,,,,,,,[(%PROLIFIC_PID,1,2025-05-08_11h28.04.379,CLTandFLE,2024.1.5,Win32,60.24096386,5f7ad4d0a5196673920933f8,67ffc4c40efe1bd1090b10ee,681c78ee9249a7de00a14fad,,,,,,,,,,,,,,,,,,,,,,,,,,,,,,,,,,,,,,,,,,,199.6858,205.0354,5.3495,0,1,119.2553,0.074501574,-0.172612802,0,0,0,0,20,20,11,1,a,Il paziente ha preso il Batatrim,Il paziente ha superato la crisi,,,,,,,,,,,,,,,,,,,,,,,,,,,,,,,,,,,,,,,,,,,,,,,,,,,,,,,,,,,,,,,,,,,,,,,,,,,,,,,,,,,,,,,
,,,,,,,,[(%PROLIFIC_PID,1,2025-05-08_11h28.04.379,CLTandFLE,2024.1.5,Win32,60.24096386,5f7ad4d0a5196673920933f8,67ffc4c40efe1bd1090b10ee,681c78ee9249a7de00a14fad,,,,,,,,,,,,,,,,,,,,,,,,,,,,,,,,,,,,,,,,,,,205.0358,209.3521,4.3162,1,0,123.5715,-0.196222455,-0.273347324,0,0,0,0,21,21,2,1,a,Il paziente ha preso il Batatrim,Il paziente ha superato la crisi,,,,,,,,,,,,,,,,,,,,,,,,,,,,,,,,,,,,,,,,,,,,,,,,,,,,,,,,,,,,,,,,,,,,,,,,,,,,,,,,,,,,,,,
,,,,,,,,[(%PROLIFIC_PID,1,2025-05-08_11h28.04.379,CLTandFLE,2024.1.5,Win32,60.24096386,5f7ad4d0a5196673920933f8,67ffc4c40efe1bd1090b10ee,681c78ee9249a7de00a14fad,,,,,,,,,,,,,,,,,,,,,,,,,,,,,,,,,,,,,,,,,,,209.3525,213.6022,4.2495,1,0,127.821,-0.221406086,-0.063483736,0,0,0,0,22,22,4,1,a,Il paziente ha preso il Batatrim,Il paziente ha superato la crisi,,,,,,,,,,,,,,,,,,,,,,,,,,,,,,,,,,,,,,,,,,,,,,,,,,,,,,,,,,,,,,,,,,,,,,,,,,,,,,,,,,,,,,,
,,,,,,,,[(%PROLIFIC_PID,1,2025-05-08_11h28.04.379,CLTandFLE,2024.1.5,Win32,60.24096386,5f7ad4d0a5196673920933f8,67ffc4c40efe1bd1090b10ee,681c78ee9249a7de00a14fad,,,,,,,,,,,,,,,,,,,,,,,,,,,,,,,,,,,,,,,,,,,213.6026,218.1523,4.5494,1,0,132.3704,-0.213011542,-0.034102833,0,0,0,0,23,23,16,1,b,Il paziente ha preso il Batatrim,Il paziente non ha superato la crisi,,,,,,,,,,,,,,,,,,,,,,,,,,,,,,,,,,,,,,,,,,,,,,,,,,,,,,,,,,,,,,,,,,,,,,,,,,,,,,,,,,,,,,,
,,,,,,,,[(%PROLIFIC_PID,1,2025-05-08_11h28.04.379,CLTandFLE,2024.1.5,Win32,60.24096386,5f7ad4d0a5196673920933f8,67ffc4c40efe1bd1090b10ee,681c78ee9249a7de00a14fad,,,,,,,,,,,,,,,,,,,,,,,,,,,,,,,,,,,,,,,,,,,218.1526,224.1022,5.9494,1,0,138.3198,-0.169989507,-0.047743966,0,0,0,0,24,24,39,1,d,Il paziente non ha preso il Batatrim,Il paziente non ha superato la crisi,,,,,,,,,,,,,,,,,,,,,,,,,,,,,,,,,,,,,,,,,,,,,,,,,,,,,,,,,,,,,,,,,,,,,,,,,,,,,,,,,,,,,,,
,,,,,,,,[(%PROLIFIC_PID,1,2025-05-08_11h28.04.379,CLTandFLE,2024.1.5,Win32,60.24096386,5f7ad4d0a5196673920933f8,67ffc4c40efe1bd1090b10ee,681c78ee9249a7de00a14fad,,,,,,,,,,,,,,,,,,,,,,,,,,,,,,,,,,,,,,,,,,,224.1025,229.2523,5.1495,1,0,143.4693,-0.169989507,-0.047743966,0,0,0,0,25,25,7,1,a,Il paziente ha preso il Batatrim,Il paziente ha superato la crisi,,,,,,,,,,,,,,,,,,,,,,,,,,,,,,,,,,,,,,,,,,,,,,,,,,,,,,,,,,,,,,,,,,,,,,,,,,,,,,,,,,,,,,,
,,,,,,,,[(%PROLIFIC_PID,1,2025-05-08_11h28.04.379,CLTandFLE,2024.1.5,Win32,60.24096386,5f7ad4d0a5196673920933f8,67ffc4c40efe1bd1090b10ee,681c78ee9249a7de00a14fad,,,,,,,,,,,,,,,,,,,,,,,,,,,,,,,,,,,,,,,,,,,229.2527,234.4022,5.1493,1,0,148.6186,-0.169989507,-0.047743966,0,0,0,0,26,26,22,1,c,Il paziente non ha preso il Batatrim,Il paziente ha superato la crisi,,,,,,,,,,,,,,,,,,,,,,,,,,,,,,,,,,,,,,,,,,,,,,,,,,,,,,,,,,,,,,,,,,,,,,,,,,,,,,,,,,,,,,,
,,,,,,,,[(%PROLIFIC_PID,1,2025-05-08_11h28.04.379,CLTandFLE,2024.1.5,Win32,60.24096386,5f7ad4d0a5196673920933f8,67ffc4c40efe1bd1090b10ee,681c78ee9249a7de00a14fad,,,,,,,,,,,,,,,,,,,,,,,,,,,,,,,,,,,,,,,,,,,234.4026,238.9022,4.4994,1,0,153.118,0.387567568,0.505405405,0,0,0,0,27,27,1,1,a,Il paziente ha preso il Batatrim,Il paziente ha superato la crisi,,,,,,,,,,,,,,,,,,,,,,,,,,,,,,,,,,,,,,,,,,,,,,,,,,,,,,,,,,,,,,,,,,,,,,,,,,,,,,,,,,,,,,,
,,,,,,,,[(%PROLIFIC_PID,1,2025-05-08_11h28.04.379,CLTandFLE,2024.1.5,Win32,60.24096386,5f7ad4d0a5196673920933f8,67ffc4c40efe1bd1090b10ee,681c78ee9249a7de00a14fad,,,,,,,,,,,,,,,,,,,,,,,,,,,,,,,,,,,,,,,,,,,238.9027,243.6025,4.6996,1,0,157.8176,-0.484243697,-0.129201681,0,0,0,0,28,28,3,1,a,Il paziente ha preso il Batatrim,Il paziente ha superato la crisi,,,,,,,,,,,,,,,,,,,,,,,,,,,,,,,,,,,,,,,,,,,,,,,,,,,,,,,,,,,,,,,,,,,,,,,,,,,,,,,,,,,,,,,
,,,,,,,,[(%PROLIFIC_PID,1,2025-05-08_11h28.04.379,CLTandFLE,2024.1.5,Win32,60.24096386,5f7ad4d0a5196673920933f8,67ffc4c40efe1bd1090b10ee,681c78ee9249a7de00a14fad,,,,,,,,,,,,,,,,,,,,,,,,,,,,,,,,,,,,,,,,,,,243.6029,249.7524,6.1492,1,0,163.9668,-0.496848739,0.200630252,0,0,0,0,29,29,5,1,a,Il paziente ha preso il Batatrim,Il paziente ha superato la crisi,,,,,,,,,,,,,,,,,,,,,,,,,,,,,,,,,,,,,,,,,,,,,,,,,,,,,,,,,,,,,,,,,,,,,,,,,,,,,,,,,,,,,,,
,,,,,,,,[(%PROLIFIC_PID,1,2025-05-08_11h28.04.379,CLTandFLE,2024.1.5,Win32,60.24096386,5f7ad4d0a5196673920933f8,67ffc4c40efe1bd1090b10ee,681c78ee9249a7de00a14fad,,,,,,,,,,,,,,,,,,,,,,,,,,,,,,,,,,,,,,,,,,,249.7531,262.5875,12.8342,1,0,176.801,-0.483193277,-0.018907563,0,0,0,0,30,30,28,1,c,Il paziente non ha preso il Batatrim,Il paziente ha superato la crisi,,,,,,,,,,,,,,,,,,,,,,,,,,,,,,,,,,,,,,,,,,,,,,,,,,,,,,,,,,,,,,,,,,,,,,,,,,,,,,,,,,,,,,,
,,,,,,,,[(%PROLIFIC_PID,1,2025-05-08_11h28.04.379,CLTandFLE,2024.1.5,Win32,60.24096386,5f7ad4d0a5196673920933f8,67ffc4c40efe1bd1090b10ee,681c78ee9249a7de00a14fad,,,,,,,,,,,,,,,,,,,,,,,,,,,,,,,,,,,,,,,,,,,262.5886,267.6196,5.0307,1,0,181.8317,-0.245540399,-0.290136411,0,0,0,0,31,31,31,1,c,Il paziente non ha preso il Batatrim,Il paziente ha superato la crisi,,,,,,,,,,,,,,,,,,,,,,,,,,,,,,,,,,,,,,,,,,,,,,,,,,,,,,,,,,,,,,,,,,,,,,,,,,,,,,,,,,,,,,,
,,,,,,,,[(%PROLIFIC_PID,1,2025-05-08_11h28.04.379,CLTandFLE,2024.1.5,Win32,60.24096386,5f7ad4d0a5196673920933f8,67ffc4c40efe1bd1090b10ee,681c78ee9249a7de00a14fad,,,,,,,,,,,,,,,,,,,,,,,,,,,,,,,,,,,,,,,,,,,267.6207,271.7025,4.0817,1,0,185.9134,-0.359916055,-0.490556139,0,0,0,0,32,32,14,1,b,Il paziente ha preso il Batatrim,Il paziente ha superato la crisi,,,,,,,,,,,,,,,,,,,,,,,,,,,,,,,,,,,,,,,,,,,,,,,,,,,,,,,,,,,,,,,,,,,,,,,,,,,,,,,,,,,,,,,
,,,,,,,,[(%PROLIFIC_PID,1,2025-05-08_11h28.04.379,CLTandFLE,2024.1.5,Win32,60.24096386,5f7ad4d0a5196673920933f8,67ffc4c40efe1bd1090b10ee,681c78ee9249a7de00a14fad,,,,,,,,,,,,,,,,,,,,,,,,,,,,,,,,,,,,,,,,,,,271.703,276.5029,4.7996,1,0,190.713,-0.215110178,-0.267051417,0,0,0,0,33,33,25,1,c,Il paziente non ha preso il Batatrim,Il paziente ha superato la crisi,,,,,,,,,,,,,,,,,,,,,,,,,,,,,,,,,,,,,,,,,,,,,,,,,,,,,,,,,,,,,,,,,,,,,,,,,,,,,,,,,,,,,,,
,,,,,,,,[(%PROLIFIC_PID,1,2025-05-08_11h28.04.379,CLTandFLE,2024.1.5,Win32,60.24096386,5f7ad4d0a5196673920933f8,67ffc4c40efe1bd1090b10ee,681c78ee9249a7de00a14fad,,,,,,,,,,,,,,,,,,,,,,,,,,,,,,,,,,,,,,,,,,,276.5032,284.8524,8.349,1,0,199.062,-0.084994753,-0.496852046,0,0,0,0,34,34,15,1,b,Il paziente ha preso il Batatrim,Il paziente non ha superato la crisi,,,,,,,,,,,,,,,,,,,,,,,,,,,,,,,,,,,,,,,,,,,,,,,,,,,,,,,,,,,,,,,,,,,,,,,,,,,,,,,,,,,,,,,
,,,,,,,,[(%PROLIFIC_PID,1,2025-05-08_11h28.04.379,CLTandFLE,2024.1.5,Win32,60.24096386,5f7ad4d0a5196673920933f8,67ffc4c40efe1bd1090b10ee,681c78ee9249a7de00a14fad,,,,,,,,,,,,,,,,,,,,,,,,,,,,,,,,,,,,,,,,,,,284.853,290.3356,5.4824,1,0,204.5444,-0.196222455,-0.026757608,1,0,0,0,35,35,36,1,d,Il paziente non ha preso il Batatrim,Il paziente non ha superato la crisi,,,,,,,,,,,,,,,,,,,,,,,,,,,,,,,,,,,,,,,,,,,,,,,,,,,,,,,,,,,,,,,,,,,,,,,,,,,,,,,,,,,,,,,
,,,,,,,,[(%PROLIFIC_PID,1,2025-05-08_11h28.04.379,CLTandFLE,2024.1.5,Win32,60.24096386,5f7ad4d0a5196673920933f8,67ffc4c40efe1bd1090b10ee,681c78ee9249a7de00a14fad,,,,,,,,,,,,,,,,,,,,,,,,,,,,,,,,,,,,,,,,,,,290.3359,300.9639,10.6278,1,0,215.1722,0.013641133,0.085519412,0,0,0,0,36,36,17,1,b,Il paziente ha preso il Batatrim,Il paziente non ha superato la crisi,,,,,,,,,,,,,,,,,,,,,,,,,,,,,,,,,,,,,,,,,,,,,,,,,,,,,,,,,,,,,,,,,,,,,,,,,,,,,,,,,,,,,,,
,,,,,,,,[(%PROLIFIC_PID,1,2025-05-08_11h28.04.379,CLTandFLE,2024.1.5,Win32,60.24096386,5f7ad4d0a5196673920933f8,67ffc4c40efe1bd1090b10ee,681c78ee9249a7de00a14fad,,,,,,,,,,,,,,,,,,,,,,,,,,,,,,,,,,,,,,,,,,,300.9643,306.8357,5.8713,0,1,221.0435,-0.149003148,-0.496852046,0,0,0,0,37,37,37,1,d,Il paziente non ha preso il Batatrim,Il paziente non ha superato la crisi,,,,,,,,,,,,,,,,,,,,,,,,,,,,,,,,,,,,,,,,,,,,,,,,,,,,,,,,,,,,,,,,,,,,,,,,,,,,,,,,,,,,,,,
,,,,,,,,[(%PROLIFIC_PID,1,2025-05-08_11h28.04.379,CLTandFLE,2024.1.5,Win32,60.24096386,5f7ad4d0a5196673920933f8,67ffc4c40efe1bd1090b10ee,681c78ee9249a7de00a14fad,,,,,,,,,,,,,,,,,,,,,,,,,,,,,,,,,,,,,,,,,,,306.8361,311.4858,4.6494,1,0,225.6929,-0.496848739,-0.087184874,0,0,0,0,38,38,32,1,c,Il paziente non ha preso il Batatrim,Il paziente ha superato la crisi,,,,,,,,,,,,,,,,,,,,,,,,,,,,,,,,,,,,,,,,,,,,,,,,,,,,,,,,,,,,,,,,,,,,,,,,,,,,,,,,,,,,,,,
,,,,,,,,[(%PROLIFIC_PID,1,2025-05-08_11h28.04.379,CLTandFLE,2024.1.5,Win32,60.24096386,5f7ad4d0a5196673920933f8,67ffc4c40efe1bd1090b10ee,681c78ee9249a7de00a14fad,,,,,,,,,,,,,,,,,,,,,,,,,,,,,,,,,,,,,,,,,,,311.4863,316.4024,4.9159,1,0,230.6088,-0.482142857,-0.029411765,0,0,0,0,39,39,23,1,c,Il paziente non ha preso il Batatrim,Il paziente ha superato la crisi,,,,,,,,,,,,,,,,,,,,,,,,,,,,,,,,,,,,,,,,,,,,,,,,,,,,,,,,,,,,,,,,,,,,,,,,,,,,,,,,,,,,,,,
,,,,,,,,[(%PROLIFIC_PID,1,2025-05-08_11h28.04.379,CLTandFLE,2024.1.5,Win32,60.24096386,5f7ad4d0a5196673920933f8,67ffc4c40efe1bd1090b10ee,681c78ee9249a7de00a14fad,,340.7859,341.786,,,,,,,,,,,,,,,,,,,,,,,,,,,,,,,,,,,,,,,,,,,,,,,,,,,,,,,,,,,317.4028,329.3693,11.9662,77,9.7744,0.031479538,-0.217733473,1,0,0,330.3695,340.7858,10.4159,74,8.9611,0.022035677,-0.23452256,1,0,0,65,50,30,70,0,0,0,0,1,,,,,,,,,,,,,,,,,,,,,,,,,,,,,,,,,,,,,,,,,,,,,,,,,,,,,,,,,,
,,,,,,,,[(%PROLIFIC_PID,1,2025-05-08_11h28.04.379,CLTandFLE,2024.1.5,Win32,60.24096386,5f7ad4d0a5196673920933f8,67ffc4c40efe1bd1090b10ee,681c78ee9249a7de00a14fad,,449.6672,450.6525,,,,,,,,,,,,,,,,,,,,,,,,,,,,,,,,,,,,,,,,,,,,,,,,,,,,,,,,,,,,,,,,,,,,,,,,,,,,,,,,,,,,,,,,386.0692,392.5093,6.4396,6,5.7973,-0.012591815,-0.182056663,1,0,0,33,Femmina,No,18,"Sì, l'ho ottenuta più di due anni fa",C1 CEFR (7 - 8 IELTS),TRUE,FALSE,8,9,7,5,4,FALSE,Conferma,c1ok,c2ok,c3ok,c4ok,c5ok,c6ok,c7ok,c8ok,c9ok,c10ok,c11ok,c12ok,c13ok,c14ok,c15ok,c16ok,c17ok,c18ok,c19ok,c20err2,c21ok,c22ok,c23ok,c24ok,c25ok,c26err3,575.9707,582.886,0,0,0,0,1
