﻿Alfa.started,Alfa.stopped,alfa_mouse.x,alfa_mouse.y,alfa_mouse.leftButton,alfa_mouse.midButton,alfa_mouse.rightButton,alfa_mouse.clicked_name,participant,group,date,expName,psychopyVersion,OS,frameRate,PROLIFIC_PID,STUDY_ID,SESSION_ID,)],ITI.started,ITI.stopped,B_consensoinformato.started,B_consensoinformato.stopped,tempo_consenso,cons_mouse.x,cons_mouse.y,cons_mouse.leftButton,cons_mouse.midButton,cons_mouse.rightButton,A_benvenuto.started,A_benvenuto.stopped,ben_mouse.x,ben_mouse.y,ben_mouse.leftButton,ben_mouse.midButton,ben_mouse.rightButton,B2_istruzioni.started,B2_istruzioni.stopped,tempo_istru,cons_mouse_2.x,cons_mouse_2.y,cons_mouse_2.leftButton,cons_mouse_2.midButton,cons_mouse_2.rightButton,SAMevaluation.started,SAMevaluation.stopped,temposam,sliderintensity.response,sliderintensity.rt,slidervalence.response,slidervalence.rt,mouse_sam.x,mouse_sam.y,mouse_sam.leftButton,mouse_sam.midButton,mouse_sam.rightButton,mouse_sam.time,mouse_sam.clicked_name,Loading.started,Loading.stopped,C_associative_task.started,C_associative_task.stopped,tempo_trial,hapremutosi,hapremutono,tempo_tasktot,mouse.x,mouse.y,mouse.leftButton,mouse.midButton,mouse.rightButton,trials.thisRepN,trials.thisTrialN,trials.thisN,trials.thisIndex,trials.ran,cond,causa,effetto,D_VD.started,D_VD.stopped,tempo_vd,vd.response,vd.rt,mouse_vd.x,mouse_vd.y,mouse_vd.leftButton,mouse_vd.midButton,mouse_vd.rightButton,Previous.started,Previous.stopped,tempo_vd1,previous.response,previous.rt,mouse_vd_2.x,mouse_vd_2.y,mouse_vd_2.leftButton,mouse_vd_2.midButton,mouse_vd_2.rightButton,EstENG.TrialNN,EstENG.TrialNS,EstENG.TrialSN,EstENG.TrialSS,ingesta.thisRepN,ingesta.thisTrialN,ingesta.thisN,ingesta.thisIndex,ingesta.ran,PF.started,PF.stopped,tempo_pf,processfluency.response,processfluency.rt,mouse_ch.x,mouse_ch.y,mouse_ch.leftButton,mouse_ch.midButton,mouse_ch.rightButton,Questionario_Lingua.Age,Questionario_Lingua.Sesso,Questionario_Lingua.StaiStudiando?,Questionario_Lingua.Anniscolarita,Questionario_Lingua.Diploma,Questionario_Lingua.ItaMADRE?,Questionario_Lingua.INGmadre?,Questionario_Lingua.Q5(AOAIng),Questionario_Lingua.INGLETTURA,Questionario_Lingua.INGCOMPRESO,Questionario_Lingua.INGSCRITTO,Questionario_Lingua.INGPARLATO,Questionario_Lingua.haivissutoestero,ProvaInglese.ProcediamoENg,ProvaInglese.C1,ProvaInglese.C2,ProvaInglese.C3,ProvaInglese.C4,ProvaInglese.C5,ProvaInglese.C6,ProvaInglese.C7,ProvaInglese.C8,ProvaInglese.C9,ProvaInglese.C10,ProvaInglese.C11,ProvaInglese.C12,ProvaInglese.C13,ProvaInglese.C14,ProvaInglese.C15,ProvaInglese.C16,ProvaInglese.C17,ProvaInglese.C18,ProvaInglese.C19,ProvaInglese.C20,ProvaInglese.C21,ProvaInglese.C22,ProvaInglese.C23,ProvaInglese.C24,ProvaInglese.C25,ProvaInglese.controlquestion,Ant_lastquestion.started,Ant_lastquestion.stopped,exp_loop.thisRepN,exp_loop.thisTrialN,exp_loop.thisN,exp_loop.thisIndex,exp_loop.ran
0.0003,150.4913,0.008333333,-0.021296296,1,0,0,alfa_mask,[(%PROLIFIC_PID,2,2025-04-16_18h49.27.543,CLTandFLE,2024.1.5,Win32,22.47191011,5e31e3a74419561c9cb85728,67ffc4c40efe1bd1090b10ee,67ffdf7c9f724ab204c179f9,,,,,,,,,,,,,,,,,,,,,,,,,,,,,,,,,,,,,,,,,,,,,,,,,,,,,,,,,,,,,,,,,,,,,,,,,,,,,,,,,,,,,,,,,,,,,,,,,,,,,,,,,,,,,,,,,,,,,,,,,,,,,,,,,,,,,,,,,,,,,,,,,,,
,,,,,,,,[(%PROLIFIC_PID,2,2025-04-16_18h49.27.543,CLTandFLE,2024.1.5,Win32,22.47191011,5e31e3a74419561c9cb85728,67ffc4c40efe1bd1090b10ee,67ffdf7c9f724ab204c179f9,,150.4914,153.4881,,,,,,,,,,,,,,,,,,,,,,,,,,,,,,,,,,,,,,,,,,,,,,,,,,,,,,,,,,,,,,,,,,,,,,,,,,,,,,,,,,,,,,,,,,,,,,,,,,,,,,,,,,,,,,,,,,,,,,,,,,,,,,,,,,,,,,,,,,,,,,,,
,,,,,,,,[(%PROLIFIC_PID,2,2025-04-16_18h49.27.543,CLTandFLE,2024.1.5,Win32,22.47191011,5e31e3a74419561c9cb85728,67ffc4c40efe1bd1090b10ee,67ffdf7c9f724ab204c179f9,,,,153.4882,156.9576,3.4691,0.260185185,-0.383333333,1,0,0,,,,,,,,,,,,,,,,,,,,,,,,,,,,,,,,,,,,,,,,,,,,,,,,,,,,,,,,,,,,,,,,,,,,,,,,,,,,,,,,,,,,,,,,,,,,,,,,,,,,,,,,,,,,,,,,,,,,,,,,,,,,,,,,,,,,,,,,
,,,,,,,,[(%PROLIFIC_PID,2,2025-04-16_18h49.27.543,CLTandFLE,2024.1.5,Win32,22.47191011,5e31e3a74419561c9cb85728,67ffc4c40efe1bd1090b10ee,67ffdf7c9f724ab204c179f9,,242.7592,245.6429,,,,,,,,,159.9094,162.4248,0.002777778,-0.07962963,1,0,0,165.3945,220.8208,55.4254,-0.003703704,-0.388888889,1,0,0,223.7757,232.9103,9.1344,0.697916667,3.8884,0.633101852,5.3791,"[-0.002777777777777778,0.005555555555555556,-0.026851851851851852]","[0.19444444444444445,-0.007407407407407408,-0.1685185185185185]","[1,1,1]","[0,0,0]","[0,0,0]","[1.8706000000015024,4.785500000000013,9.131500000000017]","[""slidervalence"",""rettoksam""]",235.7757,242.7591,245.651,253.944,8.2928,1,0,8.2928,-0.107407407,0.07037037,0,0,0,0,0,0,4,1,a,The patient has taken Batatrim,The patient has overcome the crisis,,,,,,,,,,,,,,,,,,,,,,,,,,,,,,,,,,,,,,,,,,,,,,,,,,,,,,,,,,,,,,,,,,,,,,,,,,,,,,,,,,,,,,
,,,,,,,,[(%PROLIFIC_PID,2,2025-04-16_18h49.27.543,CLTandFLE,2024.1.5,Win32,22.47191011,5e31e3a74419561c9cb85728,67ffc4c40efe1bd1090b10ee,67ffdf7c9f724ab204c179f9,,,,,,,,,,,,,,,,,,,,,,,,,,,,,,,,,,,,,,,,,,,253.9442,260.0271,6.0828,1,0,14.3756,-0.200925926,-0.000925926,0,0,0,0,1,1,12,1,a,The patient has taken Batatrim,The patient has overcome the crisis,,,,,,,,,,,,,,,,,,,,,,,,,,,,,,,,,,,,,,,,,,,,,,,,,,,,,,,,,,,,,,,,,,,,,,,,,,,,,,,,,,,,,,
,,,,,,,,[(%PROLIFIC_PID,2,2025-04-16_18h49.27.543,CLTandFLE,2024.1.5,Win32,22.47191011,5e31e3a74419561c9cb85728,67ffc4c40efe1bd1090b10ee,67ffdf7c9f724ab204c179f9,,,,,,,,,,,,,,,,,,,,,,,,,,,,,,,,,,,,,,,,,,,260.0273,265.6694,5.6417,1,0,20.0173,-0.218518519,0.002777778,0,0,0,0,2,2,8,1,a,The patient has taken Batatrim,The patient has overcome the crisis,,,,,,,,,,,,,,,,,,,,,,,,,,,,,,,,,,,,,,,,,,,,,,,,,,,,,,,,,,,,,,,,,,,,,,,,,,,,,,,,,,,,,,
,,,,,,,,[(%PROLIFIC_PID,2,2025-04-16_18h49.27.543,CLTandFLE,2024.1.5,Win32,22.47191011,5e31e3a74419561c9cb85728,67ffc4c40efe1bd1090b10ee,67ffdf7c9f724ab204c179f9,,,,,,,,,,,,,,,,,,,,,,,,,,,,,,,,,,,,,,,,,,,265.6694,272.4265,6.757,1,0,26.7743,-0.193518519,-0.042592593,0,0,0,0,3,3,22,1,c,The patient has not taken Batatrim,The patient has overcome the crisis,,,,,,,,,,,,,,,,,,,,,,,,,,,,,,,,,,,,,,,,,,,,,,,,,,,,,,,,,,,,,,,,,,,,,,,,,,,,,,,,,,,,,,
,,,,,,,,[(%PROLIFIC_PID,2,2025-04-16_18h49.27.543,CLTandFLE,2024.1.5,Win32,22.47191011,5e31e3a74419561c9cb85728,67ffc4c40efe1bd1090b10ee,67ffdf7c9f724ab204c179f9,,,,,,,,,,,,,,,,,,,,,,,,,,,,,,,,,,,,,,,,,,,272.4268,278.3516,5.9248,1,0,32.6991,-0.232407407,-0.016666667,0,0,0,0,4,4,17,1,b,The patient has taken Batatrim,The patient has not overcome the crisis,,,,,,,,,,,,,,,,,,,,,,,,,,,,,,,,,,,,,,,,,,,,,,,,,,,,,,,,,,,,,,,,,,,,,,,,,,,,,,,,,,,,,,
,,,,,,,,[(%PROLIFIC_PID,2,2025-04-16_18h49.27.543,CLTandFLE,2024.1.5,Win32,22.47191011,5e31e3a74419561c9cb85728,67ffc4c40efe1bd1090b10ee,67ffdf7c9f724ab204c179f9,,,,,,,,,,,,,,,,,,,,,,,,,,,,,,,,,,,,,,,,,,,278.3518,283.7203,5.3684,0,1,38.0675,0.139814815,0.011111111,0,0,0,0,5,5,33,1,c,The patient has not taken Batatrim,The patient has overcome the crisis,,,,,,,,,,,,,,,,,,,,,,,,,,,,,,,,,,,,,,,,,,,,,,,,,,,,,,,,,,,,,,,,,,,,,,,,,,,,,,,,,,,,,,
,,,,,,,,[(%PROLIFIC_PID,2,2025-04-16_18h49.27.543,CLTandFLE,2024.1.5,Win32,22.47191011,5e31e3a74419561c9cb85728,67ffc4c40efe1bd1090b10ee,67ffdf7c9f724ab204c179f9,,,,,,,,,,,,,,,,,,,,,,,,,,,,,,,,,,,,,,,,,,,283.7205,290.2776,6.557,1,0,44.6245,-0.185185185,-0.035185185,0,0,0,0,6,6,13,1,a,The patient has taken Batatrim,The patient has overcome the crisis,,,,,,,,,,,,,,,,,,,,,,,,,,,,,,,,,,,,,,,,,,,,,,,,,,,,,,,,,,,,,,,,,,,,,,,,,,,,,,,,,,,,,,
,,,,,,,,[(%PROLIFIC_PID,2,2025-04-16_18h49.27.543,CLTandFLE,2024.1.5,Win32,22.47191011,5e31e3a74419561c9cb85728,67ffc4c40efe1bd1090b10ee,67ffdf7c9f724ab204c179f9,,,,,,,,,,,,,,,,,,,,,,,,,,,,,,,,,,,,,,,,,,,290.2778,297.1134,6.8354,0,1,51.4599,0.156481481,-0.028703704,0,0,0,0,7,7,30,1,c,The patient has not taken Batatrim,The patient has overcome the crisis,,,,,,,,,,,,,,,,,,,,,,,,,,,,,,,,,,,,,,,,,,,,,,,,,,,,,,,,,,,,,,,,,,,,,,,,,,,,,,,,,,,,,,
,,,,,,,,[(%PROLIFIC_PID,2,2025-04-16_18h49.27.543,CLTandFLE,2024.1.5,Win32,22.47191011,5e31e3a74419561c9cb85728,67ffc4c40efe1bd1090b10ee,67ffdf7c9f724ab204c179f9,,,,,,,,,,,,,,,,,,,,,,,,,,,,,,,,,,,,,,,,,,,297.1135,303.2964,6.1828,1,0,57.6427,-0.206481481,-0.02962963,0,0,0,0,8,8,21,1,c,The patient has not taken Batatrim,The patient has overcome the crisis,,,,,,,,,,,,,,,,,,,,,,,,,,,,,,,,,,,,,,,,,,,,,,,,,,,,,,,,,,,,,,,,,,,,,,,,,,,,,,,,,,,,,,
,,,,,,,,[(%PROLIFIC_PID,2,2025-04-16_18h49.27.543,CLTandFLE,2024.1.5,Win32,22.47191011,5e31e3a74419561c9cb85728,67ffc4c40efe1bd1090b10ee,67ffdf7c9f724ab204c179f9,,,,,,,,,,,,,,,,,,,,,,,,,,,,,,,,,,,,,,,,,,,303.2966,309.4796,6.1829,1,0,63.8256,-0.194444444,-0.024074074,0,0,0,0,9,9,29,1,c,The patient has not taken Batatrim,The patient has overcome the crisis,,,,,,,,,,,,,,,,,,,,,,,,,,,,,,,,,,,,,,,,,,,,,,,,,,,,,,,,,,,,,,,,,,,,,,,,,,,,,,,,,,,,,,
,,,,,,,,[(%PROLIFIC_PID,2,2025-04-16_18h49.27.543,CLTandFLE,2024.1.5,Win32,22.47191011,5e31e3a74419561c9cb85728,67ffc4c40efe1bd1090b10ee,67ffdf7c9f724ab204c179f9,,,,,,,,,,,,,,,,,,,,,,,,,,,,,,,,,,,,,,,,,,,309.4798,320.962,11.4822,0,1,75.3078,-0.457407407,-0.007407407,0,0,0,0,10,10,14,1,b,The patient has taken Batatrim,The patient has overcome the crisis,,,,,,,,,,,,,,,,,,,,,,,,,,,,,,,,,,,,,,,,,,,,,,,,,,,,,,,,,,,,,,,,,,,,,,,,,,,,,,,,,,,,,,
,,,,,,,,[(%PROLIFIC_PID,2,2025-04-16_18h49.27.543,CLTandFLE,2024.1.5,Win32,22.47191011,5e31e3a74419561c9cb85728,67ffc4c40efe1bd1090b10ee,67ffdf7c9f724ab204c179f9,,,,,,,,,,,,,,,,,,,,,,,,,,,,,,,,,,,,,,,,,,,320.9622,326.8573,5.8949,1,0,81.2027,-0.219444444,0.057407407,0,0,0,0,11,11,5,1,a,The patient has taken Batatrim,The patient has overcome the crisis,,,,,,,,,,,,,,,,,,,,,,,,,,,,,,,,,,,,,,,,,,,,,,,,,,,,,,,,,,,,,,,,,,,,,,,,,,,,,,,,,,,,,,
,,,,,,,,[(%PROLIFIC_PID,2,2025-04-16_18h49.27.543,CLTandFLE,2024.1.5,Win32,22.47191011,5e31e3a74419561c9cb85728,67ffc4c40efe1bd1090b10ee,67ffdf7c9f724ab204c179f9,,,,,,,,,,,,,,,,,,,,,,,,,,,,,,,,,,,,,,,,,,,326.8574,334.8254,7.9679,0,1,89.1706,-0.013888889,0.02037037,0,0,0,0,12,12,3,1,a,The patient has taken Batatrim,The patient has overcome the crisis,,,,,,,,,,,,,,,,,,,,,,,,,,,,,,,,,,,,,,,,,,,,,,,,,,,,,,,,,,,,,,,,,,,,,,,,,,,,,,,,,,,,,,
,,,,,,,,[(%PROLIFIC_PID,2,2025-04-16_18h49.27.543,CLTandFLE,2024.1.5,Win32,22.47191011,5e31e3a74419561c9cb85728,67ffc4c40efe1bd1090b10ee,67ffdf7c9f724ab204c179f9,,,,,,,,,,,,,,,,,,,,,,,,,,,,,,,,,,,,,,,,,,,334.8256,341.2435,6.4178,1,0,95.5884,-0.19537037,0.018518519,0,0,0,0,13,13,39,1,d,The patient has not taken Batatrim,The patient has not overcome the crisis,,,,,,,,,,,,,,,,,,,,,,,,,,,,,,,,,,,,,,,,,,,,,,,,,,,,,,,,,,,,,,,,,,,,,,,,,,,,,,,,,,,,,,
,,,,,,,,[(%PROLIFIC_PID,2,2025-04-16_18h49.27.543,CLTandFLE,2024.1.5,Win32,22.47191011,5e31e3a74419561c9cb85728,67ffc4c40efe1bd1090b10ee,67ffdf7c9f724ab204c179f9,,,,,,,,,,,,,,,,,,,,,,,,,,,,,,,,,,,,,,,,,,,341.2437,348.7365,7.4925,1,0,103.0809,-0.134259259,-0.090740741,0,0,0,0,14,14,25,1,c,The patient has not taken Batatrim,The patient has overcome the crisis,,,,,,,,,,,,,,,,,,,,,,,,,,,,,,,,,,,,,,,,,,,,,,,,,,,,,,,,,,,,,,,,,,,,,,,,,,,,,,,,,,,,,,
,,,,,,,,[(%PROLIFIC_PID,2,2025-04-16_18h49.27.543,CLTandFLE,2024.1.5,Win32,22.47191011,5e31e3a74419561c9cb85728,67ffc4c40efe1bd1090b10ee,67ffdf7c9f724ab204c179f9,,,,,,,,,,,,,,,,,,,,,,,,,,,,,,,,,,,,,,,,,,,348.7368,358.0152,9.2782,1,0,112.3591,-0.191666667,-0.040740741,0,0,0,0,15,15,7,1,a,The patient has taken Batatrim,The patient has overcome the crisis,,,,,,,,,,,,,,,,,,,,,,,,,,,,,,,,,,,,,,,,,,,,,,,,,,,,,,,,,,,,,,,,,,,,,,,,,,,,,,,,,,,,,,
,,,,,,,,[(%PROLIFIC_PID,2,2025-04-16_18h49.27.543,CLTandFLE,2024.1.5,Win32,22.47191011,5e31e3a74419561c9cb85728,67ffc4c40efe1bd1090b10ee,67ffdf7c9f724ab204c179f9,,,,,,,,,,,,,,,,,,,,,,,,,,,,,,,,,,,,,,,,,,,358.0153,369.4994,11.4839,1,0,123.843,-0.187037037,-0.039814815,0,0,0,0,16,16,15,1,b,The patient has taken Batatrim,The patient has not overcome the crisis,,,,,,,,,,,,,,,,,,,,,,,,,,,,,,,,,,,,,,,,,,,,,,,,,,,,,,,,,,,,,,,,,,,,,,,,,,,,,,,,,,,,,,
,,,,,,,,[(%PROLIFIC_PID,2,2025-04-16_18h49.27.543,CLTandFLE,2024.1.5,Win32,22.47191011,5e31e3a74419561c9cb85728,67ffc4c40efe1bd1090b10ee,67ffdf7c9f724ab204c179f9,,,,,,,,,,,,,,,,,,,,,,,,,,,,,,,,,,,,,,,,,,,369.4999,375.8108,6.3108,1,0,130.1538,-0.219444444,-0.027777778,0,0,0,0,17,17,2,1,a,The patient has taken Batatrim,The patient has overcome the crisis,,,,,,,,,,,,,,,,,,,,,,,,,,,,,,,,,,,,,,,,,,,,,,,,,,,,,,,,,,,,,,,,,,,,,,,,,,,,,,,,,,,,,,
,,,,,,,,[(%PROLIFIC_PID,2,2025-04-16_18h49.27.543,CLTandFLE,2024.1.5,Win32,22.47191011,5e31e3a74419561c9cb85728,67ffc4c40efe1bd1090b10ee,67ffdf7c9f724ab204c179f9,,,,,,,,,,,,,,,,,,,,,,,,,,,,,,,,,,,,,,,,,,,375.8109,391.1754,15.3643,0,1,145.5181,0.156481481,-0.00462963,0,0,0,0,18,18,24,1,c,The patient has not taken Batatrim,The patient has overcome the crisis,,,,,,,,,,,,,,,,,,,,,,,,,,,,,,,,,,,,,,,,,,,,,,,,,,,,,,,,,,,,,,,,,,,,,,,,,,,,,,,,,,,,,,
,,,,,,,,[(%PROLIFIC_PID,2,2025-04-16_18h49.27.543,CLTandFLE,2024.1.5,Win32,22.47191011,5e31e3a74419561c9cb85728,67ffc4c40efe1bd1090b10ee,67ffdf7c9f724ab204c179f9,,,,,,,,,,,,,,,,,,,,,,,,,,,,,,,,,,,,,,,,,,,391.1755,397.8018,6.6262,1,0,152.1443,-0.168518519,-0.076851852,0,0,0,0,19,19,18,1,b,The patient has taken Batatrim,The patient has not overcome the crisis,,,,,,,,,,,,,,,,,,,,,,,,,,,,,,,,,,,,,,,,,,,,,,,,,,,,,,,,,,,,,,,,,,,,,,,,,,,,,,,,,,,,,,
,,,,,,,,[(%PROLIFIC_PID,2,2025-04-16_18h49.27.543,CLTandFLE,2024.1.5,Win32,22.47191011,5e31e3a74419561c9cb85728,67ffc4c40efe1bd1090b10ee,67ffdf7c9f724ab204c179f9,,,,,,,,,,,,,,,,,,,,,,,,,,,,,,,,,,,,,,,,,,,397.8019,409.7497,11.9477,1,0,164.092,-0.200925926,-0.057407407,0,0,0,0,20,20,35,1,d,The patient has not taken Batatrim,The patient has not overcome the crisis,,,,,,,,,,,,,,,,,,,,,,,,,,,,,,,,,,,,,,,,,,,,,,,,,,,,,,,,,,,,,,,,,,,,,,,,,,,,,,,,,,,,,,
,,,,,,,,[(%PROLIFIC_PID,2,2025-04-16_18h49.27.543,CLTandFLE,2024.1.5,Win32,22.47191011,5e31e3a74419561c9cb85728,67ffc4c40efe1bd1090b10ee,67ffdf7c9f724ab204c179f9,,,,,,,,,,,,,,,,,,,,,,,,,,,,,,,,,,,,,,,,,,,409.7499,421.0935,11.3435,0,1,175.4355,0.235185185,-0.02037037,0,0,0,0,21,21,36,1,d,The patient has not taken Batatrim,The patient has not overcome the crisis,,,,,,,,,,,,,,,,,,,,,,,,,,,,,,,,,,,,,,,,,,,,,,,,,,,,,,,,,,,,,,,,,,,,,,,,,,,,,,,,,,,,,,
,,,,,,,,[(%PROLIFIC_PID,2,2025-04-16_18h49.27.543,CLTandFLE,2024.1.5,Win32,22.47191011,5e31e3a74419561c9cb85728,67ffc4c40efe1bd1090b10ee,67ffdf7c9f724ab204c179f9,,,,,,,,,,,,,,,,,,,,,,,,,,,,,,,,,,,,,,,,,,,421.0937,432.2941,11.2003,1,0,186.6358,-0.012962963,0.042592593,0,0,0,0,22,22,6,1,a,The patient has taken Batatrim,The patient has overcome the crisis,,,,,,,,,,,,,,,,,,,,,,,,,,,,,,,,,,,,,,,,,,,,,,,,,,,,,,,,,,,,,,,,,,,,,,,,,,,,,,,,,,,,,,
,,,,,,,,[(%PROLIFIC_PID,2,2025-04-16_18h49.27.543,CLTandFLE,2024.1.5,Win32,22.47191011,5e31e3a74419561c9cb85728,67ffc4c40efe1bd1090b10ee,67ffdf7c9f724ab204c179f9,,,,,,,,,,,,,,,,,,,,,,,,,,,,,,,,,,,,,,,,,,,432.2943,440.8142,8.5198,1,0,195.1556,-0.184259259,-0.085185185,0,0,0,0,23,23,1,1,a,The patient has taken Batatrim,The patient has overcome the crisis,,,,,,,,,,,,,,,,,,,,,,,,,,,,,,,,,,,,,,,,,,,,,,,,,,,,,,,,,,,,,,,,,,,,,,,,,,,,,,,,,,,,,,
,,,,,,,,[(%PROLIFIC_PID,2,2025-04-16_18h49.27.543,CLTandFLE,2024.1.5,Win32,22.47191011,5e31e3a74419561c9cb85728,67ffc4c40efe1bd1090b10ee,67ffdf7c9f724ab204c179f9,,,,,,,,,,,,,,,,,,,,,,,,,,,,,,,,,,,,,,,,,,,440.8144,451.6733,10.8586,0,1,206.0142,0.151851852,-0.041666667,0,0,0,0,24,24,23,1,c,The patient has not taken Batatrim,The patient has overcome the crisis,,,,,,,,,,,,,,,,,,,,,,,,,,,,,,,,,,,,,,,,,,,,,,,,,,,,,,,,,,,,,,,,,,,,,,,,,,,,,,,,,,,,,,
,,,,,,,,[(%PROLIFIC_PID,2,2025-04-16_18h49.27.543,CLTandFLE,2024.1.5,Win32,22.47191011,5e31e3a74419561c9cb85728,67ffc4c40efe1bd1090b10ee,67ffdf7c9f724ab204c179f9,,,,,,,,,,,,,,,,,,,,,,,,,,,,,,,,,,,,,,,,,,,451.6739,458.5377,6.8636,0,1,212.8778,0.175925926,-0.07037037,0,0,0,0,25,25,26,1,c,The patient has not taken Batatrim,The patient has overcome the crisis,,,,,,,,,,,,,,,,,,,,,,,,,,,,,,,,,,,,,,,,,,,,,,,,,,,,,,,,,,,,,,,,,,,,,,,,,,,,,,,,,,,,,,
,,,,,,,,[(%PROLIFIC_PID,2,2025-04-16_18h49.27.543,CLTandFLE,2024.1.5,Win32,22.47191011,5e31e3a74419561c9cb85728,67ffc4c40efe1bd1090b10ee,67ffdf7c9f724ab204c179f9,,,,,,,,,,,,,,,,,,,,,,,,,,,,,,,,,,,,,,,,,,,458.5381,465.0936,6.5552,1,0,219.433,-0.200925926,-0.041666667,0,0,0,0,26,26,11,1,a,The patient has taken Batatrim,The patient has overcome the crisis,,,,,,,,,,,,,,,,,,,,,,,,,,,,,,,,,,,,,,,,,,,,,,,,,,,,,,,,,,,,,,,,,,,,,,,,,,,,,,,,,,,,,,
,,,,,,,,[(%PROLIFIC_PID,2,2025-04-16_18h49.27.543,CLTandFLE,2024.1.5,Win32,22.47191011,5e31e3a74419561c9cb85728,67ffc4c40efe1bd1090b10ee,67ffdf7c9f724ab204c179f9,,,,,,,,,,,,,,,,,,,,,,,,,,,,,,,,,,,,,,,,,,,465.0936,472.3512,7.2574,0,1,226.6904,0.187037037,-0.128703704,0,0,0,0,27,27,31,1,c,The patient has not taken Batatrim,The patient has overcome the crisis,,,,,,,,,,,,,,,,,,,,,,,,,,,,,,,,,,,,,,,,,,,,,,,,,,,,,,,,,,,,,,,,,,,,,,,,,,,,,,,,,,,,,,
,,,,,,,,[(%PROLIFIC_PID,2,2025-04-16_18h49.27.543,CLTandFLE,2024.1.5,Win32,22.47191011,5e31e3a74419561c9cb85728,67ffc4c40efe1bd1090b10ee,67ffdf7c9f724ab204c179f9,,,,,,,,,,,,,,,,,,,,,,,,,,,,,,,,,,,,,,,,,,,472.3514,482.7461,10.3945,0,1,237.0849,0.172222222,-0.049074074,0,0,0,0,28,28,27,1,c,The patient has not taken Batatrim,The patient has overcome the crisis,,,,,,,,,,,,,,,,,,,,,,,,,,,,,,,,,,,,,,,,,,,,,,,,,,,,,,,,,,,,,,,,,,,,,,,,,,,,,,,,,,,,,,
,,,,,,,,[(%PROLIFIC_PID,2,2025-04-16_18h49.27.543,CLTandFLE,2024.1.5,Win32,22.47191011,5e31e3a74419561c9cb85728,67ffc4c40efe1bd1090b10ee,67ffdf7c9f724ab204c179f9,,,,,,,,,,,,,,,,,,,,,,,,,,,,,,,,,,,,,,,,,,,482.7463,489.0148,6.2684,1,0,243.3533,-0.159259259,-0.05,0,0,0,0,29,29,19,1,b,The patient has taken Batatrim,The patient has not overcome the crisis,,,,,,,,,,,,,,,,,,,,,,,,,,,,,,,,,,,,,,,,,,,,,,,,,,,,,,,,,,,,,,,,,,,,,,,,,,,,,,,,,,,,,,
,,,,,,,,[(%PROLIFIC_PID,2,2025-04-16_18h49.27.543,CLTandFLE,2024.1.5,Win32,22.47191011,5e31e3a74419561c9cb85728,67ffc4c40efe1bd1090b10ee,67ffdf7c9f724ab204c179f9,,,,,,,,,,,,,,,,,,,,,,,,,,,,,,,,,,,,,,,,,,,489.015,494.9092,5.8942,1,0,249.2475,-0.169444444,-0.1,0,0,0,0,30,30,20,1,c,The patient has not taken Batatrim,The patient has overcome the crisis,,,,,,,,,,,,,,,,,,,,,,,,,,,,,,,,,,,,,,,,,,,,,,,,,,,,,,,,,,,,,,,,,,,,,,,,,,,,,,,,,,,,,,
,,,,,,,,[(%PROLIFIC_PID,2,2025-04-16_18h49.27.543,CLTandFLE,2024.1.5,Win32,22.47191011,5e31e3a74419561c9cb85728,67ffc4c40efe1bd1090b10ee,67ffdf7c9f724ab204c179f9,,,,,,,,,,,,,,,,,,,,,,,,,,,,,,,,,,,,,,,,,,,494.9095,501.5526,6.643,0,1,255.8905,0.196296296,-0.040740741,0,0,0,0,31,31,28,1,c,The patient has not taken Batatrim,The patient has overcome the crisis,,,,,,,,,,,,,,,,,,,,,,,,,,,,,,,,,,,,,,,,,,,,,,,,,,,,,,,,,,,,,,,,,,,,,,,,,,,,,,,,,,,,,,
,,,,,,,,[(%PROLIFIC_PID,2,2025-04-16_18h49.27.543,CLTandFLE,2024.1.5,Win32,22.47191011,5e31e3a74419561c9cb85728,67ffc4c40efe1bd1090b10ee,67ffdf7c9f724ab204c179f9,,,,,,,,,,,,,,,,,,,,,,,,,,,,,,,,,,,,,,,,,,,501.5528,510.3381,8.7852,1,0,264.6757,-0.176851852,-0.037037037,0,0,0,0,32,32,10,1,a,The patient has taken Batatrim,The patient has overcome the crisis,,,,,,,,,,,,,,,,,,,,,,,,,,,,,,,,,,,,,,,,,,,,,,,,,,,,,,,,,,,,,,,,,,,,,,,,,,,,,,,,,,,,,,
,,,,,,,,[(%PROLIFIC_PID,2,2025-04-16_18h49.27.543,CLTandFLE,2024.1.5,Win32,22.47191011,5e31e3a74419561c9cb85728,67ffc4c40efe1bd1090b10ee,67ffdf7c9f724ab204c179f9,,,,,,,,,,,,,,,,,,,,,,,,,,,,,,,,,,,,,,,,,,,510.3383,518.9757,8.6371,0,1,273.3128,0.169444444,-0.036111111,0,0,0,0,33,33,38,1,d,The patient has not taken Batatrim,The patient has not overcome the crisis,,,,,,,,,,,,,,,,,,,,,,,,,,,,,,,,,,,,,,,,,,,,,,,,,,,,,,,,,,,,,,,,,,,,,,,,,,,,,,,,,,,,,,
,,,,,,,,[(%PROLIFIC_PID,2,2025-04-16_18h49.27.543,CLTandFLE,2024.1.5,Win32,22.47191011,5e31e3a74419561c9cb85728,67ffc4c40efe1bd1090b10ee,67ffdf7c9f724ab204c179f9,,,,,,,,,,,,,,,,,,,,,,,,,,,,,,,,,,,,,,,,,,,518.9762,525.092,6.1157,1,0,279.4285,-0.172222222,-0.084259259,0,0,0,0,34,34,16,1,b,The patient has taken Batatrim,The patient has not overcome the crisis,,,,,,,,,,,,,,,,,,,,,,,,,,,,,,,,,,,,,,,,,,,,,,,,,,,,,,,,,,,,,,,,,,,,,,,,,,,,,,,,,,,,,,
,,,,,,,,[(%PROLIFIC_PID,2,2025-04-16_18h49.27.543,CLTandFLE,2024.1.5,Win32,22.47191011,5e31e3a74419561c9cb85728,67ffc4c40efe1bd1090b10ee,67ffdf7c9f724ab204c179f9,,,,,,,,,,,,,,,,,,,,,,,,,,,,,,,,,,,,,,,,,,,525.0922,538.9785,13.8863,1,0,293.3148,-0.016666667,-0.038888889,0,0,0,0,35,35,9,1,a,The patient has taken Batatrim,The patient has overcome the crisis,,,,,,,,,,,,,,,,,,,,,,,,,,,,,,,,,,,,,,,,,,,,,,,,,,,,,,,,,,,,,,,,,,,,,,,,,,,,,,,,,,,,,,
,,,,,,,,[(%PROLIFIC_PID,2,2025-04-16_18h49.27.543,CLTandFLE,2024.1.5,Win32,22.47191011,5e31e3a74419561c9cb85728,67ffc4c40efe1bd1090b10ee,67ffdf7c9f724ab204c179f9,,,,,,,,,,,,,,,,,,,,,,,,,,,,,,,,,,,,,,,,,,,538.9787,547.1822,8.2034,1,0,301.5182,-0.17037037,-0.05462963,0,0,0,0,36,36,0,1,a,The patient has taken Batatrim,The patient has overcome the crisis,,,,,,,,,,,,,,,,,,,,,,,,,,,,,,,,,,,,,,,,,,,,,,,,,,,,,,,,,,,,,,,,,,,,,,,,,,,,,,,,,,,,,,
,,,,,,,,[(%PROLIFIC_PID,2,2025-04-16_18h49.27.543,CLTandFLE,2024.1.5,Win32,22.47191011,5e31e3a74419561c9cb85728,67ffc4c40efe1bd1090b10ee,67ffdf7c9f724ab204c179f9,,,,,,,,,,,,,,,,,,,,,,,,,,,,,,,,,,,,,,,,,,,547.1823,553.4453,6.2629,0,1,307.7811,0.163888889,-0.024074074,0,0,0,0,37,37,37,1,d,The patient has not taken Batatrim,The patient has not overcome the crisis,,,,,,,,,,,,,,,,,,,,,,,,,,,,,,,,,,,,,,,,,,,,,,,,,,,,,,,,,,,,,,,,,,,,,,,,,,,,,,,,,,,,,,
,,,,,,,,[(%PROLIFIC_PID,2,2025-04-16_18h49.27.543,CLTandFLE,2024.1.5,Win32,22.47191011,5e31e3a74419561c9cb85728,67ffc4c40efe1bd1090b10ee,67ffdf7c9f724ab204c179f9,,,,,,,,,,,,,,,,,,,,,,,,,,,,,,,,,,,,,,,,,,,553.4455,560.6273,7.1817,0,1,314.9628,0.147222222,-0.04537037,0,0,0,0,38,38,32,1,c,The patient has not taken Batatrim,The patient has overcome the crisis,,,,,,,,,,,,,,,,,,,,,,,,,,,,,,,,,,,,,,,,,,,,,,,,,,,,,,,,,,,,,,,,,,,,,,,,,,,,,,,,,,,,,,
,,,,,,,,[(%PROLIFIC_PID,2,2025-04-16_18h49.27.543,CLTandFLE,2024.1.5,Win32,22.47191011,5e31e3a74419561c9cb85728,67ffc4c40efe1bd1090b10ee,67ffdf7c9f724ab204c179f9,,,,,,,,,,,,,,,,,,,,,,,,,,,,,,,,,,,,,,,,,,,560.6275,566.3069,5.6793,0,1,320.6421,0.184259259,-0.042592593,0,0,0,0,39,39,34,1,c,The patient has not taken Batatrim,The patient has overcome the crisis,,,,,,,,,,,,,,,,,,,,,,,,,,,,,,,,,,,,,,,,,,,,,,,,,,,,,,,,,,,,,,,,,,,,,,,,,,,,,,,,,,,,,,
,,,,,,,,[(%PROLIFIC_PID,2,2025-04-16_18h49.27.543,CLTandFLE,2024.1.5,Win32,22.47191011,5e31e3a74419561c9cb85728,67ffc4c40efe1bd1090b10ee,67ffdf7c9f724ab204c179f9,,589.3013,592.1431,,,,,,,,,,,,,,,,,,,,,,,,,,,,,,,,,,,,,,,,,,,,,,,,,,,,,,,,,,,569.166,576.782,7.6158,80,6.0876,-0.009259259,-0.194444444,1,0,0,579.6813,589.3012,9.6198,95,8.7634,0.02037037,-0.224074074,1,0,0,10,7,5,15,0,0,0,0,1,,,,,,,,,,,,,,,,,,,,,,,,,,,,,,,,,,,,,,,,,,,,,,,,,,,,,,,,,
,,,,,,,,[(%PROLIFIC_PID,2,2025-04-16_18h49.27.543,CLTandFLE,2024.1.5,Win32,22.47191011,5e31e3a74419561c9cb85728,67ffc4c40efe1bd1090b10ee,67ffdf7c9f724ab204c179f9,,683.9598,686.8161,,,,,,,,,,,,,,,,,,,,,,,,,,,,,,,,,,,,,,,,,,,,,,,,,,,,,,,,,,,,,,,,,,,,,,,,,,,,,,,,,,,,,,,,622.6376,627.649,5.0112,2,3.0364,0.028703704,-0.247222222,1,0,0,30,Maschio,No,13,No,TRUE,FALSE,7,8,8,7,5,FALSE,Conferma,c1ok,c2ok,c3ok,c4ok,c5ok,c6ok,c7err2,c8ok,c9ok,c10ok,c11ok,c12err,c13ok,c14ok,c15ok,c16ok,c17ok,c18ok,c19ok,c20ok,c21err,c22ok,c23ok,c24ok,c25ok,c26ok,906.9811,913.8086,0,0,0,0,1
