﻿Alfa.started,Alfa.stopped,alfa_mouse.x,alfa_mouse.y,alfa_mouse.leftButton,alfa_mouse.midButton,alfa_mouse.rightButton,alfa_mouse.clicked_name,participant,group,date,expName,psychopyVersion,OS,frameRate,PROLIFIC_PID,STUDY_ID,SESSION_ID,)],ITI.started,ITI.stopped,B_consensoinformato.started,B_consensoinformato.stopped,tempo_consenso,cons_mouse.x,cons_mouse.y,cons_mouse.leftButton,cons_mouse.midButton,cons_mouse.rightButton,A_benvenuto.started,A_benvenuto.stopped,ben_mouse.x,ben_mouse.y,ben_mouse.leftButton,ben_mouse.midButton,ben_mouse.rightButton,B2_istruzioni.started,B2_istruzioni.stopped,tempo_istru,cons_mouse_2.x,cons_mouse_2.y,cons_mouse_2.leftButton,cons_mouse_2.midButton,cons_mouse_2.rightButton,SAMevaluation.started,SAMevaluation.stopped,temposam,sliderintensity.response,sliderintensity.rt,slidervalence.response,slidervalence.rt,mouse_sam.x,mouse_sam.y,mouse_sam.leftButton,mouse_sam.midButton,mouse_sam.rightButton,mouse_sam.time,mouse_sam.clicked_name,Loading.started,Loading.stopped,C_associative_task.started,C_associative_task.stopped,tempo_trial,hapremutosi,hapremutono,tempo_tasktot,mouse.x,mouse.y,mouse.leftButton,mouse.midButton,mouse.rightButton,trials.thisRepN,trials.thisTrialN,trials.thisN,trials.thisIndex,trials.ran,cond,causa,effetto,D_VD.started,D_VD.stopped,tempo_vd,vd.response,vd.rt,mouse_vd.x,mouse_vd.y,mouse_vd.leftButton,mouse_vd.midButton,mouse_vd.rightButton,Previous.started,Previous.stopped,tempo_vd1,previous.response,previous.rt,mouse_vd_2.x,mouse_vd_2.y,mouse_vd_2.leftButton,mouse_vd_2.midButton,mouse_vd_2.rightButton,EstENG.TrialSS,EstENG.TrialNS,EstENG.TrialNN,EstENG.TrialSN,ingesta.thisRepN,ingesta.thisTrialN,ingesta.thisN,ingesta.thisIndex,ingesta.ran,PF.started,PF.stopped,tempo_pf,processfluency.response,processfluency.rt,mouse_ch.x,mouse_ch.y,mouse_ch.leftButton,mouse_ch.midButton,mouse_ch.rightButton,Questionario_Lingua.Age,Questionario_Lingua.Sesso,Questionario_Lingua.StaiStudiando?,Questionario_Lingua.Anniscolarita,Questionario_Lingua.Diploma,Questionario_Lingua.Punteggiodiploma,Questionario_Lingua.ItaMADRE?,Questionario_Lingua.INGmadre?,Questionario_Lingua.Q5(AOAIng),Questionario_Lingua.INGLETTURA,Questionario_Lingua.INGCOMPRESO,Questionario_Lingua.INGSCRITTO,Questionario_Lingua.INGPARLATO,Questionario_Lingua.haivissutoestero,ProvaInglese.ProcediamoENg,ProvaInglese.C1,ProvaInglese.C2,ProvaInglese.C3,ProvaInglese.C4,ProvaInglese.C5,ProvaInglese.C6,ProvaInglese.C7,ProvaInglese.C8,ProvaInglese.C9,ProvaInglese.C10,ProvaInglese.C11,ProvaInglese.C12,ProvaInglese.C13,ProvaInglese.C14,ProvaInglese.C15,ProvaInglese.C16,ProvaInglese.C17,ProvaInglese.C18,ProvaInglese.C19,ProvaInglese.C20,ProvaInglese.C21,ProvaInglese.C22,ProvaInglese.C23,ProvaInglese.C24,ProvaInglese.C25,ProvaInglese.controlquestion,Ant_lastquestion.started,Ant_lastquestion.stopped,exp_loop.thisRepN,exp_loop.thisTrialN,exp_loop.thisN,exp_loop.thisIndex,exp_loop.ran
0,13.985,0.011805556,-0.001388889,1,0,0,alfa_mask,[(%PROLIFIC_PID,2,2025-04-16_18h50.19.405,CLTandFLE,2024.1.5,Win32,30.0120048,5ed131544533f004a120573b,67ffc4c40efe1bd1090b10ee,67ffdf5c190fe8950c043702,,,,,,,,,,,,,,,,,,,,,,,,,,,,,,,,,,,,,,,,,,,,,,,,,,,,,,,,,,,,,,,,,,,,,,,,,,,,,,,,,,,,,,,,,,,,,,,,,,,,,,,,,,,,,,,,,,,,,,,,,,,,,,,,,,,,,,,,,,,,,,,,,,,,
,,,,,,,,[(%PROLIFIC_PID,2,2025-04-16_18h50.19.405,CLTandFLE,2024.1.5,Win32,30.0120048,5ed131544533f004a120573b,67ffc4c40efe1bd1090b10ee,67ffdf5c190fe8950c043702,,13.985,15.088,,,,,,,,,,,,,,,,,,,,,,,,,,,,,,,,,,,,,,,,,,,,,,,,,,,,,,,,,,,,,,,,,,,,,,,,,,,,,,,,,,,,,,,,,,,,,,,,,,,,,,,,,,,,,,,,,,,,,,,,,,,,,,,,,,,,,,,,,,,,,,,,,
,,,,,,,,[(%PROLIFIC_PID,2,2025-04-16_18h50.19.405,CLTandFLE,2024.1.5,Win32,30.0120048,5ed131544533f004a120573b,67ffc4c40efe1bd1090b10ee,67ffdf5c190fe8950c043702,,,,15.089,25.268,10.178,0.19375,-0.390972222,1,0,0,,,,,,,,,,,,,,,,,,,,,,,,,,,,,,,,,,,,,,,,,,,,,,,,,,,,,,,,,,,,,,,,,,,,,,,,,,,,,,,,,,,,,,,,,,,,,,,,,,,,,,,,,,,,,,,,,,,,,,,,,,,,,,,,,,,,,,,,,
,,,,,,,,[(%PROLIFIC_PID,2,2025-04-16_18h50.19.405,CLTandFLE,2024.1.5,Win32,30.0120048,5ed131544533f004a120573b,67ffc4c40efe1bd1090b10ee,67ffdf5c190fe8950c043702,,159.12,160.238,,,,,,,,,26.488,29.184,0.026388889,-0.106944444,1,0,0,30.384,126.988,96.603,0.0125,-0.420833333,1,0,0,128.148,151.095,22.944,0.6875,10.177,0.461805556,14.77,"[-0.005555555555555556,-0.001388888888888889,-0.03263888888888889]","[0.20833333333333334,0.007638888888888889,-0.21875]","[1,1,1]","[0,0,0]","[0,0,0]","[5.509999999999991,12.978999999999985,22.923000000000002]","[""rettoksam""]",152.12,159.12,160.275,168.326,8.049,1,0,8.049,0.316666667,-0.321527778,0,0,0,0,0,0,11,1,a,The patient has taken Batatrim,The patient has overcome the crisis,,,,,,,,,,,,,,,,,,,,,,,,,,,,,,,,,,,,,,,,,,,,,,,,,,,,,,,,,,,,,,,,,,,,,,,,,,,,,,,,,,,,,,,
,,,,,,,,[(%PROLIFIC_PID,2,2025-04-16_18h50.19.405,CLTandFLE,2024.1.5,Win32,30.0120048,5ed131544533f004a120573b,67ffc4c40efe1bd1090b10ee,67ffdf5c190fe8950c043702,,,,,,,,,,,,,,,,,,,,,,,,,,,,,,,,,,,,,,,,,,,168.328,174.403,6.075,1,0,14.124,-0.135416667,-0.193055556,0,0,0,0,1,1,3,1,a,The patient has taken Batatrim,The patient has overcome the crisis,,,,,,,,,,,,,,,,,,,,,,,,,,,,,,,,,,,,,,,,,,,,,,,,,,,,,,,,,,,,,,,,,,,,,,,,,,,,,,,,,,,,,,,
,,,,,,,,[(%PROLIFIC_PID,2,2025-04-16_18h50.19.405,CLTandFLE,2024.1.5,Win32,30.0120048,5ed131544533f004a120573b,67ffc4c40efe1bd1090b10ee,67ffdf5c190fe8950c043702,,,,,,,,,,,,,,,,,,,,,,,,,,,,,,,,,,,,,,,,,,,174.405,179.958,5.553,1,0,19.677,-0.19375,-0.070138889,0,0,0,0,2,2,38,1,d,The patient has not taken Batatrim,The patient has not overcome the crisis,,,,,,,,,,,,,,,,,,,,,,,,,,,,,,,,,,,,,,,,,,,,,,,,,,,,,,,,,,,,,,,,,,,,,,,,,,,,,,,,,,,,,,,
,,,,,,,,[(%PROLIFIC_PID,2,2025-04-16_18h50.19.405,CLTandFLE,2024.1.5,Win32,30.0120048,5ed131544533f004a120573b,67ffc4c40efe1bd1090b10ee,67ffdf5c190fe8950c043702,,,,,,,,,,,,,,,,,,,,,,,,,,,,,,,,,,,,,,,,,,,179.959,185.681,5.722,1,0,25.399,-0.235416667,-0.036111111,0,0,0,0,3,3,0,1,a,The patient has taken Batatrim,The patient has overcome the crisis,,,,,,,,,,,,,,,,,,,,,,,,,,,,,,,,,,,,,,,,,,,,,,,,,,,,,,,,,,,,,,,,,,,,,,,,,,,,,,,,,,,,,,,
,,,,,,,,[(%PROLIFIC_PID,2,2025-04-16_18h50.19.405,CLTandFLE,2024.1.5,Win32,30.0120048,5ed131544533f004a120573b,67ffc4c40efe1bd1090b10ee,67ffdf5c190fe8950c043702,,,,,,,,,,,,,,,,,,,,,,,,,,,,,,,,,,,,,,,,,,,185.683,191.693,6.01,1,0,31.409,-0.20625,-0.028472222,0,0,0,0,4,4,8,1,a,The patient has taken Batatrim,The patient has overcome the crisis,,,,,,,,,,,,,,,,,,,,,,,,,,,,,,,,,,,,,,,,,,,,,,,,,,,,,,,,,,,,,,,,,,,,,,,,,,,,,,,,,,,,,,,
,,,,,,,,[(%PROLIFIC_PID,2,2025-04-16_18h50.19.405,CLTandFLE,2024.1.5,Win32,30.0120048,5ed131544533f004a120573b,67ffc4c40efe1bd1090b10ee,67ffdf5c190fe8950c043702,,,,,,,,,,,,,,,,,,,,,,,,,,,,,,,,,,,,,,,,,,,191.693,197.238,5.545,0,1,36.954,-0.074305556,0.084027778,0,0,0,0,5,5,20,1,c,The patient has not taken Batatrim,The patient has overcome the crisis,,,,,,,,,,,,,,,,,,,,,,,,,,,,,,,,,,,,,,,,,,,,,,,,,,,,,,,,,,,,,,,,,,,,,,,,,,,,,,,,,,,,,,,
,,,,,,,,[(%PROLIFIC_PID,2,2025-04-16_18h50.19.405,CLTandFLE,2024.1.5,Win32,30.0120048,5ed131544533f004a120573b,67ffc4c40efe1bd1090b10ee,67ffdf5c190fe8950c043702,,,,,,,,,,,,,,,,,,,,,,,,,,,,,,,,,,,,,,,,,,,197.24,202.352,5.111,1,0,42.065,-0.204166667,-0.009722222,0,0,0,0,6,6,9,1,a,The patient has taken Batatrim,The patient has overcome the crisis,,,,,,,,,,,,,,,,,,,,,,,,,,,,,,,,,,,,,,,,,,,,,,,,,,,,,,,,,,,,,,,,,,,,,,,,,,,,,,,,,,,,,,,
,,,,,,,,[(%PROLIFIC_PID,2,2025-04-16_18h50.19.405,CLTandFLE,2024.1.5,Win32,30.0120048,5ed131544533f004a120573b,67ffc4c40efe1bd1090b10ee,67ffdf5c190fe8950c043702,,,,,,,,,,,,,,,,,,,,,,,,,,,,,,,,,,,,,,,,,,,202.353,208.735,6.382,1,0,48.447,-0.177777778,-0.047916667,0,0,0,0,7,7,2,1,a,The patient has taken Batatrim,The patient has overcome the crisis,,,,,,,,,,,,,,,,,,,,,,,,,,,,,,,,,,,,,,,,,,,,,,,,,,,,,,,,,,,,,,,,,,,,,,,,,,,,,,,,,,,,,,,
,,,,,,,,[(%PROLIFIC_PID,2,2025-04-16_18h50.19.405,CLTandFLE,2024.1.5,Win32,30.0120048,5ed131544533f004a120573b,67ffc4c40efe1bd1090b10ee,67ffdf5c190fe8950c043702,,,,,,,,,,,,,,,,,,,,,,,,,,,,,,,,,,,,,,,,,,,208.738,213.235,4.495,1,0,52.942,-0.2,-0.036805556,0,0,0,0,8,8,12,1,a,The patient has taken Batatrim,The patient has overcome the crisis,,,,,,,,,,,,,,,,,,,,,,,,,,,,,,,,,,,,,,,,,,,,,,,,,,,,,,,,,,,,,,,,,,,,,,,,,,,,,,,,,,,,,,,
,,,,,,,,[(%PROLIFIC_PID,2,2025-04-16_18h50.19.405,CLTandFLE,2024.1.5,Win32,30.0120048,5ed131544533f004a120573b,67ffc4c40efe1bd1090b10ee,67ffdf5c190fe8950c043702,,,,,,,,,,,,,,,,,,,,,,,,,,,,,,,,,,,,,,,,,,,213.236,219.243,6.006,0,1,58.948,-0.188194444,-0.014583333,0,0,0,0,9,9,28,1,c,The patient has not taken Batatrim,The patient has overcome the crisis,,,,,,,,,,,,,,,,,,,,,,,,,,,,,,,,,,,,,,,,,,,,,,,,,,,,,,,,,,,,,,,,,,,,,,,,,,,,,,,,,,,,,,,
,,,,,,,,[(%PROLIFIC_PID,2,2025-04-16_18h50.19.405,CLTandFLE,2024.1.5,Win32,30.0120048,5ed131544533f004a120573b,67ffc4c40efe1bd1090b10ee,67ffdf5c190fe8950c043702,,,,,,,,,,,,,,,,,,,,,,,,,,,,,,,,,,,,,,,,,,,219.244,226.961,7.717,0,1,66.665,-0.086805556,0.08125,0,0,0,0,10,10,32,1,c,The patient has not taken Batatrim,The patient has overcome the crisis,,,,,,,,,,,,,,,,,,,,,,,,,,,,,,,,,,,,,,,,,,,,,,,,,,,,,,,,,,,,,,,,,,,,,,,,,,,,,,,,,,,,,,,
,,,,,,,,[(%PROLIFIC_PID,2,2025-04-16_18h50.19.405,CLTandFLE,2024.1.5,Win32,30.0120048,5ed131544533f004a120573b,67ffc4c40efe1bd1090b10ee,67ffdf5c190fe8950c043702,,,,,,,,,,,,,,,,,,,,,,,,,,,,,,,,,,,,,,,,,,,226.963,233.246,6.282,1,0,72.947,-0.195833333,-0.03125,0,0,0,0,11,11,6,1,a,The patient has taken Batatrim,The patient has overcome the crisis,,,,,,,,,,,,,,,,,,,,,,,,,,,,,,,,,,,,,,,,,,,,,,,,,,,,,,,,,,,,,,,,,,,,,,,,,,,,,,,,,,,,,,,
,,,,,,,,[(%PROLIFIC_PID,2,2025-04-16_18h50.19.405,CLTandFLE,2024.1.5,Win32,30.0120048,5ed131544533f004a120573b,67ffc4c40efe1bd1090b10ee,67ffdf5c190fe8950c043702,,,,,,,,,,,,,,,,,,,,,,,,,,,,,,,,,,,,,,,,,,,233.246,238.642,5.396,1,0,78.343,-0.204861111,-0.039583333,0,0,0,0,12,12,1,1,a,The patient has taken Batatrim,The patient has overcome the crisis,,,,,,,,,,,,,,,,,,,,,,,,,,,,,,,,,,,,,,,,,,,,,,,,,,,,,,,,,,,,,,,,,,,,,,,,,,,,,,,,,,,,,,,
,,,,,,,,[(%PROLIFIC_PID,2,2025-04-16_18h50.19.405,CLTandFLE,2024.1.5,Win32,30.0120048,5ed131544533f004a120573b,67ffc4c40efe1bd1090b10ee,67ffdf5c190fe8950c043702,,,,,,,,,,,,,,,,,,,,,,,,,,,,,,,,,,,,,,,,,,,238.643,243.586,4.943,1,0,83.286,-0.215972222,-0.035416667,0,0,0,0,13,13,4,1,a,The patient has taken Batatrim,The patient has overcome the crisis,,,,,,,,,,,,,,,,,,,,,,,,,,,,,,,,,,,,,,,,,,,,,,,,,,,,,,,,,,,,,,,,,,,,,,,,,,,,,,,,,,,,,,,
,,,,,,,,[(%PROLIFIC_PID,2,2025-04-16_18h50.19.405,CLTandFLE,2024.1.5,Win32,30.0120048,5ed131544533f004a120573b,67ffc4c40efe1bd1090b10ee,67ffdf5c190fe8950c043702,,,,,,,,,,,,,,,,,,,,,,,,,,,,,,,,,,,,,,,,,,,243.586,248.63,5.044,1,0,88.33,-0.223611111,-0.045138889,0,0,0,0,14,14,23,1,c,The patient has not taken Batatrim,The patient has overcome the crisis,,,,,,,,,,,,,,,,,,,,,,,,,,,,,,,,,,,,,,,,,,,,,,,,,,,,,,,,,,,,,,,,,,,,,,,,,,,,,,,,,,,,,,,
,,,,,,,,[(%PROLIFIC_PID,2,2025-04-16_18h50.19.405,CLTandFLE,2024.1.5,Win32,30.0120048,5ed131544533f004a120573b,67ffc4c40efe1bd1090b10ee,67ffdf5c190fe8950c043702,,,,,,,,,,,,,,,,,,,,,,,,,,,,,,,,,,,,,,,,,,,248.632,253.688,5.053,0,1,93.383,-0.052777778,0.232638889,0,0,0,0,15,15,21,1,c,The patient has not taken Batatrim,The patient has overcome the crisis,,,,,,,,,,,,,,,,,,,,,,,,,,,,,,,,,,,,,,,,,,,,,,,,,,,,,,,,,,,,,,,,,,,,,,,,,,,,,,,,,,,,,,,
,,,,,,,,[(%PROLIFIC_PID,2,2025-04-16_18h50.19.405,CLTandFLE,2024.1.5,Win32,30.0120048,5ed131544533f004a120573b,67ffc4c40efe1bd1090b10ee,67ffdf5c190fe8950c043702,,,,,,,,,,,,,,,,,,,,,,,,,,,,,,,,,,,,,,,,,,,253.691,258.613,4.921,1,0,98.304,-0.186111111,-0.04375,0,0,0,0,16,16,24,1,c,The patient has not taken Batatrim,The patient has overcome the crisis,,,,,,,,,,,,,,,,,,,,,,,,,,,,,,,,,,,,,,,,,,,,,,,,,,,,,,,,,,,,,,,,,,,,,,,,,,,,,,,,,,,,,,,
,,,,,,,,[(%PROLIFIC_PID,2,2025-04-16_18h50.19.405,CLTandFLE,2024.1.5,Win32,30.0120048,5ed131544533f004a120573b,67ffc4c40efe1bd1090b10ee,67ffdf5c190fe8950c043702,,,,,,,,,,,,,,,,,,,,,,,,,,,,,,,,,,,,,,,,,,,258.617,263.508,4.891,1,0,103.195,-0.186111111,-0.04375,0,0,0,0,17,17,17,1,b,The patient has taken Batatrim,The patient has not overcome the crisis,,,,,,,,,,,,,,,,,,,,,,,,,,,,,,,,,,,,,,,,,,,,,,,,,,,,,,,,,,,,,,,,,,,,,,,,,,,,,,,,,,,,,,,
,,,,,,,,[(%PROLIFIC_PID,2,2025-04-16_18h50.19.405,CLTandFLE,2024.1.5,Win32,30.0120048,5ed131544533f004a120573b,67ffc4c40efe1bd1090b10ee,67ffdf5c190fe8950c043702,,,,,,,,,,,,,,,,,,,,,,,,,,,,,,,,,,,,,,,,,,,263.51,269.138,5.627,1,0,108.822,-0.188888889,-0.046527778,0,0,0,0,18,18,27,1,c,The patient has not taken Batatrim,The patient has overcome the crisis,,,,,,,,,,,,,,,,,,,,,,,,,,,,,,,,,,,,,,,,,,,,,,,,,,,,,,,,,,,,,,,,,,,,,,,,,,,,,,,,,,,,,,,
,,,,,,,,[(%PROLIFIC_PID,2,2025-04-16_18h50.19.405,CLTandFLE,2024.1.5,Win32,30.0120048,5ed131544533f004a120573b,67ffc4c40efe1bd1090b10ee,67ffdf5c190fe8950c043702,,,,,,,,,,,,,,,,,,,,,,,,,,,,,,,,,,,,,,,,,,,269.138,274.777,5.637,0,1,114.459,-0.219444444,-0.052777778,0,0,0,0,19,19,25,1,c,The patient has not taken Batatrim,The patient has overcome the crisis,,,,,,,,,,,,,,,,,,,,,,,,,,,,,,,,,,,,,,,,,,,,,,,,,,,,,,,,,,,,,,,,,,,,,,,,,,,,,,,,,,,,,,,
,,,,,,,,[(%PROLIFIC_PID,2,2025-04-16_18h50.19.405,CLTandFLE,2024.1.5,Win32,30.0120048,5ed131544533f004a120573b,67ffc4c40efe1bd1090b10ee,67ffdf5c190fe8950c043702,,,,,,,,,,,,,,,,,,,,,,,,,,,,,,,,,,,,,,,,,,,274.779,280.357,5.578,1,0,120.037,-0.204861111,-0.073611111,0,0,0,0,20,20,29,1,c,The patient has not taken Batatrim,The patient has overcome the crisis,,,,,,,,,,,,,,,,,,,,,,,,,,,,,,,,,,,,,,,,,,,,,,,,,,,,,,,,,,,,,,,,,,,,,,,,,,,,,,,,,,,,,,,
,,,,,,,,[(%PROLIFIC_PID,2,2025-04-16_18h50.19.405,CLTandFLE,2024.1.5,Win32,30.0120048,5ed131544533f004a120573b,67ffc4c40efe1bd1090b10ee,67ffdf5c190fe8950c043702,,,,,,,,,,,,,,,,,,,,,,,,,,,,,,,,,,,,,,,,,,,280.362,287.083,6.72,0,1,126.757,-0.067361111,0.046527778,0,0,0,0,21,21,39,1,d,The patient has not taken Batatrim,The patient has not overcome the crisis,,,,,,,,,,,,,,,,,,,,,,,,,,,,,,,,,,,,,,,,,,,,,,,,,,,,,,,,,,,,,,,,,,,,,,,,,,,,,,,,,,,,,,,
,,,,,,,,[(%PROLIFIC_PID,2,2025-04-16_18h50.19.405,CLTandFLE,2024.1.5,Win32,30.0120048,5ed131544533f004a120573b,67ffc4c40efe1bd1090b10ee,67ffdf5c190fe8950c043702,,,,,,,,,,,,,,,,,,,,,,,,,,,,,,,,,,,,,,,,,,,287.088,301.964,14.876,1,0,141.633,-0.185416667,-0.035416667,0,0,0,0,22,22,36,1,d,The patient has not taken Batatrim,The patient has not overcome the crisis,,,,,,,,,,,,,,,,,,,,,,,,,,,,,,,,,,,,,,,,,,,,,,,,,,,,,,,,,,,,,,,,,,,,,,,,,,,,,,,,,,,,,,,
,,,,,,,,[(%PROLIFIC_PID,2,2025-04-16_18h50.19.405,CLTandFLE,2024.1.5,Win32,30.0120048,5ed131544533f004a120573b,67ffc4c40efe1bd1090b10ee,67ffdf5c190fe8950c043702,,,,,,,,,,,,,,,,,,,,,,,,,,,,,,,,,,,,,,,,,,,301.965,307.273,5.308,0,1,146.941,0.115277778,-0.043055556,0,0,0,0,23,23,26,1,c,The patient has not taken Batatrim,The patient has overcome the crisis,,,,,,,,,,,,,,,,,,,,,,,,,,,,,,,,,,,,,,,,,,,,,,,,,,,,,,,,,,,,,,,,,,,,,,,,,,,,,,,,,,,,,,,
,,,,,,,,[(%PROLIFIC_PID,2,2025-04-16_18h50.19.405,CLTandFLE,2024.1.5,Win32,30.0120048,5ed131544533f004a120573b,67ffc4c40efe1bd1090b10ee,67ffdf5c190fe8950c043702,,,,,,,,,,,,,,,,,,,,,,,,,,,,,,,,,,,,,,,,,,,307.275,312.373,5.098,1,0,152.039,-0.179166667,-0.033333333,0,0,0,0,24,24,13,1,a,The patient has taken Batatrim,The patient has overcome the crisis,,,,,,,,,,,,,,,,,,,,,,,,,,,,,,,,,,,,,,,,,,,,,,,,,,,,,,,,,,,,,,,,,,,,,,,,,,,,,,,,,,,,,,,
,,,,,,,,[(%PROLIFIC_PID,2,2025-04-16_18h50.19.405,CLTandFLE,2024.1.5,Win32,30.0120048,5ed131544533f004a120573b,67ffc4c40efe1bd1090b10ee,67ffdf5c190fe8950c043702,,,,,,,,,,,,,,,,,,,,,,,,,,,,,,,,,,,,,,,,,,,312.375,318.283,5.907,1,0,157.946,-0.095833333,-0.058333333,0,0,0,0,25,25,15,1,b,The patient has taken Batatrim,The patient has not overcome the crisis,,,,,,,,,,,,,,,,,,,,,,,,,,,,,,,,,,,,,,,,,,,,,,,,,,,,,,,,,,,,,,,,,,,,,,,,,,,,,,,,,,,,,,,
,,,,,,,,[(%PROLIFIC_PID,2,2025-04-16_18h50.19.405,CLTandFLE,2024.1.5,Win32,30.0120048,5ed131544533f004a120573b,67ffc4c40efe1bd1090b10ee,67ffdf5c190fe8950c043702,,,,,,,,,,,,,,,,,,,,,,,,,,,,,,,,,,,,,,,,,,,318.286,323.315,5.029,1,0,162.975,-0.146527778,0.006944444,0,0,0,0,26,26,14,1,b,The patient has taken Batatrim,The patient has overcome the crisis,,,,,,,,,,,,,,,,,,,,,,,,,,,,,,,,,,,,,,,,,,,,,,,,,,,,,,,,,,,,,,,,,,,,,,,,,,,,,,,,,,,,,,,
,,,,,,,,[(%PROLIFIC_PID,2,2025-04-16_18h50.19.405,CLTandFLE,2024.1.5,Win32,30.0120048,5ed131544533f004a120573b,67ffc4c40efe1bd1090b10ee,67ffdf5c190fe8950c043702,,,,,,,,,,,,,,,,,,,,,,,,,,,,,,,,,,,,,,,,,,,323.319,328.301,4.982,0,1,167.957,-0.009722222,-0.028472222,0,0,0,0,27,27,35,1,d,The patient has not taken Batatrim,The patient has not overcome the crisis,,,,,,,,,,,,,,,,,,,,,,,,,,,,,,,,,,,,,,,,,,,,,,,,,,,,,,,,,,,,,,,,,,,,,,,,,,,,,,,,,,,,,,,
,,,,,,,,[(%PROLIFIC_PID,2,2025-04-16_18h50.19.405,CLTandFLE,2024.1.5,Win32,30.0120048,5ed131544533f004a120573b,67ffc4c40efe1bd1090b10ee,67ffdf5c190fe8950c043702,,,,,,,,,,,,,,,,,,,,,,,,,,,,,,,,,,,,,,,,,,,328.302,333.322,5.019,1,0,172.976,-0.122916667,-0.049305556,0,0,0,0,28,28,5,1,a,The patient has taken Batatrim,The patient has overcome the crisis,,,,,,,,,,,,,,,,,,,,,,,,,,,,,,,,,,,,,,,,,,,,,,,,,,,,,,,,,,,,,,,,,,,,,,,,,,,,,,,,,,,,,,,
,,,,,,,,[(%PROLIFIC_PID,2,2025-04-16_18h50.19.405,CLTandFLE,2024.1.5,Win32,30.0120048,5ed131544533f004a120573b,67ffc4c40efe1bd1090b10ee,67ffdf5c190fe8950c043702,,,,,,,,,,,,,,,,,,,,,,,,,,,,,,,,,,,,,,,,,,,333.325,338.549,5.223,0,1,178.199,0.167361111,-0.052083333,0,0,0,0,29,29,33,1,c,The patient has not taken Batatrim,The patient has overcome the crisis,,,,,,,,,,,,,,,,,,,,,,,,,,,,,,,,,,,,,,,,,,,,,,,,,,,,,,,,,,,,,,,,,,,,,,,,,,,,,,,,,,,,,,,
,,,,,,,,[(%PROLIFIC_PID,2,2025-04-16_18h50.19.405,CLTandFLE,2024.1.5,Win32,30.0120048,5ed131544533f004a120573b,67ffc4c40efe1bd1090b10ee,67ffdf5c190fe8950c043702,,,,,,,,,,,,,,,,,,,,,,,,,,,,,,,,,,,,,,,,,,,338.55,342.998,4.447,1,0,182.646,-0.143055556,-0.085416667,0,0,0,0,30,30,22,1,c,The patient has not taken Batatrim,The patient has overcome the crisis,,,,,,,,,,,,,,,,,,,,,,,,,,,,,,,,,,,,,,,,,,,,,,,,,,,,,,,,,,,,,,,,,,,,,,,,,,,,,,,,,,,,,,,
,,,,,,,,[(%PROLIFIC_PID,2,2025-04-16_18h50.19.405,CLTandFLE,2024.1.5,Win32,30.0120048,5ed131544533f004a120573b,67ffc4c40efe1bd1090b10ee,67ffdf5c190fe8950c043702,,,,,,,,,,,,,,,,,,,,,,,,,,,,,,,,,,,,,,,,,,,342.998,348.021,5.023,1,0,187.669,0.090277778,0.05625,0,0,0,0,31,31,19,1,b,The patient has taken Batatrim,The patient has not overcome the crisis,,,,,,,,,,,,,,,,,,,,,,,,,,,,,,,,,,,,,,,,,,,,,,,,,,,,,,,,,,,,,,,,,,,,,,,,,,,,,,,,,,,,,,,
,,,,,,,,[(%PROLIFIC_PID,2,2025-04-16_18h50.19.405,CLTandFLE,2024.1.5,Win32,30.0120048,5ed131544533f004a120573b,67ffc4c40efe1bd1090b10ee,67ffdf5c190fe8950c043702,,,,,,,,,,,,,,,,,,,,,,,,,,,,,,,,,,,,,,,,,,,348.024,353.793,5.766,0,1,193.435,-0.006944444,0.013888889,0,0,0,0,32,32,31,1,c,The patient has not taken Batatrim,The patient has overcome the crisis,,,,,,,,,,,,,,,,,,,,,,,,,,,,,,,,,,,,,,,,,,,,,,,,,,,,,,,,,,,,,,,,,,,,,,,,,,,,,,,,,,,,,,,
,,,,,,,,[(%PROLIFIC_PID,2,2025-04-16_18h50.19.405,CLTandFLE,2024.1.5,Win32,30.0120048,5ed131544533f004a120573b,67ffc4c40efe1bd1090b10ee,67ffdf5c190fe8950c043702,,,,,,,,,,,,,,,,,,,,,,,,,,,,,,,,,,,,,,,,,,,353.799,358.927,5.128,0,1,198.563,0.158333333,-0.052083333,0,0,0,0,33,33,37,1,d,The patient has not taken Batatrim,The patient has not overcome the crisis,,,,,,,,,,,,,,,,,,,,,,,,,,,,,,,,,,,,,,,,,,,,,,,,,,,,,,,,,,,,,,,,,,,,,,,,,,,,,,,,,,,,,,,
,,,,,,,,[(%PROLIFIC_PID,2,2025-04-16_18h50.19.405,CLTandFLE,2024.1.5,Win32,30.0120048,5ed131544533f004a120573b,67ffc4c40efe1bd1090b10ee,67ffdf5c190fe8950c043702,,,,,,,,,,,,,,,,,,,,,,,,,,,,,,,,,,,,,,,,,,,358.929,363.943,5.014,0,1,203.577,0.03125,-0.056944444,0,0,0,0,34,34,34,1,c,The patient has not taken Batatrim,The patient has overcome the crisis,,,,,,,,,,,,,,,,,,,,,,,,,,,,,,,,,,,,,,,,,,,,,,,,,,,,,,,,,,,,,,,,,,,,,,,,,,,,,,,,,,,,,,,
,,,,,,,,[(%PROLIFIC_PID,2,2025-04-16_18h50.19.405,CLTandFLE,2024.1.5,Win32,30.0120048,5ed131544533f004a120573b,67ffc4c40efe1bd1090b10ee,67ffdf5c190fe8950c043702,,,,,,,,,,,,,,,,,,,,,,,,,,,,,,,,,,,,,,,,,,,363.945,369.409,5.464,1,0,209.041,-0.141666667,-0.077777778,0,0,0,0,35,35,18,1,b,The patient has taken Batatrim,The patient has not overcome the crisis,,,,,,,,,,,,,,,,,,,,,,,,,,,,,,,,,,,,,,,,,,,,,,,,,,,,,,,,,,,,,,,,,,,,,,,,,,,,,,,,,,,,,,,
,,,,,,,,[(%PROLIFIC_PID,2,2025-04-16_18h50.19.405,CLTandFLE,2024.1.5,Win32,30.0120048,5ed131544533f004a120573b,67ffc4c40efe1bd1090b10ee,67ffdf5c190fe8950c043702,,,,,,,,,,,,,,,,,,,,,,,,,,,,,,,,,,,,,,,,,,,369.412,375.6,6.188,1,0,215.229,-0.202777778,-0.056944444,0,0,0,0,36,36,30,1,c,The patient has not taken Batatrim,The patient has overcome the crisis,,,,,,,,,,,,,,,,,,,,,,,,,,,,,,,,,,,,,,,,,,,,,,,,,,,,,,,,,,,,,,,,,,,,,,,,,,,,,,,,,,,,,,,
,,,,,,,,[(%PROLIFIC_PID,2,2025-04-16_18h50.19.405,CLTandFLE,2024.1.5,Win32,30.0120048,5ed131544533f004a120573b,67ffc4c40efe1bd1090b10ee,67ffdf5c190fe8950c043702,,,,,,,,,,,,,,,,,,,,,,,,,,,,,,,,,,,,,,,,,,,375.6,380.626,5.023,1,0,220.252,-0.179166667,-0.047222222,0,0,0,0,37,37,7,1,a,The patient has taken Batatrim,The patient has overcome the crisis,,,,,,,,,,,,,,,,,,,,,,,,,,,,,,,,,,,,,,,,,,,,,,,,,,,,,,,,,,,,,,,,,,,,,,,,,,,,,,,,,,,,,,,
,,,,,,,,[(%PROLIFIC_PID,2,2025-04-16_18h50.19.405,CLTandFLE,2024.1.5,Win32,30.0120048,5ed131544533f004a120573b,67ffc4c40efe1bd1090b10ee,67ffdf5c190fe8950c043702,,,,,,,,,,,,,,,,,,,,,,,,,,,,,,,,,,,,,,,,,,,380.632,385.453,4.819,1,0,225.071,-0.154861111,-0.05625,0,0,0,0,38,38,16,1,b,The patient has taken Batatrim,The patient has not overcome the crisis,,,,,,,,,,,,,,,,,,,,,,,,,,,,,,,,,,,,,,,,,,,,,,,,,,,,,,,,,,,,,,,,,,,,,,,,,,,,,,,,,,,,,,,
,,,,,,,,[(%PROLIFIC_PID,2,2025-04-16_18h50.19.405,CLTandFLE,2024.1.5,Win32,30.0120048,5ed131544533f004a120573b,67ffc4c40efe1bd1090b10ee,67ffdf5c190fe8950c043702,,,,,,,,,,,,,,,,,,,,,,,,,,,,,,,,,,,,,,,,,,,385.455,390.399,4.944,1,0,230.015,-0.176388889,-0.042361111,0,0,0,0,39,39,10,1,a,The patient has taken Batatrim,The patient has overcome the crisis,,,,,,,,,,,,,,,,,,,,,,,,,,,,,,,,,,,,,,,,,,,,,,,,,,,,,,,,,,,,,,,,,,,,,,,,,,,,,,,,,,,,,,,
,,,,,,,,[(%PROLIFIC_PID,2,2025-04-16_18h50.19.405,CLTandFLE,2024.1.5,Win32,30.0120048,5ed131544533f004a120573b,67ffc4c40efe1bd1090b10ee,67ffdf5c190fe8950c043702,,470.383,471.518,,,,,,,,,,,,,,,,,,,,,,,,,,,,,,,,,,,,,,,,,,,,,,,,,,,,,,,,,,,391.477,453.465,61.985,67,19.825,0.061111111,-0.204861111,1,0,0,454.53,470.382,15.851,90,10.982,-0.001388889,-0.191666667,1,0,0,20,17,6,4,0,0,0,0,1,,,,,,,,,,,,,,,,,,,,,,,,,,,,,,,,,,,,,,,,,,,,,,,,,,,,,,,,,,
,,,,,,,,[(%PROLIFIC_PID,2,2025-04-16_18h50.19.405,CLTandFLE,2024.1.5,Win32,30.0120048,5ed131544533f004a120573b,67ffc4c40efe1bd1090b10ee,67ffdf5c190fe8950c043702,,718.222,719.549,,,,,,,,,,,,,,,,,,,,,,,,,,,,,,,,,,,,,,,,,,,,,,,,,,,,,,,,,,,,,,,,,,,,,,,,,,,,,,,,,,,,,,,,510.549,530.805,20.255,7,14.488,0.044444444,-0.222916667,1,0,0,26,Maschio,No,13,"Sì, l'ho ottenuta più di due anni fa",C1 CEFR (7 - 8 IELTS),TRUE,FALSE,5,9,9,8,9,FALSE,Conferma,c1ok,c2ok,c3ok,c4ok,c5ok,c6ok,c7ok,c8ok,c9ok,c10ok,c11ok,c12ok,c13ok,c14ok,c15ok,c16ok,c17ok,c18ok,c19ok,c20ok,c21err,c22ok,c23ok,c24ok,c25ok,c26ok,974.919,981.75,0,0,0,0,1
