﻿Alfa.started,Alfa.stopped,alfa_mouse.x,alfa_mouse.y,alfa_mouse.leftButton,alfa_mouse.midButton,alfa_mouse.rightButton,alfa_mouse.clicked_name,participant,group,date,expName,psychopyVersion,OS,frameRate,PROLIFIC_PID,STUDY_ID,SESSION_ID,)],ITI.started,ITI.stopped,B_consensoinformato.started,B_consensoinformato.stopped,tempo_consenso,cons_mouse.x,cons_mouse.y,cons_mouse.leftButton,cons_mouse.midButton,cons_mouse.rightButton,A_benvenuto.started,A_benvenuto.stopped,ben_mouse.x,ben_mouse.y,ben_mouse.leftButton,ben_mouse.midButton,ben_mouse.rightButton,B2_istruzioni.started,B2_istruzioni.stopped,tempo_istru,cons_mouse_2.x,cons_mouse_2.y,cons_mouse_2.leftButton,cons_mouse_2.midButton,cons_mouse_2.rightButton,SAMevaluation.started,SAMevaluation.stopped,temposam,sliderintensity.response,sliderintensity.rt,slidervalence.response,slidervalence.rt,mouse_sam.x,mouse_sam.y,mouse_sam.leftButton,mouse_sam.midButton,mouse_sam.rightButton,mouse_sam.time,mouse_sam.clicked_name,Loading.started,Loading.stopped,C_associative_task.started,C_associative_task.stopped,tempo_trial,hapremutosi,hapremutono,tempo_tasktot,mouse.x,mouse.y,mouse.leftButton,mouse.midButton,mouse.rightButton,trials.thisRepN,trials.thisTrialN,trials.thisN,trials.thisIndex,trials.ran,cond,causa,effetto,D_VD.started,D_VD.stopped,tempo_vd,vd.response,vd.rt,mouse_vd.x,mouse_vd.y,mouse_vd.leftButton,mouse_vd.midButton,mouse_vd.rightButton,Previous.started,Previous.stopped,tempo_vd1,previous.response,previous.rt,mouse_vd_2.x,mouse_vd_2.y,mouse_vd_2.leftButton,mouse_vd_2.midButton,mouse_vd_2.rightButton,EstITA.TrialNS,EstITA.TrialD,EstITA.TrialSS,EstITA.TrialSN,itaest.thisRepN,itaest.thisTrialN,itaest.thisN,itaest.thisIndex,itaest.ran,PF.started,PF.stopped,tempo_pf,processfluency.response,processfluency.rt,mouse_ch.x,mouse_ch.y,mouse_ch.leftButton,mouse_ch.midButton,mouse_ch.rightButton,Questionario_Lingua.Age,Questionario_Lingua.Sesso,Questionario_Lingua.StaiStudiando?,Questionario_Lingua.Anniscolarita,Questionario_Lingua.Diploma,Questionario_Lingua.ItaMADRE?,Questionario_Lingua.INGmadre?,Questionario_Lingua.Q5(AOAIng),Questionario_Lingua.INGLETTURA,Questionario_Lingua.INGCOMPRESO,Questionario_Lingua.INGSCRITTO,Questionario_Lingua.INGPARLATO,Questionario_Lingua.haivissutoestero,ProvaInglese.ProcediamoENg,ProvaInglese.C1,ProvaInglese.C2,ProvaInglese.C3,ProvaInglese.C4,ProvaInglese.C5,ProvaInglese.C6,ProvaInglese.C7,ProvaInglese.C8,ProvaInglese.C9,ProvaInglese.C10,ProvaInglese.C11,ProvaInglese.C12,ProvaInglese.C13,ProvaInglese.C14,ProvaInglese.C15,ProvaInglese.C16,ProvaInglese.C17,ProvaInglese.C18,ProvaInglese.C19,ProvaInglese.C20,ProvaInglese.C21,ProvaInglese.C22,ProvaInglese.C23,ProvaInglese.C24,ProvaInglese.C25,ProvaInglese.controlquestion,Ant_lastquestion.started,Ant_lastquestion.stopped,exp_loop.thisRepN,exp_loop.thisTrialN,exp_loop.thisN,exp_loop.thisIndex,exp_loop.ran
0.0006,3.4346,-0.116666667,-0.049537065,1,0,0,alfa_mask,[(%PROLIFIC_PID,1,2025-04-16_17h10.04.878,CLTandFLE,2024.1.5,Win32,60.24096386,5bcd11401662020001fe82c1,67ffc4c40efe1bd1090b10ee,67ffc840d080eadd027f29b6,,,,,,,,,,,,,,,,,,,,,,,,,,,,,,,,,,,,,,,,,,,,,,,,,,,,,,,,,,,,,,,,,,,,,,,,,,,,,,,,,,,,,,,,,,,,,,,,,,,,,,,,,,,,,,,,,,,,,,,,,,,,,,,,,,,,,,,,,,,,,,,,,,,
,,,,,,,,[(%PROLIFIC_PID,1,2025-04-16_17h10.04.878,CLTandFLE,2024.1.5,Win32,60.24096386,5bcd11401662020001fe82c1,67ffc4c40efe1bd1090b10ee,67ffc840d080eadd027f29b6,,3.4348,4.4344,,,,,,,,,,,,,,,,,,,,,,,,,,,,,,,,,,,,,,,,,,,,,,,,,,,,,,,,,,,,,,,,,,,,,,,,,,,,,,,,,,,,,,,,,,,,,,,,,,,,,,,,,,,,,,,,,,,,,,,,,,,,,,,,,,,,,,,,,,,,,,,,
,,,,,,,,[(%PROLIFIC_PID,1,2025-04-16_17h10.04.878,CLTandFLE,2024.1.5,Win32,60.24096386,5bcd11401662020001fe82c1,67ffc4c40efe1bd1090b10ee,67ffc840d080eadd027f29b6,,,,4.4345,16.4184,11.9836,0.235185242,-0.386574131,1,0,0,,,,,,,,,,,,,,,,,,,,,,,,,,,,,,,,,,,,,,,,,,,,,,,,,,,,,,,,,,,,,,,,,,,,,,,,,,,,,,,,,,,,,,,,,,,,,,,,,,,,,,,,,,,,,,,,,,,,,,,,,,,,,,,,,,,,,,,,
,,,,,,,,[(%PROLIFIC_PID,1,2025-04-16_17h10.04.878,CLTandFLE,2024.1.5,Win32,60.24096386,5bcd11401662020001fe82c1,67ffc4c40efe1bd1090b10ee,67ffc840d080eadd027f29b6,,66.0704,67.0704,,,,,,,,,17.4183,21.602,0.078703732,-0.087037065,1,0,0,22.6019,48.4364,25.8343,0.000463019,-0.421296353,1,0,0,49.4364,58.0702,8.6335,0.392361111,6.899,0.504629665,7.9108,"[0.013425954182942708,0.0037037319607204863,0.005092620849609375]","[0.20277777777777778,0.0037036895751953124,-0.20925928751627604]","[1,1,1]","[0,0,0]","[0,0,0]","[4.797000000000004,7.797000000000004,8.630500000000005]","[""sliderintensity"",""slidervalence"",""rettoksam""]",59.0702,66.0704,67.0814,73.8375,6.7559,1,0,6.7559,-0.23101849,-0.006018533,0,0,0,0,0,0,13,1,a,Il paziente ha preso il Batatrim,Il paziente ha superato la crisi,,,,,,,,,,,,,,,,,,,,,,,,,,,,,,,,,,,,,,,,,,,,,,,,,,,,,,,,,,,,,,,,,,,,,,,,,,,,,,,,,,,,,,
,,,,,,,,[(%PROLIFIC_PID,1,2025-04-16_17h10.04.878,CLTandFLE,2024.1.5,Win32,60.24096386,5bcd11401662020001fe82c1,67ffc4c40efe1bd1090b10ee,67ffc840d080eadd027f29b6,,,,,,,,,,,,,,,,,,,,,,,,,,,,,,,,,,,,,,,,,,,73.8378,78.1044,4.2664,1,0,11.0223,-0.210185157,-0.020370399,0,0,0,0,1,1,14,1,b,Il paziente ha preso il Batatrim,Il paziente ha superato la crisi,,,,,,,,,,,,,,,,,,,,,,,,,,,,,,,,,,,,,,,,,,,,,,,,,,,,,,,,,,,,,,,,,,,,,,,,,,,,,,,,,,,,,,
,,,,,,,,[(%PROLIFIC_PID,1,2025-04-16_17h10.04.878,CLTandFLE,2024.1.5,Win32,60.24096386,5bcd11401662020001fe82c1,67ffc4c40efe1bd1090b10ee,67ffc840d080eadd027f29b6,,,,,,,,,,,,,,,,,,,,,,,,,,,,,,,,,,,,,,,,,,,78.1047,82.3877,4.2829,1,0,15.3052,-0.207870356,-0.013425954,0,0,0,0,2,2,7,1,a,Il paziente ha preso il Batatrim,Il paziente ha superato la crisi,,,,,,,,,,,,,,,,,,,,,,,,,,,,,,,,,,,,,,,,,,,,,,,,,,,,,,,,,,,,,,,,,,,,,,,,,,,,,,,,,,,,,,
,,,,,,,,[(%PROLIFIC_PID,1,2025-04-16_17h10.04.878,CLTandFLE,2024.1.5,Win32,60.24096386,5bcd11401662020001fe82c1,67ffc4c40efe1bd1090b10ee,67ffc840d080eadd027f29b6,,,,,,,,,,,,,,,,,,,,,,,,,,,,,,,,,,,,,,,,,,,82.3879,86.9046,4.5166,0,1,19.8218,0.172685242,-0.038888889,0,0,0,0,3,3,30,1,c,Il paziente non ha preso il Batatrim,Il paziente ha superato la crisi,,,,,,,,,,,,,,,,,,,,,,,,,,,,,,,,,,,,,,,,,,,,,,,,,,,,,,,,,,,,,,,,,,,,,,,,,,,,,,,,,,,,,,
,,,,,,,,[(%PROLIFIC_PID,1,2025-04-16_17h10.04.878,CLTandFLE,2024.1.5,Win32,60.24096386,5bcd11401662020001fe82c1,67ffc4c40efe1bd1090b10ee,67ffc840d080eadd027f29b6,,,,,,,,,,,,,,,,,,,,,,,,,,,,,,,,,,,,,,,,,,,86.9048,92.6215,5.7166,1,0,25.5384,-0.219907379,-0.030555556,0,0,0,0,4,4,12,1,a,Il paziente ha preso il Batatrim,Il paziente ha superato la crisi,,,,,,,,,,,,,,,,,,,,,,,,,,,,,,,,,,,,,,,,,,,,,,,,,,,,,,,,,,,,,,,,,,,,,,,,,,,,,,,,,,,,,,
,,,,,,,,[(%PROLIFIC_PID,1,2025-04-16_17h10.04.878,CLTandFLE,2024.1.5,Win32,60.24096386,5bcd11401662020001fe82c1,67ffc4c40efe1bd1090b10ee,67ffc840d080eadd027f29b6,,,,,,,,,,,,,,,,,,,,,,,,,,,,,,,,,,,,,,,,,,,92.6217,96.8552,4.2334,0,1,29.7718,0.056018575,-0.042129644,0,0,0,0,5,5,33,1,c,Il paziente non ha preso il Batatrim,Il paziente ha superato la crisi,,,,,,,,,,,,,,,,,,,,,,,,,,,,,,,,,,,,,,,,,,,,,,,,,,,,,,,,,,,,,,,,,,,,,,,,,,,,,,,,,,,,,,
,,,,,,,,[(%PROLIFIC_PID,1,2025-04-16_17h10.04.878,CLTandFLE,2024.1.5,Win32,60.24096386,5bcd11401662020001fe82c1,67ffc4c40efe1bd1090b10ee,67ffc840d080eadd027f29b6,,,,,,,,,,,,,,,,,,,,,,,,,,,,,,,,,,,,,,,,,,,96.8554,101.1885,4.333,0,1,34.1048,-0.144907379,-0.062037065,0,0,0,0,6,6,20,1,c,Il paziente non ha preso il Batatrim,Il paziente ha superato la crisi,,,,,,,,,,,,,,,,,,,,,,,,,,,,,,,,,,,,,,,,,,,,,,,,,,,,,,,,,,,,,,,,,,,,,,,,,,,,,,,,,,,,,,
,,,,,,,,[(%PROLIFIC_PID,1,2025-04-16_17h10.04.878,CLTandFLE,2024.1.5,Win32,60.24096386,5bcd11401662020001fe82c1,67ffc4c40efe1bd1090b10ee,67ffc840d080eadd027f29b6,,,,,,,,,,,,,,,,,,,,,,,,,,,,,,,,,,,,,,,,,,,101.1887,105.6053,4.4166,0,1,38.5214,0.170370399,-0.0625,0,0,0,0,7,7,39,1,d,Il paziente non ha preso il Batatrim,Il paziente non ha superato la crisi,,,,,,,,,,,,,,,,,,,,,,,,,,,,,,,,,,,,,,,,,,,,,,,,,,,,,,,,,,,,,,,,,,,,,,,,,,,,,,,,,,,,,,
,,,,,,,,[(%PROLIFIC_PID,1,2025-04-16_17h10.04.878,CLTandFLE,2024.1.5,Win32,60.24096386,5bcd11401662020001fe82c1,67ffc4c40efe1bd1090b10ee,67ffc840d080eadd027f29b6,,,,,,,,,,,,,,,,,,,,,,,,,,,,,,,,,,,,,,,,,,,105.6056,109.9724,4.3667,1,0,42.8881,-0.141666667,-0.048611111,0,0,0,0,8,8,10,1,a,Il paziente ha preso il Batatrim,Il paziente ha superato la crisi,,,,,,,,,,,,,,,,,,,,,,,,,,,,,,,,,,,,,,,,,,,,,,,,,,,,,,,,,,,,,,,,,,,,,,,,,,,,,,,,,,,,,,
,,,,,,,,[(%PROLIFIC_PID,1,2025-04-16_17h10.04.878,CLTandFLE,2024.1.5,Win32,60.24096386,5bcd11401662020001fe82c1,67ffc4c40efe1bd1090b10ee,67ffc840d080eadd027f29b6,,,,,,,,,,,,,,,,,,,,,,,,,,,,,,,,,,,,,,,,,,,109.9725,114.4891,4.5165,0,1,47.4046,0.146296353,-0.038888889,0,0,0,0,9,9,23,1,c,Il paziente non ha preso il Batatrim,Il paziente ha superato la crisi,,,,,,,,,,,,,,,,,,,,,,,,,,,,,,,,,,,,,,,,,,,,,,,,,,,,,,,,,,,,,,,,,,,,,,,,,,,,,,,,,,,,,,
,,,,,,,,[(%PROLIFIC_PID,1,2025-04-16_17h10.04.878,CLTandFLE,2024.1.5,Win32,60.24096386,5bcd11401662020001fe82c1,67ffc4c40efe1bd1090b10ee,67ffc840d080eadd027f29b6,,,,,,,,,,,,,,,,,,,,,,,,,,,,,,,,,,,,,,,,,,,114.4893,118.8894,4.4,0,1,51.8046,0.144907464,-0.043055556,0,0,0,0,10,10,31,1,c,Il paziente non ha preso il Batatrim,Il paziente ha superato la crisi,,,,,,,,,,,,,,,,,,,,,,,,,,,,,,,,,,,,,,,,,,,,,,,,,,,,,,,,,,,,,,,,,,,,,,,,,,,,,,,,,,,,,,
,,,,,,,,[(%PROLIFIC_PID,1,2025-04-16_17h10.04.878,CLTandFLE,2024.1.5,Win32,60.24096386,5bcd11401662020001fe82c1,67ffc4c40efe1bd1090b10ee,67ffc840d080eadd027f29b6,,,,,,,,,,,,,,,,,,,,,,,,,,,,,,,,,,,,,,,,,,,118.8896,122.9228,4.0332,0,1,55.8378,0.165740797,-0.048611111,0,0,0,0,11,11,27,1,c,Il paziente non ha preso il Batatrim,Il paziente ha superato la crisi,,,,,,,,,,,,,,,,,,,,,,,,,,,,,,,,,,,,,,,,,,,,,,,,,,,,,,,,,,,,,,,,,,,,,,,,,,,,,,,,,,,,,,
,,,,,,,,[(%PROLIFIC_PID,1,2025-04-16_17h10.04.878,CLTandFLE,2024.1.5,Win32,60.24096386,5bcd11401662020001fe82c1,67ffc4c40efe1bd1090b10ee,67ffc840d080eadd027f29b6,,,,,,,,,,,,,,,,,,,,,,,,,,,,,,,,,,,,,,,,,,,122.923,128.4565,5.5334,1,0,61.3712,-0.177777778,-0.028703732,0,0,0,0,12,12,15,1,b,Il paziente ha preso il Batatrim,Il paziente non ha superato la crisi,,,,,,,,,,,,,,,,,,,,,,,,,,,,,,,,,,,,,,,,,,,,,,,,,,,,,,,,,,,,,,,,,,,,,,,,,,,,,,,,,,,,,,
,,,,,,,,[(%PROLIFIC_PID,1,2025-04-16_17h10.04.878,CLTandFLE,2024.1.5,Win32,60.24096386,5bcd11401662020001fe82c1,67ffc4c40efe1bd1090b10ee,67ffc840d080eadd027f29b6,,,,,,,,,,,,,,,,,,,,,,,,,,,,,,,,,,,,,,,,,,,128.4567,132.69,4.2332,0,1,65.6044,0.159722222,-0.061574088,0,0,0,0,13,13,37,1,d,Il paziente non ha preso il Batatrim,Il paziente non ha superato la crisi,,,,,,,,,,,,,,,,,,,,,,,,,,,,,,,,,,,,,,,,,,,,,,,,,,,,,,,,,,,,,,,,,,,,,,,,,,,,,,,,,,,,,,
,,,,,,,,[(%PROLIFIC_PID,1,2025-04-16_17h10.04.878,CLTandFLE,2024.1.5,Win32,60.24096386,5bcd11401662020001fe82c1,67ffc4c40efe1bd1090b10ee,67ffc840d080eadd027f29b6,,,,,,,,,,,,,,,,,,,,,,,,,,,,,,,,,,,,,,,,,,,132.6902,136.7567,4.0664,0,1,69.6708,0.116666667,-0.051388889,0,0,0,0,14,14,29,1,c,Il paziente non ha preso il Batatrim,Il paziente ha superato la crisi,,,,,,,,,,,,,,,,,,,,,,,,,,,,,,,,,,,,,,,,,,,,,,,,,,,,,,,,,,,,,,,,,,,,,,,,,,,,,,,,,,,,,,
,,,,,,,,[(%PROLIFIC_PID,1,2025-04-16_17h10.04.878,CLTandFLE,2024.1.5,Win32,60.24096386,5bcd11401662020001fe82c1,67ffc4c40efe1bd1090b10ee,67ffc840d080eadd027f29b6,,,,,,,,,,,,,,,,,,,,,,,,,,,,,,,,,,,,,,,,,,,136.7568,141.8903,5.1334,0,1,74.8042,0.130610248,-0.008825028,0,0,0,0,15,15,28,1,c,Il paziente non ha preso il Batatrim,Il paziente ha superato la crisi,,,,,,,,,,,,,,,,,,,,,,,,,,,,,,,,,,,,,,,,,,,,,,,,,,,,,,,,,,,,,,,,,,,,,,,,,,,,,,,,,,,,,,
,,,,,,,,[(%PROLIFIC_PID,1,2025-04-16_17h10.04.878,CLTandFLE,2024.1.5,Win32,60.24096386,5bcd11401662020001fe82c1,67ffc4c40efe1bd1090b10ee,67ffc840d080eadd027f29b6,,,,,,,,,,,,,,,,,,,,,,,,,,,,,,,,,,,,,,,,,,,141.8905,158.6411,16.7505,1,0,91.5547,-0.414019147,0.501008569,0,0,0,0,16,16,19,1,b,Il paziente ha preso il Batatrim,Il paziente non ha superato la crisi,,,,,,,,,,,,,,,,,,,,,,,,,,,,,,,,,,,,,,,,,,,,,,,,,,,,,,,,,,,,,,,,,,,,,,,,,,,,,,,,,,,,,,
,,,,,,,,[(%PROLIFIC_PID,1,2025-04-16_17h10.04.878,CLTandFLE,2024.1.5,Win32,60.24096386,5bcd11401662020001fe82c1,67ffc4c40efe1bd1090b10ee,67ffc840d080eadd027f29b6,,,,,,,,,,,,,,,,,,,,,,,,,,,,,,,,,,,,,,,,,,,158.6414,163.2746,4.6332,0,1,96.1879,0.165406012,-0.020927902,0,0,0,0,17,17,26,1,c,Il paziente non ha preso il Batatrim,Il paziente ha superato la crisi,,,,,,,,,,,,,,,,,,,,,,,,,,,,,,,,,,,,,,,,,,,,,,,,,,,,,,,,,,,,,,,,,,,,,,,,,,,,,,,,,,,,,,
,,,,,,,,[(%PROLIFIC_PID,1,2025-04-16_17h10.04.878,CLTandFLE,2024.1.5,Win32,60.24096386,5bcd11401662020001fe82c1,67ffc4c40efe1bd1090b10ee,67ffc840d080eadd027f29b6,,,,,,,,,,,,,,,,,,,,,,,,,,,,,,,,,,,,,,,,,,,163.2748,167.558,4.2832,0,1,100.4711,0.166414523,-0.016893626,0,0,0,0,18,18,24,1,c,Il paziente non ha preso il Batatrim,Il paziente ha superato la crisi,,,,,,,,,,,,,,,,,,,,,,,,,,,,,,,,,,,,,,,,,,,,,,,,,,,,,,,,,,,,,,,,,,,,,,,,,,,,,,,,,,,,,,
,,,,,,,,[(%PROLIFIC_PID,1,2025-04-16_17h10.04.878,CLTandFLE,2024.1.5,Win32,60.24096386,5bcd11401662020001fe82c1,67ffc4c40efe1bd1090b10ee,67ffc840d080eadd027f29b6,,,,,,,,,,,,,,,,,,,,,,,,,,,,,,,,,,,,,,,,,,,167.5583,171.8251,4.2667,0,1,104.7378,-0.484619233,0.365859801,0,0,0,0,19,19,22,1,c,Il paziente non ha preso il Batatrim,Il paziente ha superato la crisi,,,,,,,,,,,,,,,,,,,,,,,,,,,,,,,,,,,,,,,,,,,,,,,,,,,,,,,,,,,,,,,,,,,,,,,,,,,,,,,,,,,,,,
,,,,,,,,[(%PROLIFIC_PID,1,2025-04-16_17h10.04.878,CLTandFLE,2024.1.5,Win32,60.24096386,5bcd11401662020001fe82c1,67ffc4c40efe1bd1090b10ee,67ffc840d080eadd027f29b6,,,,,,,,,,,,,,,,,,,,,,,,,,,,,,,,,,,,,,,,,,,171.8254,189.0605,17.2349,1,0,121.9727,-0.548663626,0.500504285,0,0,0,0,20,20,6,1,a,Il paziente ha preso il Batatrim,Il paziente ha superato la crisi,,,,,,,,,,,,,,,,,,,,,,,,,,,,,,,,,,,,,,,,,,,,,,,,,,,,,,,,,,,,,,,,,,,,,,,,,,,,,,,,,,,,,,
,,,,,,,,[(%PROLIFIC_PID,1,2025-04-16_17h10.04.878,CLTandFLE,2024.1.5,Win32,60.24096386,5bcd11401662020001fe82c1,67ffc4c40efe1bd1090b10ee,67ffc840d080eadd027f29b6,,,,,,,,,,,,,,,,,,,,,,,,,,,,,,,,,,,,,,,,,,,189.0608,193.4092,4.3483,1,0,126.321,-0.171457357,-0.016389325,0,0,0,0,21,21,3,1,a,Il paziente ha preso il Batatrim,Il paziente ha superato la crisi,,,,,,,,,,,,,,,,,,,,,,,,,,,,,,,,,,,,,,,,,,,,,,,,,,,,,,,,,,,,,,,,,,,,,,,,,,,,,,,,,,,,,,
,,,,,,,,[(%PROLIFIC_PID,1,2025-04-16_17h10.04.878,CLTandFLE,2024.1.5,Win32,60.24096386,5bcd11401662020001fe82c1,67ffc4c40efe1bd1090b10ee,67ffc840d080eadd027f29b6,,,,,,,,,,,,,,,,,,,,,,,,,,,,,,,,,,,,,,,,,,,193.4093,197.9594,4.55,1,0,130.871,-0.171457357,-0.013363606,0,0,0,0,22,22,0,1,a,Il paziente ha preso il Batatrim,Il paziente ha superato la crisi,,,,,,,,,,,,,,,,,,,,,,,,,,,,,,,,,,,,,,,,,,,,,,,,,,,,,,,,,,,,,,,,,,,,,,,,,,,,,,,,,,,,,,
,,,,,,,,[(%PROLIFIC_PID,1,2025-04-16_17h10.04.878,CLTandFLE,2024.1.5,Win32,60.24096386,5bcd11401662020001fe82c1,67ffc4c40efe1bd1090b10ee,67ffc840d080eadd027f29b6,,,,,,,,,,,,,,,,,,,,,,,,,,,,,,,,,,,,,,,,,,,197.9595,203.3096,5.35,0,1,136.221,0.123045952,-0.125819496,0,0,0,0,23,23,36,1,d,Il paziente non ha preso il Batatrim,Il paziente non ha superato la crisi,,,,,,,,,,,,,,,,,,,,,,,,,,,,,,,,,,,,,,,,,,,,,,,,,,,,,,,,,,,,,,,,,,,,,,,,,,,,,,,,,,,,,,
,,,,,,,,[(%PROLIFIC_PID,1,2025-04-16_17h10.04.878,CLTandFLE,2024.1.5,Win32,60.24096386,5bcd11401662020001fe82c1,67ffc4c40efe1bd1090b10ee,67ffc840d080eadd027f29b6,,,,,,,,,,,,,,,,,,,,,,,,,,,,,,,,,,,,,,,,,,,203.3098,207.7431,4.4333,1,0,140.6543,-0.109430126,-0.019415043,0,0,0,0,24,24,5,1,a,Il paziente ha preso il Batatrim,Il paziente ha superato la crisi,,,,,,,,,,,,,,,,,,,,,,,,,,,,,,,,,,,,,,,,,,,,,,,,,,,,,,,,,,,,,,,,,,,,,,,,,,,,,,,,,,,,,,
,,,,,,,,[(%PROLIFIC_PID,1,2025-04-16_17h10.04.878,CLTandFLE,2024.1.5,Win32,60.24096386,5bcd11401662020001fe82c1,67ffc4c40efe1bd1090b10ee,67ffc840d080eadd027f29b6,,,,,,,,,,,,,,,,,,,,,,,,,,,,,,,,,,,,,,,,,,,207.7434,212.1268,4.3833,0,1,145.0376,-0.423600605,0.500504285,0,0,0,0,25,25,21,1,c,Il paziente non ha preso il Batatrim,Il paziente ha superato la crisi,,,,,,,,,,,,,,,,,,,,,,,,,,,,,,,,,,,,,,,,,,,,,,,,,,,,,,,,,,,,,,,,,,,,,,,,,,,,,,,,,,,,,,
,,,,,,,,[(%PROLIFIC_PID,1,2025-04-16_17h10.04.878,CLTandFLE,2024.1.5,Win32,60.24096386,5bcd11401662020001fe82c1,67ffc4c40efe1bd1090b10ee,67ffc840d080eadd027f29b6,,,,,,,,,,,,,,,,,,,,,,,,,,,,,,,,,,,,,,,,,,,212.127,217.5437,5.4167,0,1,150.4543,0.080181543,0.024962179,0,0,0,0,26,26,35,1,d,Il paziente non ha preso il Batatrim,Il paziente non ha superato la crisi,,,,,,,,,,,,,,,,,,,,,,,,,,,,,,,,,,,,,,,,,,,,,,,,,,,,,,,,,,,,,,,,,,,,,,,,,,,,,,,,,,,,,,
,,,,,,,,[(%PROLIFIC_PID,1,2025-04-16_17h10.04.878,CLTandFLE,2024.1.5,Win32,60.24096386,5bcd11401662020001fe82c1,67ffc4c40efe1bd1090b10ee,67ffc840d080eadd027f29b6,,,,,,,,,,,,,,,,,,,,,,,,,,,,,,,,,,,,,,,,,,,217.5441,221.7439,4.1997,0,1,154.654,0.158345971,-0.057236526,0,0,0,0,27,27,25,1,c,Il paziente non ha preso il Batatrim,Il paziente ha superato la crisi,,,,,,,,,,,,,,,,,,,,,,,,,,,,,,,,,,,,,,,,,,,,,,,,,,,,,,,,,,,,,,,,,,,,,,,,,,,,,,,,,,,,,,
,,,,,,,,[(%PROLIFIC_PID,1,2025-04-16_17h10.04.878,CLTandFLE,2024.1.5,Win32,60.24096386,5bcd11401662020001fe82c1,67ffc4c40efe1bd1090b10ee,67ffc840d080eadd027f29b6,,,,,,,,,,,,,,,,,,,,,,,,,,,,,,,,,,,,,,,,,,,221.744,226.0941,4.35,1,0,159.004,-0.163388805,-0.046142209,0,0,0,0,28,28,17,1,b,Il paziente ha preso il Batatrim,Il paziente non ha superato la crisi,,,,,,,,,,,,,,,,,,,,,,,,,,,,,,,,,,,,,,,,,,,,,,,,,,,,,,,,,,,,,,,,,,,,,,,,,,,,,,,,,,,,,,
,,,,,,,,[(%PROLIFIC_PID,1,2025-04-16_17h10.04.878,CLTandFLE,2024.1.5,Win32,60.24096386,5bcd11401662020001fe82c1,67ffc4c40efe1bd1090b10ee,67ffc840d080eadd027f29b6,,,,,,,,,,,,,,,,,,,,,,,,,,,,,,,,,,,,,,,,,,,226.0944,230.0442,3.9496,1,0,162.9536,-0.161875946,-0.050176531,0,0,0,0,29,29,2,1,a,Il paziente ha preso il Batatrim,Il paziente ha superato la crisi,,,,,,,,,,,,,,,,,,,,,,,,,,,,,,,,,,,,,,,,,,,,,,,,,,,,,,,,,,,,,,,,,,,,,,,,,,,,,,,,,,,,,,
,,,,,,,,[(%PROLIFIC_PID,1,2025-04-16_17h10.04.878,CLTandFLE,2024.1.5,Win32,60.24096386,5bcd11401662020001fe82c1,67ffc4c40efe1bd1090b10ee,67ffc840d080eadd027f29b6,,,,,,,,,,,,,,,,,,,,,,,,,,,,,,,,,,,,,,,,,,,230.0444,234.1276,4.0831,1,0,167.0367,-0.161371598,-0.049672229,0,0,0,0,30,30,9,1,a,Il paziente ha preso il Batatrim,Il paziente ha superato la crisi,,,,,,,,,,,,,,,,,,,,,,,,,,,,,,,,,,,,,,,,,,,,,,,,,,,,,,,,,,,,,,,,,,,,,,,,,,,,,,,,,,,,,,
,,,,,,,,[(%PROLIFIC_PID,1,2025-04-16_17h10.04.878,CLTandFLE,2024.1.5,Win32,60.24096386,5bcd11401662020001fe82c1,67ffc4c40efe1bd1090b10ee,67ffc840d080eadd027f29b6,,,,,,,,,,,,,,,,,,,,,,,,,,,,,,,,,,,,,,,,,,,234.1278,238.5944,4.4666,0,1,171.5033,0.154815997,-0.040595073,0,0,0,0,31,31,38,1,d,Il paziente non ha preso il Batatrim,Il paziente non ha superato la crisi,,,,,,,,,,,,,,,,,,,,,,,,,,,,,,,,,,,,,,,,,,,,,,,,,,,,,,,,,,,,,,,,,,,,,,,,,,,,,,,,,,,,,,
,,,,,,,,[(%PROLIFIC_PID,1,2025-04-16_17h10.04.878,CLTandFLE,2024.1.5,Win32,60.24096386,5bcd11401662020001fe82c1,67ffc4c40efe1bd1090b10ee,67ffc840d080eadd027f29b6,,,,,,,,,,,,,,,,,,,,,,,,,,,,,,,,,,,,,,,,,,,238.5946,260.5293,21.9346,1,0,193.4379,-0.275340393,0.414775589,0,0,0,0,32,32,8,1,a,Il paziente ha preso il Batatrim,Il paziente ha superato la crisi,,,,,,,,,,,,,,,,,,,,,,,,,,,,,,,,,,,,,,,,,,,,,,,,,,,,,,,,,,,,,,,,,,,,,,,,,,,,,,,,,,,,,,
,,,,,,,,[(%PROLIFIC_PID,1,2025-04-16_17h10.04.878,CLTandFLE,2024.1.5,Win32,60.24096386,5bcd11401662020001fe82c1,67ffc4c40efe1bd1090b10ee,67ffc840d080eadd027f29b6,,,,,,,,,,,,,,,,,,,,,,,,,,,,,,,,,,,,,,,,,,,260.5295,265.3956,4.866,1,0,198.3039,-0.198688824,-0.02546648,0,0,0,0,33,33,18,1,b,Il paziente ha preso il Batatrim,Il paziente non ha superato la crisi,,,,,,,,,,,,,,,,,,,,,,,,,,,,,,,,,,,,,,,,,,,,,,,,,,,,,,,,,,,,,,,,,,,,,,,,,,,,,,,,,,,,,,
,,,,,,,,[(%PROLIFIC_PID,1,2025-04-16_17h10.04.878,CLTandFLE,2024.1.5,Win32,60.24096386,5bcd11401662020001fe82c1,67ffc4c40efe1bd1090b10ee,67ffc840d080eadd027f29b6,,,,,,,,,,,,,,,,,,,,,,,,,,,,,,,,,,,,,,,,,,,265.3959,269.7959,4.3998,0,1,202.7037,0.133635967,-0.00932933,0,0,0,0,34,34,32,1,c,Il paziente non ha preso il Batatrim,Il paziente ha superato la crisi,,,,,,,,,,,,,,,,,,,,,,,,,,,,,,,,,,,,,,,,,,,,,,,,,,,,,,,,,,,,,,,,,,,,,,,,,,,,,,,,,,,,,,
,,,,,,,,[(%PROLIFIC_PID,1,2025-04-16_17h10.04.878,CLTandFLE,2024.1.5,Win32,60.24096386,5bcd11401662020001fe82c1,67ffc4c40efe1bd1090b10ee,67ffc840d080eadd027f29b6,,,,,,,,,,,,,,,,,,,,,,,,,,,,,,,,,,,,,,,,,,,269.796,274.7127,4.9166,0,1,207.6203,0.152294534,-0.024457923,0,0,0,0,35,35,4,1,a,Il paziente ha preso il Batatrim,Il paziente ha superato la crisi,,,,,,,,,,,,,,,,,,,,,,,,,,,,,,,,,,,,,,,,,,,,,,,,,,,,,,,,,,,,,,,,,,,,,,,,,,,,,,,,,,,,,,
,,,,,,,,[(%PROLIFIC_PID,1,2025-04-16_17h10.04.878,CLTandFLE,2024.1.5,Win32,60.24096386,5bcd11401662020001fe82c1,67ffc4c40efe1bd1090b10ee,67ffc840d080eadd027f29b6,,,,,,,,,,,,,,,,,,,,,,,,,,,,,,,,,,,,,,,,,,,274.7129,279.2128,4.4999,1,0,212.1202,-0.172465961,-0.015380767,0,0,0,0,36,36,16,1,b,Il paziente ha preso il Batatrim,Il paziente non ha superato la crisi,,,,,,,,,,,,,,,,,,,,,,,,,,,,,,,,,,,,,,,,,,,,,,,,,,,,,,,,,,,,,,,,,,,,,,,,,,,,,,,,,,,,,,
,,,,,,,,[(%PROLIFIC_PID,1,2025-04-16_17h10.04.878,CLTandFLE,2024.1.5,Win32,60.24096386,5bcd11401662020001fe82c1,67ffc4c40efe1bd1090b10ee,67ffc840d080eadd027f29b6,,,,,,,,,,,,,,,,,,,,,,,,,,,,,,,,,,,,,,,,,,,279.2131,283.5464,4.3332,0,1,216.4534,0.929904309,0.500504285,0,0,0,0,37,37,34,1,c,Il paziente non ha preso il Batatrim,Il paziente ha superato la crisi,,,,,,,,,,,,,,,,,,,,,,,,,,,,,,,,,,,,,,,,,,,,,,,,,,,,,,,,,,,,,,,,,,,,,,,,,,,,,,,,,,,,,,
,,,,,,,,[(%PROLIFIC_PID,1,2025-04-16_17h10.04.878,CLTandFLE,2024.1.5,Win32,60.24096386,5bcd11401662020001fe82c1,67ffc4c40efe1bd1090b10ee,67ffc840d080eadd027f29b6,,,,,,,,,,,,,,,,,,,,,,,,,,,,,,,,,,,,,,,,,,,283.5465,288.9969,5.4502,1,0,221.9036,0.341401947,0.169188091,0,0,0,0,38,38,11,1,a,Il paziente ha preso il Batatrim,Il paziente ha superato la crisi,,,,,,,,,,,,,,,,,,,,,,,,,,,,,,,,,,,,,,,,,,,,,,,,,,,,,,,,,,,,,,,,,,,,,,,,,,,,,,,,,,,,,,
,,,,,,,,[(%PROLIFIC_PID,1,2025-04-16_17h10.04.878,CLTandFLE,2024.1.5,Win32,60.24096386,5bcd11401662020001fe82c1,67ffc4c40efe1bd1090b10ee,67ffc840d080eadd027f29b6,,,,,,,,,,,,,,,,,,,,,,,,,,,,,,,,,,,,,,,,,,,288.997,294.497,5.4999,1,0,227.4035,-0.190620272,-0.054715109,0,0,0,0,39,39,1,1,a,Il paziente ha preso il Batatrim,Il paziente ha superato la crisi,,,,,,,,,,,,,,,,,,,,,,,,,,,,,,,,,,,,,,,,,,,,,,,,,,,,,,,,,,,,,,,,,,,,,,,,,,,,,,,,,,,,,,
,,,,,,,,[(%PROLIFIC_PID,1,2025-04-16_17h10.04.878,CLTandFLE,2024.1.5,Win32,60.24096386,5bcd11401662020001fe82c1,67ffc4c40efe1bd1090b10ee,67ffc840d080eadd027f29b6,,312.6645,313.6643,,,,,,,,,,,,,,,,,,,,,,,,,,,,,,,,,,,,,,,,,,,,,,,,,,,,,,,,,,,295.497,307.5975,12.1003,45,6.8303,0.027231467,-0.190872446,1,0,0,308.5975,312.6644,4.0667,90,3.3034,0.054462935,-0.208018154,1,0,0,10,6,18,6,0,0,0,0,1,,,,,,,,,,,,,,,,,,,,,,,,,,,,,,,,,,,,,,,,,,,,,,,,,,,,,,,,,
,,,,,,,,[(%PROLIFIC_PID,1,2025-04-16_17h10.04.878,CLTandFLE,2024.1.5,Win32,60.24096386,5bcd11401662020001fe82c1,67ffc4c40efe1bd1090b10ee,67ffc840d080eadd027f29b6,,423.5537,424.5523,,,,,,,,,,,,,,,,,,,,,,,,,,,,,,,,,,,,,,,,,,,,,,,,,,,,,,,,,,,,,,,,,,,,,,,,,,,,,,,,,,,,,,,,346.5992,351.4328,4.8334,2,3.5761,-0.048411498,-0.231215392,1,0,0,27,Maschio,Sì,16,No,TRUE,FALSE,8,10,10,7,6,FALSE,Conferma,c1ok,c2ok,c3ok,c4err2,c5ok,c6ok,c7ok,c8ok,c9ok,c10ok,c11ok,c12err,c13ok,c14ok,c15ok,c16ok,c17ok,c18ok,c19ok,c20ok,c21ok,c22ok,c23ok,c24ok,c25ok,c26ok,668.3059,674.9301,0,0,0,0,1
