﻿Alfa.started,Alfa.stopped,alfa_mouse.x,alfa_mouse.y,alfa_mouse.leftButton,alfa_mouse.midButton,alfa_mouse.rightButton,alfa_mouse.clicked_name,participant,group,date,expName,psychopyVersion,OS,frameRate,PROLIFIC_PID,STUDY_ID,SESSION_ID,)],ITI.started,ITI.stopped,B_consensoinformato.started,B_consensoinformato.stopped,tempo_consenso,cons_mouse.x,cons_mouse.y,cons_mouse.leftButton,cons_mouse.midButton,cons_mouse.rightButton,A_benvenuto.started,A_benvenuto.stopped,ben_mouse.x,ben_mouse.y,ben_mouse.leftButton,ben_mouse.midButton,ben_mouse.rightButton,B2_istruzioni.started,B2_istruzioni.stopped,tempo_istru,cons_mouse_2.x,cons_mouse_2.y,cons_mouse_2.leftButton,cons_mouse_2.midButton,cons_mouse_2.rightButton,SAMevaluation.started,SAMevaluation.stopped,temposam,sliderintensity.response,sliderintensity.rt,slidervalence.response,slidervalence.rt,mouse_sam.x,mouse_sam.y,mouse_sam.leftButton,mouse_sam.midButton,mouse_sam.rightButton,mouse_sam.time,mouse_sam.clicked_name,Loading.started,Loading.stopped,C_associative_task.started,C_associative_task.stopped,tempo_trial,hapremutosi,hapremutono,tempo_tasktot,mouse.x,mouse.y,mouse.leftButton,mouse.midButton,mouse.rightButton,trials.thisRepN,trials.thisTrialN,trials.thisN,trials.thisIndex,trials.ran,cond,causa,effetto,D_VD.started,D_VD.stopped,tempo_vd,vd.response,vd.rt,mouse_vd.x,mouse_vd.y,mouse_vd.leftButton,mouse_vd.midButton,mouse_vd.rightButton,Previous.started,Previous.stopped,tempo_vd1,previous.response,previous.rt,mouse_vd_2.x,mouse_vd_2.y,mouse_vd_2.leftButton,mouse_vd_2.midButton,mouse_vd_2.rightButton,EstITA.TrialSN,EstITA.TrialNS,EstITA.TrialSS,EstITA.TrialD,itaest.thisRepN,itaest.thisTrialN,itaest.thisN,itaest.thisIndex,itaest.ran,PF.started,PF.stopped,tempo_pf,processfluency.response,processfluency.rt,mouse_ch.x,mouse_ch.y,mouse_ch.leftButton,mouse_ch.midButton,mouse_ch.rightButton,Questionario_Lingua.Age,Questionario_Lingua.Sesso,Questionario_Lingua.StaiStudiando?,Questionario_Lingua.Anniscolarita,Questionario_Lingua.Diploma,Questionario_Lingua.ItaMADRE?,Questionario_Lingua.INGmadre?,Questionario_Lingua.Q5(AOAIng),Questionario_Lingua.INGLETTURA,Questionario_Lingua.INGCOMPRESO,Questionario_Lingua.INGSCRITTO,Questionario_Lingua.INGPARLATO,Questionario_Lingua.haivissutoestero,ProvaInglese.ProcediamoENg,ProvaInglese.C1,ProvaInglese.C2,ProvaInglese.C3,ProvaInglese.C4,ProvaInglese.C5,ProvaInglese.C6,ProvaInglese.C7,ProvaInglese.C8,ProvaInglese.C9,ProvaInglese.C10,ProvaInglese.C11,ProvaInglese.C12,ProvaInglese.C13,ProvaInglese.C14,ProvaInglese.C15,ProvaInglese.C16,ProvaInglese.C17,ProvaInglese.C18,ProvaInglese.C19,ProvaInglese.C20,ProvaInglese.C21,ProvaInglese.C22,ProvaInglese.C23,ProvaInglese.C24,ProvaInglese.C25,ProvaInglese.controlquestion,Ant_lastquestion.started,Ant_lastquestion.stopped,exp_loop.thisRepN,exp_loop.thisTrialN,exp_loop.thisN,exp_loop.thisIndex,exp_loop.ran
0.0004,4.5869,-0.056481361,0.021296289,1,0,0,alfa_mask,[(%PROLIFIC_PID,1,2025-04-16_19h02.20.122,CLTandFLE,2024.1.5,Win32,60.24096386,5f16d4bf2c8000017b20331a,67ffc4c40efe1bd1090b10ee,67ffe28bd61f2c0103b78dff,,,,,,,,,,,,,,,,,,,,,,,,,,,,,,,,,,,,,,,,,,,,,,,,,,,,,,,,,,,,,,,,,,,,,,,,,,,,,,,,,,,,,,,,,,,,,,,,,,,,,,,,,,,,,,,,,,,,,,,,,,,,,,,,,,,,,,,,,,,,,,,,,,,
,,,,,,,,[(%PROLIFIC_PID,1,2025-04-16_19h02.20.122,CLTandFLE,2024.1.5,Win32,60.24096386,5f16d4bf2c8000017b20331a,67ffc4c40efe1bd1090b10ee,67ffe28bd61f2c0103b78dff,,4.5871,5.5809,,,,,,,,,,,,,,,,,,,,,,,,,,,,,,,,,,,,,,,,,,,,,,,,,,,,,,,,,,,,,,,,,,,,,,,,,,,,,,,,,,,,,,,,,,,,,,,,,,,,,,,,,,,,,,,,,,,,,,,,,,,,,,,,,,,,,,,,,,,,,,,,
,,,,,,,,[(%PROLIFIC_PID,1,2025-04-16_19h02.20.122,CLTandFLE,2024.1.5,Win32,60.24096386,5f16d4bf2c8000017b20331a,67ffc4c40efe1bd1090b10ee,67ffe28bd61f2c0103b78dff,,,,5.5812,16.8457,11.2643,0.181481679,-0.387963083,1,0,0,,,,,,,,,,,,,,,,,,,,,,,,,,,,,,,,,,,,,,,,,,,,,,,,,,,,,,,,,,,,,,,,,,,,,,,,,,,,,,,,,,,,,,,,,,,,,,,,,,,,,,,,,,,,,,,,,,,,,,,,,,,,,,,,,,,,,,,,
,,,,,,,,[(%PROLIFIC_PID,1,2025-04-16_19h02.20.122,CLTandFLE,2024.1.5,Win32,60.24096386,5f16d4bf2c8000017b20331a,67ffc4c40efe1bd1090b10ee,67ffe28bd61f2c0103b78dff,,76.8722,77.8716,,,,,,,,,17.846,20.412,0.000926124,-0.004629718,1,0,0,21.4117,53.9409,32.5288,-0.008333312,-0.399074131,1,0,0,54.9412,68.8722,13.9308,0.682870494,6.4413,0.380787134,8.4593,"[0.004629770914713542,-0.0027776294284396702,0.025000254313151043]","[0.19629624154832628,-0.008333418104383681,-0.2037037213643392]","[1,1,1]","[0,0,0]","[0,0,0]","[5.578400000095371,7.359799999952315,13.925799999952318]","[""sliderintensity"",""rettoksam""]",69.8719,76.8721,77.8965,86.7865,8.8898,1,0,8.8898,0.185185221,-0.09259261,0,0,0,0,0,0,38,1,d,Il paziente non ha preso il Batatrim,Il paziente non ha superato la crisi,,,,,,,,,,,,,,,,,,,,,,,,,,,,,,,,,,,,,,,,,,,,,,,,,,,,,,,,,,,,,,,,,,,,,,,,,,,,,,,,,,,,,,
,,,,,,,,[(%PROLIFIC_PID,1,2025-04-16_19h02.20.122,CLTandFLE,2024.1.5,Win32,60.24096386,5f16d4bf2c8000017b20331a,67ffc4c40efe1bd1090b10ee,67ffe28bd61f2c0103b78dff,,,,,,,,,,,,,,,,,,,,,,,,,,,,,,,,,,,,,,,,,,,86.7868,92.469,5.6821,0,1,14.5719,0.18888908,-0.084259351,0,0,0,0,1,1,37,1,d,Il paziente non ha preso il Batatrim,Il paziente non ha superato la crisi,,,,,,,,,,,,,,,,,,,,,,,,,,,,,,,,,,,,,,,,,,,,,,,,,,,,,,,,,,,,,,,,,,,,,,,,,,,,,,,,,,,,,,
,,,,,,,,[(%PROLIFIC_PID,1,2025-04-16_19h02.20.122,CLTandFLE,2024.1.5,Win32,60.24096386,5f16d4bf2c8000017b20331a,67ffc4c40efe1bd1090b10ee,67ffe28bd61f2c0103b78dff,,,,,,,,,,,,,,,,,,,,,,,,,,,,,,,,,,,,,,,,,,,92.4692,97.285,4.8156,1,0,19.3875,-0.016666518,-0.070370462,0,0,0,0,2,2,4,1,a,Il paziente ha preso il Batatrim,Il paziente ha superato la crisi,,,,,,,,,,,,,,,,,,,,,,,,,,,,,,,,,,,,,,,,,,,,,,,,,,,,,,,,,,,,,,,,,,,,,,,,,,,,,,,,,,,,,,
,,,,,,,,[(%PROLIFIC_PID,1,2025-04-16_19h02.20.122,CLTandFLE,2024.1.5,Win32,60.24096386,5f16d4bf2c8000017b20331a,67ffc4c40efe1bd1090b10ee,67ffe28bd61f2c0103b78dff,,,,,,,,,,,,,,,,,,,,,,,,,,,,,,,,,,,,,,,,,,,97.2851,102.4677,5.1825,0,1,24.57,0.162963019,-0.065740744,0,0,0,0,3,3,20,1,c,Il paziente non ha preso il Batatrim,Il paziente ha superato la crisi,,,,,,,,,,,,,,,,,,,,,,,,,,,,,,,,,,,,,,,,,,,,,,,,,,,,,,,,,,,,,,,,,,,,,,,,,,,,,,,,,,,,,,
,,,,,,,,[(%PROLIFIC_PID,1,2025-04-16_19h02.20.122,CLTandFLE,2024.1.5,Win32,60.24096386,5f16d4bf2c8000017b20331a,67ffc4c40efe1bd1090b10ee,67ffe28bd61f2c0103b78dff,,,,,,,,,,,,,,,,,,,,,,,,,,,,,,,,,,,,,,,,,,,102.4679,109.9997,7.5317,0,1,32.1017,0.165740755,-0.058333344,0,0,0,0,4,4,29,1,c,Il paziente non ha preso il Batatrim,Il paziente ha superato la crisi,,,,,,,,,,,,,,,,,,,,,,,,,,,,,,,,,,,,,,,,,,,,,,,,,,,,,,,,,,,,,,,,,,,,,,,,,,,,,,,,,,,,,,
,,,,,,,,[(%PROLIFIC_PID,1,2025-04-16_19h02.20.122,CLTandFLE,2024.1.5,Win32,60.24096386,5f16d4bf2c8000017b20331a,67ffc4c40efe1bd1090b10ee,67ffe28bd61f2c0103b78dff,,,,,,,,,,,,,,,,,,,,,,,,,,,,,,,,,,,,,,,,,,,110,115.5493,5.5492,0,1,37.6509,0.175926103,-0.050925944,0,0,0,0,5,5,27,1,c,Il paziente non ha preso il Batatrim,Il paziente ha superato la crisi,,,,,,,,,,,,,,,,,,,,,,,,,,,,,,,,,,,,,,,,,,,,,,,,,,,,,,,,,,,,,,,,,,,,,,,,,,,,,,,,,,,,,,
,,,,,,,,[(%PROLIFIC_PID,1,2025-04-16_19h02.20.122,CLTandFLE,2024.1.5,Win32,60.24096386,5f16d4bf2c8000017b20331a,67ffc4c40efe1bd1090b10ee,67ffe28bd61f2c0103b78dff,,,,,,,,,,,,,,,,,,,,,,,,,,,,,,,,,,,,,,,,,,,115.5496,120.3986,4.8488,1,0,42.4997,-0.198148039,-0.041666773,0,0,0,0,6,6,3,1,a,Il paziente ha preso il Batatrim,Il paziente ha superato la crisi,,,,,,,,,,,,,,,,,,,,,,,,,,,,,,,,,,,,,,,,,,,,,,,,,,,,,,,,,,,,,,,,,,,,,,,,,,,,,,,,,,,,,,
,,,,,,,,[(%PROLIFIC_PID,1,2025-04-16_19h02.20.122,CLTandFLE,2024.1.5,Win32,60.24096386,5f16d4bf2c8000017b20331a,67ffc4c40efe1bd1090b10ee,67ffe28bd61f2c0103b78dff,,,,,,,,,,,,,,,,,,,,,,,,,,,,,,,,,,,,,,,,,,,120.3986,125.098,4.6993,1,0,47.199,-0.198148039,-0.041666773,0,0,0,0,7,7,1,1,a,Il paziente ha preso il Batatrim,Il paziente ha superato la crisi,,,,,,,,,,,,,,,,,,,,,,,,,,,,,,,,,,,,,,,,,,,,,,,,,,,,,,,,,,,,,,,,,,,,,,,,,,,,,,,,,,,,,,
,,,,,,,,[(%PROLIFIC_PID,1,2025-04-16_19h02.20.122,CLTandFLE,2024.1.5,Win32,60.24096386,5f16d4bf2c8000017b20331a,67ffc4c40efe1bd1090b10ee,67ffe28bd61f2c0103b78dff,,,,,,,,,,,,,,,,,,,,,,,,,,,,,,,,,,,,,,,,,,,125.0982,130.0051,4.9068,1,0,52.1058,-0.186111026,-0.029629654,0,0,0,0,8,8,26,1,c,Il paziente non ha preso il Batatrim,Il paziente ha superato la crisi,,,,,,,,,,,,,,,,,,,,,,,,,,,,,,,,,,,,,,,,,,,,,,,,,,,,,,,,,,,,,,,,,,,,,,,,,,,,,,,,,,,,,,
,,,,,,,,[(%PROLIFIC_PID,1,2025-04-16_19h02.20.122,CLTandFLE,2024.1.5,Win32,60.24096386,5f16d4bf2c8000017b20331a,67ffc4c40efe1bd1090b10ee,67ffe28bd61f2c0103b78dff,,,,,,,,,,,,,,,,,,,,,,,,,,,,,,,,,,,,,,,,,,,130.0053,134.9373,4.932,1,0,57.0378,-0.18425915,-0.030555566,0,0,0,0,9,9,28,1,c,Il paziente non ha preso il Batatrim,Il paziente ha superato la crisi,,,,,,,,,,,,,,,,,,,,,,,,,,,,,,,,,,,,,,,,,,,,,,,,,,,,,,,,,,,,,,,,,,,,,,,,,,,,,,,,,,,,,,
,,,,,,,,[(%PROLIFIC_PID,1,2025-04-16_19h02.20.122,CLTandFLE,2024.1.5,Win32,60.24096386,5f16d4bf2c8000017b20331a,67ffc4c40efe1bd1090b10ee,67ffe28bd61f2c0103b78dff,,,,,,,,,,,,,,,,,,,,,,,,,,,,,,,,,,,,,,,,,,,134.9375,141.0862,6.1486,1,0,63.1864,-0.18425915,-0.030555566,0,0,0,0,10,10,17,1,b,Il paziente ha preso il Batatrim,Il paziente non ha superato la crisi,,,,,,,,,,,,,,,,,,,,,,,,,,,,,,,,,,,,,,,,,,,,,,,,,,,,,,,,,,,,,,,,,,,,,,,,,,,,,,,,,,,,,,
,,,,,,,,[(%PROLIFIC_PID,1,2025-04-16_19h02.20.122,CLTandFLE,2024.1.5,Win32,60.24096386,5f16d4bf2c8000017b20331a,67ffc4c40efe1bd1090b10ee,67ffe28bd61f2c0103b78dff,,,,,,,,,,,,,,,,,,,,,,,,,,,,,,,,,,,,,,,,,,,141.0863,145.4496,4.3632,1,0,67.5496,-0.18425915,-0.030555566,0,0,0,0,11,11,21,1,c,Il paziente non ha preso il Batatrim,Il paziente ha superato la crisi,,,,,,,,,,,,,,,,,,,,,,,,,,,,,,,,,,,,,,,,,,,,,,,,,,,,,,,,,,,,,,,,,,,,,,,,,,,,,,,,,,,,,,
,,,,,,,,[(%PROLIFIC_PID,1,2025-04-16_19h02.20.122,CLTandFLE,2024.1.5,Win32,60.24096386,5f16d4bf2c8000017b20331a,67ffc4c40efe1bd1090b10ee,67ffe28bd61f2c0103b78dff,,,,,,,,,,,,,,,,,,,,,,,,,,,,,,,,,,,,,,,,,,,145.4498,150.9847,5.5348,1,0,73.0844,-0.183333185,-0.031481584,0,0,0,0,12,12,24,1,c,Il paziente non ha preso il Batatrim,Il paziente ha superato la crisi,,,,,,,,,,,,,,,,,,,,,,,,,,,,,,,,,,,,,,,,,,,,,,,,,,,,,,,,,,,,,,,,,,,,,,,,,,,,,,,,,,,,,,
,,,,,,,,[(%PROLIFIC_PID,1,2025-04-16_19h02.20.122,CLTandFLE,2024.1.5,Win32,60.24096386,5f16d4bf2c8000017b20331a,67ffc4c40efe1bd1090b10ee,67ffe28bd61f2c0103b78dff,,,,,,,,,,,,,,,,,,,,,,,,,,,,,,,,,,,,,,,,,,,150.9849,155.3844,4.3994,1,0,77.4838,-0.183333185,-0.031481584,0,0,0,0,13,13,14,1,b,Il paziente ha preso il Batatrim,Il paziente ha superato la crisi,,,,,,,,,,,,,,,,,,,,,,,,,,,,,,,,,,,,,,,,,,,,,,,,,,,,,,,,,,,,,,,,,,,,,,,,,,,,,,,,,,,,,,
,,,,,,,,[(%PROLIFIC_PID,1,2025-04-16_19h02.20.122,CLTandFLE,2024.1.5,Win32,60.24096386,5f16d4bf2c8000017b20331a,67ffc4c40efe1bd1090b10ee,67ffe28bd61f2c0103b78dff,,,,,,,,,,,,,,,,,,,,,,,,,,,,,,,,,,,,,,,,,,,155.3845,160.2832,4.8986,1,0,82.3824,-0.183333185,-0.031481584,0,0,0,0,14,14,7,1,a,Il paziente ha preso il Batatrim,Il paziente ha superato la crisi,,,,,,,,,,,,,,,,,,,,,,,,,,,,,,,,,,,,,,,,,,,,,,,,,,,,,,,,,,,,,,,,,,,,,,,,,,,,,,,,,,,,,,
,,,,,,,,[(%PROLIFIC_PID,1,2025-04-16_19h02.20.122,CLTandFLE,2024.1.5,Win32,60.24096386,5f16d4bf2c8000017b20331a,67ffc4c40efe1bd1090b10ee,67ffe28bd61f2c0103b78dff,,,,,,,,,,,,,,,,,,,,,,,,,,,,,,,,,,,,,,,,,,,160.2834,164.3167,4.0332,1,0,86.4156,-0.183333185,-0.031481584,0,0,0,0,15,15,12,1,a,Il paziente ha preso il Batatrim,Il paziente ha superato la crisi,,,,,,,,,,,,,,,,,,,,,,,,,,,,,,,,,,,,,,,,,,,,,,,,,,,,,,,,,,,,,,,,,,,,,,,,,,,,,,,,,,,,,,
,,,,,,,,[(%PROLIFIC_PID,1,2025-04-16_19h02.20.122,CLTandFLE,2024.1.5,Win32,60.24096386,5f16d4bf2c8000017b20331a,67ffc4c40efe1bd1090b10ee,67ffe28bd61f2c0103b78dff,,,,,,,,,,,,,,,,,,,,,,,,,,,,,,,,,,,,,,,,,,,164.3168,169.7467,5.4298,1,0,91.8454,-0.183333185,-0.031481584,0,0,0,0,16,16,31,1,c,Il paziente non ha preso il Batatrim,Il paziente ha superato la crisi,,,,,,,,,,,,,,,,,,,,,,,,,,,,,,,,,,,,,,,,,,,,,,,,,,,,,,,,,,,,,,,,,,,,,,,,,,,,,,,,,,,,,,
,,,,,,,,[(%PROLIFIC_PID,1,2025-04-16_19h02.20.122,CLTandFLE,2024.1.5,Win32,60.24096386,5f16d4bf2c8000017b20331a,67ffc4c40efe1bd1090b10ee,67ffe28bd61f2c0103b78dff,,,,,,,,,,,,,,,,,,,,,,,,,,,,,,,,,,,,,,,,,,,169.747,174.215,4.468,1,0,96.3134,-0.183333185,-0.031481584,0,0,0,0,17,17,6,1,a,Il paziente ha preso il Batatrim,Il paziente ha superato la crisi,,,,,,,,,,,,,,,,,,,,,,,,,,,,,,,,,,,,,,,,,,,,,,,,,,,,,,,,,,,,,,,,,,,,,,,,,,,,,,,,,,,,,,
,,,,,,,,[(%PROLIFIC_PID,1,2025-04-16_19h02.20.122,CLTandFLE,2024.1.5,Win32,60.24096386,5f16d4bf2c8000017b20331a,67ffc4c40efe1bd1090b10ee,67ffe28bd61f2c0103b78dff,,,,,,,,,,,,,,,,,,,,,,,,,,,,,,,,,,,,,,,,,,,174.2152,178.6979,4.4826,1,0,100.796,-0.183333185,-0.031481584,0,0,0,0,18,18,32,1,c,Il paziente non ha preso il Batatrim,Il paziente ha superato la crisi,,,,,,,,,,,,,,,,,,,,,,,,,,,,,,,,,,,,,,,,,,,,,,,,,,,,,,,,,,,,,,,,,,,,,,,,,,,,,,,,,,,,,,
,,,,,,,,[(%PROLIFIC_PID,1,2025-04-16_19h02.20.122,CLTandFLE,2024.1.5,Win32,60.24096386,5f16d4bf2c8000017b20331a,67ffc4c40efe1bd1090b10ee,67ffe28bd61f2c0103b78dff,,,,,,,,,,,,,,,,,,,,,,,,,,,,,,,,,,,,,,,,,,,178.698,182.7308,4.0327,1,0,104.8287,-0.183333185,-0.031481584,0,0,0,0,19,19,30,1,c,Il paziente non ha preso il Batatrim,Il paziente ha superato la crisi,,,,,,,,,,,,,,,,,,,,,,,,,,,,,,,,,,,,,,,,,,,,,,,,,,,,,,,,,,,,,,,,,,,,,,,,,,,,,,,,,,,,,,
,,,,,,,,[(%PROLIFIC_PID,1,2025-04-16_19h02.20.122,CLTandFLE,2024.1.5,Win32,60.24096386,5f16d4bf2c8000017b20331a,67ffc4c40efe1bd1090b10ee,67ffe28bd61f2c0103b78dff,,,,,,,,,,,,,,,,,,,,,,,,,,,,,,,,,,,,,,,,,,,182.731,186.7139,3.9827,1,0,108.8114,-0.183333185,-0.031481584,0,0,0,0,20,20,0,1,a,Il paziente ha preso il Batatrim,Il paziente ha superato la crisi,,,,,,,,,,,,,,,,,,,,,,,,,,,,,,,,,,,,,,,,,,,,,,,,,,,,,,,,,,,,,,,,,,,,,,,,,,,,,,,,,,,,,,
,,,,,,,,[(%PROLIFIC_PID,1,2025-04-16_19h02.20.122,CLTandFLE,2024.1.5,Win32,60.24096386,5f16d4bf2c8000017b20331a,67ffc4c40efe1bd1090b10ee,67ffe28bd61f2c0103b78dff,,,,,,,,,,,,,,,,,,,,,,,,,,,,,,,,,,,,,,,,,,,186.714,190.6971,3.9831,1,0,112.7945,-0.183333185,-0.031481584,0,0,0,0,21,21,9,1,a,Il paziente ha preso il Batatrim,Il paziente ha superato la crisi,,,,,,,,,,,,,,,,,,,,,,,,,,,,,,,,,,,,,,,,,,,,,,,,,,,,,,,,,,,,,,,,,,,,,,,,,,,,,,,,,,,,,,
,,,,,,,,[(%PROLIFIC_PID,1,2025-04-16_19h02.20.122,CLTandFLE,2024.1.5,Win32,60.24096386,5f16d4bf2c8000017b20331a,67ffc4c40efe1bd1090b10ee,67ffe28bd61f2c0103b78dff,,,,,,,,,,,,,,,,,,,,,,,,,,,,,,,,,,,,,,,,,,,190.6974,194.6457,3.9482,1,0,116.7427,-0.183333185,-0.031481584,0,0,0,0,22,22,10,1,a,Il paziente ha preso il Batatrim,Il paziente ha superato la crisi,,,,,,,,,,,,,,,,,,,,,,,,,,,,,,,,,,,,,,,,,,,,,,,,,,,,,,,,,,,,,,,,,,,,,,,,,,,,,,,,,,,,,,
,,,,,,,,[(%PROLIFIC_PID,1,2025-04-16_19h02.20.122,CLTandFLE,2024.1.5,Win32,60.24096386,5f16d4bf2c8000017b20331a,67ffc4c40efe1bd1090b10ee,67ffe28bd61f2c0103b78dff,,,,,,,,,,,,,,,,,,,,,,,,,,,,,,,,,,,,,,,,,,,194.6458,198.5956,3.9498,1,0,120.6925,-0.183333185,-0.031481584,0,0,0,0,23,23,18,1,b,Il paziente ha preso il Batatrim,Il paziente non ha superato la crisi,,,,,,,,,,,,,,,,,,,,,,,,,,,,,,,,,,,,,,,,,,,,,,,,,,,,,,,,,,,,,,,,,,,,,,,,,,,,,,,,,,,,,,
,,,,,,,,[(%PROLIFIC_PID,1,2025-04-16_19h02.20.122,CLTandFLE,2024.1.5,Win32,60.24096386,5f16d4bf2c8000017b20331a,67ffc4c40efe1bd1090b10ee,67ffe28bd61f2c0103b78dff,,,,,,,,,,,,,,,,,,,,,,,,,,,,,,,,,,,,,,,,,,,198.5958,202.5952,3.9993,1,0,124.6918,-0.183333185,-0.031481584,0,0,0,0,24,24,36,1,d,Il paziente non ha preso il Batatrim,Il paziente non ha superato la crisi,,,,,,,,,,,,,,,,,,,,,,,,,,,,,,,,,,,,,,,,,,,,,,,,,,,,,,,,,,,,,,,,,,,,,,,,,,,,,,,,,,,,,,
,,,,,,,,[(%PROLIFIC_PID,1,2025-04-16_19h02.20.122,CLTandFLE,2024.1.5,Win32,60.24096386,5f16d4bf2c8000017b20331a,67ffc4c40efe1bd1090b10ee,67ffe28bd61f2c0103b78dff,,,,,,,,,,,,,,,,,,,,,,,,,,,,,,,,,,,,,,,,,,,202.5954,206.5448,3.9493,1,0,128.6411,-0.183333185,-0.031481584,0,0,0,0,25,25,2,1,a,Il paziente ha preso il Batatrim,Il paziente ha superato la crisi,,,,,,,,,,,,,,,,,,,,,,,,,,,,,,,,,,,,,,,,,,,,,,,,,,,,,,,,,,,,,,,,,,,,,,,,,,,,,,,,,,,,,,
,,,,,,,,[(%PROLIFIC_PID,1,2025-04-16_19h02.20.122,CLTandFLE,2024.1.5,Win32,60.24096386,5f16d4bf2c8000017b20331a,67ffc4c40efe1bd1090b10ee,67ffe28bd61f2c0103b78dff,,,,,,,,,,,,,,,,,,,,,,,,,,,,,,,,,,,,,,,,,,,206.5449,210.5437,3.9987,1,0,132.6398,-0.183333185,-0.031481584,0,0,0,0,26,26,5,1,a,Il paziente ha preso il Batatrim,Il paziente ha superato la crisi,,,,,,,,,,,,,,,,,,,,,,,,,,,,,,,,,,,,,,,,,,,,,,,,,,,,,,,,,,,,,,,,,,,,,,,,,,,,,,,,,,,,,,
,,,,,,,,[(%PROLIFIC_PID,1,2025-04-16_19h02.20.122,CLTandFLE,2024.1.5,Win32,60.24096386,5f16d4bf2c8000017b20331a,67ffc4c40efe1bd1090b10ee,67ffe28bd61f2c0103b78dff,,,,,,,,,,,,,,,,,,,,,,,,,,,,,,,,,,,,,,,,,,,210.5439,214.4769,3.9329,1,0,136.5727,-0.183333185,-0.031481584,0,0,0,0,27,27,33,1,c,Il paziente non ha preso il Batatrim,Il paziente ha superato la crisi,,,,,,,,,,,,,,,,,,,,,,,,,,,,,,,,,,,,,,,,,,,,,,,,,,,,,,,,,,,,,,,,,,,,,,,,,,,,,,,,,,,,,,
,,,,,,,,[(%PROLIFIC_PID,1,2025-04-16_19h02.20.122,CLTandFLE,2024.1.5,Win32,60.24096386,5f16d4bf2c8000017b20331a,67ffc4c40efe1bd1090b10ee,67ffe28bd61f2c0103b78dff,,,,,,,,,,,,,,,,,,,,,,,,,,,,,,,,,,,,,,,,,,,214.4771,219.0932,4.616,1,0,141.1887,-0.183333185,-0.031481584,0,0,0,0,28,28,23,1,c,Il paziente non ha preso il Batatrim,Il paziente ha superato la crisi,,,,,,,,,,,,,,,,,,,,,,,,,,,,,,,,,,,,,,,,,,,,,,,,,,,,,,,,,,,,,,,,,,,,,,,,,,,,,,,,,,,,,,
,,,,,,,,[(%PROLIFIC_PID,1,2025-04-16_19h02.20.122,CLTandFLE,2024.1.5,Win32,60.24096386,5f16d4bf2c8000017b20331a,67ffc4c40efe1bd1090b10ee,67ffe28bd61f2c0103b78dff,,,,,,,,,,,,,,,,,,,,,,,,,,,,,,,,,,,,,,,,,,,219.0934,223.6759,4.5824,1,0,145.7711,-0.183333185,-0.031481584,0,0,0,0,29,29,13,1,a,Il paziente ha preso il Batatrim,Il paziente ha superato la crisi,,,,,,,,,,,,,,,,,,,,,,,,,,,,,,,,,,,,,,,,,,,,,,,,,,,,,,,,,,,,,,,,,,,,,,,,,,,,,,,,,,,,,,
,,,,,,,,[(%PROLIFIC_PID,1,2025-04-16_19h02.20.122,CLTandFLE,2024.1.5,Win32,60.24096386,5f16d4bf2c8000017b20331a,67ffc4c40efe1bd1090b10ee,67ffe28bd61f2c0103b78dff,,,,,,,,,,,,,,,,,,,,,,,,,,,,,,,,,,,,,,,,,,,223.676,228.3913,4.7152,1,0,150.4863,-0.18425915,-0.035185284,0,0,0,0,30,30,8,1,a,Il paziente ha preso il Batatrim,Il paziente ha superato la crisi,,,,,,,,,,,,,,,,,,,,,,,,,,,,,,,,,,,,,,,,,,,,,,,,,,,,,,,,,,,,,,,,,,,,,,,,,,,,,,,,,,,,,,
,,,,,,,,[(%PROLIFIC_PID,1,2025-04-16_19h02.20.122,CLTandFLE,2024.1.5,Win32,60.24096386,5f16d4bf2c8000017b20331a,67ffc4c40efe1bd1090b10ee,67ffe28bd61f2c0103b78dff,,,,,,,,,,,,,,,,,,,,,,,,,,,,,,,,,,,,,,,,,,,228.3914,233.7901,5.3986,1,0,155.8849,-0.18425915,-0.033333355,0,0,0,0,31,31,19,1,b,Il paziente ha preso il Batatrim,Il paziente non ha superato la crisi,,,,,,,,,,,,,,,,,,,,,,,,,,,,,,,,,,,,,,,,,,,,,,,,,,,,,,,,,,,,,,,,,,,,,,,,,,,,,,,,,,,,,,
,,,,,,,,[(%PROLIFIC_PID,1,2025-04-16_19h02.20.122,CLTandFLE,2024.1.5,Win32,60.24096386,5f16d4bf2c8000017b20331a,67ffc4c40efe1bd1090b10ee,67ffe28bd61f2c0103b78dff,,,,,,,,,,,,,,,,,,,,,,,,,,,,,,,,,,,,,,,,,,,233.7904,238.3386,4.5482,1,0,160.4331,-0.18425915,-0.036111196,0,0,0,0,32,32,15,1,b,Il paziente ha preso il Batatrim,Il paziente non ha superato la crisi,,,,,,,,,,,,,,,,,,,,,,,,,,,,,,,,,,,,,,,,,,,,,,,,,,,,,,,,,,,,,,,,,,,,,,,,,,,,,,,,,,,,,,
,,,,,,,,[(%PROLIFIC_PID,1,2025-04-16_19h02.20.122,CLTandFLE,2024.1.5,Win32,60.24096386,5f16d4bf2c8000017b20331a,67ffc4c40efe1bd1090b10ee,67ffe28bd61f2c0103b78dff,,,,,,,,,,,,,,,,,,,,,,,,,,,,,,,,,,,,,,,,,,,238.3388,243.2204,4.8815,0,1,165.3146,-0.186111026,-0.046296385,0,0,0,0,33,33,34,1,c,Il paziente non ha preso il Batatrim,Il paziente ha superato la crisi,,,,,,,,,,,,,,,,,,,,,,,,,,,,,,,,,,,,,,,,,,,,,,,,,,,,,,,,,,,,,,,,,,,,,,,,,,,,,,,,,,,,,,
,,,,,,,,[(%PROLIFIC_PID,1,2025-04-16_19h02.20.122,CLTandFLE,2024.1.5,Win32,60.24096386,5f16d4bf2c8000017b20331a,67ffc4c40efe1bd1090b10ee,67ffe28bd61f2c0103b78dff,,,,,,,,,,,,,,,,,,,,,,,,,,,,,,,,,,,,,,,,,,,243.2206,247.4201,4.1995,0,1,169.5141,-0.229629464,-0.035185284,0,0,0,0,34,34,39,1,d,Il paziente non ha preso il Batatrim,Il paziente non ha superato la crisi,,,,,,,,,,,,,,,,,,,,,,,,,,,,,,,,,,,,,,,,,,,,,,,,,,,,,,,,,,,,,,,,,,,,,,,,,,,,,,,,,,,,,,
,,,,,,,,[(%PROLIFIC_PID,1,2025-04-16_19h02.20.122,CLTandFLE,2024.1.5,Win32,60.24096386,5f16d4bf2c8000017b20331a,67ffc4c40efe1bd1090b10ee,67ffe28bd61f2c0103b78dff,,,,,,,,,,,,,,,,,,,,,,,,,,,,,,,,,,,,,,,,,,,247.4203,251.5349,4.1145,1,0,173.6286,-0.229629464,-0.035185284,0,0,0,0,35,35,16,1,b,Il paziente ha preso il Batatrim,Il paziente non ha superato la crisi,,,,,,,,,,,,,,,,,,,,,,,,,,,,,,,,,,,,,,,,,,,,,,,,,,,,,,,,,,,,,,,,,,,,,,,,,,,,,,,,,,,,,,
,,,,,,,,[(%PROLIFIC_PID,1,2025-04-16_19h02.20.122,CLTandFLE,2024.1.5,Win32,60.24096386,5f16d4bf2c8000017b20331a,67ffc4c40efe1bd1090b10ee,67ffe28bd61f2c0103b78dff,,,,,,,,,,,,,,,,,,,,,,,,,,,,,,,,,,,,,,,,,,,251.5351,255.4048,3.8696,1,0,177.4982,-0.229629464,-0.035185284,0,0,0,0,36,36,25,1,c,Il paziente non ha preso il Batatrim,Il paziente ha superato la crisi,,,,,,,,,,,,,,,,,,,,,,,,,,,,,,,,,,,,,,,,,,,,,,,,,,,,,,,,,,,,,,,,,,,,,,,,,,,,,,,,,,,,,,
,,,,,,,,[(%PROLIFIC_PID,1,2025-04-16_19h02.20.122,CLTandFLE,2024.1.5,Win32,60.24096386,5f16d4bf2c8000017b20331a,67ffc4c40efe1bd1090b10ee,67ffe28bd61f2c0103b78dff,,,,,,,,,,,,,,,,,,,,,,,,,,,,,,,,,,,,,,,,,,,255.4049,259.2685,3.8636,1,0,181.3618,-0.229629464,-0.035185284,0,0,0,0,37,37,22,1,c,Il paziente non ha preso il Batatrim,Il paziente ha superato la crisi,,,,,,,,,,,,,,,,,,,,,,,,,,,,,,,,,,,,,,,,,,,,,,,,,,,,,,,,,,,,,,,,,,,,,,,,,,,,,,,,,,,,,,
,,,,,,,,[(%PROLIFIC_PID,1,2025-04-16_19h02.20.122,CLTandFLE,2024.1.5,Win32,60.24096386,5f16d4bf2c8000017b20331a,67ffc4c40efe1bd1090b10ee,67ffe28bd61f2c0103b78dff,,,,,,,,,,,,,,,,,,,,,,,,,,,,,,,,,,,,,,,,,,,259.2687,263.1515,3.8828,1,0,185.2446,-0.229629464,-0.035185284,0,0,0,0,38,38,35,1,d,Il paziente non ha preso il Batatrim,Il paziente non ha superato la crisi,,,,,,,,,,,,,,,,,,,,,,,,,,,,,,,,,,,,,,,,,,,,,,,,,,,,,,,,,,,,,,,,,,,,,,,,,,,,,,,,,,,,,,
,,,,,,,,[(%PROLIFIC_PID,1,2025-04-16_19h02.20.122,CLTandFLE,2024.1.5,Win32,60.24096386,5f16d4bf2c8000017b20331a,67ffc4c40efe1bd1090b10ee,67ffe28bd61f2c0103b78dff,,,,,,,,,,,,,,,,,,,,,,,,,,,,,,,,,,,,,,,,,,,263.1517,267.6357,4.484,1,0,189.7286,-0.229629464,-0.035185284,0,0,0,0,39,39,11,1,a,Il paziente ha preso il Batatrim,Il paziente ha superato la crisi,,,,,,,,,,,,,,,,,,,,,,,,,,,,,,,,,,,,,,,,,,,,,,,,,,,,,,,,,,,,,,,,,,,,,,,,,,,,,,,,,,,,,,
,,,,,,,,[(%PROLIFIC_PID,1,2025-04-16_19h02.20.122,CLTandFLE,2024.1.5,Win32,60.24096386,5f16d4bf2c8000017b20331a,67ffc4c40efe1bd1090b10ee,67ffe28bd61f2c0103b78dff,,290.6266,291.6262,,,,,,,,,,,,,,,,,,,,,,,,,,,,,,,,,,,,,,,,,,,,,,,,,,,,,,,,,,,268.6307,282.1113,13.4799,62,12.4762,-0.012036959,-0.225000117,1,0,0,283.1119,290.6265,7.5143,81,6.7867,-0.005555471,-0.187963062,1,0,0,3,8,20,2,0,0,0,0,1,,,,,,,,,,,,,,,,,,,,,,,,,,,,,,,,,,,,,,,,,,,,,,,,,,,,,,,,,
,,,,,,,,[(%PROLIFIC_PID,1,2025-04-16_19h02.20.122,CLTandFLE,2024.1.5,Win32,60.24096386,5f16d4bf2c8000017b20331a,67ffc4c40efe1bd1090b10ee,67ffe28bd61f2c0103b78dff,,366.1188,367.1165,,,,,,,,,,,,,,,,,,,,,,,,,,,,,,,,,,,,,,,,,,,,,,,,,,,,,,,,,,,,,,,,,,,,,,,,,,,,,,,,,,,,,,,,317.2577,321.1234,3.8647,1,2.855,0.052778032,-0.227777799,1,0,0,45,Femmina,No,18,No,TRUE,FALSE,12,6,6,5,5,FALSE,Conferma,c1ok,c2ok,c3ok,c4ok,c5ok,c6ok,c7err3,c8err3,c9ok,c10ok,c11ok,c12err,c13err2,c14err3,c15ok,c16ok,c17ok,c18err2,c19err2,c20ok,c21ok,c22err2,c23ok,c24err2,c25err3,c26ok,656.5814,663.3443,0,0,0,0,1
