﻿Alfa.started,Alfa.stopped,alfa_mouse.x,alfa_mouse.y,alfa_mouse.leftButton,alfa_mouse.midButton,alfa_mouse.rightButton,alfa_mouse.clicked_name,participant,group,date,expName,psychopyVersion,OS,frameRate,PROLIFIC_PID,STUDY_ID,SESSION_ID,)],ITI.started,ITI.stopped,B_consensoinformato.started,B_consensoinformato.stopped,tempo_consenso,cons_mouse.x,cons_mouse.y,cons_mouse.leftButton,cons_mouse.midButton,cons_mouse.rightButton,A_benvenuto.started,A_benvenuto.stopped,ben_mouse.x,ben_mouse.y,ben_mouse.leftButton,ben_mouse.midButton,ben_mouse.rightButton,B2_istruzioni.started,B2_istruzioni.stopped,tempo_istru,cons_mouse_2.x,cons_mouse_2.y,cons_mouse_2.leftButton,cons_mouse_2.midButton,cons_mouse_2.rightButton,SAMevaluation.started,SAMevaluation.stopped,temposam,sliderintensity.response,sliderintensity.rt,slidervalence.response,slidervalence.rt,mouse_sam.x,mouse_sam.y,mouse_sam.leftButton,mouse_sam.midButton,mouse_sam.rightButton,mouse_sam.time,mouse_sam.clicked_name,Loading.started,Loading.stopped,C_associative_task.started,C_associative_task.stopped,tempo_trial,hapremutosi,hapremutono,tempo_tasktot,mouse.x,mouse.y,mouse.leftButton,mouse.midButton,mouse.rightButton,trials.thisRepN,trials.thisTrialN,trials.thisN,trials.thisIndex,trials.ran,cond,causa,effetto,D_VD.started,D_VD.stopped,tempo_vd,vd.response,vd.rt,mouse_vd.x,mouse_vd.y,mouse_vd.leftButton,mouse_vd.midButton,mouse_vd.rightButton,Previous.started,Previous.stopped,tempo_vd1,previous.response,previous.rt,mouse_vd_2.x,mouse_vd_2.y,mouse_vd_2.leftButton,mouse_vd_2.midButton,mouse_vd_2.rightButton,EstITA.TrialNS,EstITA.TrialSN,EstITA.TrialSS,EstITA.TrialD,itaest.thisRepN,itaest.thisTrialN,itaest.thisN,itaest.thisIndex,itaest.ran,PF.started,PF.stopped,tempo_pf,processfluency.response,processfluency.rt,mouse_ch.x,mouse_ch.y,mouse_ch.leftButton,mouse_ch.midButton,mouse_ch.rightButton,Questionario_Lingua.Age,Questionario_Lingua.Sesso,Questionario_Lingua.StaiStudiando?,Questionario_Lingua.Anniscolarita,Questionario_Lingua.Diploma,Questionario_Lingua.Punteggiodiploma,Questionario_Lingua.ItaMADRE?,Questionario_Lingua.INGmadre?,Questionario_Lingua.Q5(AOAIng),Questionario_Lingua.INGLETTURA,Questionario_Lingua.INGCOMPRESO,Questionario_Lingua.INGSCRITTO,Questionario_Lingua.INGPARLATO,Questionario_Lingua.haivissutoestero,ProvaInglese.ProcediamoENg,ProvaInglese.C1,ProvaInglese.C2,ProvaInglese.C3,ProvaInglese.C4,ProvaInglese.C5,ProvaInglese.C6,ProvaInglese.C7,ProvaInglese.C8,ProvaInglese.C9,ProvaInglese.C10,ProvaInglese.C11,ProvaInglese.C12,ProvaInglese.C13,ProvaInglese.C14,ProvaInglese.C15,ProvaInglese.C16,ProvaInglese.C17,ProvaInglese.C18,ProvaInglese.C19,ProvaInglese.C20,ProvaInglese.C21,ProvaInglese.C22,ProvaInglese.C23,ProvaInglese.C24,ProvaInglese.C25,ProvaInglese.controlquestion,Ant_lastquestion.started,Ant_lastquestion.stopped,exp_loop.thisRepN,exp_loop.thisTrialN,exp_loop.thisN,exp_loop.thisIndex,exp_loop.ran
0.0008,9.9243,0.080729167,-0.01171875,1,0,0,alfa_mask,[(%PROLIFIC_PID,1,2025-04-16_21h32.10.753,CLTandFLE,2024.1.5,Win32,60.24096386,5e82288d93f92105424b8301,67ffc4c40efe1bd1090b10ee,68000532dbcbcbe8c3faa24b,,,,,,,,,,,,,,,,,,,,,,,,,,,,,,,,,,,,,,,,,,,,,,,,,,,,,,,,,,,,,,,,,,,,,,,,,,,,,,,,,,,,,,,,,,,,,,,,,,,,,,,,,,,,,,,,,,,,,,,,,,,,,,,,,,,,,,,,,,,,,,,,,,,,
,,,,,,,,[(%PROLIFIC_PID,1,2025-04-16_21h32.10.753,CLTandFLE,2024.1.5,Win32,60.24096386,5e82288d93f92105424b8301,67ffc4c40efe1bd1090b10ee,68000532dbcbcbe8c3faa24b,,9.9256,10.9224,,,,,,,,,,,,,,,,,,,,,,,,,,,,,,,,,,,,,,,,,,,,,,,,,,,,,,,,,,,,,,,,,,,,,,,,,,,,,,,,,,,,,,,,,,,,,,,,,,,,,,,,,,,,,,,,,,,,,,,,,,,,,,,,,,,,,,,,,,,,,,,,,
,,,,,,,,[(%PROLIFIC_PID,1,2025-04-16_21h32.10.753,CLTandFLE,2024.1.5,Win32,60.24096386,5e82288d93f92105424b8301,67ffc4c40efe1bd1090b10ee,68000532dbcbcbe8c3faa24b,,,,10.923,37.507,26.5824,0.194010417,-0.403645833,1,0,0,,,,,,,,,,,,,,,,,,,,,,,,,,,,,,,,,,,,,,,,,,,,,,,,,,,,,,,,,,,,,,,,,,,,,,,,,,,,,,,,,,,,,,,,,,,,,,,,,,,,,,,,,,,,,,,,,,,,,,,,,,,,,,,,,,,,,,,,,
,,,,,,,,[(%PROLIFIC_PID,1,2025-04-16_21h32.10.753,CLTandFLE,2024.1.5,Win32,60.24096386,5e82288d93f92105424b8301,67ffc4c40efe1bd1090b10ee,68000532dbcbcbe8c3faa24b,,155.4684,156.4676,,,,,,,,,38.4986,42.3581,0.018229167,-0.111979167,1,0,0,43.3479,112.6648,69.3144,-0.03125,-0.446614583,1,0,0,113.6621,147.4792,33.8151,0.333984375,32.3105,0.576497396,15.2838,"[-0.009114583333333334,0.010416666666666666,0.0234375]","[0.20182291666666666,-0.00390625,-0.20442708333333334]","[1,1,1]","[0,0,0]","[0,0,0]","[12.711100000023833,20.640199999988084,33.803699999988055]","[""sliderintensity"",""rettoksam""]",148.4705,155.4682,156.5273,170.8054,14.2775,0,1,14.2775,0.024739583,-0.24609375,0,0,0,0,0,0,21,1,c,Il paziente non ha preso il Batatrim,Il paziente ha superato la crisi,,,,,,,,,,,,,,,,,,,,,,,,,,,,,,,,,,,,,,,,,,,,,,,,,,,,,,,,,,,,,,,,,,,,,,,,,,,,,,,,,,,,,,,
,,,,,,,,[(%PROLIFIC_PID,1,2025-04-16_21h32.10.753,CLTandFLE,2024.1.5,Win32,60.24096386,5e82288d93f92105424b8301,67ffc4c40efe1bd1090b10ee,68000532dbcbcbe8c3faa24b,,,,,,,,,,,,,,,,,,,,,,,,,,,,,,,,,,,,,,,,,,,170.8061,183.2697,12.4629,0,1,26.7404,-0.005208333,-0.326822917,1,0,0,0,1,1,17,1,b,Il paziente ha preso il Batatrim,Il paziente non ha superato la crisi,,,,,,,,,,,,,,,,,,,,,,,,,,,,,,,,,,,,,,,,,,,,,,,,,,,,,,,,,,,,,,,,,,,,,,,,,,,,,,,,,,,,,,,
,,,,,,,,[(%PROLIFIC_PID,1,2025-04-16_21h32.10.753,CLTandFLE,2024.1.5,Win32,60.24096386,5e82288d93f92105424b8301,67ffc4c40efe1bd1090b10ee,68000532dbcbcbe8c3faa24b,,,,,,,,,,,,,,,,,,,,,,,,,,,,,,,,,,,,,,,,,,,183.2705,188.9254,5.6545,0,1,32.3949,0.013020833,-0.361979167,0,0,0,0,2,2,20,1,c,Il paziente non ha preso il Batatrim,Il paziente ha superato la crisi,,,,,,,,,,,,,,,,,,,,,,,,,,,,,,,,,,,,,,,,,,,,,,,,,,,,,,,,,,,,,,,,,,,,,,,,,,,,,,,,,,,,,,,
,,,,,,,,[(%PROLIFIC_PID,1,2025-04-16_21h32.10.753,CLTandFLE,2024.1.5,Win32,60.24096386,5e82288d93f92105424b8301,67ffc4c40efe1bd1090b10ee,68000532dbcbcbe8c3faa24b,,,,,,,,,,,,,,,,,,,,,,,,,,,,,,,,,,,,,,,,,,,188.9262,193.8818,4.9553,0,1,37.3502,-0.037760417,-0.380208333,0,0,0,0,3,3,38,1,d,Il paziente non ha preso il Batatrim,Il paziente non ha superato la crisi,,,,,,,,,,,,,,,,,,,,,,,,,,,,,,,,,,,,,,,,,,,,,,,,,,,,,,,,,,,,,,,,,,,,,,,,,,,,,,,,,,,,,,,
,,,,,,,,[(%PROLIFIC_PID,1,2025-04-16_21h32.10.753,CLTandFLE,2024.1.5,Win32,60.24096386,5e82288d93f92105424b8301,67ffc4c40efe1bd1090b10ee,68000532dbcbcbe8c3faa24b,,,,,,,,,,,,,,,,,,,,,,,,,,,,,,,,,,,,,,,,,,,193.8823,199.8944,6.0117,1,0,43.3619,-0.208333333,0.122395833,0,0,0,0,4,4,13,1,a,Il paziente ha preso il Batatrim,Il paziente ha superato la crisi,,,,,,,,,,,,,,,,,,,,,,,,,,,,,,,,,,,,,,,,,,,,,,,,,,,,,,,,,,,,,,,,,,,,,,,,,,,,,,,,,,,,,,,
,,,,,,,,[(%PROLIFIC_PID,1,2025-04-16_21h32.10.753,CLTandFLE,2024.1.5,Win32,60.24096386,5e82288d93f92105424b8301,67ffc4c40efe1bd1090b10ee,68000532dbcbcbe8c3faa24b,,,,,,,,,,,,,,,,,,,,,,,,,,,,,,,,,,,,,,,,,,,199.8949,204.4657,4.5699,1,0,47.9318,-0.115885417,-0.358072917,0,0,0,0,5,5,12,1,a,Il paziente ha preso il Batatrim,Il paziente ha superato la crisi,,,,,,,,,,,,,,,,,,,,,,,,,,,,,,,,,,,,,,,,,,,,,,,,,,,,,,,,,,,,,,,,,,,,,,,,,,,,,,,,,,,,,,,
,,,,,,,,[(%PROLIFIC_PID,1,2025-04-16_21h32.10.753,CLTandFLE,2024.1.5,Win32,60.24096386,5e82288d93f92105424b8301,67ffc4c40efe1bd1090b10ee,68000532dbcbcbe8c3faa24b,,,,,,,,,,,,,,,,,,,,,,,,,,,,,,,,,,,,,,,,,,,204.467,215.704,11.2365,1,0,59.1683,-0.095052083,-0.11328125,0,0,0,0,6,6,0,1,a,Il paziente ha preso il Batatrim,Il paziente ha superato la crisi,,,,,,,,,,,,,,,,,,,,,,,,,,,,,,,,,,,,,,,,,,,,,,,,,,,,,,,,,,,,,,,,,,,,,,,,,,,,,,,,,,,,,,,
,,,,,,,,[(%PROLIFIC_PID,1,2025-04-16_21h32.10.753,CLTandFLE,2024.1.5,Win32,60.24096386,5e82288d93f92105424b8301,67ffc4c40efe1bd1090b10ee,68000532dbcbcbe8c3faa24b,,,,,,,,,,,,,,,,,,,,,,,,,,,,,,,,,,,,,,,,,,,215.7044,224.859,9.1542,1,0,68.3225,0.125,-0.30859375,0,0,0,0,7,7,28,1,c,Il paziente non ha preso il Batatrim,Il paziente ha superato la crisi,,,,,,,,,,,,,,,,,,,,,,,,,,,,,,,,,,,,,,,,,,,,,,,,,,,,,,,,,,,,,,,,,,,,,,,,,,,,,,,,,,,,,,,
,,,,,,,,[(%PROLIFIC_PID,1,2025-04-16_21h32.10.753,CLTandFLE,2024.1.5,Win32,60.24096386,5e82288d93f92105424b8301,67ffc4c40efe1bd1090b10ee,68000532dbcbcbe8c3faa24b,,,,,,,,,,,,,,,,,,,,,,,,,,,,,,,,,,,,,,,,,,,224.8594,241.5334,16.6732,0,1,84.9957,-0.046875,-0.37890625,0,0,0,0,8,8,27,1,c,Il paziente non ha preso il Batatrim,Il paziente ha superato la crisi,,,,,,,,,,,,,,,,,,,,,,,,,,,,,,,,,,,,,,,,,,,,,,,,,,,,,,,,,,,,,,,,,,,,,,,,,,,,,,,,,,,,,,,
,,,,,,,,[(%PROLIFIC_PID,1,2025-04-16_21h32.10.753,CLTandFLE,2024.1.5,Win32,60.24096386,5e82288d93f92105424b8301,67ffc4c40efe1bd1090b10ee,68000532dbcbcbe8c3faa24b,,,,,,,,,,,,,,,,,,,,,,,,,,,,,,,,,,,,,,,,,,,241.5351,248.3099,6.7744,1,0,91.7701,0.190104167,-0.34375,0,0,0,0,9,9,5,1,a,Il paziente ha preso il Batatrim,Il paziente ha superato la crisi,,,,,,,,,,,,,,,,,,,,,,,,,,,,,,,,,,,,,,,,,,,,,,,,,,,,,,,,,,,,,,,,,,,,,,,,,,,,,,,,,,,,,,,
,,,,,,,,[(%PROLIFIC_PID,1,2025-04-16_21h32.10.753,CLTandFLE,2024.1.5,Win32,60.24096386,5e82288d93f92105424b8301,67ffc4c40efe1bd1090b10ee,68000532dbcbcbe8c3faa24b,,,,,,,,,,,,,,,,,,,,,,,,,,,,,,,,,,,,,,,,,,,248.3106,253.7418,5.4309,1,0,97.201,0.040364583,-0.313802083,0,0,0,0,10,10,11,1,a,Il paziente ha preso il Batatrim,Il paziente ha superato la crisi,,,,,,,,,,,,,,,,,,,,,,,,,,,,,,,,,,,,,,,,,,,,,,,,,,,,,,,,,,,,,,,,,,,,,,,,,,,,,,,,,,,,,,,
,,,,,,,,[(%PROLIFIC_PID,1,2025-04-16_21h32.10.753,CLTandFLE,2024.1.5,Win32,60.24096386,5e82288d93f92105424b8301,67ffc4c40efe1bd1090b10ee,68000532dbcbcbe8c3faa24b,,,,,,,,,,,,,,,,,,,,,,,,,,,,,,,,,,,,,,,,,,,253.7425,262.3577,8.6143,0,1,105.8153,-0.002604167,-0.239583333,0,0,0,0,11,11,15,1,b,Il paziente ha preso il Batatrim,Il paziente non ha superato la crisi,,,,,,,,,,,,,,,,,,,,,,,,,,,,,,,,,,,,,,,,,,,,,,,,,,,,,,,,,,,,,,,,,,,,,,,,,,,,,,,,,,,,,,,
,,,,,,,,[(%PROLIFIC_PID,1,2025-04-16_21h32.10.753,CLTandFLE,2024.1.5,Win32,60.24096386,5e82288d93f92105424b8301,67ffc4c40efe1bd1090b10ee,68000532dbcbcbe8c3faa24b,,,,,,,,,,,,,,,,,,,,,,,,,,,,,,,,,,,,,,,,,,,262.3589,270.6208,8.2615,1,0,114.0768,0.05859375,-0.279947917,0,0,0,0,12,12,1,1,a,Il paziente ha preso il Batatrim,Il paziente ha superato la crisi,,,,,,,,,,,,,,,,,,,,,,,,,,,,,,,,,,,,,,,,,,,,,,,,,,,,,,,,,,,,,,,,,,,,,,,,,,,,,,,,,,,,,,,
,,,,,,,,[(%PROLIFIC_PID,1,2025-04-16_21h32.10.753,CLTandFLE,2024.1.5,Win32,60.24096386,5e82288d93f92105424b8301,67ffc4c40efe1bd1090b10ee,68000532dbcbcbe8c3faa24b,,,,,,,,,,,,,,,,,,,,,,,,,,,,,,,,,,,,,,,,,,,270.6216,276.6573,6.0349,0,1,120.1117,-0.0390625,-0.360677083,0,0,0,0,13,13,36,1,d,Il paziente non ha preso il Batatrim,Il paziente non ha superato la crisi,,,,,,,,,,,,,,,,,,,,,,,,,,,,,,,,,,,,,,,,,,,,,,,,,,,,,,,,,,,,,,,,,,,,,,,,,,,,,,,,,,,,,,,
,,,,,,,,[(%PROLIFIC_PID,1,2025-04-16_21h32.10.753,CLTandFLE,2024.1.5,Win32,60.24096386,5e82288d93f92105424b8301,67ffc4c40efe1bd1090b10ee,68000532dbcbcbe8c3faa24b,,,,,,,,,,,,,,,,,,,,,,,,,,,,,,,,,,,,,,,,,,,276.6585,282.6516,5.9925,0,1,126.1042,0.158854167,-0.177083333,0,0,0,0,14,14,25,1,c,Il paziente non ha preso il Batatrim,Il paziente ha superato la crisi,,,,,,,,,,,,,,,,,,,,,,,,,,,,,,,,,,,,,,,,,,,,,,,,,,,,,,,,,,,,,,,,,,,,,,,,,,,,,,,,,,,,,,,
,,,,,,,,[(%PROLIFIC_PID,1,2025-04-16_21h32.10.753,CLTandFLE,2024.1.5,Win32,60.24096386,5e82288d93f92105424b8301,67ffc4c40efe1bd1090b10ee,68000532dbcbcbe8c3faa24b,,,,,,,,,,,,,,,,,,,,,,,,,,,,,,,,,,,,,,,,,,,282.652,287.5696,4.9167,1,0,131.0209,0.108072917,-0.095052083,0,0,0,0,15,15,14,1,b,Il paziente ha preso il Batatrim,Il paziente ha superato la crisi,,,,,,,,,,,,,,,,,,,,,,,,,,,,,,,,,,,,,,,,,,,,,,,,,,,,,,,,,,,,,,,,,,,,,,,,,,,,,,,,,,,,,,,
,,,,,,,,[(%PROLIFIC_PID,1,2025-04-16_21h32.10.753,CLTandFLE,2024.1.5,Win32,60.24096386,5e82288d93f92105424b8301,67ffc4c40efe1bd1090b10ee,68000532dbcbcbe8c3faa24b,,,,,,,,,,,,,,,,,,,,,,,,,,,,,,,,,,,,,,,,,,,287.5708,292.5066,4.9354,1,0,135.9563,0.036458333,-0.264322917,0,0,0,0,16,16,16,1,b,Il paziente ha preso il Batatrim,Il paziente non ha superato la crisi,,,,,,,,,,,,,,,,,,,,,,,,,,,,,,,,,,,,,,,,,,,,,,,,,,,,,,,,,,,,,,,,,,,,,,,,,,,,,,,,,,,,,,,
,,,,,,,,[(%PROLIFIC_PID,1,2025-04-16_21h32.10.753,CLTandFLE,2024.1.5,Win32,60.24096386,5e82288d93f92105424b8301,67ffc4c40efe1bd1090b10ee,68000532dbcbcbe8c3faa24b,,,,,,,,,,,,,,,,,,,,,,,,,,,,,,,,,,,,,,,,,,,292.5072,298.4715,5.9633,1,0,141.9196,0.088541667,-0.345052083,0,0,0,0,17,17,9,1,a,Il paziente ha preso il Batatrim,Il paziente ha superato la crisi,,,,,,,,,,,,,,,,,,,,,,,,,,,,,,,,,,,,,,,,,,,,,,,,,,,,,,,,,,,,,,,,,,,,,,,,,,,,,,,,,,,,,,,
,,,,,,,,[(%PROLIFIC_PID,1,2025-04-16_21h32.10.753,CLTandFLE,2024.1.5,Win32,60.24096386,5e82288d93f92105424b8301,67ffc4c40efe1bd1090b10ee,68000532dbcbcbe8c3faa24b,,,,,,,,,,,,,,,,,,,,,,,,,,,,,,,,,,,,,,,,,,,298.4723,304.5358,6.063,0,1,147.9826,0.122395833,-0.053385417,0,0,0,0,18,18,33,1,c,Il paziente non ha preso il Batatrim,Il paziente ha superato la crisi,,,,,,,,,,,,,,,,,,,,,,,,,,,,,,,,,,,,,,,,,,,,,,,,,,,,,,,,,,,,,,,,,,,,,,,,,,,,,,,,,,,,,,,
,,,,,,,,[(%PROLIFIC_PID,1,2025-04-16_21h32.10.753,CLTandFLE,2024.1.5,Win32,60.24096386,5e82288d93f92105424b8301,67ffc4c40efe1bd1090b10ee,68000532dbcbcbe8c3faa24b,,,,,,,,,,,,,,,,,,,,,,,,,,,,,,,,,,,,,,,,,,,304.5362,310.2325,5.6959,1,0,153.6785,0.14453125,-0.35546875,0,0,0,0,19,19,10,1,a,Il paziente ha preso il Batatrim,Il paziente ha superato la crisi,,,,,,,,,,,,,,,,,,,,,,,,,,,,,,,,,,,,,,,,,,,,,,,,,,,,,,,,,,,,,,,,,,,,,,,,,,,,,,,,,,,,,,,
,,,,,,,,[(%PROLIFIC_PID,1,2025-04-16_21h32.10.753,CLTandFLE,2024.1.5,Win32,60.24096386,5e82288d93f92105424b8301,67ffc4c40efe1bd1090b10ee,68000532dbcbcbe8c3faa24b,,,,,,,,,,,,,,,,,,,,,,,,,,,,,,,,,,,,,,,,,,,310.2336,318.5818,8.3478,1,0,162.0263,-0.13671875,-0.375,0,0,0,0,20,20,6,1,a,Il paziente ha preso il Batatrim,Il paziente ha superato la crisi,,,,,,,,,,,,,,,,,,,,,,,,,,,,,,,,,,,,,,,,,,,,,,,,,,,,,,,,,,,,,,,,,,,,,,,,,,,,,,,,,,,,,,,
,,,,,,,,[(%PROLIFIC_PID,1,2025-04-16_21h32.10.753,CLTandFLE,2024.1.5,Win32,60.24096386,5e82288d93f92105424b8301,67ffc4c40efe1bd1090b10ee,68000532dbcbcbe8c3faa24b,,,,,,,,,,,,,,,,,,,,,,,,,,,,,,,,,,,,,,,,,,,318.5824,330.9883,12.4044,0,1,174.4307,0.131510417,-0.279947917,1,0,0,0,21,21,39,1,d,Il paziente non ha preso il Batatrim,Il paziente non ha superato la crisi,,,,,,,,,,,,,,,,,,,,,,,,,,,,,,,,,,,,,,,,,,,,,,,,,,,,,,,,,,,,,,,,,,,,,,,,,,,,,,,,,,,,,,,
,,,,,,,,[(%PROLIFIC_PID,1,2025-04-16_21h32.10.753,CLTandFLE,2024.1.5,Win32,60.24096386,5e82288d93f92105424b8301,67ffc4c40efe1bd1090b10ee,68000532dbcbcbe8c3faa24b,,,,,,,,,,,,,,,,,,,,,,,,,,,,,,,,,,,,,,,,,,,330.9892,336.5593,5.5694,1,0,180.0001,0.1171875,-0.4296875,0,0,0,0,22,22,19,1,b,Il paziente ha preso il Batatrim,Il paziente non ha superato la crisi,,,,,,,,,,,,,,,,,,,,,,,,,,,,,,,,,,,,,,,,,,,,,,,,,,,,,,,,,,,,,,,,,,,,,,,,,,,,,,,,,,,,,,,
,,,,,,,,[(%PROLIFIC_PID,1,2025-04-16_21h32.10.753,CLTandFLE,2024.1.5,Win32,60.24096386,5e82288d93f92105424b8301,67ffc4c40efe1bd1090b10ee,68000532dbcbcbe8c3faa24b,,,,,,,,,,,,,,,,,,,,,,,,,,,,,,,,,,,,,,,,,,,336.5605,342.0108,5.4499,1,0,185.45,-0.2734375,-0.079427083,0,0,0,0,23,23,18,1,b,Il paziente ha preso il Batatrim,Il paziente non ha superato la crisi,,,,,,,,,,,,,,,,,,,,,,,,,,,,,,,,,,,,,,,,,,,,,,,,,,,,,,,,,,,,,,,,,,,,,,,,,,,,,,,,,,,,,,,
,,,,,,,,[(%PROLIFIC_PID,1,2025-04-16_21h32.10.753,CLTandFLE,2024.1.5,Win32,60.24096386,5e82288d93f92105424b8301,67ffc4c40efe1bd1090b10ee,68000532dbcbcbe8c3faa24b,,,,,,,,,,,,,,,,,,,,,,,,,,,,,,,,,,,,,,,,,,,342.0112,347.3264,5.3145,1,0,190.7645,-0.2578125,-0.350260417,0,0,0,0,24,24,2,1,a,Il paziente ha preso il Batatrim,Il paziente ha superato la crisi,,,,,,,,,,,,,,,,,,,,,,,,,,,,,,,,,,,,,,,,,,,,,,,,,,,,,,,,,,,,,,,,,,,,,,,,,,,,,,,,,,,,,,,
,,,,,,,,[(%PROLIFIC_PID,1,2025-04-16_21h32.10.753,CLTandFLE,2024.1.5,Win32,60.24096386,5e82288d93f92105424b8301,67ffc4c40efe1bd1090b10ee,68000532dbcbcbe8c3faa24b,,,,,,,,,,,,,,,,,,,,,,,,,,,,,,,,,,,,,,,,,,,347.3276,352.9182,5.5903,1,0,196.3548,-0.177083333,-0.43359375,0,0,0,0,25,25,8,1,a,Il paziente ha preso il Batatrim,Il paziente ha superato la crisi,,,,,,,,,,,,,,,,,,,,,,,,,,,,,,,,,,,,,,,,,,,,,,,,,,,,,,,,,,,,,,,,,,,,,,,,,,,,,,,,,,,,,,,
,,,,,,,,[(%PROLIFIC_PID,1,2025-04-16_21h32.10.753,CLTandFLE,2024.1.5,Win32,60.24096386,5e82288d93f92105424b8301,67ffc4c40efe1bd1090b10ee,68000532dbcbcbe8c3faa24b,,,,,,,,,,,,,,,,,,,,,,,,,,,,,,,,,,,,,,,,,,,352.919,358.3264,5.4063,1,0,201.7611,0.076822917,-0.359375,0,0,0,0,26,26,7,1,a,Il paziente ha preso il Batatrim,Il paziente ha superato la crisi,,,,,,,,,,,,,,,,,,,,,,,,,,,,,,,,,,,,,,,,,,,,,,,,,,,,,,,,,,,,,,,,,,,,,,,,,,,,,,,,,,,,,,,
,,,,,,,,[(%PROLIFIC_PID,1,2025-04-16_21h32.10.753,CLTandFLE,2024.1.5,Win32,60.24096386,5e82288d93f92105424b8301,67ffc4c40efe1bd1090b10ee,68000532dbcbcbe8c3faa24b,,,,,,,,,,,,,,,,,,,,,,,,,,,,,,,,,,,,,,,,,,,358.3278,363.9433,5.6149,0,1,207.376,-0.020833333,-0.305989583,0,0,0,0,27,27,29,1,c,Il paziente non ha preso il Batatrim,Il paziente ha superato la crisi,,,,,,,,,,,,,,,,,,,,,,,,,,,,,,,,,,,,,,,,,,,,,,,,,,,,,,,,,,,,,,,,,,,,,,,,,,,,,,,,,,,,,,,
,,,,,,,,[(%PROLIFIC_PID,1,2025-04-16_21h32.10.753,CLTandFLE,2024.1.5,Win32,60.24096386,5e82288d93f92105424b8301,67ffc4c40efe1bd1090b10ee,68000532dbcbcbe8c3faa24b,,,,,,,,,,,,,,,,,,,,,,,,,,,,,,,,,,,,,,,,,,,363.9444,369.5618,5.617,0,1,212.993,-0.029947917,-0.369791667,0,0,0,0,28,28,23,1,c,Il paziente non ha preso il Batatrim,Il paziente ha superato la crisi,,,,,,,,,,,,,,,,,,,,,,,,,,,,,,,,,,,,,,,,,,,,,,,,,,,,,,,,,,,,,,,,,,,,,,,,,,,,,,,,,,,,,,,
,,,,,,,,[(%PROLIFIC_PID,1,2025-04-16_21h32.10.753,CLTandFLE,2024.1.5,Win32,60.24096386,5e82288d93f92105424b8301,67ffc4c40efe1bd1090b10ee,68000532dbcbcbe8c3faa24b,,,,,,,,,,,,,,,,,,,,,,,,,,,,,,,,,,,,,,,,,,,369.5627,375.038,5.4747,1,0,218.4677,-0.122395833,-0.26953125,0,0,0,0,29,29,32,1,c,Il paziente non ha preso il Batatrim,Il paziente ha superato la crisi,,,,,,,,,,,,,,,,,,,,,,,,,,,,,,,,,,,,,,,,,,,,,,,,,,,,,,,,,,,,,,,,,,,,,,,,,,,,,,,,,,,,,,,
,,,,,,,,[(%PROLIFIC_PID,1,2025-04-16_21h32.10.753,CLTandFLE,2024.1.5,Win32,60.24096386,5e82288d93f92105424b8301,67ffc4c40efe1bd1090b10ee,68000532dbcbcbe8c3faa24b,,,,,,,,,,,,,,,,,,,,,,,,,,,,,,,,,,,,,,,,,,,375.0391,380.2568,5.2166,1,0,223.6843,-0.170572917,-0.35546875,0,0,0,0,30,30,34,1,c,Il paziente non ha preso il Batatrim,Il paziente ha superato la crisi,,,,,,,,,,,,,,,,,,,,,,,,,,,,,,,,,,,,,,,,,,,,,,,,,,,,,,,,,,,,,,,,,,,,,,,,,,,,,,,,,,,,,,,
,,,,,,,,[(%PROLIFIC_PID,1,2025-04-16_21h32.10.753,CLTandFLE,2024.1.5,Win32,60.24096386,5e82288d93f92105424b8301,67ffc4c40efe1bd1090b10ee,68000532dbcbcbe8c3faa24b,,,,,,,,,,,,,,,,,,,,,,,,,,,,,,,,,,,,,,,,,,,380.2578,385.6986,5.4405,0,1,229.1248,0.046875,-0.305989583,0,0,0,0,31,31,31,1,c,Il paziente non ha preso il Batatrim,Il paziente ha superato la crisi,,,,,,,,,,,,,,,,,,,,,,,,,,,,,,,,,,,,,,,,,,,,,,,,,,,,,,,,,,,,,,,,,,,,,,,,,,,,,,,,,,,,,,,
,,,,,,,,[(%PROLIFIC_PID,1,2025-04-16_21h32.10.753,CLTandFLE,2024.1.5,Win32,60.24096386,5e82288d93f92105424b8301,67ffc4c40efe1bd1090b10ee,68000532dbcbcbe8c3faa24b,,,,,,,,,,,,,,,,,,,,,,,,,,,,,,,,,,,,,,,,,,,385.7006,392.1697,6.4684,1,0,235.5932,-0.013020833,-0.345052083,0,0,0,0,32,32,30,1,c,Il paziente non ha preso il Batatrim,Il paziente ha superato la crisi,,,,,,,,,,,,,,,,,,,,,,,,,,,,,,,,,,,,,,,,,,,,,,,,,,,,,,,,,,,,,,,,,,,,,,,,,,,,,,,,,,,,,,,
,,,,,,,,[(%PROLIFIC_PID,1,2025-04-16_21h32.10.753,CLTandFLE,2024.1.5,Win32,60.24096386,5e82288d93f92105424b8301,67ffc4c40efe1bd1090b10ee,68000532dbcbcbe8c3faa24b,,,,,,,,,,,,,,,,,,,,,,,,,,,,,,,,,,,,,,,,,,,392.1704,399.2827,7.1116,0,1,242.7048,-0.11328125,-0.447916667,0,0,0,0,33,33,26,1,c,Il paziente non ha preso il Batatrim,Il paziente ha superato la crisi,,,,,,,,,,,,,,,,,,,,,,,,,,,,,,,,,,,,,,,,,,,,,,,,,,,,,,,,,,,,,,,,,,,,,,,,,,,,,,,,,,,,,,,
,,,,,,,,[(%PROLIFIC_PID,1,2025-04-16_21h32.10.753,CLTandFLE,2024.1.5,Win32,60.24096386,5e82288d93f92105424b8301,67ffc4c40efe1bd1090b10ee,68000532dbcbcbe8c3faa24b,,,,,,,,,,,,,,,,,,,,,,,,,,,,,,,,,,,,,,,,,,,399.2844,404.9464,5.6605,1,0,248.3653,-0.006510417,-0.369791667,0,0,0,0,34,34,35,1,d,Il paziente non ha preso il Batatrim,Il paziente non ha superato la crisi,,,,,,,,,,,,,,,,,,,,,,,,,,,,,,,,,,,,,,,,,,,,,,,,,,,,,,,,,,,,,,,,,,,,,,,,,,,,,,,,,,,,,,,
,,,,,,,,[(%PROLIFIC_PID,1,2025-04-16_21h32.10.753,CLTandFLE,2024.1.5,Win32,60.24096386,5e82288d93f92105424b8301,67ffc4c40efe1bd1090b10ee,68000532dbcbcbe8c3faa24b,,,,,,,,,,,,,,,,,,,,,,,,,,,,,,,,,,,,,,,,,,,404.9476,414.4051,9.4564,0,1,257.8217,0.01171875,-0.401041667,0,0,0,0,35,35,3,1,a,Il paziente ha preso il Batatrim,Il paziente ha superato la crisi,,,,,,,,,,,,,,,,,,,,,,,,,,,,,,,,,,,,,,,,,,,,,,,,,,,,,,,,,,,,,,,,,,,,,,,,,,,,,,,,,,,,,,,
,,,,,,,,[(%PROLIFIC_PID,1,2025-04-16_21h32.10.753,CLTandFLE,2024.1.5,Win32,60.24096386,5e82288d93f92105424b8301,67ffc4c40efe1bd1090b10ee,68000532dbcbcbe8c3faa24b,,,,,,,,,,,,,,,,,,,,,,,,,,,,,,,,,,,,,,,,,,,414.4059,419.6406,5.2342,1,0,263.0559,-0.1484375,-0.317708333,0,0,0,0,36,36,24,1,c,Il paziente non ha preso il Batatrim,Il paziente ha superato la crisi,,,,,,,,,,,,,,,,,,,,,,,,,,,,,,,,,,,,,,,,,,,,,,,,,,,,,,,,,,,,,,,,,,,,,,,,,,,,,,,,,,,,,,,
,,,,,,,,[(%PROLIFIC_PID,1,2025-04-16_21h32.10.753,CLTandFLE,2024.1.5,Win32,60.24096386,5e82288d93f92105424b8301,67ffc4c40efe1bd1090b10ee,68000532dbcbcbe8c3faa24b,,,,,,,,,,,,,,,,,,,,,,,,,,,,,,,,,,,,,,,,,,,419.6411,425.4578,5.8165,0,1,268.8724,-0.096354167,-0.3671875,0,0,0,0,37,37,37,1,d,Il paziente non ha preso il Batatrim,Il paziente non ha superato la crisi,,,,,,,,,,,,,,,,,,,,,,,,,,,,,,,,,,,,,,,,,,,,,,,,,,,,,,,,,,,,,,,,,,,,,,,,,,,,,,,,,,,,,,,
,,,,,,,,[(%PROLIFIC_PID,1,2025-04-16_21h32.10.753,CLTandFLE,2024.1.5,Win32,60.24096386,5e82288d93f92105424b8301,67ffc4c40efe1bd1090b10ee,68000532dbcbcbe8c3faa24b,,,,,,,,,,,,,,,,,,,,,,,,,,,,,,,,,,,,,,,,,,,425.4582,430.5194,5.0604,0,1,273.9328,-0.0546875,-0.3828125,0,0,0,0,38,38,22,1,c,Il paziente non ha preso il Batatrim,Il paziente ha superato la crisi,,,,,,,,,,,,,,,,,,,,,,,,,,,,,,,,,,,,,,,,,,,,,,,,,,,,,,,,,,,,,,,,,,,,,,,,,,,,,,,,,,,,,,,
,,,,,,,,[(%PROLIFIC_PID,1,2025-04-16_21h32.10.753,CLTandFLE,2024.1.5,Win32,60.24096386,5e82288d93f92105424b8301,67ffc4c40efe1bd1090b10ee,68000532dbcbcbe8c3faa24b,,,,,,,,,,,,,,,,,,,,,,,,,,,,,,,,,,,,,,,,,,,430.5204,447.1496,16.6288,0,1,290.5616,-0.00390625,-0.278645833,0,0,0,0,39,39,4,1,a,Il paziente ha preso il Batatrim,Il paziente ha superato la crisi,,,,,,,,,,,,,,,,,,,,,,,,,,,,,,,,,,,,,,,,,,,,,,,,,,,,,,,,,,,,,,,,,,,,,,,,,,,,,,,,,,,,,,,
,,,,,,,,[(%PROLIFIC_PID,1,2025-04-16_21h32.10.753,CLTandFLE,2024.1.5,Win32,60.24096386,5e82288d93f92105424b8301,67ffc4c40efe1bd1090b10ee,68000532dbcbcbe8c3faa24b,,469.4696,470.469,,,,,,,,,,,,,,,,,,,,,,,,,,,,,,,,,,,,,,,,,,,,,,,,,,,,,,,,,,,448.1425,457.9075,9.7637,53,9.1232,-0.018229167,-0.162760417,0,0,1,458.9059,469.4695,10.5631,95,8.9372,0.075520833,-0.151041667,0,0,1,8,6,7,6,0,0,0,0,1,,,,,,,,,,,,,,,,,,,,,,,,,,,,,,,,,,,,,,,,,,,,,,,,,,,,,,,,,,
,,,,,,,,[(%PROLIFIC_PID,1,2025-04-16_21h32.10.753,CLTandFLE,2024.1.5,Win32,60.24096386,5e82288d93f92105424b8301,67ffc4c40efe1bd1090b10ee,68000532dbcbcbe8c3faa24b,,658.1073,659.1031,,,,,,,,,,,,,,,,,,,,,,,,,,,,,,,,,,,,,,,,,,,,,,,,,,,,,,,,,,,,,,,,,,,,,,,,,,,,,,,,,,,,,,,,518.5072,547.9671,29.4583,6,27.9309,-0.022135417,-0.229166667,1,0,0,31,Maschio,No,18,"Sì, l'ho ottenuta più di due anni fa",B2 CEFR (5.5 - 6 IELTS),TRUE,FALSE,8,9,8,6,4,FALSE,Conferma,c1ok,c2ok,c3ok,c4err2,c5ok,c6ok,c7ok,c8err3,c9ok,c10ok,c11err2,c12ok,c13ok,c14ok,c15err3,c16err3,c17err2,c18ok,c19err2,c20err,c21err2,c22ok,c23err2,c24err,c25err3,c26ok,1142.8446,1149.5092,0,0,0,0,1
