﻿Alfa.started,Alfa.stopped,alfa_mouse.x,alfa_mouse.y,alfa_mouse.leftButton,alfa_mouse.midButton,alfa_mouse.rightButton,alfa_mouse.clicked_name,participant,group,date,expName,psychopyVersion,OS,frameRate,PROLIFIC_PID,STUDY_ID,SESSION_ID,)],ITI.started,ITI.stopped,B_consensoinformato.started,B_consensoinformato.stopped,tempo_consenso,cons_mouse.x,cons_mouse.y,cons_mouse.leftButton,cons_mouse.midButton,cons_mouse.rightButton,A_benvenuto.started,A_benvenuto.stopped,ben_mouse.x,ben_mouse.y,ben_mouse.leftButton,ben_mouse.midButton,ben_mouse.rightButton,B2_istruzioni.started,B2_istruzioni.stopped,tempo_istru,cons_mouse_2.x,cons_mouse_2.y,cons_mouse_2.leftButton,cons_mouse_2.midButton,cons_mouse_2.rightButton,SAMevaluation.started,SAMevaluation.stopped,temposam,sliderintensity.response,sliderintensity.rt,slidervalence.response,slidervalence.rt,mouse_sam.x,mouse_sam.y,mouse_sam.leftButton,mouse_sam.midButton,mouse_sam.rightButton,mouse_sam.time,mouse_sam.clicked_name,Loading.started,Loading.stopped,C_associative_task.started,C_associative_task.stopped,tempo_trial,hapremutosi,hapremutono,tempo_tasktot,mouse.x,mouse.y,mouse.leftButton,mouse.midButton,mouse.rightButton,trials.thisRepN,trials.thisTrialN,trials.thisN,trials.thisIndex,trials.ran,cond,causa,effetto,D_VD.started,D_VD.stopped,tempo_vd,vd.response,vd.rt,mouse_vd.x,mouse_vd.y,mouse_vd.leftButton,mouse_vd.midButton,mouse_vd.rightButton,Previous.started,Previous.stopped,tempo_vd1,previous.response,previous.rt,mouse_vd_2.x,mouse_vd_2.y,mouse_vd_2.leftButton,mouse_vd_2.midButton,mouse_vd_2.rightButton,EstITA.TrialSN,EstITA.TrialD,EstITA.TrialNS,EstITA.TrialSS,itaest.thisRepN,itaest.thisTrialN,itaest.thisN,itaest.thisIndex,itaest.ran,PF.started,PF.stopped,tempo_pf,processfluency.response,processfluency.rt,mouse_ch.x,mouse_ch.y,mouse_ch.leftButton,mouse_ch.midButton,mouse_ch.rightButton,Questionario_Lingua.Age,Questionario_Lingua.Sesso,Questionario_Lingua.StaiStudiando?,Questionario_Lingua.Anniscolarita,Questionario_Lingua.Diploma,Questionario_Lingua.ItaMADRE?,Questionario_Lingua.INGmadre?,Questionario_Lingua.Q5(AOAIng),Questionario_Lingua.INGLETTURA,Questionario_Lingua.INGCOMPRESO,Questionario_Lingua.INGSCRITTO,Questionario_Lingua.INGPARLATO,Questionario_Lingua.haivissutoestero,ProvaInglese.ProcediamoENg,ProvaInglese.C1,ProvaInglese.C2,ProvaInglese.C3,ProvaInglese.C4,ProvaInglese.C5,ProvaInglese.C6,ProvaInglese.C7,ProvaInglese.C8,ProvaInglese.C9,ProvaInglese.C10,ProvaInglese.C11,ProvaInglese.C12,ProvaInglese.C13,ProvaInglese.C14,ProvaInglese.C15,ProvaInglese.C16,ProvaInglese.C17,ProvaInglese.C18,ProvaInglese.C19,ProvaInglese.C20,ProvaInglese.C21,ProvaInglese.C22,ProvaInglese.C23,ProvaInglese.C24,ProvaInglese.C25,ProvaInglese.controlquestion,Ant_lastquestion.started,Ant_lastquestion.stopped,exp_loop.thisRepN,exp_loop.thisTrialN,exp_loop.thisN,exp_loop.thisIndex,exp_loop.ran
0.0005,12.6643,-0.055555556,-0.001851852,1,0,0,alfa_mask,[(%PROLIFIC_PID,1,2025-04-16_18h52.23.071,CLTandFLE,2024.1.5,Win32,59.88023952,5f64a76a72434804865f1db1,67ffc4c40efe1bd1090b10ee,67ffe01e6fabde2f34892c29,,,,,,,,,,,,,,,,,,,,,,,,,,,,,,,,,,,,,,,,,,,,,,,,,,,,,,,,,,,,,,,,,,,,,,,,,,,,,,,,,,,,,,,,,,,,,,,,,,,,,,,,,,,,,,,,,,,,,,,,,,,,,,,,,,,,,,,,,,,,,,,,,,,
,,,,,,,,[(%PROLIFIC_PID,1,2025-04-16_18h52.23.071,CLTandFLE,2024.1.5,Win32,59.88023952,5f64a76a72434804865f1db1,67ffc4c40efe1bd1090b10ee,67ffe01e6fabde2f34892c29,,12.6645,13.664,,,,,,,,,,,,,,,,,,,,,,,,,,,,,,,,,,,,,,,,,,,,,,,,,,,,,,,,,,,,,,,,,,,,,,,,,,,,,,,,,,,,,,,,,,,,,,,,,,,,,,,,,,,,,,,,,,,,,,,,,,,,,,,,,,,,,,,,,,,,,,,,
,,,,,,,,[(%PROLIFIC_PID,1,2025-04-16_18h52.23.071,CLTandFLE,2024.1.5,Win32,59.88023952,5f64a76a72434804865f1db1,67ffc4c40efe1bd1090b10ee,67ffe01e6fabde2f34892c29,,,,13.6643,32.6777,19.0112,0.278703704,-0.388888889,1,0,0,,,,,,,,,,,,,,,,,,,,,,,,,,,,,,,,,,,,,,,,,,,,,,,,,,,,,,,,,,,,,,,,,,,,,,,,,,,,,,,,,,,,,,,,,,,,,,,,,,,,,,,,,,,,,,,,,,,,,,,,,,,,,,,,,,,,,,,,
,,,,,,,,[(%PROLIFIC_PID,1,2025-04-16_18h52.23.071,CLTandFLE,2024.1.5,Win32,59.88023952,5f64a76a72434804865f1db1,67ffc4c40efe1bd1090b10ee,67ffe01e6fabde2f34892c29,,205.2494,206.2496,,,,,,,,,33.6784,105.1485,0.02962963,-0.116666667,1,0,0,106.1504,164.0604,57.9078,-0.012962963,-0.387962963,1,0,0,165.0595,197.2597,32.1976,0.541666667,31.126,0.537037037,25.7315,"[0.02962962962962963,0.03333333333333333,-0.008333333333333333]","[0.20185185185185187,-0.005555555555555556,-0.20185185185185187]","[1,1,1]","[0,0,0]","[0,0,0]","[25.631,30.994600000023837,32.17960000002384]","[""slidervalence"",""sliderintensity"",""rettoksam""]",198.2585,205.2493,206.3002,214.7413,8.4407,0,1,8.4407,0.008333333,-0.111111111,0,0,0,0,0,0,30,1,c,Il paziente non ha preso il Batatrim,Il paziente ha superato la crisi,,,,,,,,,,,,,,,,,,,,,,,,,,,,,,,,,,,,,,,,,,,,,,,,,,,,,,,,,,,,,,,,,,,,,,,,,,,,,,,,,,,,,,
,,,,,,,,[(%PROLIFIC_PID,1,2025-04-16_18h52.23.071,CLTandFLE,2024.1.5,Win32,59.88023952,5f64a76a72434804865f1db1,67ffc4c40efe1bd1090b10ee,67ffe01e6fabde2f34892c29,,,,,,,,,,,,,,,,,,,,,,,,,,,,,,,,,,,,,,,,,,,214.7417,221.4977,6.7559,1,0,15.1966,-0.035185185,-0.049074074,0,0,0,0,1,1,0,1,a,Il paziente ha preso il Batatrim,Il paziente ha superato la crisi,,,,,,,,,,,,,,,,,,,,,,,,,,,,,,,,,,,,,,,,,,,,,,,,,,,,,,,,,,,,,,,,,,,,,,,,,,,,,,,,,,,,,,
,,,,,,,,[(%PROLIFIC_PID,1,2025-04-16_18h52.23.071,CLTandFLE,2024.1.5,Win32,59.88023952,5f64a76a72434804865f1db1,67ffc4c40efe1bd1090b10ee,67ffe01e6fabde2f34892c29,,,,,,,,,,,,,,,,,,,,,,,,,,,,,,,,,,,,,,,,,,,221.4982,227.2034,5.705,0,1,20.9016,0.044444444,-0.049074074,0,0,0,0,2,2,5,1,a,Il paziente ha preso il Batatrim,Il paziente ha superato la crisi,,,,,,,,,,,,,,,,,,,,,,,,,,,,,,,,,,,,,,,,,,,,,,,,,,,,,,,,,,,,,,,,,,,,,,,,,,,,,,,,,,,,,,
,,,,,,,,[(%PROLIFIC_PID,1,2025-04-16_18h52.23.071,CLTandFLE,2024.1.5,Win32,59.88023952,5f64a76a72434804865f1db1,67ffc4c40efe1bd1090b10ee,67ffe01e6fabde2f34892c29,,,,,,,,,,,,,,,,,,,,,,,,,,,,,,,,,,,,,,,,,,,227.2039,232.8591,5.655,0,1,26.5566,-0.010185185,-0.034259259,0,0,0,0,3,3,31,1,c,Il paziente non ha preso il Batatrim,Il paziente ha superato la crisi,,,,,,,,,,,,,,,,,,,,,,,,,,,,,,,,,,,,,,,,,,,,,,,,,,,,,,,,,,,,,,,,,,,,,,,,,,,,,,,,,,,,,,
,,,,,,,,[(%PROLIFIC_PID,1,2025-04-16_18h52.23.071,CLTandFLE,2024.1.5,Win32,59.88023952,5f64a76a72434804865f1db1,67ffc4c40efe1bd1090b10ee,67ffe01e6fabde2f34892c29,,,,,,,,,,,,,,,,,,,,,,,,,,,,,,,,,,,,,,,,,,,232.8594,237.6047,4.7452,1,0,31.3018,0.035185185,-0.017592593,0,0,0,0,4,4,38,1,d,Il paziente non ha preso il Batatrim,Il paziente non ha superato la crisi,,,,,,,,,,,,,,,,,,,,,,,,,,,,,,,,,,,,,,,,,,,,,,,,,,,,,,,,,,,,,,,,,,,,,,,,,,,,,,,,,,,,,,
,,,,,,,,[(%PROLIFIC_PID,1,2025-04-16_18h52.23.071,CLTandFLE,2024.1.5,Win32,59.88023952,5f64a76a72434804865f1db1,67ffc4c40efe1bd1090b10ee,67ffe01e6fabde2f34892c29,,,,,,,,,,,,,,,,,,,,,,,,,,,,,,,,,,,,,,,,,,,237.6051,244.3126,6.7073,0,1,38.0091,-0.000925926,-0.00462963,0,0,0,0,5,5,35,1,d,Il paziente non ha preso il Batatrim,Il paziente non ha superato la crisi,,,,,,,,,,,,,,,,,,,,,,,,,,,,,,,,,,,,,,,,,,,,,,,,,,,,,,,,,,,,,,,,,,,,,,,,,,,,,,,,,,,,,,
,,,,,,,,[(%PROLIFIC_PID,1,2025-04-16_18h52.23.071,CLTandFLE,2024.1.5,Win32,59.88023952,5f64a76a72434804865f1db1,67ffc4c40efe1bd1090b10ee,67ffe01e6fabde2f34892c29,,,,,,,,,,,,,,,,,,,,,,,,,,,,,,,,,,,,,,,,,,,244.3129,249.8186,5.5055,1,0,43.5146,0.022222222,0.00462963,0,0,0,0,6,6,37,1,d,Il paziente non ha preso il Batatrim,Il paziente non ha superato la crisi,,,,,,,,,,,,,,,,,,,,,,,,,,,,,,,,,,,,,,,,,,,,,,,,,,,,,,,,,,,,,,,,,,,,,,,,,,,,,,,,,,,,,,
,,,,,,,,[(%PROLIFIC_PID,1,2025-04-16_18h52.23.071,CLTandFLE,2024.1.5,Win32,59.88023952,5f64a76a72434804865f1db1,67ffc4c40efe1bd1090b10ee,67ffe01e6fabde2f34892c29,,,,,,,,,,,,,,,,,,,,,,,,,,,,,,,,,,,,,,,,,,,249.819,254.8571,5.0379,0,1,48.5525,-0.02962963,-0.001851852,0,0,0,0,7,7,28,1,c,Il paziente non ha preso il Batatrim,Il paziente ha superato la crisi,,,,,,,,,,,,,,,,,,,,,,,,,,,,,,,,,,,,,,,,,,,,,,,,,,,,,,,,,,,,,,,,,,,,,,,,,,,,,,,,,,,,,,
,,,,,,,,[(%PROLIFIC_PID,1,2025-04-16_18h52.23.071,CLTandFLE,2024.1.5,Win32,59.88023952,5f64a76a72434804865f1db1,67ffc4c40efe1bd1090b10ee,67ffe01e6fabde2f34892c29,,,,,,,,,,,,,,,,,,,,,,,,,,,,,,,,,,,,,,,,,,,254.8573,260.0482,5.1907,0,1,53.7432,0.012962963,0.003703704,0,0,0,0,8,8,22,1,c,Il paziente non ha preso il Batatrim,Il paziente ha superato la crisi,,,,,,,,,,,,,,,,,,,,,,,,,,,,,,,,,,,,,,,,,,,,,,,,,,,,,,,,,,,,,,,,,,,,,,,,,,,,,,,,,,,,,,
,,,,,,,,[(%PROLIFIC_PID,1,2025-04-16_18h52.23.071,CLTandFLE,2024.1.5,Win32,59.88023952,5f64a76a72434804865f1db1,67ffc4c40efe1bd1090b10ee,67ffe01e6fabde2f34892c29,,,,,,,,,,,,,,,,,,,,,,,,,,,,,,,,,,,,,,,,,,,260.0486,265.4083,5.3596,1,0,59.1028,-0.011111111,-0.023148148,0,0,0,0,9,9,6,1,a,Il paziente ha preso il Batatrim,Il paziente ha superato la crisi,,,,,,,,,,,,,,,,,,,,,,,,,,,,,,,,,,,,,,,,,,,,,,,,,,,,,,,,,,,,,,,,,,,,,,,,,,,,,,,,,,,,,,
,,,,,,,,[(%PROLIFIC_PID,1,2025-04-16_18h52.23.071,CLTandFLE,2024.1.5,Win32,59.88023952,5f64a76a72434804865f1db1,67ffc4c40efe1bd1090b10ee,67ffe01e6fabde2f34892c29,,,,,,,,,,,,,,,,,,,,,,,,,,,,,,,,,,,,,,,,,,,265.4087,270.8306,5.4218,0,1,64.5246,-0.025,-0.008333333,0,0,0,0,10,10,34,1,c,Il paziente non ha preso il Batatrim,Il paziente ha superato la crisi,,,,,,,,,,,,,,,,,,,,,,,,,,,,,,,,,,,,,,,,,,,,,,,,,,,,,,,,,,,,,,,,,,,,,,,,,,,,,,,,,,,,,,
,,,,,,,,[(%PROLIFIC_PID,1,2025-04-16_18h52.23.071,CLTandFLE,2024.1.5,Win32,59.88023952,5f64a76a72434804865f1db1,67ffc4c40efe1bd1090b10ee,67ffe01e6fabde2f34892c29,,,,,,,,,,,,,,,,,,,,,,,,,,,,,,,,,,,,,,,,,,,270.8309,275.4851,4.654,1,0,69.1786,0.027777778,-0.012037037,0,0,0,0,11,11,10,1,a,Il paziente ha preso il Batatrim,Il paziente ha superato la crisi,,,,,,,,,,,,,,,,,,,,,,,,,,,,,,,,,,,,,,,,,,,,,,,,,,,,,,,,,,,,,,,,,,,,,,,,,,,,,,,,,,,,,,
,,,,,,,,[(%PROLIFIC_PID,1,2025-04-16_18h52.23.071,CLTandFLE,2024.1.5,Win32,59.88023952,5f64a76a72434804865f1db1,67ffc4c40efe1bd1090b10ee,67ffe01e6fabde2f34892c29,,,,,,,,,,,,,,,,,,,,,,,,,,,,,,,,,,,,,,,,,,,275.4854,280.6234,5.1379,1,0,74.3165,-0.003703704,-0.008333333,0,0,0,0,12,12,9,1,a,Il paziente ha preso il Batatrim,Il paziente ha superato la crisi,,,,,,,,,,,,,,,,,,,,,,,,,,,,,,,,,,,,,,,,,,,,,,,,,,,,,,,,,,,,,,,,,,,,,,,,,,,,,,,,,,,,,,
,,,,,,,,[(%PROLIFIC_PID,1,2025-04-16_18h52.23.071,CLTandFLE,2024.1.5,Win32,59.88023952,5f64a76a72434804865f1db1,67ffc4c40efe1bd1090b10ee,67ffe01e6fabde2f34892c29,,,,,,,,,,,,,,,,,,,,,,,,,,,,,,,,,,,,,,,,,,,280.6237,285.4858,4.8619,0,1,79.1784,0.001851852,-0.034259259,0,0,0,0,13,13,15,1,b,Il paziente ha preso il Batatrim,Il paziente non ha superato la crisi,,,,,,,,,,,,,,,,,,,,,,,,,,,,,,,,,,,,,,,,,,,,,,,,,,,,,,,,,,,,,,,,,,,,,,,,,,,,,,,,,,,,,,
,,,,,,,,[(%PROLIFIC_PID,1,2025-04-16_18h52.23.071,CLTandFLE,2024.1.5,Win32,59.88023952,5f64a76a72434804865f1db1,67ffc4c40efe1bd1090b10ee,67ffe01e6fabde2f34892c29,,,,,,,,,,,,,,,,,,,,,,,,,,,,,,,,,,,,,,,,,,,285.4862,290.4166,4.9302,1,0,84.1086,0.047222222,-0.024074074,0,0,0,0,14,14,25,1,c,Il paziente non ha preso il Batatrim,Il paziente ha superato la crisi,,,,,,,,,,,,,,,,,,,,,,,,,,,,,,,,,,,,,,,,,,,,,,,,,,,,,,,,,,,,,,,,,,,,,,,,,,,,,,,,,,,,,,
,,,,,,,,[(%PROLIFIC_PID,1,2025-04-16_18h52.23.071,CLTandFLE,2024.1.5,Win32,59.88023952,5f64a76a72434804865f1db1,67ffc4c40efe1bd1090b10ee,67ffe01e6fabde2f34892c29,,,,,,,,,,,,,,,,,,,,,,,,,,,,,,,,,,,,,,,,,,,290.4168,295.2381,4.8213,0,1,88.9299,0.02962963,-0.023148148,0,0,0,0,15,15,29,1,c,Il paziente non ha preso il Batatrim,Il paziente ha superato la crisi,,,,,,,,,,,,,,,,,,,,,,,,,,,,,,,,,,,,,,,,,,,,,,,,,,,,,,,,,,,,,,,,,,,,,,,,,,,,,,,,,,,,,,
,,,,,,,,[(%PROLIFIC_PID,1,2025-04-16_18h52.23.071,CLTandFLE,2024.1.5,Win32,59.88023952,5f64a76a72434804865f1db1,67ffc4c40efe1bd1090b10ee,67ffe01e6fabde2f34892c29,,,,,,,,,,,,,,,,,,,,,,,,,,,,,,,,,,,,,,,,,,,295.2385,300.4767,5.2381,1,0,94.168,-0.012037037,-0.024074074,0,0,0,0,16,16,8,1,a,Il paziente ha preso il Batatrim,Il paziente ha superato la crisi,,,,,,,,,,,,,,,,,,,,,,,,,,,,,,,,,,,,,,,,,,,,,,,,,,,,,,,,,,,,,,,,,,,,,,,,,,,,,,,,,,,,,,
,,,,,,,,[(%PROLIFIC_PID,1,2025-04-16_18h52.23.071,CLTandFLE,2024.1.5,Win32,59.88023952,5f64a76a72434804865f1db1,67ffc4c40efe1bd1090b10ee,67ffe01e6fabde2f34892c29,,,,,,,,,,,,,,,,,,,,,,,,,,,,,,,,,,,,,,,,,,,300.477,305.3816,4.9044,0,1,99.0724,-0.057407407,-0.006481481,0,0,0,0,17,17,21,1,c,Il paziente non ha preso il Batatrim,Il paziente ha superato la crisi,,,,,,,,,,,,,,,,,,,,,,,,,,,,,,,,,,,,,,,,,,,,,,,,,,,,,,,,,,,,,,,,,,,,,,,,,,,,,,,,,,,,,,
,,,,,,,,[(%PROLIFIC_PID,1,2025-04-16_18h52.23.071,CLTandFLE,2024.1.5,Win32,59.88023952,5f64a76a72434804865f1db1,67ffc4c40efe1bd1090b10ee,67ffe01e6fabde2f34892c29,,,,,,,,,,,,,,,,,,,,,,,,,,,,,,,,,,,,,,,,,,,305.3819,309.5524,4.1704,1,0,103.2428,-0.032407407,-0.006481481,0,0,0,0,18,18,17,1,b,Il paziente ha preso il Batatrim,Il paziente non ha superato la crisi,,,,,,,,,,,,,,,,,,,,,,,,,,,,,,,,,,,,,,,,,,,,,,,,,,,,,,,,,,,,,,,,,,,,,,,,,,,,,,,,,,,,,,
,,,,,,,,[(%PROLIFIC_PID,1,2025-04-16_18h52.23.071,CLTandFLE,2024.1.5,Win32,59.88023952,5f64a76a72434804865f1db1,67ffc4c40efe1bd1090b10ee,67ffe01e6fabde2f34892c29,,,,,,,,,,,,,,,,,,,,,,,,,,,,,,,,,,,,,,,,,,,309.5528,314.841,5.2882,1,0,108.531,-0.007407407,-0.025,0,0,0,0,19,19,7,1,a,Il paziente ha preso il Batatrim,Il paziente ha superato la crisi,,,,,,,,,,,,,,,,,,,,,,,,,,,,,,,,,,,,,,,,,,,,,,,,,,,,,,,,,,,,,,,,,,,,,,,,,,,,,,,,,,,,,,
,,,,,,,,[(%PROLIFIC_PID,1,2025-04-16_18h52.23.071,CLTandFLE,2024.1.5,Win32,59.88023952,5f64a76a72434804865f1db1,67ffc4c40efe1bd1090b10ee,67ffe01e6fabde2f34892c29,,,,,,,,,,,,,,,,,,,,,,,,,,,,,,,,,,,,,,,,,,,314.8414,319.2709,4.4293,1,0,112.9603,0.006481481,-0.016666667,0,0,0,0,20,20,3,1,a,Il paziente ha preso il Batatrim,Il paziente ha superato la crisi,,,,,,,,,,,,,,,,,,,,,,,,,,,,,,,,,,,,,,,,,,,,,,,,,,,,,,,,,,,,,,,,,,,,,,,,,,,,,,,,,,,,,,
,,,,,,,,[(%PROLIFIC_PID,1,2025-04-16_18h52.23.071,CLTandFLE,2024.1.5,Win32,59.88023952,5f64a76a72434804865f1db1,67ffc4c40efe1bd1090b10ee,67ffe01e6fabde2f34892c29,,,,,,,,,,,,,,,,,,,,,,,,,,,,,,,,,,,,,,,,,,,319.2713,323.6498,4.3784,1,0,117.3387,-0.014814815,-0.014814815,0,0,0,0,21,21,39,1,d,Il paziente non ha preso il Batatrim,Il paziente non ha superato la crisi,,,,,,,,,,,,,,,,,,,,,,,,,,,,,,,,,,,,,,,,,,,,,,,,,,,,,,,,,,,,,,,,,,,,,,,,,,,,,,,,,,,,,,
,,,,,,,,[(%PROLIFIC_PID,1,2025-04-16_18h52.23.071,CLTandFLE,2024.1.5,Win32,59.88023952,5f64a76a72434804865f1db1,67ffc4c40efe1bd1090b10ee,67ffe01e6fabde2f34892c29,,,,,,,,,,,,,,,,,,,,,,,,,,,,,,,,,,,,,,,,,,,323.65,328.3967,4.7466,1,0,122.0853,0.062037037,-0.02037037,0,0,0,0,22,22,13,1,a,Il paziente ha preso il Batatrim,Il paziente ha superato la crisi,,,,,,,,,,,,,,,,,,,,,,,,,,,,,,,,,,,,,,,,,,,,,,,,,,,,,,,,,,,,,,,,,,,,,,,,,,,,,,,,,,,,,,
,,,,,,,,[(%PROLIFIC_PID,1,2025-04-16_18h52.23.071,CLTandFLE,2024.1.5,Win32,59.88023952,5f64a76a72434804865f1db1,67ffc4c40efe1bd1090b10ee,67ffe01e6fabde2f34892c29,,,,,,,,,,,,,,,,,,,,,,,,,,,,,,,,,,,,,,,,,,,328.3971,333.1178,4.7206,0,1,126.8059,0.017592593,-0.017592593,0,0,0,0,23,23,23,1,c,Il paziente non ha preso il Batatrim,Il paziente ha superato la crisi,,,,,,,,,,,,,,,,,,,,,,,,,,,,,,,,,,,,,,,,,,,,,,,,,,,,,,,,,,,,,,,,,,,,,,,,,,,,,,,,,,,,,,
,,,,,,,,[(%PROLIFIC_PID,1,2025-04-16_18h52.23.071,CLTandFLE,2024.1.5,Win32,59.88023952,5f64a76a72434804865f1db1,67ffc4c40efe1bd1090b10ee,67ffe01e6fabde2f34892c29,,,,,,,,,,,,,,,,,,,,,,,,,,,,,,,,,,,,,,,,,,,333.118,337.3212,4.203,1,0,131.0089,-0.02962963,-0.025925926,0,0,0,0,24,24,20,1,c,Il paziente non ha preso il Batatrim,Il paziente ha superato la crisi,,,,,,,,,,,,,,,,,,,,,,,,,,,,,,,,,,,,,,,,,,,,,,,,,,,,,,,,,,,,,,,,,,,,,,,,,,,,,,,,,,,,,,
,,,,,,,,[(%PROLIFIC_PID,1,2025-04-16_18h52.23.071,CLTandFLE,2024.1.5,Win32,59.88023952,5f64a76a72434804865f1db1,67ffc4c40efe1bd1090b10ee,67ffe01e6fabde2f34892c29,,,,,,,,,,,,,,,,,,,,,,,,,,,,,,,,,,,,,,,,,,,337.3215,341.7431,4.4214,0,1,135.4303,-0.02037037,-0.023148148,0,0,0,0,25,25,4,1,a,Il paziente ha preso il Batatrim,Il paziente ha superato la crisi,,,,,,,,,,,,,,,,,,,,,,,,,,,,,,,,,,,,,,,,,,,,,,,,,,,,,,,,,,,,,,,,,,,,,,,,,,,,,,,,,,,,,,
,,,,,,,,[(%PROLIFIC_PID,1,2025-04-16_18h52.23.071,CLTandFLE,2024.1.5,Win32,59.88023952,5f64a76a72434804865f1db1,67ffc4c40efe1bd1090b10ee,67ffe01e6fabde2f34892c29,,,,,,,,,,,,,,,,,,,,,,,,,,,,,,,,,,,,,,,,,,,341.7436,346.2982,4.5545,1,0,139.9848,-0.021296296,-0.010185185,0,0,0,0,26,26,16,1,b,Il paziente ha preso il Batatrim,Il paziente non ha superato la crisi,,,,,,,,,,,,,,,,,,,,,,,,,,,,,,,,,,,,,,,,,,,,,,,,,,,,,,,,,,,,,,,,,,,,,,,,,,,,,,,,,,,,,,
,,,,,,,,[(%PROLIFIC_PID,1,2025-04-16_18h52.23.071,CLTandFLE,2024.1.5,Win32,59.88023952,5f64a76a72434804865f1db1,67ffc4c40efe1bd1090b10ee,67ffe01e6fabde2f34892c29,,,,,,,,,,,,,,,,,,,,,,,,,,,,,,,,,,,,,,,,,,,346.2987,351.3942,5.0955,1,0,145.0803,0.028703704,-0.046296296,0,0,0,0,27,27,18,1,b,Il paziente ha preso il Batatrim,Il paziente non ha superato la crisi,,,,,,,,,,,,,,,,,,,,,,,,,,,,,,,,,,,,,,,,,,,,,,,,,,,,,,,,,,,,,,,,,,,,,,,,,,,,,,,,,,,,,,
,,,,,,,,[(%PROLIFIC_PID,1,2025-04-16_18h52.23.071,CLTandFLE,2024.1.5,Win32,59.88023952,5f64a76a72434804865f1db1,67ffc4c40efe1bd1090b10ee,67ffe01e6fabde2f34892c29,,,,,,,,,,,,,,,,,,,,,,,,,,,,,,,,,,,,,,,,,,,351.3945,356.5494,5.1547,0,1,150.235,-0.052777778,-0.046296296,0,0,0,0,28,28,11,1,a,Il paziente ha preso il Batatrim,Il paziente ha superato la crisi,,,,,,,,,,,,,,,,,,,,,,,,,,,,,,,,,,,,,,,,,,,,,,,,,,,,,,,,,,,,,,,,,,,,,,,,,,,,,,,,,,,,,,
,,,,,,,,[(%PROLIFIC_PID,1,2025-04-16_18h52.23.071,CLTandFLE,2024.1.5,Win32,59.88023952,5f64a76a72434804865f1db1,67ffc4c40efe1bd1090b10ee,67ffe01e6fabde2f34892c29,,,,,,,,,,,,,,,,,,,,,,,,,,,,,,,,,,,,,,,,,,,356.5497,360.8613,4.3115,1,0,154.5465,0.031481481,-0.04537037,0,0,0,0,29,29,12,1,a,Il paziente ha preso il Batatrim,Il paziente ha superato la crisi,,,,,,,,,,,,,,,,,,,,,,,,,,,,,,,,,,,,,,,,,,,,,,,,,,,,,,,,,,,,,,,,,,,,,,,,,,,,,,,,,,,,,,
,,,,,,,,[(%PROLIFIC_PID,1,2025-04-16_18h52.23.071,CLTandFLE,2024.1.5,Win32,59.88023952,5f64a76a72434804865f1db1,67ffc4c40efe1bd1090b10ee,67ffe01e6fabde2f34892c29,,,,,,,,,,,,,,,,,,,,,,,,,,,,,,,,,,,,,,,,,,,360.8617,366.1343,5.2724,0,1,159.8189,-0.008333333,-0.037962963,0,0,0,0,30,30,24,1,c,Il paziente non ha preso il Batatrim,Il paziente ha superato la crisi,,,,,,,,,,,,,,,,,,,,,,,,,,,,,,,,,,,,,,,,,,,,,,,,,,,,,,,,,,,,,,,,,,,,,,,,,,,,,,,,,,,,,,
,,,,,,,,[(%PROLIFIC_PID,1,2025-04-16_18h52.23.071,CLTandFLE,2024.1.5,Win32,59.88023952,5f64a76a72434804865f1db1,67ffc4c40efe1bd1090b10ee,67ffe01e6fabde2f34892c29,,,,,,,,,,,,,,,,,,,,,,,,,,,,,,,,,,,,,,,,,,,366.1346,370.2465,4.1117,1,0,163.9306,0.030555556,-0.034259259,0,0,0,0,31,31,19,1,b,Il paziente ha preso il Batatrim,Il paziente non ha superato la crisi,,,,,,,,,,,,,,,,,,,,,,,,,,,,,,,,,,,,,,,,,,,,,,,,,,,,,,,,,,,,,,,,,,,,,,,,,,,,,,,,,,,,,,
,,,,,,,,[(%PROLIFIC_PID,1,2025-04-16_18h52.23.071,CLTandFLE,2024.1.5,Win32,59.88023952,5f64a76a72434804865f1db1,67ffc4c40efe1bd1090b10ee,67ffe01e6fabde2f34892c29,,,,,,,,,,,,,,,,,,,,,,,,,,,,,,,,,,,,,,,,,,,370.2468,375.0347,4.7877,1,0,168.7183,-0.001851852,-0.028703704,0,0,0,0,32,32,26,1,c,Il paziente non ha preso il Batatrim,Il paziente ha superato la crisi,,,,,,,,,,,,,,,,,,,,,,,,,,,,,,,,,,,,,,,,,,,,,,,,,,,,,,,,,,,,,,,,,,,,,,,,,,,,,,,,,,,,,,
,,,,,,,,[(%PROLIFIC_PID,1,2025-04-16_18h52.23.071,CLTandFLE,2024.1.5,Win32,59.88023952,5f64a76a72434804865f1db1,67ffc4c40efe1bd1090b10ee,67ffe01e6fabde2f34892c29,,,,,,,,,,,,,,,,,,,,,,,,,,,,,,,,,,,,,,,,,,,375.035,379.1888,4.1536,0,1,172.8719,0.012037037,-0.031481481,0,0,0,0,33,33,32,1,c,Il paziente non ha preso il Batatrim,Il paziente ha superato la crisi,,,,,,,,,,,,,,,,,,,,,,,,,,,,,,,,,,,,,,,,,,,,,,,,,,,,,,,,,,,,,,,,,,,,,,,,,,,,,,,,,,,,,,
,,,,,,,,[(%PROLIFIC_PID,1,2025-04-16_18h52.23.071,CLTandFLE,2024.1.5,Win32,59.88023952,5f64a76a72434804865f1db1,67ffc4c40efe1bd1090b10ee,67ffe01e6fabde2f34892c29,,,,,,,,,,,,,,,,,,,,,,,,,,,,,,,,,,,,,,,,,,,379.1891,383.6433,4.454,1,0,177.3259,0.018518519,-0.035185185,0,0,0,0,34,34,27,1,c,Il paziente non ha preso il Batatrim,Il paziente ha superato la crisi,,,,,,,,,,,,,,,,,,,,,,,,,,,,,,,,,,,,,,,,,,,,,,,,,,,,,,,,,,,,,,,,,,,,,,,,,,,,,,,,,,,,,,
,,,,,,,,[(%PROLIFIC_PID,1,2025-04-16_18h52.23.071,CLTandFLE,2024.1.5,Win32,59.88023952,5f64a76a72434804865f1db1,67ffc4c40efe1bd1090b10ee,67ffe01e6fabde2f34892c29,,,,,,,,,,,,,,,,,,,,,,,,,,,,,,,,,,,,,,,,,,,383.6436,388.4235,4.7798,0,1,182.1057,0.002777778,-0.043518519,0,0,0,0,35,35,14,1,b,Il paziente ha preso il Batatrim,Il paziente ha superato la crisi,,,,,,,,,,,,,,,,,,,,,,,,,,,,,,,,,,,,,,,,,,,,,,,,,,,,,,,,,,,,,,,,,,,,,,,,,,,,,,,,,,,,,,
,,,,,,,,[(%PROLIFIC_PID,1,2025-04-16_18h52.23.071,CLTandFLE,2024.1.5,Win32,59.88023952,5f64a76a72434804865f1db1,67ffc4c40efe1bd1090b10ee,67ffe01e6fabde2f34892c29,,,,,,,,,,,,,,,,,,,,,,,,,,,,,,,,,,,,,,,,,,,388.4239,392.995,4.5709,1,0,186.6766,-0.009259259,-0.044444444,0,0,0,0,36,36,33,1,c,Il paziente non ha preso il Batatrim,Il paziente ha superato la crisi,,,,,,,,,,,,,,,,,,,,,,,,,,,,,,,,,,,,,,,,,,,,,,,,,,,,,,,,,,,,,,,,,,,,,,,,,,,,,,,,,,,,,,
,,,,,,,,[(%PROLIFIC_PID,1,2025-04-16_18h52.23.071,CLTandFLE,2024.1.5,Win32,59.88023952,5f64a76a72434804865f1db1,67ffc4c40efe1bd1090b10ee,67ffe01e6fabde2f34892c29,,,,,,,,,,,,,,,,,,,,,,,,,,,,,,,,,,,,,,,,,,,392.9954,397.6219,4.6262,1,0,191.3028,-0.006481481,-0.041666667,0,0,0,0,37,37,36,1,d,Il paziente non ha preso il Batatrim,Il paziente non ha superato la crisi,,,,,,,,,,,,,,,,,,,,,,,,,,,,,,,,,,,,,,,,,,,,,,,,,,,,,,,,,,,,,,,,,,,,,,,,,,,,,,,,,,,,,,
,,,,,,,,[(%PROLIFIC_PID,1,2025-04-16_18h52.23.071,CLTandFLE,2024.1.5,Win32,59.88023952,5f64a76a72434804865f1db1,67ffc4c40efe1bd1090b10ee,67ffe01e6fabde2f34892c29,,,,,,,,,,,,,,,,,,,,,,,,,,,,,,,,,,,,,,,,,,,397.6222,402.145,4.5227,1,0,195.8255,-0.005555556,-0.042592593,0,0,0,0,38,38,1,1,a,Il paziente ha preso il Batatrim,Il paziente ha superato la crisi,,,,,,,,,,,,,,,,,,,,,,,,,,,,,,,,,,,,,,,,,,,,,,,,,,,,,,,,,,,,,,,,,,,,,,,,,,,,,,,,,,,,,,
,,,,,,,,[(%PROLIFIC_PID,1,2025-04-16_18h52.23.071,CLTandFLE,2024.1.5,Win32,59.88023952,5f64a76a72434804865f1db1,67ffc4c40efe1bd1090b10ee,67ffe01e6fabde2f34892c29,,,,,,,,,,,,,,,,,,,,,,,,,,,,,,,,,,,,,,,,,,,402.1452,406.441,4.2955,1,0,200.121,0.037962963,-0.034259259,0,0,0,0,39,39,2,1,a,Il paziente ha preso il Batatrim,Il paziente ha superato la crisi,,,,,,,,,,,,,,,,,,,,,,,,,,,,,,,,,,,,,,,,,,,,,,,,,,,,,,,,,,,,,,,,,,,,,,,,,,,,,,,,,,,,,,
,,,,,,,,[(%PROLIFIC_PID,1,2025-04-16_18h52.23.071,CLTandFLE,2024.1.5,Win32,59.88023952,5f64a76a72434804865f1db1,67ffc4c40efe1bd1090b10ee,67ffe01e6fabde2f34892c29,,442.7881,443.7866,,,,,,,,,,,,,,,,,,,,,,,,,,,,,,,,,,,,,,,,,,,,,,,,,,,,,,,,,,,407.4351,423.1673,15.7313,43,14.2509,-0.025925926,-0.20462963,1,0,0,424.1678,442.7877,18.6184,78,17.7749,-0.042592593,-0.200925926,1,0,0,8,7,6,12,0,0,0,0,1,,,,,,,,,,,,,,,,,,,,,,,,,,,,,,,,,,,,,,,,,,,,,,,,,,,,,,,,,
,,,,,,,,[(%PROLIFIC_PID,1,2025-04-16_18h52.23.071,CLTandFLE,2024.1.5,Win32,59.88023952,5f64a76a72434804865f1db1,67ffc4c40efe1bd1090b10ee,67ffe01e6fabde2f34892c29,,629.891,630.8909,,,,,,,,,,,,,,,,,,,,,,,,,,,,,,,,,,,,,,,,,,,,,,,,,,,,,,,,,,,,,,,,,,,,,,,,,,,,,,,,,,,,,,,,512.4065,520.9561,8.5488,2,7.6045,-0.07037037,-0.218518519,1,0,0,38,Maschio,No,16,No,TRUE,FALSE,11,6,5,5,2,FALSE,Conferma,c1ok,c2ok,c3ok,c4ok,c5ok,c6ok,c7ok,c8ok,c9ok,c10ok,c11ok,c12err,c13ok,c14err2,c15ok,c16ok,c17ok,c18ok,c19ok,c20ok,c21err,c22ok,c23ok,c24err3,c25err3,c26err3,926.0488,931.5084,0,0,0,0,1
