﻿Alfa.started,Alfa.stopped,alfa_mouse.x,alfa_mouse.y,alfa_mouse.leftButton,alfa_mouse.midButton,alfa_mouse.rightButton,alfa_mouse.clicked_name,participant,group,date,expName,psychopyVersion,OS,frameRate,PROLIFIC_PID,STUDY_ID,SESSION_ID,)],ITI.started,ITI.stopped,B_consensoinformato.started,B_consensoinformato.stopped,tempo_consenso,cons_mouse.x,cons_mouse.y,cons_mouse.leftButton,cons_mouse.midButton,cons_mouse.rightButton,A_benvenuto.started,A_benvenuto.stopped,ben_mouse.x,ben_mouse.y,ben_mouse.leftButton,ben_mouse.midButton,ben_mouse.rightButton,B2_istruzioni.started,B2_istruzioni.stopped,tempo_istru,cons_mouse_2.x,cons_mouse_2.y,cons_mouse_2.leftButton,cons_mouse_2.midButton,cons_mouse_2.rightButton,SAMevaluation.started,SAMevaluation.stopped,temposam,sliderintensity.response,sliderintensity.rt,slidervalence.response,slidervalence.rt,mouse_sam.x,mouse_sam.y,mouse_sam.leftButton,mouse_sam.midButton,mouse_sam.rightButton,mouse_sam.time,mouse_sam.clicked_name,Loading.started,Loading.stopped,C_associative_task.started,C_associative_task.stopped,tempo_trial,hapremutosi,hapremutono,tempo_tasktot,mouse.x,mouse.y,mouse.leftButton,mouse.midButton,mouse.rightButton,trials.thisRepN,trials.thisTrialN,trials.thisN,trials.thisIndex,trials.ran,cond,causa,effetto,D_VD.started,D_VD.stopped,tempo_vd,vd.response,vd.rt,mouse_vd.x,mouse_vd.y,mouse_vd.leftButton,mouse_vd.midButton,mouse_vd.rightButton,Previous.started,Previous.stopped,tempo_vd1,previous.response,previous.rt,mouse_vd_2.x,mouse_vd_2.y,mouse_vd_2.leftButton,mouse_vd_2.midButton,mouse_vd_2.rightButton,EstENG.TrialSS,EstENG.TrialNS,EstENG.TrialSN,EstENG.TrialNN,ingesta.thisRepN,ingesta.thisTrialN,ingesta.thisN,ingesta.thisIndex,ingesta.ran,PF.started,PF.stopped,tempo_pf,processfluency.response,processfluency.rt,mouse_ch.x,mouse_ch.y,mouse_ch.leftButton,mouse_ch.midButton,mouse_ch.rightButton,Questionario_Lingua.Age,Questionario_Lingua.Sesso,Questionario_Lingua.StaiStudiando?,Questionario_Lingua.Anniscolarita,Questionario_Lingua.Diploma,Questionario_Lingua.Punteggiodiploma,Questionario_Lingua.ItaMADRE?,Questionario_Lingua.INGmadre?,Questionario_Lingua.Q5(AOAIng),Questionario_Lingua.INGLETTURA,Questionario_Lingua.INGCOMPRESO,Questionario_Lingua.INGSCRITTO,Questionario_Lingua.INGPARLATO,Questionario_Lingua.haivissutoestero,ProvaInglese.ProcediamoENg,ProvaInglese.C1,ProvaInglese.C2,ProvaInglese.C3,ProvaInglese.C4,ProvaInglese.C5,ProvaInglese.C6,ProvaInglese.C7,ProvaInglese.C8,ProvaInglese.C9,ProvaInglese.C10,ProvaInglese.C11,ProvaInglese.C12,ProvaInglese.C13,ProvaInglese.C14,ProvaInglese.C15,ProvaInglese.C16,ProvaInglese.C17,ProvaInglese.C18,ProvaInglese.C19,ProvaInglese.C20,ProvaInglese.C21,ProvaInglese.C22,ProvaInglese.C23,ProvaInglese.C24,ProvaInglese.C25,ProvaInglese.controlquestion,Ant_lastquestion.started,Ant_lastquestion.stopped,exp_loop.thisRepN,exp_loop.thisTrialN,exp_loop.thisN,exp_loop.thisIndex,exp_loop.ran
0.005,5.614,-0.07222225,-0.035185178,1,0,0,alfa_mask,[(%PROLIFIC_PID,2,2025-04-16_20h55.25.479,CLTandFLE,2024.1.5,Win32,60.0240096,612d5712d75b6c46b4cefc63,67ffc4c40efe1bd1090b10ee,67fffd0af0e766de1e987eda,,,,,,,,,,,,,,,,,,,,,,,,,,,,,,,,,,,,,,,,,,,,,,,,,,,,,,,,,,,,,,,,,,,,,,,,,,,,,,,,,,,,,,,,,,,,,,,,,,,,,,,,,,,,,,,,,,,,,,,,,,,,,,,,,,,,,,,,,,,,,,,,,,,,
,,,,,,,,[(%PROLIFIC_PID,2,2025-04-16_20h55.25.479,CLTandFLE,2024.1.5,Win32,60.0240096,612d5712d75b6c46b4cefc63,67ffc4c40efe1bd1090b10ee,67fffd0af0e766de1e987eda,,5.615,6.609,,,,,,,,,,,,,,,,,,,,,,,,,,,,,,,,,,,,,,,,,,,,,,,,,,,,,,,,,,,,,,,,,,,,,,,,,,,,,,,,,,,,,,,,,,,,,,,,,,,,,,,,,,,,,,,,,,,,,,,,,,,,,,,,,,,,,,,,,,,,,,,,,
,,,,,,,,[(%PROLIFIC_PID,2,2025-04-16_20h55.25.479,CLTandFLE,2024.1.5,Win32,60.0240096,612d5712d75b6c46b4cefc63,67ffc4c40efe1bd1090b10ee,67fffd0af0e766de1e987eda,,,,6.609,12.69,6.081,0.246296282,-0.375925912,1,0,0,,,,,,,,,,,,,,,,,,,,,,,,,,,,,,,,,,,,,,,,,,,,,,,,,,,,,,,,,,,,,,,,,,,,,,,,,,,,,,,,,,,,,,,,,,,,,,,,,,,,,,,,,,,,,,,,,,,,,,,,,,,,,,,,,,,,,,,,,
,,,,,,,,[(%PROLIFIC_PID,2,2025-04-16_20h55.25.479,CLTandFLE,2024.1.5,Win32,60.0240096,612d5712d75b6c46b4cefc63,67ffc4c40efe1bd1090b10ee,67fffd0af0e766de1e987eda,,66.582,67.582,,,,,,,,,13.689,16.251,-0.012037065,0.02407406,1,0,0,17.238,46.493,29.254,-0.014814801,-0.425925926,1,0,0,47.491,58.587,11.095,0.291666667,9.043,0.38310187,5.844,"[0.010185171056676793,-0.004629629629629629,0.05370373196072049]","[0.20277779190628617,-0.015740747804994935,-0.21574076899775751]","[1,1,1]","[0,0,0]","[0,0,0]","[4.632000000000005,7.4310000000000045,11.079999999999998]","[""slidervalence"",""rettoksam""]",59.585,66.582,67.618,75.371,7.753,0,1,7.753,0.070370356,-0.136111083,0,0,0,0,0,0,28,1,c,The patient has not taken Batatrim,The patient has overcome the crisis,,,,,,,,,,,,,,,,,,,,,,,,,,,,,,,,,,,,,,,,,,,,,,,,,,,,,,,,,,,,,,,,,,,,,,,,,,,,,,,,,,,,,,,
,,,,,,,,[(%PROLIFIC_PID,2,2025-04-16_20h55.25.479,CLTandFLE,2024.1.5,Win32,60.0240096,612d5712d75b6c46b4cefc63,67ffc4c40efe1bd1090b10ee,67fffd0af0e766de1e987eda,,,,,,,,,,,,,,,,,,,,,,,,,,,,,,,,,,,,,,,,,,,75.375,82.489,7.114,1,0,14.867,-0.141666695,-0.034259266,0,0,0,0,1,1,30,1,c,The patient has not taken Batatrim,The patient has overcome the crisis,,,,,,,,,,,,,,,,,,,,,,,,,,,,,,,,,,,,,,,,,,,,,,,,,,,,,,,,,,,,,,,,,,,,,,,,,,,,,,,,,,,,,,,
,,,,,,,,[(%PROLIFIC_PID,2,2025-04-16_20h55.25.479,CLTandFLE,2024.1.5,Win32,60.0240096,612d5712d75b6c46b4cefc63,67ffc4c40efe1bd1090b10ee,67fffd0af0e766de1e987eda,,,,,,,,,,,,,,,,,,,,,,,,,,,,,,,,,,,,,,,,,,,82.49,88.698,6.208,0,1,21.075,-0.087037051,-0.175000014,0,0,0,0,2,2,4,1,a,The patient has taken Batatrim,The patient has overcome the crisis,,,,,,,,,,,,,,,,,,,,,,,,,,,,,,,,,,,,,,,,,,,,,,,,,,,,,,,,,,,,,,,,,,,,,,,,,,,,,,,,,,,,,,,
,,,,,,,,[(%PROLIFIC_PID,2,2025-04-16_20h55.25.479,CLTandFLE,2024.1.5,Win32,60.0240096,612d5712d75b6c46b4cefc63,67ffc4c40efe1bd1090b10ee,67fffd0af0e766de1e987eda,,,,,,,,,,,,,,,,,,,,,,,,,,,,,,,,,,,,,,,,,,,88.7,94.404,5.704,1,0,26.779,0.107407393,-0.207407422,0,0,0,0,3,3,3,1,a,The patient has taken Batatrim,The patient has overcome the crisis,,,,,,,,,,,,,,,,,,,,,,,,,,,,,,,,,,,,,,,,,,,,,,,,,,,,,,,,,,,,,,,,,,,,,,,,,,,,,,,,,,,,,,,
,,,,,,,,[(%PROLIFIC_PID,2,2025-04-16_20h55.25.479,CLTandFLE,2024.1.5,Win32,60.0240096,612d5712d75b6c46b4cefc63,67ffc4c40efe1bd1090b10ee,67fffd0af0e766de1e987eda,,,,,,,,,,,,,,,,,,,,,,,,,,,,,,,,,,,,,,,,,,,94.405,100.022,5.617,1,0,32.396,-0.132407436,-0.050925926,0,0,0,0,4,4,21,1,c,The patient has not taken Batatrim,The patient has overcome the crisis,,,,,,,,,,,,,,,,,,,,,,,,,,,,,,,,,,,,,,,,,,,,,,,,,,,,,,,,,,,,,,,,,,,,,,,,,,,,,,,,,,,,,,,
,,,,,,,,[(%PROLIFIC_PID,2,2025-04-16_20h55.25.479,CLTandFLE,2024.1.5,Win32,60.0240096,612d5712d75b6c46b4cefc63,67ffc4c40efe1bd1090b10ee,67fffd0af0e766de1e987eda,,,,,,,,,,,,,,,,,,,,,,,,,,,,,,,,,,,,,,,,,,,100.023,104.534,4.51,1,0,36.906,-0.132407436,-0.050925926,0,0,0,0,5,5,22,1,c,The patient has not taken Batatrim,The patient has overcome the crisis,,,,,,,,,,,,,,,,,,,,,,,,,,,,,,,,,,,,,,,,,,,,,,,,,,,,,,,,,,,,,,,,,,,,,,,,,,,,,,,,,,,,,,,
,,,,,,,,[(%PROLIFIC_PID,2,2025-04-16_20h55.25.479,CLTandFLE,2024.1.5,Win32,60.0240096,612d5712d75b6c46b4cefc63,67ffc4c40efe1bd1090b10ee,67fffd0af0e766de1e987eda,,,,,,,,,,,,,,,,,,,,,,,,,,,,,,,,,,,,,,,,,,,104.537,109.329,4.792,1,0,41.698,-0.132407436,-0.050925926,0,0,0,0,6,6,39,1,d,The patient has not taken Batatrim,The patient has not overcome the crisis,,,,,,,,,,,,,,,,,,,,,,,,,,,,,,,,,,,,,,,,,,,,,,,,,,,,,,,,,,,,,,,,,,,,,,,,,,,,,,,,,,,,,,,
,,,,,,,,[(%PROLIFIC_PID,2,2025-04-16_20h55.25.479,CLTandFLE,2024.1.5,Win32,60.0240096,612d5712d75b6c46b4cefc63,67ffc4c40efe1bd1090b10ee,67fffd0af0e766de1e987eda,,,,,,,,,,,,,,,,,,,,,,,,,,,,,,,,,,,,,,,,,,,109.33,114.337,5.007,1,0,46.705,-0.132407436,-0.050925926,0,0,0,0,7,7,14,1,b,The patient has taken Batatrim,The patient has overcome the crisis,,,,,,,,,,,,,,,,,,,,,,,,,,,,,,,,,,,,,,,,,,,,,,,,,,,,,,,,,,,,,,,,,,,,,,,,,,,,,,,,,,,,,,,
,,,,,,,,[(%PROLIFIC_PID,2,2025-04-16_20h55.25.479,CLTandFLE,2024.1.5,Win32,60.0240096,612d5712d75b6c46b4cefc63,67ffc4c40efe1bd1090b10ee,67fffd0af0e766de1e987eda,,,,,,,,,,,,,,,,,,,,,,,,,,,,,,,,,,,,,,,,,,,114.338,118.833,4.495,1,0,51.2,-0.132407436,-0.050925926,0,0,0,0,8,8,8,1,a,The patient has taken Batatrim,The patient has overcome the crisis,,,,,,,,,,,,,,,,,,,,,,,,,,,,,,,,,,,,,,,,,,,,,,,,,,,,,,,,,,,,,,,,,,,,,,,,,,,,,,,,,,,,,,,
,,,,,,,,[(%PROLIFIC_PID,2,2025-04-16_20h55.25.479,CLTandFLE,2024.1.5,Win32,60.0240096,612d5712d75b6c46b4cefc63,67ffc4c40efe1bd1090b10ee,67fffd0af0e766de1e987eda,,,,,,,,,,,,,,,,,,,,,,,,,,,,,,,,,,,,,,,,,,,118.834,123.478,4.644,1,0,55.844,-0.132407436,-0.050925926,0,0,0,0,9,9,5,1,a,The patient has taken Batatrim,The patient has overcome the crisis,,,,,,,,,,,,,,,,,,,,,,,,,,,,,,,,,,,,,,,,,,,,,,,,,,,,,,,,,,,,,,,,,,,,,,,,,,,,,,,,,,,,,,,
,,,,,,,,[(%PROLIFIC_PID,2,2025-04-16_20h55.25.479,CLTandFLE,2024.1.5,Win32,60.0240096,612d5712d75b6c46b4cefc63,67ffc4c40efe1bd1090b10ee,67fffd0af0e766de1e987eda,,,,,,,,,,,,,,,,,,,,,,,,,,,,,,,,,,,,,,,,,,,123.479,127.885,4.406,1,0,60.25,-0.12962963,-0.066666674,0,0,0,0,10,10,20,1,c,The patient has not taken Batatrim,The patient has overcome the crisis,,,,,,,,,,,,,,,,,,,,,,,,,,,,,,,,,,,,,,,,,,,,,,,,,,,,,,,,,,,,,,,,,,,,,,,,,,,,,,,,,,,,,,,
,,,,,,,,[(%PROLIFIC_PID,2,2025-04-16_20h55.25.479,CLTandFLE,2024.1.5,Win32,60.0240096,612d5712d75b6c46b4cefc63,67ffc4c40efe1bd1090b10ee,67fffd0af0e766de1e987eda,,,,,,,,,,,,,,,,,,,,,,,,,,,,,,,,,,,,,,,,,,,127.886,132.568,4.682,1,0,64.932,-0.147222236,-0.053703697,0,0,0,0,11,11,15,1,b,The patient has taken Batatrim,The patient has not overcome the crisis,,,,,,,,,,,,,,,,,,,,,,,,,,,,,,,,,,,,,,,,,,,,,,,,,,,,,,,,,,,,,,,,,,,,,,,,,,,,,,,,,,,,,,,
,,,,,,,,[(%PROLIFIC_PID,2,2025-04-16_20h55.25.479,CLTandFLE,2024.1.5,Win32,60.0240096,612d5712d75b6c46b4cefc63,67ffc4c40efe1bd1090b10ee,67fffd0af0e766de1e987eda,,,,,,,,,,,,,,,,,,,,,,,,,,,,,,,,,,,,,,,,,,,132.569,137.148,4.578,1,0,69.51,-0.147222236,-0.053703697,0,0,0,0,12,12,1,1,a,The patient has taken Batatrim,The patient has overcome the crisis,,,,,,,,,,,,,,,,,,,,,,,,,,,,,,,,,,,,,,,,,,,,,,,,,,,,,,,,,,,,,,,,,,,,,,,,,,,,,,,,,,,,,,,
,,,,,,,,[(%PROLIFIC_PID,2,2025-04-16_20h55.25.479,CLTandFLE,2024.1.5,Win32,60.0240096,612d5712d75b6c46b4cefc63,67ffc4c40efe1bd1090b10ee,67fffd0af0e766de1e987eda,,,,,,,,,,,,,,,,,,,,,,,,,,,,,,,,,,,,,,,,,,,137.152,141.773,4.621,1,0,74.131,-0.140740712,-0.071296303,0,0,0,0,13,13,35,1,d,The patient has not taken Batatrim,The patient has not overcome the crisis,,,,,,,,,,,,,,,,,,,,,,,,,,,,,,,,,,,,,,,,,,,,,,,,,,,,,,,,,,,,,,,,,,,,,,,,,,,,,,,,,,,,,,,
,,,,,,,,[(%PROLIFIC_PID,2,2025-04-16_20h55.25.479,CLTandFLE,2024.1.5,Win32,60.0240096,612d5712d75b6c46b4cefc63,67ffc4c40efe1bd1090b10ee,67fffd0af0e766de1e987eda,,,,,,,,,,,,,,,,,,,,,,,,,,,,,,,,,,,,,,,,,,,141.775,146.978,5.202,1,0,79.333,-0.14444443,-0.050925926,0,0,0,0,14,14,12,1,a,The patient has taken Batatrim,The patient has overcome the crisis,,,,,,,,,,,,,,,,,,,,,,,,,,,,,,,,,,,,,,,,,,,,,,,,,,,,,,,,,,,,,,,,,,,,,,,,,,,,,,,,,,,,,,,
,,,,,,,,[(%PROLIFIC_PID,2,2025-04-16_20h55.25.479,CLTandFLE,2024.1.5,Win32,60.0240096,612d5712d75b6c46b4cefc63,67ffc4c40efe1bd1090b10ee,67fffd0af0e766de1e987eda,,,,,,,,,,,,,,,,,,,,,,,,,,,,,,,,,,,,,,,,,,,146.979,151.422,4.443,1,0,83.776,0.066666638,0.012962977,0,0,0,0,15,15,18,1,b,The patient has taken Batatrim,The patient has not overcome the crisis,,,,,,,,,,,,,,,,,,,,,,,,,,,,,,,,,,,,,,,,,,,,,,,,,,,,,,,,,,,,,,,,,,,,,,,,,,,,,,,,,,,,,,,
,,,,,,,,[(%PROLIFIC_PID,2,2025-04-16_20h55.25.479,CLTandFLE,2024.1.5,Win32,60.0240096,612d5712d75b6c46b4cefc63,67ffc4c40efe1bd1090b10ee,67fffd0af0e766de1e987eda,,,,,,,,,,,,,,,,,,,,,,,,,,,,,,,,,,,,,,,,,,,151.423,156.806,5.383,0,1,89.159,0.175925926,-0.050000014,0,0,0,0,16,16,16,1,b,The patient has taken Batatrim,The patient has not overcome the crisis,,,,,,,,,,,,,,,,,,,,,,,,,,,,,,,,,,,,,,,,,,,,,,,,,,,,,,,,,,,,,,,,,,,,,,,,,,,,,,,,,,,,,,,
,,,,,,,,[(%PROLIFIC_PID,2,2025-04-16_20h55.25.479,CLTandFLE,2024.1.5,Win32,60.0240096,612d5712d75b6c46b4cefc63,67ffc4c40efe1bd1090b10ee,67fffd0af0e766de1e987eda,,,,,,,,,,,,,,,,,,,,,,,,,,,,,,,,,,,,,,,,,,,156.807,165.347,8.539,0,1,97.698,0.175925926,-0.050000014,0,0,0,0,17,17,37,1,d,The patient has not taken Batatrim,The patient has not overcome the crisis,,,,,,,,,,,,,,,,,,,,,,,,,,,,,,,,,,,,,,,,,,,,,,,,,,,,,,,,,,,,,,,,,,,,,,,,,,,,,,,,,,,,,,,
,,,,,,,,[(%PROLIFIC_PID,2,2025-04-16_20h55.25.479,CLTandFLE,2024.1.5,Win32,60.0240096,612d5712d75b6c46b4cefc63,67ffc4c40efe1bd1090b10ee,67fffd0af0e766de1e987eda,,,,,,,,,,,,,,,,,,,,,,,,,,,,,,,,,,,,,,,,,,,165.348,170.903,5.554,1,0,103.252,-0.24537037,-0.021296289,0,0,0,0,18,18,11,1,a,The patient has taken Batatrim,The patient has overcome the crisis,,,,,,,,,,,,,,,,,,,,,,,,,,,,,,,,,,,,,,,,,,,,,,,,,,,,,,,,,,,,,,,,,,,,,,,,,,,,,,,,,,,,,,,
,,,,,,,,[(%PROLIFIC_PID,2,2025-04-16_20h55.25.479,CLTandFLE,2024.1.5,Win32,60.0240096,612d5712d75b6c46b4cefc63,67ffc4c40efe1bd1090b10ee,67fffd0af0e766de1e987eda,,,,,,,,,,,,,,,,,,,,,,,,,,,,,,,,,,,,,,,,,,,170.908,176.012,5.103,0,1,108.355,0.152777778,-0.02870369,0,0,0,0,19,19,29,1,c,The patient has not taken Batatrim,The patient has overcome the crisis,,,,,,,,,,,,,,,,,,,,,,,,,,,,,,,,,,,,,,,,,,,,,,,,,,,,,,,,,,,,,,,,,,,,,,,,,,,,,,,,,,,,,,,
,,,,,,,,[(%PROLIFIC_PID,2,2025-04-16_20h55.25.479,CLTandFLE,2024.1.5,Win32,60.0240096,612d5712d75b6c46b4cefc63,67ffc4c40efe1bd1090b10ee,67fffd0af0e766de1e987eda,,,,,,,,,,,,,,,,,,,,,,,,,,,,,,,,,,,,,,,,,,,176.013,181.42,5.407,1,0,113.762,-0.225000028,-0.046296296,0,0,0,0,20,20,6,1,a,The patient has taken Batatrim,The patient has overcome the crisis,,,,,,,,,,,,,,,,,,,,,,,,,,,,,,,,,,,,,,,,,,,,,,,,,,,,,,,,,,,,,,,,,,,,,,,,,,,,,,,,,,,,,,,
,,,,,,,,[(%PROLIFIC_PID,2,2025-04-16_20h55.25.479,CLTandFLE,2024.1.5,Win32,60.0240096,612d5712d75b6c46b4cefc63,67ffc4c40efe1bd1090b10ee,67fffd0af0e766de1e987eda,,,,,,,,,,,,,,,,,,,,,,,,,,,,,,,,,,,,,,,,,,,181.421,187.448,6.026,1,0,119.788,-0.225000028,-0.046296296,0,0,0,0,21,21,7,1,a,The patient has taken Batatrim,The patient has overcome the crisis,,,,,,,,,,,,,,,,,,,,,,,,,,,,,,,,,,,,,,,,,,,,,,,,,,,,,,,,,,,,,,,,,,,,,,,,,,,,,,,,,,,,,,,
,,,,,,,,[(%PROLIFIC_PID,2,2025-04-16_20h55.25.479,CLTandFLE,2024.1.5,Win32,60.0240096,612d5712d75b6c46b4cefc63,67ffc4c40efe1bd1090b10ee,67fffd0af0e766de1e987eda,,,,,,,,,,,,,,,,,,,,,,,,,,,,,,,,,,,,,,,,,,,187.448,192.289,4.841,1,0,124.629,-0.225000028,-0.046296296,0,0,0,0,22,22,10,1,a,The patient has taken Batatrim,The patient has overcome the crisis,,,,,,,,,,,,,,,,,,,,,,,,,,,,,,,,,,,,,,,,,,,,,,,,,,,,,,,,,,,,,,,,,,,,,,,,,,,,,,,,,,,,,,,
,,,,,,,,[(%PROLIFIC_PID,2,2025-04-16_20h55.25.479,CLTandFLE,2024.1.5,Win32,60.0240096,612d5712d75b6c46b4cefc63,67ffc4c40efe1bd1090b10ee,67fffd0af0e766de1e987eda,,,,,,,,,,,,,,,,,,,,,,,,,,,,,,,,,,,,,,,,,,,192.29,196.712,4.422,1,0,129.051,0.160185213,-0.026851866,0,0,0,0,23,23,17,1,b,The patient has taken Batatrim,The patient has not overcome the crisis,,,,,,,,,,,,,,,,,,,,,,,,,,,,,,,,,,,,,,,,,,,,,,,,,,,,,,,,,,,,,,,,,,,,,,,,,,,,,,,,,,,,,,,
,,,,,,,,[(%PROLIFIC_PID,2,2025-04-16_20h55.25.479,CLTandFLE,2024.1.5,Win32,60.0240096,612d5712d75b6c46b4cefc63,67ffc4c40efe1bd1090b10ee,67fffd0af0e766de1e987eda,,,,,,,,,,,,,,,,,,,,,,,,,,,,,,,,,,,,,,,,,,,196.714,201.307,4.592,0,1,133.643,0.098148134,-0.037037037,0,0,0,0,24,24,32,1,c,The patient has not taken Batatrim,The patient has overcome the crisis,,,,,,,,,,,,,,,,,,,,,,,,,,,,,,,,,,,,,,,,,,,,,,,,,,,,,,,,,,,,,,,,,,,,,,,,,,,,,,,,,,,,,,,
,,,,,,,,[(%PROLIFIC_PID,2,2025-04-16_20h55.25.479,CLTandFLE,2024.1.5,Win32,60.0240096,612d5712d75b6c46b4cefc63,67ffc4c40efe1bd1090b10ee,67fffd0af0e766de1e987eda,,,,,,,,,,,,,,,,,,,,,,,,,,,,,,,,,,,,,,,,,,,201.31,206.799,5.489,0,1,139.132,0.200925898,-0.027777778,0,0,0,0,25,25,38,1,d,The patient has not taken Batatrim,The patient has not overcome the crisis,,,,,,,,,,,,,,,,,,,,,,,,,,,,,,,,,,,,,,,,,,,,,,,,,,,,,,,,,,,,,,,,,,,,,,,,,,,,,,,,,,,,,,,
,,,,,,,,[(%PROLIFIC_PID,2,2025-04-16_20h55.25.479,CLTandFLE,2024.1.5,Win32,60.0240096,612d5712d75b6c46b4cefc63,67ffc4c40efe1bd1090b10ee,67fffd0af0e766de1e987eda,,,,,,,,,,,,,,,,,,,,,,,,,,,,,,,,,,,,,,,,,,,206.8,213.304,6.504,1,0,145.636,-0.162037037,-0.066666674,0,0,0,0,26,26,2,1,a,The patient has taken Batatrim,The patient has overcome the crisis,,,,,,,,,,,,,,,,,,,,,,,,,,,,,,,,,,,,,,,,,,,,,,,,,,,,,,,,,,,,,,,,,,,,,,,,,,,,,,,,,,,,,,,
,,,,,,,,[(%PROLIFIC_PID,2,2025-04-16_20h55.25.479,CLTandFLE,2024.1.5,Win32,60.0240096,612d5712d75b6c46b4cefc63,67ffc4c40efe1bd1090b10ee,67fffd0af0e766de1e987eda,,,,,,,,,,,,,,,,,,,,,,,,,,,,,,,,,,,,,,,,,,,213.305,218.609,5.303,0,1,150.939,-0.009259259,-0.15370369,0,0,0,0,27,27,31,1,c,The patient has not taken Batatrim,The patient has overcome the crisis,,,,,,,,,,,,,,,,,,,,,,,,,,,,,,,,,,,,,,,,,,,,,,,,,,,,,,,,,,,,,,,,,,,,,,,,,,,,,,,,,,,,,,,
,,,,,,,,[(%PROLIFIC_PID,2,2025-04-16_20h55.25.479,CLTandFLE,2024.1.5,Win32,60.0240096,612d5712d75b6c46b4cefc63,67ffc4c40efe1bd1090b10ee,67fffd0af0e766de1e987eda,,,,,,,,,,,,,,,,,,,,,,,,,,,,,,,,,,,,,,,,,,,218.609,224.791,6.182,1,0,157.121,-0.137037065,-0.047222208,0,0,0,0,28,28,9,1,a,The patient has taken Batatrim,The patient has overcome the crisis,,,,,,,,,,,,,,,,,,,,,,,,,,,,,,,,,,,,,,,,,,,,,,,,,,,,,,,,,,,,,,,,,,,,,,,,,,,,,,,,,,,,,,,
,,,,,,,,[(%PROLIFIC_PID,2,2025-04-16_20h55.25.479,CLTandFLE,2024.1.5,Win32,60.0240096,612d5712d75b6c46b4cefc63,67ffc4c40efe1bd1090b10ee,67fffd0af0e766de1e987eda,,,,,,,,,,,,,,,,,,,,,,,,,,,,,,,,,,,,,,,,,,,224.793,230.724,5.929,0,1,163.05,0.181481467,-0.039814808,0,0,0,0,29,29,23,1,c,The patient has not taken Batatrim,The patient has overcome the crisis,,,,,,,,,,,,,,,,,,,,,,,,,,,,,,,,,,,,,,,,,,,,,,,,,,,,,,,,,,,,,,,,,,,,,,,,,,,,,,,,,,,,,,,
,,,,,,,,[(%PROLIFIC_PID,2,2025-04-16_20h55.25.479,CLTandFLE,2024.1.5,Win32,60.0240096,612d5712d75b6c46b4cefc63,67ffc4c40efe1bd1090b10ee,67fffd0af0e766de1e987eda,,,,,,,,,,,,,,,,,,,,,,,,,,,,,,,,,,,,,,,,,,,230.728,235.485,4.756,0,1,167.806,0.181481467,-0.038888896,0,0,0,0,30,30,33,1,c,The patient has not taken Batatrim,The patient has overcome the crisis,,,,,,,,,,,,,,,,,,,,,,,,,,,,,,,,,,,,,,,,,,,,,,,,,,,,,,,,,,,,,,,,,,,,,,,,,,,,,,,,,,,,,,,
,,,,,,,,[(%PROLIFIC_PID,2,2025-04-16_20h55.25.479,CLTandFLE,2024.1.5,Win32,60.0240096,612d5712d75b6c46b4cefc63,67ffc4c40efe1bd1090b10ee,67fffd0af0e766de1e987eda,,,,,,,,,,,,,,,,,,,,,,,,,,,,,,,,,,,,,,,,,,,235.486,241.246,5.76,0,1,173.566,0.189814815,-0.041666667,0,0,0,0,31,31,36,1,d,The patient has not taken Batatrim,The patient has not overcome the crisis,,,,,,,,,,,,,,,,,,,,,,,,,,,,,,,,,,,,,,,,,,,,,,,,,,,,,,,,,,,,,,,,,,,,,,,,,,,,,,,,,,,,,,,
,,,,,,,,[(%PROLIFIC_PID,2,2025-04-16_20h55.25.479,CLTandFLE,2024.1.5,Win32,60.0240096,612d5712d75b6c46b4cefc63,67ffc4c40efe1bd1090b10ee,67fffd0af0e766de1e987eda,,,,,,,,,,,,,,,,,,,,,,,,,,,,,,,,,,,,,,,,,,,241.247,246.195,4.947,0,1,178.513,0.189814815,-0.041666667,1,0,0,0,32,32,26,1,c,The patient has not taken Batatrim,The patient has overcome the crisis,,,,,,,,,,,,,,,,,,,,,,,,,,,,,,,,,,,,,,,,,,,,,,,,,,,,,,,,,,,,,,,,,,,,,,,,,,,,,,,,,,,,,,,
,,,,,,,,[(%PROLIFIC_PID,2,2025-04-16_20h55.25.479,CLTandFLE,2024.1.5,Win32,60.0240096,612d5712d75b6c46b4cefc63,67ffc4c40efe1bd1090b10ee,67fffd0af0e766de1e987eda,,,,,,,,,,,,,,,,,,,,,,,,,,,,,,,,,,,,,,,,,,,246.196,251.083,4.887,0,1,183.4,0.14907406,-0.012962977,0,0,0,0,33,33,34,1,c,The patient has not taken Batatrim,The patient has overcome the crisis,,,,,,,,,,,,,,,,,,,,,,,,,,,,,,,,,,,,,,,,,,,,,,,,,,,,,,,,,,,,,,,,,,,,,,,,,,,,,,,,,,,,,,,
,,,,,,,,[(%PROLIFIC_PID,2,2025-04-16_20h55.25.479,CLTandFLE,2024.1.5,Win32,60.0240096,612d5712d75b6c46b4cefc63,67ffc4c40efe1bd1090b10ee,67fffd0af0e766de1e987eda,,,,,,,,,,,,,,,,,,,,,,,,,,,,,,,,,,,,,,,,,,,251.084,256.69,5.606,0,1,189.006,0.157407407,-0.030555548,0,0,0,0,34,34,27,1,c,The patient has not taken Batatrim,The patient has overcome the crisis,,,,,,,,,,,,,,,,,,,,,,,,,,,,,,,,,,,,,,,,,,,,,,,,,,,,,,,,,,,,,,,,,,,,,,,,,,,,,,,,,,,,,,,
,,,,,,,,[(%PROLIFIC_PID,2,2025-04-16_20h55.25.479,CLTandFLE,2024.1.5,Win32,60.0240096,612d5712d75b6c46b4cefc63,67ffc4c40efe1bd1090b10ee,67fffd0af0e766de1e987eda,,,,,,,,,,,,,,,,,,,,,,,,,,,,,,,,,,,,,,,,,,,256.691,262.384,5.691,0,1,194.697,0.049074102,-0.045370384,0,0,0,0,35,35,25,1,c,The patient has not taken Batatrim,The patient has overcome the crisis,,,,,,,,,,,,,,,,,,,,,,,,,,,,,,,,,,,,,,,,,,,,,,,,,,,,,,,,,,,,,,,,,,,,,,,,,,,,,,,,,,,,,,,
,,,,,,,,[(%PROLIFIC_PID,2,2025-04-16_20h55.25.479,CLTandFLE,2024.1.5,Win32,60.0240096,612d5712d75b6c46b4cefc63,67ffc4c40efe1bd1090b10ee,67fffd0af0e766de1e987eda,,,,,,,,,,,,,,,,,,,,,,,,,,,,,,,,,,,,,,,,,,,262.387,267.323,4.935,1,0,199.632,-0.12962963,-0.047222208,0,0,0,0,36,36,13,1,a,The patient has taken Batatrim,The patient has overcome the crisis,,,,,,,,,,,,,,,,,,,,,,,,,,,,,,,,,,,,,,,,,,,,,,,,,,,,,,,,,,,,,,,,,,,,,,,,,,,,,,,,,,,,,,,
,,,,,,,,[(%PROLIFIC_PID,2,2025-04-16_20h55.25.479,CLTandFLE,2024.1.5,Win32,60.0240096,612d5712d75b6c46b4cefc63,67ffc4c40efe1bd1090b10ee,67fffd0af0e766de1e987eda,,,,,,,,,,,,,,,,,,,,,,,,,,,,,,,,,,,,,,,,,,,267.324,272.677,5.353,0,1,204.985,0.190740727,-0.043518526,0,0,0,0,37,37,24,1,c,The patient has not taken Batatrim,The patient has overcome the crisis,,,,,,,,,,,,,,,,,,,,,,,,,,,,,,,,,,,,,,,,,,,,,,,,,,,,,,,,,,,,,,,,,,,,,,,,,,,,,,,,,,,,,,,
,,,,,,,,[(%PROLIFIC_PID,2,2025-04-16_20h55.25.479,CLTandFLE,2024.1.5,Win32,60.0240096,612d5712d75b6c46b4cefc63,67ffc4c40efe1bd1090b10ee,67fffd0af0e766de1e987eda,,,,,,,,,,,,,,,,,,,,,,,,,,,,,,,,,,,,,,,,,,,272.68,277.605,4.924,1,0,209.909,-0.141666695,-0.067592586,0,0,0,0,38,38,0,1,a,The patient has taken Batatrim,The patient has overcome the crisis,,,,,,,,,,,,,,,,,,,,,,,,,,,,,,,,,,,,,,,,,,,,,,,,,,,,,,,,,,,,,,,,,,,,,,,,,,,,,,,,,,,,,,,
,,,,,,,,[(%PROLIFIC_PID,2,2025-04-16_20h55.25.479,CLTandFLE,2024.1.5,Win32,60.0240096,612d5712d75b6c46b4cefc63,67ffc4c40efe1bd1090b10ee,67fffd0af0e766de1e987eda,,,,,,,,,,,,,,,,,,,,,,,,,,,,,,,,,,,,,,,,,,,277.607,282.272,4.664,1,0,214.573,-0.122222194,-0.037962949,0,0,0,0,39,39,19,1,b,The patient has taken Batatrim,The patient has not overcome the crisis,,,,,,,,,,,,,,,,,,,,,,,,,,,,,,,,,,,,,,,,,,,,,,,,,,,,,,,,,,,,,,,,,,,,,,,,,,,,,,,,,,,,,,,
,,,,,,,,[(%PROLIFIC_PID,2,2025-04-16_20h55.25.479,CLTandFLE,2024.1.5,Win32,60.0240096,612d5712d75b6c46b4cefc63,67ffc4c40efe1bd1090b10ee,67fffd0af0e766de1e987eda,,305.891,306.89,,,,,,,,,,,,,,,,,,,,,,,,,,,,,,,,,,,,,,,,,,,,,,,,,,,,,,,,,,,283.267,295.046,11.778,81,10.537,0.039814843,-0.158333319,1,0,0,296.045,305.891,9.845,87,8.673,0.013888889,-0.19722225,1,0,0,15,15,2,2,0,0,0,0,1,,,,,,,,,,,,,,,,,,,,,,,,,,,,,,,,,,,,,,,,,,,,,,,,,,,,,,,,,,
,,,,,,,,[(%PROLIFIC_PID,2,2025-04-16_20h55.25.479,CLTandFLE,2024.1.5,Win32,60.0240096,612d5712d75b6c46b4cefc63,67ffc4c40efe1bd1090b10ee,67fffd0af0e766de1e987eda,,421.254,422.238,,,,,,,,,,,,,,,,,,,,,,,,,,,,,,,,,,,,,,,,,,,,,,,,,,,,,,,,,,,,,,,,,,,,,,,,,,,,,,,,,,,,,,,,341.141,348.339,7.197,1,6.161,0.067592621,-0.258333347,1,0,0,23,Femmina,Sì,18,"Sì, l'ho ottenuta più di due anni fa",C1 CEFR (7 - 8 IELTS),TRUE,FALSE,5,9,10,8,10,FALSE,Conferma,c1ok,c2ok,c3ok,c4ok,c5ok,c6ok,c7ok,c8ok,c9ok,c10ok,c11ok,c12ok,c13ok,c14ok,c15ok,c16ok,c17ok,c18ok,c19ok,c20ok,c21err2,c22ok,c23ok,c24ok,c25ok,c26ok,603.843,610.403,0,0,0,0,1
