﻿Alfa.started,Alfa.stopped,alfa_mouse.x,alfa_mouse.y,alfa_mouse.leftButton,alfa_mouse.midButton,alfa_mouse.rightButton,alfa_mouse.clicked_name,participant,group,date,expName,psychopyVersion,OS,frameRate,PROLIFIC_PID,STUDY_ID,SESSION_ID,)],ITI.started,ITI.stopped,B_consensoinformato.started,B_consensoinformato.stopped,tempo_consenso,cons_mouse.x,cons_mouse.y,cons_mouse.leftButton,cons_mouse.midButton,cons_mouse.rightButton,A_benvenuto.started,A_benvenuto.stopped,ben_mouse.x,ben_mouse.y,ben_mouse.leftButton,ben_mouse.midButton,ben_mouse.rightButton,B2_istruzioni.started,B2_istruzioni.stopped,tempo_istru,cons_mouse_2.x,cons_mouse_2.y,cons_mouse_2.leftButton,cons_mouse_2.midButton,cons_mouse_2.rightButton,SAMevaluation.started,SAMevaluation.stopped,temposam,sliderintensity.response,sliderintensity.rt,slidervalence.response,slidervalence.rt,mouse_sam.x,mouse_sam.y,mouse_sam.leftButton,mouse_sam.midButton,mouse_sam.rightButton,mouse_sam.time,mouse_sam.clicked_name,Loading.started,Loading.stopped,C_associative_task.started,C_associative_task.stopped,tempo_trial,hapremutosi,hapremutono,tempo_tasktot,mouse.x,mouse.y,mouse.leftButton,mouse.midButton,mouse.rightButton,trials.thisRepN,trials.thisTrialN,trials.thisN,trials.thisIndex,trials.ran,cond,causa,effetto,D_VD.started,D_VD.stopped,tempo_vd,vd.response,vd.rt,mouse_vd.x,mouse_vd.y,mouse_vd.leftButton,mouse_vd.midButton,mouse_vd.rightButton,Previous.started,Previous.stopped,tempo_vd1,previous.response,previous.rt,mouse_vd_2.x,mouse_vd_2.y,mouse_vd_2.leftButton,mouse_vd_2.midButton,mouse_vd_2.rightButton,EstENG.TrialSS,EstENG.TrialSN,EstENG.TrialNS,EstENG.TrialNN,ingesta.thisRepN,ingesta.thisTrialN,ingesta.thisN,ingesta.thisIndex,ingesta.ran,PF.started,PF.stopped,tempo_pf,processfluency.response,processfluency.rt,mouse_ch.x,mouse_ch.y,mouse_ch.leftButton,mouse_ch.midButton,mouse_ch.rightButton,Questionario_Lingua.Age,Questionario_Lingua.Sesso,Questionario_Lingua.StaiStudiando?,Questionario_Lingua.Anniscolarita,Questionario_Lingua.Diploma,Questionario_Lingua.ItaMADRE?,Questionario_Lingua.INGmadre?,Questionario_Lingua.Q5(AOAIng),Questionario_Lingua.INGLETTURA,Questionario_Lingua.INGCOMPRESO,Questionario_Lingua.INGSCRITTO,Questionario_Lingua.INGPARLATO,Questionario_Lingua.haivissutoestero,ProvaInglese.ProcediamoENg,ProvaInglese.C1,ProvaInglese.C2,ProvaInglese.C3,ProvaInglese.C4,ProvaInglese.C5,ProvaInglese.C6,ProvaInglese.C7,ProvaInglese.C8,ProvaInglese.C9,ProvaInglese.C10,ProvaInglese.C11,ProvaInglese.C12,ProvaInglese.C13,ProvaInglese.C14,ProvaInglese.C15,ProvaInglese.C16,ProvaInglese.C17,ProvaInglese.C18,ProvaInglese.C19,ProvaInglese.C20,ProvaInglese.C21,ProvaInglese.C22,ProvaInglese.C23,ProvaInglese.C24,ProvaInglese.C25,ProvaInglese.controlquestion,Ant_lastquestion.started,Ant_lastquestion.stopped,exp_loop.thisRepN,exp_loop.thisTrialN,exp_loop.thisN,exp_loop.thisIndex,exp_loop.ran
0.0014,31.0918,-0.129996492,-0.007473131,1,0,0,alfa_mask,[(%PROLIFIC_PID,2,2025-04-16_19h09.50.843,CLTandFLE,2024.1.5,Linux armv81,29.94011976,5da330e8656efc001626ea3e,67ffc4c40efe1bd1090b10ee,67ffe406f22cf4c33d5cb20c,,,,,,,,,,,,,,,,,,,,,,,,,,,,,,,,,,,,,,,,,,,,,,,,,,,,,,,,,,,,,,,,,,,,,,,,,,,,,,,,,,,,,,,,,,,,,,,,,,,,,,,,,,,,,,,,,,,,,,,,,,,,,,,,,,,,,,,,,,,,,,,,,,,
,,,,,,,,[(%PROLIFIC_PID,2,2025-04-16_19h09.50.843,CLTandFLE,2024.1.5,Linux armv81,29.94011976,5da330e8656efc001626ea3e,67ffc4c40efe1bd1090b10ee,67ffe406f22cf4c33d5cb20c,,31.093,31.7587,,,,,,,,,,,,,,,,,,,,,,,,,,,,,,,,,,,,,,,,,,,,,,,,,,,,,,,,,,,,,,,,,,,,,,,,,,,,,,,,,,,,,,,,,,,,,,,,,,,,,,,,,,,,,,,,,,,,,,,,,,,,,,,,,,,,,,,,,,,,,,,,
,,,,,,,,[(%PROLIFIC_PID,2,2025-04-16_19h09.50.843,CLTandFLE,2024.1.5,Linux armv81,29.94011976,5da330e8656efc001626ea3e,67ffc4c40efe1bd1090b10ee,67ffe406f22cf4c33d5cb20c,,,,31.7598,39.544,7.7827,0.252346215,-0.398157941,1,0,0,,,,,,,,,,,,,,,,,,,,,,,,,,,,,,,,,,,,,,,,,,,,,,,,,,,,,,,,,,,,,,,,,,,,,,,,,,,,,,,,,,,,,,,,,,,,,,,,,,,,,,,,,,,,,,,,,,,,,,,,,,,,,,,,,,,,,,,,
,,,,,,,,[(%PROLIFIC_PID,2,2025-04-16_19h09.50.843,CLTandFLE,2024.1.5,Linux armv81,29.94011976,5da330e8656efc001626ea3e,67ffc4c40efe1bd1090b10ee,67ffe406f22cf4c33d5cb20c,,173.2023,173.8654,,,,,,,,,40.2197,43.7095,0.028501933,-0.007473131,1,0,0,44.3854,145.4989,101.1117,0.043795769,-0.413451554,1,0,0,146.1599,165.5382,19.3764,0.930135488,9.3329,0.344455962,15.1375,"[0.011818024943924879,0.28988550933318125,0.007646992258781934,-0.060479528422483275,0.4720194647201946,0.03684407255075274]","[-0.018595823116256082,-0.013034421452060524,0.1941257857348217,0.2052485148111979,-0.19099756690997566,-0.213243099314743]","[1,1,1,1,1,1]","[0,0,0,0,0,0]","[0,0,0,0,0,0]","[7.150299999997003,8.923400000005955,13.83829999999702,14.81740000000596,16.13720000000299,19.344900000005964]","[""sliderintensity"",""sliderintensity"",""slidervalence"",""rettoksam""]",166.1997,173.2019,173.9409,188.3489,14.4072,0,1,14.4072,0.228710462,-0.049183198,0,0,0,0,0,0,31,1,c,The patient has not taken Batatrim,The patient has overcome the crisis,,,,,,,,,,,,,,,,,,,,,,,,,,,,,,,,,,,,,,,,,,,,,,,,,,,,,,,,,,,,,,,,,,,,,,,,,,,,,,,,,,,,,,
,,,,,,,,[(%PROLIFIC_PID,2,2025-04-16_19h09.50.843,CLTandFLE,2024.1.5,Linux armv81,29.94011976,5da330e8656efc001626ea3e,67ffc4c40efe1bd1090b10ee,67ffe406f22cf4c33d5cb20c,,,,,,,,,,,,,,,,,,,,,,,,,,,,,,,,,,,,,,,,,,,188.3502,200.8182,12.4677,0,1,26.8749,0.252346215,-0.03527988,0,0,0,0,1,1,18,1,b,The patient has taken Batatrim,The patient has not overcome the crisis,,,,,,,,,,,,,,,,,,,,,,,,,,,,,,,,,,,,,,,,,,,,,,,,,,,,,,,,,,,,,,,,,,,,,,,,,,,,,,,,,,,,,,
,,,,,,,,[(%PROLIFIC_PID,2,2025-04-16_19h09.50.843,CLTandFLE,2024.1.5,Linux armv81,29.94011976,5da330e8656efc001626ea3e,67ffc4c40efe1bd1090b10ee,67ffe406f22cf4c33d5cb20c,,,,,,,,,,,,,,,,,,,,,,,,,,,,,,,,,,,,,,,,,,,200.819,208.5495,7.7302,0,1,34.6051,0.234272087,-0.049183198,0,0,0,0,2,2,39,1,d,The patient has not taken Batatrim,The patient has not overcome the crisis,,,,,,,,,,,,,,,,,,,,,,,,,,,,,,,,,,,,,,,,,,,,,,,,,,,,,,,,,,,,,,,,,,,,,,,,,,,,,,,,,,,,,,
,,,,,,,,[(%PROLIFIC_PID,2,2025-04-16_19h09.50.843,CLTandFLE,2024.1.5,Linux armv81,29.94011976,5da330e8656efc001626ea3e,67ffc4c40efe1bd1090b10ee,67ffe406f22cf4c33d5cb20c,,,,,,,,,,,,,,,,,,,,,,,,,,,,,,,,,,,,,,,,,,,208.5504,217.0438,8.4927,1,0,43.0978,-0.237052453,-0.019986118,0,0,0,0,3,3,6,1,a,The patient has taken Batatrim,The patient has overcome the crisis,,,,,,,,,,,,,,,,,,,,,,,,,,,,,,,,,,,,,,,,,,,,,,,,,,,,,,,,,,,,,,,,,,,,,,,,,,,,,,,,,,,,,,
,,,,,,,,[(%PROLIFIC_PID,2,2025-04-16_19h09.50.843,CLTandFLE,2024.1.5,Linux armv81,29.94011976,5da330e8656efc001626ea3e,67ffc4c40efe1bd1090b10ee,67ffe406f22cf4c33d5cb20c,,,,,,,,,,,,,,,,,,,,,,,,,,,,,,,,,,,,,,,,,,,217.0446,225.6898,8.6448,0,1,51.7426,0.232881495,-0.03527988,0,0,0,0,4,4,26,1,c,The patient has not taken Batatrim,The patient has overcome the crisis,,,,,,,,,,,,,,,,,,,,,,,,,,,,,,,,,,,,,,,,,,,,,,,,,,,,,,,,,,,,,,,,,,,,,,,,,,,,,,,,,,,,,,
,,,,,,,,[(%PROLIFIC_PID,2,2025-04-16_19h09.50.843,CLTandFLE,2024.1.5,Linux armv81,29.94011976,5da330e8656efc001626ea3e,67ffc4c40efe1bd1090b10ee,67ffe406f22cf4c33d5cb20c,,,,,,,,,,,,,,,,,,,,,,,,,,,,,,,,,,,,,,,,,,,225.6906,239.524,13.8328,1,0,65.5754,-0.218977954,-0.024157113,0,0,0,0,5,5,11,1,a,The patient has taken Batatrim,The patient has overcome the crisis,,,,,,,,,,,,,,,,,,,,,,,,,,,,,,,,,,,,,,,,,,,,,,,,,,,,,,,,,,,,,,,,,,,,,,,,,,,,,,,,,,,,,,
,,,,,,,,[(%PROLIFIC_PID,2,2025-04-16_19h09.50.843,CLTandFLE,2024.1.5,Linux armv81,29.94011976,5da330e8656efc001626ea3e,67ffc4c40efe1bd1090b10ee,67ffe406f22cf4c33d5cb20c,,,,,,,,,,,,,,,,,,,,,,,,,,,,,,,,,,,,,,,,,,,239.5248,247.9458,8.4206,0,1,73.996,0.598540443,0.073166488,0,0,0,0,6,6,24,1,c,The patient has not taken Batatrim,The patient has overcome the crisis,,,,,,,,,,,,,,,,,,,,,,,,,,,,,,,,,,,,,,,,,,,,,,,,,,,,,,,,,,,,,,,,,,,,,,,,,,,,,,,,,,,,,,
,,,,,,,,[(%PROLIFIC_PID,2,2025-04-16_19h09.50.843,CLTandFLE,2024.1.5,Linux armv81,29.94011976,5da330e8656efc001626ea3e,67ffc4c40efe1bd1090b10ee,67ffe406f22cf4c33d5cb20c,,,,,,,,,,,,,,,,,,,,,,,,,,,,,,,,,,,,,,,,,,,247.9465,255.7003,7.7533,0,1,81.7493,0.561001297,0.095411871,0,0,0,0,7,7,34,1,c,The patient has not taken Batatrim,The patient has overcome the crisis,,,,,,,,,,,,,,,,,,,,,,,,,,,,,,,,,,,,,,,,,,,,,,,,,,,,,,,,,,,,,,,,,,,,,,,,,,,,,,,,,,,,,,
,,,,,,,,[(%PROLIFIC_PID,2,2025-04-16_19h09.50.843,CLTandFLE,2024.1.5,Linux armv81,29.94011976,5da330e8656efc001626ea3e,67ffc4c40efe1bd1090b10ee,67ffe406f22cf4c33d5cb20c,,,,,,,,,,,,,,,,,,,,,,,,,,,,,,,,,,,,,,,,,,,255.7009,263.4809,7.7795,0,1,89.5288,0.616614571,0.066214791,0,0,0,0,8,8,36,1,d,The patient has not taken Batatrim,The patient has not overcome the crisis,,,,,,,,,,,,,,,,,,,,,,,,,,,,,,,,,,,,,,,,,,,,,,,,,,,,,,,,,,,,,,,,,,,,,,,,,,,,,,,,,,,,,,
,,,,,,,,[(%PROLIFIC_PID,2,2025-04-16_19h09.50.843,CLTandFLE,2024.1.5,Linux armv81,29.94011976,5da330e8656efc001626ea3e,67ffc4c40efe1bd1090b10ee,67ffe406f22cf4c33d5cb20c,,,,,,,,,,,,,,,,,,,,,,,,,,,,,,,,,,,,,,,,,,,263.4821,276.2316,12.7491,1,0,102.2779,0.601320884,0.006430299,0,0,0,0,9,9,10,1,a,The patient has taken Batatrim,The patient has overcome the crisis,,,,,,,,,,,,,,,,,,,,,,,,,,,,,,,,,,,,,,,,,,,,,,,,,,,,,,,,,,,,,,,,,,,,,,,,,,,,,,,,,,,,,,
,,,,,,,,[(%PROLIFIC_PID,2,2025-04-16_19h09.50.843,CLTandFLE,2024.1.5,Linux armv81,29.94011976,5da330e8656efc001626ea3e,67ffc4c40efe1bd1090b10ee,67ffe406f22cf4c33d5cb20c,,,,,,,,,,,,,,,,,,,,,,,,,,,,,,,,,,,,,,,,,,,276.2323,298.6453,22.4125,1,0,124.6904,-0.238442822,-0.028328183,0,0,0,0,10,10,19,1,b,The patient has taken Batatrim,The patient has not overcome the crisis,,,,,,,,,,,,,,,,,,,,,,,,,,,,,,,,,,,,,,,,,,,,,,,,,,,,,,,,,,,,,,,,,,,,,,,,,,,,,,,,,,,,,,
,,,,,,,,[(%PROLIFIC_PID,2,2025-04-16_19h09.50.843,CLTandFLE,2024.1.5,Linux armv81,29.94011976,5da330e8656efc001626ea3e,67ffc4c40efe1bd1090b10ee,67ffe406f22cf4c33d5cb20c,,,,,,,,,,,,,,,,,,,,,,,,,,,,,,,,,,,,,,,,,,,298.6461,305.7724,7.1259,1,0,131.8163,0.523462003,-0.018595823,0,0,0,0,11,11,12,1,a,The patient has taken Batatrim,The patient has overcome the crisis,,,,,,,,,,,,,,,,,,,,,,,,,,,,,,,,,,,,,,,,,,,,,,,,,,,,,,,,,,,,,,,,,,,,,,,,,,,,,,,,,,,,,,
,,,,,,,,[(%PROLIFIC_PID,2,2025-04-16_19h09.50.843,CLTandFLE,2024.1.5,Linux armv81,29.94011976,5da330e8656efc001626ea3e,67ffc4c40efe1bd1090b10ee,67ffe406f22cf4c33d5cb20c,,,,,,,,,,,,,,,,,,,,,,,,,,,,,,,,,,,,,,,,,,,305.773,316.3074,10.534,1,0,142.3503,0.630517964,-0.028328183,0,0,0,0,12,12,3,1,a,The patient has taken Batatrim,The patient has overcome the crisis,,,,,,,,,,,,,,,,,,,,,,,,,,,,,,,,,,,,,,,,,,,,,,,,,,,,,,,,,,,,,,,,,,,,,,,,,,,,,,,,,,,,,,
,,,,,,,,[(%PROLIFIC_PID,2,2025-04-16_19h09.50.843,CLTandFLE,2024.1.5,Linux armv81,29.94011976,5da330e8656efc001626ea3e,67ffc4c40efe1bd1090b10ee,67ffe406f22cf4c33d5cb20c,,,,,,,,,,,,,,,,,,,,,,,,,,,,,,,,,,,,,,,,,,,316.3081,323.4498,7.1413,0,1,149.4916,0.558220411,0.020333617,0,0,0,0,13,13,29,1,c,The patient has not taken Batatrim,The patient has overcome the crisis,,,,,,,,,,,,,,,,,,,,,,,,,,,,,,,,,,,,,,,,,,,,,,,,,,,,,,,,,,,,,,,,,,,,,,,,,,,,,,,,,,,,,,
,,,,,,,,[(%PROLIFIC_PID,2,2025-04-16_19h09.50.843,CLTandFLE,2024.1.5,Linux armv81,29.94011976,5da330e8656efc001626ea3e,67ffc4c40efe1bd1090b10ee,67ffe406f22cf4c33d5cb20c,,,,,,,,,,,,,,,,,,,,,,,,,,,,,,,,,,,,,,,,,,,323.4507,330.9608,7.5097,0,1,157.0013,0.488703595,0.027285351,0,0,0,0,14,14,38,1,d,The patient has not taken Batatrim,The patient has not overcome the crisis,,,,,,,,,,,,,,,,,,,,,,,,,,,,,,,,,,,,,,,,,,,,,,,,,,,,,,,,,,,,,,,,,,,,,,,,,,,,,,,,,,,,,,
,,,,,,,,[(%PROLIFIC_PID,2,2025-04-16_19h09.50.843,CLTandFLE,2024.1.5,Linux armv81,29.94011976,5da330e8656efc001626ea3e,67ffc4c40efe1bd1090b10ee,67ffe406f22cf4c33d5cb20c,,,,,,,,,,,,,,,,,,,,,,,,,,,,,,,,,,,,,,,,,,,330.9614,337.8166,6.8549,1,0,163.8562,0.294056394,-0.039450838,0,0,0,0,15,15,37,1,d,The patient has not taken Batatrim,The patient has not overcome the crisis,,,,,,,,,,,,,,,,,,,,,,,,,,,,,,,,,,,,,,,,,,,,,,,,,,,,,,,,,,,,,,,,,,,,,,,,,,,,,,,,,,,,,,
,,,,,,,,[(%PROLIFIC_PID,2,2025-04-16_19h09.50.843,CLTandFLE,2024.1.5,Linux armv81,29.94011976,5da330e8656efc001626ea3e,67ffc4c40efe1bd1090b10ee,67ffe406f22cf4c33d5cb20c,,,,,,,,,,,,,,,,,,,,,,,,,,,,,,,,,,,,,,,,,,,337.8174,345.6459,7.8279,1,0,171.6841,0.52624289,-0.04084117,0,0,0,0,16,16,5,1,a,The patient has taken Batatrim,The patient has overcome the crisis,,,,,,,,,,,,,,,,,,,,,,,,,,,,,,,,,,,,,,,,,,,,,,,,,,,,,,,,,,,,,,,,,,,,,,,,,,,,,,,,,,,,,,
,,,,,,,,[(%PROLIFIC_PID,2,2025-04-16_19h09.50.843,CLTandFLE,2024.1.5,Linux armv81,29.94011976,5da330e8656efc001626ea3e,67ffc4c40efe1bd1090b10ee,67ffe406f22cf4c33d5cb20c,,,,,,,,,,,,,,,,,,,,,,,,,,,,,,,,,,,,,,,,,,,345.6467,354.9714,9.3244,1,0,181.0085,-0.228710314,-0.029718478,0,0,0,0,17,17,4,1,a,The patient has taken Batatrim,The patient has overcome the crisis,,,,,,,,,,,,,,,,,,,,,,,,,,,,,,,,,,,,,,,,,,,,,,,,,,,,,,,,,,,,,,,,,,,,,,,,,,,,,,,,,,,,,,
,,,,,,,,[(%PROLIFIC_PID,2,2025-04-16_19h09.50.843,CLTandFLE,2024.1.5,Linux armv81,29.94011976,5da330e8656efc001626ea3e,67ffc4c40efe1bd1090b10ee,67ffe406f22cf4c33d5cb20c,,,,,,,,,,,,,,,,,,,,,,,,,,,,,,,,,,,,,,,,,,,354.9721,363.1167,8.1441,1,0,189.1526,-0.238442822,-0.029718478,0,0,0,0,18,18,16,1,b,The patient has taken Batatrim,The patient has not overcome the crisis,,,,,,,,,,,,,,,,,,,,,,,,,,,,,,,,,,,,,,,,,,,,,,,,,,,,,,,,,,,,,,,,,,,,,,,,,,,,,,,,,,,,,,
,,,,,,,,[(%PROLIFIC_PID,2,2025-04-16_19h09.50.843,CLTandFLE,2024.1.5,Linux armv81,29.94011976,5da330e8656efc001626ea3e,67ffc4c40efe1bd1090b10ee,67ffe406f22cf4c33d5cb20c,,,,,,,,,,,,,,,,,,,,,,,,,,,,,,,,,,,,,,,,,,,363.1173,371.2878,8.17,0,1,197.3226,0.221758989,-0.056134932,0,0,0,0,19,19,30,1,c,The patient has not taken Batatrim,The patient has overcome the crisis,,,,,,,,,,,,,,,,,,,,,,,,,,,,,,,,,,,,,,,,,,,,,,,,,,,,,,,,,,,,,,,,,,,,,,,,,,,,,,,,,,,,,,
,,,,,,,,[(%PROLIFIC_PID,2,2025-04-16_19h09.50.843,CLTandFLE,2024.1.5,Linux armv81,29.94011976,5da330e8656efc001626ea3e,67ffc4c40efe1bd1090b10ee,67ffe406f22cf4c33d5cb20c,,,,,,,,,,,,,,,,,,,,,,,,,,,,,,,,,,,,,,,,,,,371.2886,378.5099,7.2209,1,0,204.5435,-0.207855373,-0.042231502,0,0,0,0,20,20,14,1,b,The patient has taken Batatrim,The patient has overcome the crisis,,,,,,,,,,,,,,,,,,,,,,,,,,,,,,,,,,,,,,,,,,,,,,,,,,,,,,,,,,,,,,,,,,,,,,,,,,,,,,,,,,,,,,
,,,,,,,,[(%PROLIFIC_PID,2,2025-04-16_19h09.50.843,CLTandFLE,2024.1.5,Linux armv81,29.94011976,5da330e8656efc001626ea3e,67ffc4c40efe1bd1090b10ee,67ffe406f22cf4c33d5cb20c,,,,,,,,,,,,,,,,,,,,,,,,,,,,,,,,,,,,,,,,,,,378.5106,386.524,8.013,1,0,212.5565,-0.218977954,-0.049183198,0,0,0,0,21,21,2,1,a,The patient has taken Batatrim,The patient has overcome the crisis,,,,,,,,,,,,,,,,,,,,,,,,,,,,,,,,,,,,,,,,,,,,,,,,,,,,,,,,,,,,,,,,,,,,,,,,,,,,,,,,,,,,,,
,,,,,,,,[(%PROLIFIC_PID,2,2025-04-16_19h09.50.843,CLTandFLE,2024.1.5,Linux armv81,29.94011976,5da330e8656efc001626ea3e,67ffc4c40efe1bd1090b10ee,67ffe406f22cf4c33d5cb20c,,,,,,,,,,,,,,,,,,,,,,,,,,,,,,,,,,,,,,,,,,,386.5248,396.7052,10.1799,0,1,222.7364,0.540145985,0.091240876,0,0,0,0,22,22,28,1,c,The patient has not taken Batatrim,The patient has overcome the crisis,,,,,,,,,,,,,,,,,,,,,,,,,,,,,,,,,,,,,,,,,,,,,,,,,,,,,,,,,,,,,,,,,,,,,,,,,,,,,,,,,,,,,,
,,,,,,,,[(%PROLIFIC_PID,2,2025-04-16_19h09.50.843,CLTandFLE,2024.1.5,Linux armv81,29.94011976,5da330e8656efc001626ea3e,67ffc4c40efe1bd1090b10ee,67ffe406f22cf4c33d5cb20c,,,,,,,,,,,,,,,,,,,,,,,,,,,,,,,,,,,,,,,,,,,396.7059,403.4421,6.7359,0,1,229.4723,0.237052528,-0.04501224,0,0,0,0,23,23,23,1,c,The patient has not taken Batatrim,The patient has overcome the crisis,,,,,,,,,,,,,,,,,,,,,,,,,,,,,,,,,,,,,,,,,,,,,,,,,,,,,,,,,,,,,,,,,,,,,,,,,,,,,,,,,,,,,,
,,,,,,,,[(%PROLIFIC_PID,2,2025-04-16_19h09.50.843,CLTandFLE,2024.1.5,Linux armv81,29.94011976,5da330e8656efc001626ea3e,67ffc4c40efe1bd1090b10ee,67ffe406f22cf4c33d5cb20c,,,,,,,,,,,,,,,,,,,,,,,,,,,,,,,,,,,,,,,,,,,403.4429,410.6649,7.2216,0,1,236.6939,0.231491349,-0.046402572,0,0,0,0,24,24,35,1,d,The patient has not taken Batatrim,The patient has not overcome the crisis,,,,,,,,,,,,,,,,,,,,,,,,,,,,,,,,,,,,,,,,,,,,,,,,,,,,,,,,,,,,,,,,,,,,,,,,,,,,,,,,,,,,,,
,,,,,,,,[(%PROLIFIC_PID,2,2025-04-16_19h09.50.843,CLTandFLE,2024.1.5,Linux armv81,29.94011976,5da330e8656efc001626ea3e,67ffc4c40efe1bd1090b10ee,67ffe406f22cf4c33d5cb20c,,,,,,,,,,,,,,,,,,,,,,,,,,,,,,,,,,,,,,,,,,,410.6654,418.9286,8.2628,1,0,244.9567,0.538755691,0.039798337,0,0,0,0,25,25,1,1,a,The patient has taken Batatrim,The patient has overcome the crisis,,,,,,,,,,,,,,,,,,,,,,,,,,,,,,,,,,,,,,,,,,,,,,,,,,,,,,,,,,,,,,,,,,,,,,,,,,,,,,,,,,,,,,
,,,,,,,,[(%PROLIFIC_PID,2,2025-04-16_19h09.50.843,CLTandFLE,2024.1.5,Linux armv81,29.94011976,5da330e8656efc001626ea3e,67ffc4c40efe1bd1090b10ee,67ffe406f22cf4c33d5cb20c,,,,,,,,,,,,,,,,,,,,,,,,,,,,,,,,,,,,,,,,,,,418.9293,427.2448,8.3152,1,0,253.2719,0.547097756,0.035627379,0,0,0,0,26,26,0,1,a,The patient has taken Batatrim,The patient has overcome the crisis,,,,,,,,,,,,,,,,,,,,,,,,,,,,,,,,,,,,,,,,,,,,,,,,,,,,,,,,,,,,,,,,,,,,,,,,,,,,,,,,,,,,,,
,,,,,,,,[(%PROLIFIC_PID,2,2025-04-16_19h09.50.843,CLTandFLE,2024.1.5,Linux armv81,29.94011976,5da330e8656efc001626ea3e,67ffc4c40efe1bd1090b10ee,67ffe406f22cf4c33d5cb20c,,,,,,,,,,,,,,,,,,,,,,,,,,,,,,,,,,,,,,,,,,,427.2455,446.1684,18.9225,0,1,272.1944,0.45116445,0.007820631,0,0,0,0,27,27,22,1,c,The patient has not taken Batatrim,The patient has overcome the crisis,,,,,,,,,,,,,,,,,,,,,,,,,,,,,,,,,,,,,,,,,,,,,,,,,,,,,,,,,,,,,,,,,,,,,,,,,,,,,,,,,,,,,,
,,,,,,,,[(%PROLIFIC_PID,2,2025-04-16_19h09.50.843,CLTandFLE,2024.1.5,Linux armv81,29.94011976,5da330e8656efc001626ea3e,67ffc4c40efe1bd1090b10ee,67ffe406f22cf4c33d5cb20c,,,,,,,,,,,,,,,,,,,,,,,,,,,,,,,,,,,,,,,,,,,446.1693,454.9241,8.7544,1,0,280.9488,0.59436941,0.105144232,0,0,0,0,28,28,15,1,b,The patient has taken Batatrim,The patient has not overcome the crisis,,,,,,,,,,,,,,,,,,,,,,,,,,,,,,,,,,,,,,,,,,,,,,,,,,,,,,,,,,,,,,,,,,,,,,,,,,,,,,,,,,,,,,
,,,,,,,,[(%PROLIFIC_PID,2,2025-04-16_19h09.50.843,CLTandFLE,2024.1.5,Linux armv81,29.94011976,5da330e8656efc001626ea3e,67ffc4c40efe1bd1090b10ee,67ffe406f22cf4c33d5cb20c,,,,,,,,,,,,,,,,,,,,,,,,,,,,,,,,,,,,,,,,,,,454.9247,463.6779,8.7527,1,0,289.7015,0.629127818,0.050921029,0,0,0,0,29,29,8,1,a,The patient has taken Batatrim,The patient has overcome the crisis,,,,,,,,,,,,,,,,,,,,,,,,,,,,,,,,,,,,,,,,,,,,,,,,,,,,,,,,,,,,,,,,,,,,,,,,,,,,,,,,,,,,,,
,,,,,,,,[(%PROLIFIC_PID,2,2025-04-16_19h09.50.843,CLTandFLE,2024.1.5,Linux armv81,29.94011976,5da330e8656efc001626ea3e,67ffc4c40efe1bd1090b10ee,67ffe406f22cf4c33d5cb20c,,,,,,,,,,,,,,,,,,,,,,,,,,,,,,,,,,,,,,,,,,,463.6786,480.3526,16.6736,1,0,306.3751,0.630517964,0.035627379,0,0,0,0,30,30,7,1,a,The patient has taken Batatrim,The patient has overcome the crisis,,,,,,,,,,,,,,,,,,,,,,,,,,,,,,,,,,,,,,,,,,,,,,,,,,,,,,,,,,,,,,,,,,,,,,,,,,,,,,,,,,,,,,
,,,,,,,,[(%PROLIFIC_PID,2,2025-04-16_19h09.50.843,CLTandFLE,2024.1.5,Linux armv81,29.94011976,5da330e8656efc001626ea3e,67ffc4c40efe1bd1090b10ee,67ffe406f22cf4c33d5cb20c,,,,,,,,,,,,,,,,,,,,,,,,,,,,,,,,,,,,,,,,,,,480.3532,490.7154,10.3618,1,0,316.7369,-0.23566201,-0.02554752,0,0,0,0,31,31,17,1,b,The patient has taken Batatrim,The patient has not overcome the crisis,,,,,,,,,,,,,,,,,,,,,,,,,,,,,,,,,,,,,,,,,,,,,,,,,,,,,,,,,,,,,,,,,,,,,,,,,,,,,,,,,,,,,,
,,,,,,,,[(%PROLIFIC_PID,2,2025-04-16_19h09.50.843,CLTandFLE,2024.1.5,Linux armv81,29.94011976,5da330e8656efc001626ea3e,67ffc4c40efe1bd1090b10ee,67ffe406f22cf4c33d5cb20c,,,,,,,,,,,,,,,,,,,,,,,,,,,,,,,,,,,,,,,,,,,490.7161,500.4309,9.7144,1,0,326.4513,-0.237052453,-0.007473131,0,0,0,0,32,32,13,1,a,The patient has taken Batatrim,The patient has overcome the crisis,,,,,,,,,,,,,,,,,,,,,,,,,,,,,,,,,,,,,,,,,,,,,,,,,,,,,,,,,,,,,,,,,,,,,,,,,,,,,,,,,,,,,,
,,,,,,,,[(%PROLIFIC_PID,2,2025-04-16_19h09.50.843,CLTandFLE,2024.1.5,Linux armv81,29.94011976,5da330e8656efc001626ea3e,67ffc4c40efe1bd1090b10ee,67ffe406f22cf4c33d5cb20c,,,,,,,,,,,,,,,,,,,,,,,,,,,,,,,,,,,,,,,,,,,500.4315,517.294,16.862,0,1,343.3133,0.252346215,-0.038060543,0,0,0,0,33,33,20,1,c,The patient has not taken Batatrim,The patient has overcome the crisis,,,,,,,,,,,,,,,,,,,,,,,,,,,,,,,,,,,,,,,,,,,,,,,,,,,,,,,,,,,,,,,,,,,,,,,,,,,,,,,,,,,,,,
,,,,,,,,[(%PROLIFIC_PID,2,2025-04-16_19h09.50.843,CLTandFLE,2024.1.5,Linux armv81,29.94011976,5da330e8656efc001626ea3e,67ffc4c40efe1bd1090b10ee,67ffe406f22cf4c33d5cb20c,,,,,,,,,,,,,,,,,,,,,,,,,,,,,,,,,,,,,,,,,,,517.2948,550.1612,32.8659,0,1,376.1792,0.259297986,-0.049183198,0,0,0,0,34,34,21,1,c,The patient has not taken Batatrim,The patient has overcome the crisis,,,,,,,,,,,,,,,,,,,,,,,,,,,,,,,,,,,,,,,,,,,,,,,,,,,,,,,,,,,,,,,,,,,,,,,,,,,,,,,,,,,,,,
,,,,,,,,[(%PROLIFIC_PID,2,2025-04-16_19h09.50.843,CLTandFLE,2024.1.5,Linux armv81,29.94011976,5da330e8656efc001626ea3e,67ffc4c40efe1bd1090b10ee,67ffe406f22cf4c33d5cb20c,,,,,,,,,,,,,,,,,,,,,,,,,,,,,,,,,,,,,,,,,,,550.1618,635.0903,84.9281,1,0,461.1073,-0.241223486,-0.039450838,0,0,0,0,35,35,9,1,a,The patient has taken Batatrim,The patient has overcome the crisis,,,,,,,,,,,,,,,,,,,,,,,,,,,,,,,,,,,,,,,,,,,,,,,,,,,,,,,,,,,,,,,,,,,,,,,,,,,,,,,,,,,,,,
,,,,,,,,[(%PROLIFIC_PID,2,2025-04-16_19h09.50.843,CLTandFLE,2024.1.5,Linux armv81,29.94011976,5da330e8656efc001626ea3e,67ffc4c40efe1bd1090b10ee,67ffe406f22cf4c33d5cb20c,,,,,,,,,,,,,,,,,,,,,,,,,,,,,,,,,,,,,,,,,,,635.091,642.2382,7.1467,0,1,468.254,0.246784888,-0.0547446,0,0,0,0,36,36,25,1,c,The patient has not taken Batatrim,The patient has overcome the crisis,,,,,,,,,,,,,,,,,,,,,,,,,,,,,,,,,,,,,,,,,,,,,,,,,,,,,,,,,,,,,,,,,,,,,,,,,,,,,,,,,,,,,,
,,,,,,,,[(%PROLIFIC_PID,2,2025-04-16_19h09.50.843,CLTandFLE,2024.1.5,Linux armv81,29.94011976,5da330e8656efc001626ea3e,67ffc4c40efe1bd1090b10ee,67ffe406f22cf4c33d5cb20c,,,,,,,,,,,,,,,,,,,,,,,,,,,,,,,,,,,,,,,,,,,642.2388,650.0941,7.8549,0,1,476.1089,0.44143209,-0.018595823,0,0,0,0,37,37,27,1,c,The patient has not taken Batatrim,The patient has overcome the crisis,,,,,,,,,,,,,,,,,,,,,,,,,,,,,,,,,,,,,,,,,,,,,,,,,,,,,,,,,,,,,,,,,,,,,,,,,,,,,,,,,,,,,,
,,,,,,,,[(%PROLIFIC_PID,2,2025-04-16_19h09.50.843,CLTandFLE,2024.1.5,Linux armv81,29.94011976,5da330e8656efc001626ea3e,67ffc4c40efe1bd1090b10ee,67ffe406f22cf4c33d5cb20c,,,,,,,,,,,,,,,,,,,,,,,,,,,,,,,,,,,,,,,,,,,650.0949,675.055,24.9598,0,1,501.0687,0.392770289,-0.014424753,0,0,0,0,38,38,32,1,c,The patient has not taken Batatrim,The patient has overcome the crisis,,,,,,,,,,,,,,,,,,,,,,,,,,,,,,,,,,,,,,,,,,,,,,,,,,,,,,,,,,,,,,,,,,,,,,,,,,,,,,,,,,,,,,
,,,,,,,,[(%PROLIFIC_PID,2,2025-04-16_19h09.50.843,CLTandFLE,2024.1.5,Linux armv81,29.94011976,5da330e8656efc001626ea3e,67ffc4c40efe1bd1090b10ee,67ffe406f22cf4c33d5cb20c,,,,,,,,,,,,,,,,,,,,,,,,,,,,,,,,,,,,,,,,,,,675.0557,685.1092,10.0532,0,1,511.1219,0.456725777,-0.03527988,0,0,0,0,39,39,33,1,c,The patient has not taken Batatrim,The patient has overcome the crisis,,,,,,,,,,,,,,,,,,,,,,,,,,,,,,,,,,,,,,,,,,,,,,,,,,,,,,,,,,,,,,,,,,,,,,,,,,,,,,,,,,,,,,
,,,,,,,,[(%PROLIFIC_PID,2,2025-04-16_19h09.50.843,CLTandFLE,2024.1.5,Linux armv81,29.94011976,5da330e8656efc001626ea3e,67ffc4c40efe1bd1090b10ee,67ffe406f22cf4c33d5cb20c,,721.1969,721.8598,,,,,,,,,,,,,,,,,,,,,,,,,,,,,,,,,,,,,,,,,,,,,,,,,,,,,,,,,,,685.896,704.0584,18.1609,67,16.7113,0.041015105,-0.200729927,1,0,0,704.7165,721.1965,16.4786,22,15.0392,0.05491835,-0.222975459,1,0,0,13,4,12,8,0,0,0,0,1,,,,,,,,,,,,,,,,,,,,,,,,,,,,,,,,,,,,,,,,,,,,,,,,,,,,,,,,,
,,,,,,,,[(%PROLIFIC_PID,2,2025-04-16_19h09.50.843,CLTandFLE,2024.1.5,Linux armv81,29.94011976,5da330e8656efc001626ea3e,67ffc4c40efe1bd1090b10ee,67ffe406f22cf4c33d5cb20c,,1011.2884,1011.9708,,,,,,,,,,,,,,,,,,,,,,,,,,,,,,,,,,,,,,,,,,,,,,,,,,,,,,,,,,,,,,,,,,,,,,,,,,,,,,,,,,,,,,,,801.8831,813.9732,12.0884,6,9.5027,0.057699013,-0.225756123,1,0,0,37,Maschio,Sì,16,No,TRUE,FALSE,14,8,4,5,4,FALSE,Conferma,c1ok,c2ok,c3ok,c4ok,c5ok,c6ok,c7err2,c8ok,c9ok,c10ok,c11ok,c12err,c13ok,c14err2,c15ok,c16ok,c17ok,c18err2,c19err2,c20err,c21err2,c22err2,c23ok,c24err3,c25err3,c26ok,2188.9377,2195.0652,0,0,0,0,1
