﻿Alfa.started,Alfa.stopped,alfa_mouse.x,alfa_mouse.y,alfa_mouse.leftButton,alfa_mouse.midButton,alfa_mouse.rightButton,alfa_mouse.clicked_name,participant,group,date,expName,psychopyVersion,OS,frameRate,PROLIFIC_PID,STUDY_ID,SESSION_ID,)],ITI.started,ITI.stopped,B_consensoinformato.started,B_consensoinformato.stopped,tempo_consenso,cons_mouse.x,cons_mouse.y,cons_mouse.leftButton,cons_mouse.midButton,cons_mouse.rightButton,A_benvenuto.started,A_benvenuto.stopped,ben_mouse.x,ben_mouse.y,ben_mouse.leftButton,ben_mouse.midButton,ben_mouse.rightButton,B2_istruzioni.started,B2_istruzioni.stopped,tempo_istru,cons_mouse_2.x,cons_mouse_2.y,cons_mouse_2.leftButton,cons_mouse_2.midButton,cons_mouse_2.rightButton,SAMevaluation.started,SAMevaluation.stopped,temposam,sliderintensity.response,sliderintensity.rt,slidervalence.response,slidervalence.rt,mouse_sam.x,mouse_sam.y,mouse_sam.leftButton,mouse_sam.midButton,mouse_sam.rightButton,mouse_sam.time,mouse_sam.clicked_name,Loading.started,Loading.stopped,C_associative_task.started,C_associative_task.stopped,tempo_trial,hapremutosi,hapremutono,tempo_tasktot,mouse.x,mouse.y,mouse.leftButton,mouse.midButton,mouse.rightButton,trials.thisRepN,trials.thisTrialN,trials.thisN,trials.thisIndex,trials.ran,cond,causa,effetto,D_VD.started,D_VD.stopped,tempo_vd,vd.response,vd.rt,mouse_vd.x,mouse_vd.y,mouse_vd.leftButton,mouse_vd.midButton,mouse_vd.rightButton,Previous.started,Previous.stopped,tempo_vd1,previous.response,previous.rt,mouse_vd_2.x,mouse_vd_2.y,mouse_vd_2.leftButton,mouse_vd_2.midButton,mouse_vd_2.rightButton,EstITA.TrialSN,EstITA.TrialSS,EstITA.TrialNS,EstITA.TrialD,itaest.thisRepN,itaest.thisTrialN,itaest.thisN,itaest.thisIndex,itaest.ran,PF.started,PF.stopped,tempo_pf,processfluency.response,processfluency.rt,mouse_ch.x,mouse_ch.y,mouse_ch.leftButton,mouse_ch.midButton,mouse_ch.rightButton,Questionario_Lingua.Age,Questionario_Lingua.Sesso,Questionario_Lingua.StaiStudiando?,Questionario_Lingua.Anniscolarita,Questionario_Lingua.Diploma,Questionario_Lingua.ItaMADRE?,Questionario_Lingua.INGmadre?,Questionario_Lingua.Q5(AOAIng),Questionario_Lingua.INGLETTURA,Questionario_Lingua.INGCOMPRESO,Questionario_Lingua.INGSCRITTO,Questionario_Lingua.INGPARLATO,Questionario_Lingua.haivissutoestero,ProvaInglese.ProcediamoENg,ProvaInglese.C1,ProvaInglese.C2,ProvaInglese.C3,ProvaInglese.C4,ProvaInglese.C5,ProvaInglese.C6,ProvaInglese.C7,ProvaInglese.C8,ProvaInglese.C9,ProvaInglese.C10,ProvaInglese.C11,ProvaInglese.C12,ProvaInglese.C13,ProvaInglese.C14,ProvaInglese.C15,ProvaInglese.C16,ProvaInglese.C17,ProvaInglese.C18,ProvaInglese.C19,ProvaInglese.C20,ProvaInglese.C21,ProvaInglese.C22,ProvaInglese.C23,ProvaInglese.C24,ProvaInglese.C25,ProvaInglese.controlquestion,Ant_lastquestion.started,Ant_lastquestion.stopped,exp_loop.thisRepN,exp_loop.thisTrialN,exp_loop.thisN,exp_loop.thisIndex,exp_loop.ran
0.0001,13.4502,-0.05277775,-0.013888889,1,0,0,alfa_mask,[(%PROLIFIC_PID,1,2025-04-16_19h37.48.086,CLTandFLE,2024.1.5,Win32,59.88023952,5f10955ff12b1836dcdd0d62,67ffc4c40efe1bd1090b10ee,67ffeaa58ea4127ef8fabefd,,,,,,,,,,,,,,,,,,,,,,,,,,,,,,,,,,,,,,,,,,,,,,,,,,,,,,,,,,,,,,,,,,,,,,,,,,,,,,,,,,,,,,,,,,,,,,,,,,,,,,,,,,,,,,,,,,,,,,,,,,,,,,,,,,,,,,,,,,,,,,,,,,,
,,,,,,,,[(%PROLIFIC_PID,1,2025-04-16_19h37.48.086,CLTandFLE,2024.1.5,Win32,59.88023952,5f10955ff12b1836dcdd0d62,67ffc4c40efe1bd1090b10ee,67ffeaa58ea4127ef8fabefd,,13.4503,14.4437,,,,,,,,,,,,,,,,,,,,,,,,,,,,,,,,,,,,,,,,,,,,,,,,,,,,,,,,,,,,,,,,,,,,,,,,,,,,,,,,,,,,,,,,,,,,,,,,,,,,,,,,,,,,,,,,,,,,,,,,,,,,,,,,,,,,,,,,,,,,,,,,
,,,,,,,,[(%PROLIFIC_PID,1,2025-04-16_19h37.48.086,CLTandFLE,2024.1.5,Win32,59.88023952,5f10955ff12b1836dcdd0d62,67ffc4c40efe1bd1090b10ee,67ffeaa58ea4127ef8fabefd,,,,14.4442,33.1423,18.6977,0.169444473,-0.390740783,1,0,0,,,,,,,,,,,,,,,,,,,,,,,,,,,,,,,,,,,,,,,,,,,,,,,,,,,,,,,,,,,,,,,,,,,,,,,,,,,,,,,,,,,,,,,,,,,,,,,,,,,,,,,,,,,,,,,,,,,,,,,,,,,,,,,,,,,,,,,,
,,,,,,,,[(%PROLIFIC_PID,1,2025-04-16_19h37.48.086,CLTandFLE,2024.1.5,Win32,59.88023952,5f10955ff12b1836dcdd0d62,67ffc4c40efe1bd1090b10ee,67ffeaa58ea4127ef8fabefd,,135.641,136.6408,,,,,,,,,34.1423,37.7084,0.006481524,-0.119444459,1,0,0,38.7087,106.8905,68.1815,-0.002777735,-0.387037065,1,0,0,107.8904,127.6444,19.7535,0.702546296,10.0168,0.211805538,4.0285,"[-0.039814772429289644,0.017592606721100985,-0.16851849026150173,0.10648148148148148,0.10648148148148148,-0.023148148148148147,0]","[0.21574073367648655,0.003703682510941117,0.034259266323513456,0.004629629629629629,0.004629629629629629,-0.26759260672110097,-0.22777776364926938]","[1,1,1,1,1,1,1]","[0,0,0,0,0,0,0]","[0,0,0,0,0,0,0]","[3.218999999999994,6.163100000023846,7.617700000047691,8.679200000047686,9.395899999976166,18.75010000002382,19.748999999999995]","[""sliderintensity"",""sliderintensity"",""sliderintensity"",""rettoksam""]",128.6414,135.6408,136.6514,147.7628,11.1111,1,0,11.1111,0.123148176,-0.35092594,1,0,0,0,0,0,2,1,a,Il paziente ha preso il Batatrim,Il paziente ha superato la crisi,,,,,,,,,,,,,,,,,,,,,,,,,,,,,,,,,,,,,,,,,,,,,,,,,,,,,,,,,,,,,,,,,,,,,,,,,,,,,,,,,,,,,,
,,,,,,,,[(%PROLIFIC_PID,1,2025-04-16_19h37.48.086,CLTandFLE,2024.1.5,Win32,59.88023952,5f10955ff12b1836dcdd0d62,67ffc4c40efe1bd1090b10ee,67ffeaa58ea4127ef8fabefd,,,,,,,,,,,,,,,,,,,,,,,,,,,,,,,,,,,,,,,,,,,147.7634,153.4114,5.6479,0,1,16.759,0.212962963,-0.046296296,0,0,0,0,1,1,37,1,d,Il paziente non ha preso il Batatrim,Il paziente non ha superato la crisi,,,,,,,,,,,,,,,,,,,,,,,,,,,,,,,,,,,,,,,,,,,,,,,,,,,,,,,,,,,,,,,,,,,,,,,,,,,,,,,,,,,,,,
,,,,,,,,[(%PROLIFIC_PID,1,2025-04-16_19h37.48.086,CLTandFLE,2024.1.5,Win32,59.88023952,5f10955ff12b1836dcdd0d62,67ffc4c40efe1bd1090b10ee,67ffeaa58ea4127ef8fabefd,,,,,,,,,,,,,,,,,,,,,,,,,,,,,,,,,,,,,,,,,,,153.4116,158.2954,4.8837,0,1,21.6427,0.212962963,-0.046296296,0,0,0,0,2,2,31,1,c,Il paziente non ha preso il Batatrim,Il paziente ha superato la crisi,,,,,,,,,,,,,,,,,,,,,,,,,,,,,,,,,,,,,,,,,,,,,,,,,,,,,,,,,,,,,,,,,,,,,,,,,,,,,,,,,,,,,,
,,,,,,,,[(%PROLIFIC_PID,1,2025-04-16_19h37.48.086,CLTandFLE,2024.1.5,Win32,59.88023952,5f10955ff12b1836dcdd0d62,67ffc4c40efe1bd1090b10ee,67ffeaa58ea4127ef8fabefd,,,,,,,,,,,,,,,,,,,,,,,,,,,,,,,,,,,,,,,,,,,158.2956,164.9956,6.6999,1,0,28.3426,-0.152777778,-0.033333355,0,0,0,0,3,3,8,1,a,Il paziente ha preso il Batatrim,Il paziente ha superato la crisi,,,,,,,,,,,,,,,,,,,,,,,,,,,,,,,,,,,,,,,,,,,,,,,,,,,,,,,,,,,,,,,,,,,,,,,,,,,,,,,,,,,,,,
,,,,,,,,[(%PROLIFIC_PID,1,2025-04-16_19h37.48.086,CLTandFLE,2024.1.5,Win32,59.88023952,5f10955ff12b1836dcdd0d62,67ffc4c40efe1bd1090b10ee,67ffeaa58ea4127ef8fabefd,,,,,,,,,,,,,,,,,,,,,,,,,,,,,,,,,,,,,,,,,,,164.9958,171.5785,6.5826,0,1,34.9252,0.238888917,-0.026851866,0,0,0,0,4,4,38,1,d,Il paziente non ha preso il Batatrim,Il paziente non ha superato la crisi,,,,,,,,,,,,,,,,,,,,,,,,,,,,,,,,,,,,,,,,,,,,,,,,,,,,,,,,,,,,,,,,,,,,,,,,,,,,,,,,,,,,,,
,,,,,,,,[(%PROLIFIC_PID,1,2025-04-16_19h37.48.086,CLTandFLE,2024.1.5,Win32,59.88023952,5f10955ff12b1836dcdd0d62,67ffc4c40efe1bd1090b10ee,67ffeaa58ea4127ef8fabefd,,,,,,,,,,,,,,,,,,,,,,,,,,,,,,,,,,,,,,,,,,,171.5788,177.2959,5.7167,0,1,40.6419,0.238888917,-0.026851866,0,0,0,0,5,5,24,1,c,Il paziente non ha preso il Batatrim,Il paziente ha superato la crisi,,,,,,,,,,,,,,,,,,,,,,,,,,,,,,,,,,,,,,,,,,,,,,,,,,,,,,,,,,,,,,,,,,,,,,,,,,,,,,,,,,,,,,
,,,,,,,,[(%PROLIFIC_PID,1,2025-04-16_19h37.48.086,CLTandFLE,2024.1.5,Win32,59.88023952,5f10955ff12b1836dcdd0d62,67ffc4c40efe1bd1090b10ee,67ffeaa58ea4127ef8fabefd,,,,,,,,,,,,,,,,,,,,,,,,,,,,,,,,,,,,,,,,,,,177.2961,183.6617,6.3654,0,1,47.0073,0.238888917,-0.026851866,0,0,0,0,6,6,32,1,c,Il paziente non ha preso il Batatrim,Il paziente ha superato la crisi,,,,,,,,,,,,,,,,,,,,,,,,,,,,,,,,,,,,,,,,,,,,,,,,,,,,,,,,,,,,,,,,,,,,,,,,,,,,,,,,,,,,,,
,,,,,,,,[(%PROLIFIC_PID,1,2025-04-16_19h37.48.086,CLTandFLE,2024.1.5,Win32,59.88023952,5f10955ff12b1836dcdd0d62,67ffc4c40efe1bd1090b10ee,67ffeaa58ea4127ef8fabefd,,,,,,,,,,,,,,,,,,,,,,,,,,,,,,,,,,,,,,,,,,,183.6619,189.0792,5.4171,1,0,52.4244,-0.200925898,-0.057407414,0,0,0,0,7,7,5,1,a,Il paziente ha preso il Batatrim,Il paziente ha superato la crisi,,,,,,,,,,,,,,,,,,,,,,,,,,,,,,,,,,,,,,,,,,,,,,,,,,,,,,,,,,,,,,,,,,,,,,,,,,,,,,,,,,,,,,
,,,,,,,,[(%PROLIFIC_PID,1,2025-04-16_19h37.48.086,CLTandFLE,2024.1.5,Win32,59.88023952,5f10955ff12b1836dcdd0d62,67ffc4c40efe1bd1090b10ee,67ffeaa58ea4127ef8fabefd,,,,,,,,,,,,,,,,,,,,,,,,,,,,,,,,,,,,,,,,,,,189.0794,194.661,5.5814,0,1,58.0058,0.142592607,-0.204629616,0,0,0,0,8,8,21,1,c,Il paziente non ha preso il Batatrim,Il paziente ha superato la crisi,,,,,,,,,,,,,,,,,,,,,,,,,,,,,,,,,,,,,,,,,,,,,,,,,,,,,,,,,,,,,,,,,,,,,,,,,,,,,,,,,,,,,,
,,,,,,,,[(%PROLIFIC_PID,1,2025-04-16_19h37.48.086,CLTandFLE,2024.1.5,Win32,59.88023952,5f10955ff12b1836dcdd0d62,67ffc4c40efe1bd1090b10ee,67ffeaa58ea4127ef8fabefd,,,,,,,,,,,,,,,,,,,,,,,,,,,,,,,,,,,,,,,,,,,194.6611,199.7616,5.1003,1,0,63.1061,-0.147222236,-0.057407414,0,0,0,0,9,9,18,1,b,Il paziente ha preso il Batatrim,Il paziente non ha superato la crisi,,,,,,,,,,,,,,,,,,,,,,,,,,,,,,,,,,,,,,,,,,,,,,,,,,,,,,,,,,,,,,,,,,,,,,,,,,,,,,,,,,,,,,
,,,,,,,,[(%PROLIFIC_PID,1,2025-04-16_19h37.48.086,CLTandFLE,2024.1.5,Win32,59.88023952,5f10955ff12b1836dcdd0d62,67ffc4c40efe1bd1090b10ee,67ffeaa58ea4127ef8fabefd,,,,,,,,,,,,,,,,,,,,,,,,,,,,,,,,,,,,,,,,,,,199.7618,204.9778,5.2155,1,0,68.3216,-0.147222236,-0.057407414,0,0,0,0,10,10,17,1,b,Il paziente ha preso il Batatrim,Il paziente non ha superato la crisi,,,,,,,,,,,,,,,,,,,,,,,,,,,,,,,,,,,,,,,,,,,,,,,,,,,,,,,,,,,,,,,,,,,,,,,,,,,,,,,,,,,,,,
,,,,,,,,[(%PROLIFIC_PID,1,2025-04-16_19h37.48.086,CLTandFLE,2024.1.5,Win32,59.88023952,5f10955ff12b1836dcdd0d62,67ffc4c40efe1bd1090b10ee,67ffeaa58ea4127ef8fabefd,,,,,,,,,,,,,,,,,,,,,,,,,,,,,,,,,,,,,,,,,,,204.978,212.3778,7.3997,1,0,75.7213,-0.141666624,-0.050925926,0,0,0,0,11,11,13,1,a,Il paziente ha preso il Batatrim,Il paziente ha superato la crisi,,,,,,,,,,,,,,,,,,,,,,,,,,,,,,,,,,,,,,,,,,,,,,,,,,,,,,,,,,,,,,,,,,,,,,,,,,,,,,,,,,,,,,
,,,,,,,,[(%PROLIFIC_PID,1,2025-04-16_19h37.48.086,CLTandFLE,2024.1.5,Win32,59.88023952,5f10955ff12b1836dcdd0d62,67ffc4c40efe1bd1090b10ee,67ffeaa58ea4127ef8fabefd,,,,,,,,,,,,,,,,,,,,,,,,,,,,,,,,,,,,,,,,,,,212.378,222.2779,9.8997,0,1,85.621,0.187962991,-0.062962956,0,0,0,0,12,12,30,1,c,Il paziente non ha preso il Batatrim,Il paziente ha superato la crisi,,,,,,,,,,,,,,,,,,,,,,,,,,,,,,,,,,,,,,,,,,,,,,,,,,,,,,,,,,,,,,,,,,,,,,,,,,,,,,,,,,,,,,
,,,,,,,,[(%PROLIFIC_PID,1,2025-04-16_19h37.48.086,CLTandFLE,2024.1.5,Win32,59.88023952,5f10955ff12b1836dcdd0d62,67ffc4c40efe1bd1090b10ee,67ffeaa58ea4127ef8fabefd,,,,,,,,,,,,,,,,,,,,,,,,,,,,,,,,,,,,,,,,,,,222.278,227.3287,5.0501,0,1,90.6711,0.187962991,-0.062962956,0,0,0,0,13,13,25,1,c,Il paziente non ha preso il Batatrim,Il paziente ha superato la crisi,,,,,,,,,,,,,,,,,,,,,,,,,,,,,,,,,,,,,,,,,,,,,,,,,,,,,,,,,,,,,,,,,,,,,,,,,,,,,,,,,,,,,,
,,,,,,,,[(%PROLIFIC_PID,1,2025-04-16_19h37.48.086,CLTandFLE,2024.1.5,Win32,59.88023952,5f10955ff12b1836dcdd0d62,67ffc4c40efe1bd1090b10ee,67ffeaa58ea4127ef8fabefd,,,,,,,,,,,,,,,,,,,,,,,,,,,,,,,,,,,,,,,,,,,227.3288,234.3262,6.9973,1,0,97.6684,-0.224999958,-0.032407407,0,0,0,0,14,14,27,1,c,Il paziente non ha preso il Batatrim,Il paziente ha superato la crisi,,,,,,,,,,,,,,,,,,,,,,,,,,,,,,,,,,,,,,,,,,,,,,,,,,,,,,,,,,,,,,,,,,,,,,,,,,,,,,,,,,,,,,
,,,,,,,,[(%PROLIFIC_PID,1,2025-04-16_19h37.48.086,CLTandFLE,2024.1.5,Win32,59.88023952,5f10955ff12b1836dcdd0d62,67ffc4c40efe1bd1090b10ee,67ffeaa58ea4127ef8fabefd,,,,,,,,,,,,,,,,,,,,,,,,,,,,,,,,,,,,,,,,,,,234.3264,239.8929,5.5664,1,0,103.2348,-0.224999958,-0.032407407,0,0,0,0,15,15,34,1,c,Il paziente non ha preso il Batatrim,Il paziente ha superato la crisi,,,,,,,,,,,,,,,,,,,,,,,,,,,,,,,,,,,,,,,,,,,,,,,,,,,,,,,,,,,,,,,,,,,,,,,,,,,,,,,,,,,,,,
,,,,,,,,[(%PROLIFIC_PID,1,2025-04-16_19h37.48.086,CLTandFLE,2024.1.5,Win32,59.88023952,5f10955ff12b1836dcdd0d62,67ffc4c40efe1bd1090b10ee,67ffeaa58ea4127ef8fabefd,,,,,,,,,,,,,,,,,,,,,,,,,,,,,,,,,,,,,,,,,,,239.8931,244.0939,4.2007,1,0,107.4355,-0.058333291,0.053703697,0,0,0,0,16,16,14,1,b,Il paziente ha preso il Batatrim,Il paziente ha superato la crisi,,,,,,,,,,,,,,,,,,,,,,,,,,,,,,,,,,,,,,,,,,,,,,,,,,,,,,,,,,,,,,,,,,,,,,,,,,,,,,,,,,,,,,
,,,,,,,,[(%PROLIFIC_PID,1,2025-04-16_19h37.48.086,CLTandFLE,2024.1.5,Win32,59.88023952,5f10955ff12b1836dcdd0d62,67ffc4c40efe1bd1090b10ee,67ffeaa58ea4127ef8fabefd,,,,,,,,,,,,,,,,,,,,,,,,,,,,,,,,,,,,,,,,,,,244.0941,249.2269,5.1327,1,0,112.5682,-0.002777735,-0.008333347,0,0,0,0,17,17,11,1,a,Il paziente ha preso il Batatrim,Il paziente ha superato la crisi,,,,,,,,,,,,,,,,,,,,,,,,,,,,,,,,,,,,,,,,,,,,,,,,,,,,,,,,,,,,,,,,,,,,,,,,,,,,,,,,,,,,,,
,,,,,,,,[(%PROLIFIC_PID,1,2025-04-16_19h37.48.086,CLTandFLE,2024.1.5,Win32,59.88023952,5f10955ff12b1836dcdd0d62,67ffc4c40efe1bd1090b10ee,67ffeaa58ea4127ef8fabefd,,,,,,,,,,,,,,,,,,,,,,,,,,,,,,,,,,,,,,,,,,,249.2271,254.3603,5.1327,1,0,117.7009,0.001851894,-0.040740755,0,0,0,0,18,18,12,1,a,Il paziente ha preso il Batatrim,Il paziente ha superato la crisi,,,,,,,,,,,,,,,,,,,,,,,,,,,,,,,,,,,,,,,,,,,,,,,,,,,,,,,,,,,,,,,,,,,,,,,,,,,,,,,,,,,,,,
,,,,,,,,[(%PROLIFIC_PID,1,2025-04-16_19h37.48.086,CLTandFLE,2024.1.5,Win32,59.88023952,5f10955ff12b1836dcdd0d62,67ffc4c40efe1bd1090b10ee,67ffeaa58ea4127ef8fabefd,,,,,,,,,,,,,,,,,,,,,,,,,,,,,,,,,,,,,,,,,,,254.3604,260.5755,6.215,0,1,123.9159,-0.023148148,0.030555548,0,0,0,0,19,19,29,1,c,Il paziente non ha preso il Batatrim,Il paziente ha superato la crisi,,,,,,,,,,,,,,,,,,,,,,,,,,,,,,,,,,,,,,,,,,,,,,,,,,,,,,,,,,,,,,,,,,,,,,,,,,,,,,,,,,,,,,
,,,,,,,,[(%PROLIFIC_PID,1,2025-04-16_19h37.48.086,CLTandFLE,2024.1.5,Win32,59.88023952,5f10955ff12b1836dcdd0d62,67ffc4c40efe1bd1090b10ee,67ffeaa58ea4127ef8fabefd,,,,,,,,,,,,,,,,,,,,,,,,,,,,,,,,,,,,,,,,,,,260.576,265.3935,4.8174,1,0,128.7333,-0.143518519,-0.041666667,0,0,0,0,20,20,10,1,a,Il paziente ha preso il Batatrim,Il paziente ha superato la crisi,,,,,,,,,,,,,,,,,,,,,,,,,,,,,,,,,,,,,,,,,,,,,,,,,,,,,,,,,,,,,,,,,,,,,,,,,,,,,,,,,,,,,,
,,,,,,,,[(%PROLIFIC_PID,1,2025-04-16_19h37.48.086,CLTandFLE,2024.1.5,Win32,59.88023952,5f10955ff12b1836dcdd0d62,67ffc4c40efe1bd1090b10ee,67ffeaa58ea4127ef8fabefd,,,,,,,,,,,,,,,,,,,,,,,,,,,,,,,,,,,,,,,,,,,265.3938,270.3937,4.9998,1,0,133.7331,-0.167592578,-0.046296296,0,0,0,0,21,21,1,1,a,Il paziente ha preso il Batatrim,Il paziente ha superato la crisi,,,,,,,,,,,,,,,,,,,,,,,,,,,,,,,,,,,,,,,,,,,,,,,,,,,,,,,,,,,,,,,,,,,,,,,,,,,,,,,,,,,,,,
,,,,,,,,[(%PROLIFIC_PID,1,2025-04-16_19h37.48.086,CLTandFLE,2024.1.5,Win32,59.88023952,5f10955ff12b1836dcdd0d62,67ffc4c40efe1bd1090b10ee,67ffeaa58ea4127ef8fabefd,,,,,,,,,,,,,,,,,,,,,,,,,,,,,,,,,,,,,,,,,,,270.3939,274.8766,4.4826,1,0,138.2157,0.040740755,-0.095370399,0,0,0,0,22,22,16,1,b,Il paziente ha preso il Batatrim,Il paziente non ha superato la crisi,,,,,,,,,,,,,,,,,,,,,,,,,,,,,,,,,,,,,,,,,,,,,,,,,,,,,,,,,,,,,,,,,,,,,,,,,,,,,,,,,,,,,,
,,,,,,,,[(%PROLIFIC_PID,1,2025-04-16_19h37.48.086,CLTandFLE,2024.1.5,Win32,59.88023952,5f10955ff12b1836dcdd0d62,67ffc4c40efe1bd1090b10ee,67ffeaa58ea4127ef8fabefd,,,,,,,,,,,,,,,,,,,,,,,,,,,,,,,,,,,,,,,,,,,274.8768,279.8436,4.9666,1,0,143.1823,-0.169444402,-0.050000014,0,0,0,0,23,23,19,1,b,Il paziente ha preso il Batatrim,Il paziente non ha superato la crisi,,,,,,,,,,,,,,,,,,,,,,,,,,,,,,,,,,,,,,,,,,,,,,,,,,,,,,,,,,,,,,,,,,,,,,,,,,,,,,,,,,,,,,
,,,,,,,,[(%PROLIFIC_PID,1,2025-04-16_19h37.48.086,CLTandFLE,2024.1.5,Win32,59.88023952,5f10955ff12b1836dcdd0d62,67ffc4c40efe1bd1090b10ee,67ffeaa58ea4127ef8fabefd,,,,,,,,,,,,,,,,,,,,,,,,,,,,,,,,,,,,,,,,,,,279.8438,285.7269,5.8829,1,0,149.0652,0.025000042,-0.100000028,0,0,0,0,24,24,3,1,a,Il paziente ha preso il Batatrim,Il paziente ha superato la crisi,,,,,,,,,,,,,,,,,,,,,,,,,,,,,,,,,,,,,,,,,,,,,,,,,,,,,,,,,,,,,,,,,,,,,,,,,,,,,,,,,,,,,,
,,,,,,,,[(%PROLIFIC_PID,1,2025-04-16_19h37.48.086,CLTandFLE,2024.1.5,Win32,59.88023952,5f10955ff12b1836dcdd0d62,67ffc4c40efe1bd1090b10ee,67ffeaa58ea4127ef8fabefd,,,,,,,,,,,,,,,,,,,,,,,,,,,,,,,,,,,,,,,,,,,285.7271,291.7099,5.9827,1,0,155.0479,-0.19259255,-0.043518526,0,0,0,0,25,25,26,1,c,Il paziente non ha preso il Batatrim,Il paziente ha superato la crisi,,,,,,,,,,,,,,,,,,,,,,,,,,,,,,,,,,,,,,,,,,,,,,,,,,,,,,,,,,,,,,,,,,,,,,,,,,,,,,,,,,,,,,
,,,,,,,,[(%PROLIFIC_PID,1,2025-04-16_19h37.48.086,CLTandFLE,2024.1.5,Win32,59.88023952,5f10955ff12b1836dcdd0d62,67ffc4c40efe1bd1090b10ee,67ffeaa58ea4127ef8fabefd,,,,,,,,,,,,,,,,,,,,,,,,,,,,,,,,,,,,,,,,,,,291.71,297.7931,6.083,1,0,161.1309,-0.19259255,-0.043518526,0,0,0,0,26,26,23,1,c,Il paziente non ha preso il Batatrim,Il paziente ha superato la crisi,,,,,,,,,,,,,,,,,,,,,,,,,,,,,,,,,,,,,,,,,,,,,,,,,,,,,,,,,,,,,,,,,,,,,,,,,,,,,,,,,,,,,,
,,,,,,,,[(%PROLIFIC_PID,1,2025-04-16_19h37.48.086,CLTandFLE,2024.1.5,Win32,59.88023952,5f10955ff12b1836dcdd0d62,67ffc4c40efe1bd1090b10ee,67ffeaa58ea4127ef8fabefd,,,,,,,,,,,,,,,,,,,,,,,,,,,,,,,,,,,,,,,,,,,297.7933,303.3414,5.548,1,0,166.6789,-0.19259255,-0.043518526,0,0,0,0,27,27,22,1,c,Il paziente non ha preso il Batatrim,Il paziente ha superato la crisi,,,,,,,,,,,,,,,,,,,,,,,,,,,,,,,,,,,,,,,,,,,,,,,,,,,,,,,,,,,,,,,,,,,,,,,,,,,,,,,,,,,,,,
,,,,,,,,[(%PROLIFIC_PID,1,2025-04-16_19h37.48.086,CLTandFLE,2024.1.5,Win32,59.88023952,5f10955ff12b1836dcdd0d62,67ffc4c40efe1bd1090b10ee,67ffeaa58ea4127ef8fabefd,,,,,,,,,,,,,,,,,,,,,,,,,,,,,,,,,,,,,,,,,,,303.3416,308.8434,5.5016,1,0,172.1805,-0.137962977,-0.038888896,0,0,0,0,28,28,20,1,c,Il paziente non ha preso il Batatrim,Il paziente ha superato la crisi,,,,,,,,,,,,,,,,,,,,,,,,,,,,,,,,,,,,,,,,,,,,,,,,,,,,,,,,,,,,,,,,,,,,,,,,,,,,,,,,,,,,,,
,,,,,,,,[(%PROLIFIC_PID,1,2025-04-16_19h37.48.086,CLTandFLE,2024.1.5,Win32,59.88023952,5f10955ff12b1836dcdd0d62,67ffc4c40efe1bd1090b10ee,67ffeaa58ea4127ef8fabefd,,,,,,,,,,,,,,,,,,,,,,,,,,,,,,,,,,,,,,,,,,,308.8436,314.2764,5.4327,1,0,177.6132,-0.174074032,-0.043518526,0,0,0,0,29,29,7,1,a,Il paziente ha preso il Batatrim,Il paziente ha superato la crisi,,,,,,,,,,,,,,,,,,,,,,,,,,,,,,,,,,,,,,,,,,,,,,,,,,,,,,,,,,,,,,,,,,,,,,,,,,,,,,,,,,,,,,
,,,,,,,,[(%PROLIFIC_PID,1,2025-04-16_19h37.48.086,CLTandFLE,2024.1.5,Win32,59.88023952,5f10955ff12b1836dcdd0d62,67ffc4c40efe1bd1090b10ee,67ffeaa58ea4127ef8fabefd,,,,,,,,,,,,,,,,,,,,,,,,,,,,,,,,,,,,,,,,,,,314.2768,319.6927,5.4158,1,0,183.029,-0.189814815,-0.049074067,0,0,0,0,30,30,39,1,d,Il paziente non ha preso il Batatrim,Il paziente non ha superato la crisi,,,,,,,,,,,,,,,,,,,,,,,,,,,,,,,,,,,,,,,,,,,,,,,,,,,,,,,,,,,,,,,,,,,,,,,,,,,,,,,,,,,,,,
,,,,,,,,[(%PROLIFIC_PID,1,2025-04-16_19h37.48.086,CLTandFLE,2024.1.5,Win32,59.88023952,5f10955ff12b1836dcdd0d62,67ffc4c40efe1bd1090b10ee,67ffeaa58ea4127ef8fabefd,,,,,,,,,,,,,,,,,,,,,,,,,,,,,,,,,,,,,,,,,,,319.6928,324.9762,5.2833,1,0,188.3123,0.132407436,-0.179629644,0,0,0,0,31,31,9,1,a,Il paziente ha preso il Batatrim,Il paziente ha superato la crisi,,,,,,,,,,,,,,,,,,,,,,,,,,,,,,,,,,,,,,,,,,,,,,,,,,,,,,,,,,,,,,,,,,,,,,,,,,,,,,,,,,,,,,
,,,,,,,,[(%PROLIFIC_PID,1,2025-04-16_19h37.48.086,CLTandFLE,2024.1.5,Win32,59.88023952,5f10955ff12b1836dcdd0d62,67ffc4c40efe1bd1090b10ee,67ffeaa58ea4127ef8fabefd,,,,,,,,,,,,,,,,,,,,,,,,,,,,,,,,,,,,,,,,,,,324.9764,329.9262,4.9496,0,1,193.2619,-0.007407365,-0.121296282,0,0,0,0,32,32,33,1,c,Il paziente non ha preso il Batatrim,Il paziente ha superato la crisi,,,,,,,,,,,,,,,,,,,,,,,,,,,,,,,,,,,,,,,,,,,,,,,,,,,,,,,,,,,,,,,,,,,,,,,,,,,,,,,,,,,,,,
,,,,,,,,[(%PROLIFIC_PID,1,2025-04-16_19h37.48.086,CLTandFLE,2024.1.5,Win32,59.88023952,5f10955ff12b1836dcdd0d62,67ffc4c40efe1bd1090b10ee,67ffeaa58ea4127ef8fabefd,,,,,,,,,,,,,,,,,,,,,,,,,,,,,,,,,,,,,,,,,,,329.9264,335.2078,5.2813,0,1,198.5432,0.037962949,0.088888875,0,0,0,0,33,33,35,1,d,Il paziente non ha preso il Batatrim,Il paziente non ha superato la crisi,,,,,,,,,,,,,,,,,,,,,,,,,,,,,,,,,,,,,,,,,,,,,,,,,,,,,,,,,,,,,,,,,,,,,,,,,,,,,,,,,,,,,,
,,,,,,,,[(%PROLIFIC_PID,1,2025-04-16_19h37.48.086,CLTandFLE,2024.1.5,Win32,59.88023952,5f10955ff12b1836dcdd0d62,67ffc4c40efe1bd1090b10ee,67ffeaa58ea4127ef8fabefd,,,,,,,,,,,,,,,,,,,,,,,,,,,,,,,,,,,,,,,,,,,335.2085,340.0427,4.8341,1,0,203.3773,-0.175925926,-0.017592607,0,0,0,0,34,34,6,1,a,Il paziente ha preso il Batatrim,Il paziente ha superato la crisi,,,,,,,,,,,,,,,,,,,,,,,,,,,,,,,,,,,,,,,,,,,,,,,,,,,,,,,,,,,,,,,,,,,,,,,,,,,,,,,,,,,,,,
,,,,,,,,[(%PROLIFIC_PID,1,2025-04-16_19h37.48.086,CLTandFLE,2024.1.5,Win32,59.88023952,5f10955ff12b1836dcdd0d62,67ffc4c40efe1bd1090b10ee,67ffeaa58ea4127ef8fabefd,,,,,,,,,,,,,,,,,,,,,,,,,,,,,,,,,,,,,,,,,,,340.0428,345.992,5.9492,0,1,209.3265,0.215740769,-0.062037044,0,0,0,0,35,35,28,1,c,Il paziente non ha preso il Batatrim,Il paziente ha superato la crisi,,,,,,,,,,,,,,,,,,,,,,,,,,,,,,,,,,,,,,,,,,,,,,,,,,,,,,,,,,,,,,,,,,,,,,,,,,,,,,,,,,,,,,
,,,,,,,,[(%PROLIFIC_PID,1,2025-04-16_19h37.48.086,CLTandFLE,2024.1.5,Win32,59.88023952,5f10955ff12b1836dcdd0d62,67ffc4c40efe1bd1090b10ee,67ffeaa58ea4127ef8fabefd,,,,,,,,,,,,,,,,,,,,,,,,,,,,,,,,,,,,,,,,,,,345.9923,352.9582,6.9658,1,0,216.2923,-0.174074032,-0.064814815,0,0,0,0,36,36,0,1,a,Il paziente ha preso il Batatrim,Il paziente ha superato la crisi,,,,,,,,,,,,,,,,,,,,,,,,,,,,,,,,,,,,,,,,,,,,,,,,,,,,,,,,,,,,,,,,,,,,,,,,,,,,,,,,,,,,,,
,,,,,,,,[(%PROLIFIC_PID,1,2025-04-16_19h37.48.086,CLTandFLE,2024.1.5,Win32,59.88023952,5f10955ff12b1836dcdd0d62,67ffc4c40efe1bd1090b10ee,67ffeaa58ea4127ef8fabefd,,,,,,,,,,,,,,,,,,,,,,,,,,,,,,,,,,,,,,,,,,,352.9585,360.4755,7.5169,1,0,223.8092,-0.174074032,-0.064814815,0,0,0,0,37,37,4,1,a,Il paziente ha preso il Batatrim,Il paziente ha superato la crisi,,,,,,,,,,,,,,,,,,,,,,,,,,,,,,,,,,,,,,,,,,,,,,,,,,,,,,,,,,,,,,,,,,,,,,,,,,,,,,,,,,,,,,
,,,,,,,,[(%PROLIFIC_PID,1,2025-04-16_19h37.48.086,CLTandFLE,2024.1.5,Win32,59.88023952,5f10955ff12b1836dcdd0d62,67ffc4c40efe1bd1090b10ee,67ffeaa58ea4127ef8fabefd,,,,,,,,,,,,,,,,,,,,,,,,,,,,,,,,,,,,,,,,,,,360.4758,367.0755,6.5996,1,0,230.4088,-0.180555556,-0.015740748,0,0,0,0,38,38,36,1,d,Il paziente non ha preso il Batatrim,Il paziente non ha superato la crisi,,,,,,,,,,,,,,,,,,,,,,,,,,,,,,,,,,,,,,,,,,,,,,,,,,,,,,,,,,,,,,,,,,,,,,,,,,,,,,,,,,,,,,
,,,,,,,,[(%PROLIFIC_PID,1,2025-04-16_19h37.48.086,CLTandFLE,2024.1.5,Win32,59.88023952,5f10955ff12b1836dcdd0d62,67ffc4c40efe1bd1090b10ee,67ffeaa58ea4127ef8fabefd,,,,,,,,,,,,,,,,,,,,,,,,,,,,,,,,,,,,,,,,,,,367.0757,372.2238,5.1479,1,0,235.5567,-0.189814815,-0.053703697,0,0,0,0,39,39,15,1,b,Il paziente ha preso il Batatrim,Il paziente non ha superato la crisi,,,,,,,,,,,,,,,,,,,,,,,,,,,,,,,,,,,,,,,,,,,,,,,,,,,,,,,,,,,,,,,,,,,,,,,,,,,,,,,,,,,,,,
,,,,,,,,[(%PROLIFIC_PID,1,2025-04-16_19h37.48.086,CLTandFLE,2024.1.5,Win32,59.88023952,5f10955ff12b1836dcdd0d62,67ffc4c40efe1bd1090b10ee,67ffeaa58ea4127ef8fabefd,,422.5359,423.5356,,,,,,,,,,,,,,,,,,,,,,,,,,,,,,,,,,,,,,,,,,,,,,,,,,,,,,,,,,,373.2209,409.8527,36.6313,40,35.4093,0.039814843,-0.204629616,1,0,0,410.8528,422.5358,11.6826,85,10.2255,0.044444473,-0.214814857,1,0,0,4,20,15,15,0,0,0,0,1,,,,,,,,,,,,,,,,,,,,,,,,,,,,,,,,,,,,,,,,,,,,,,,,,,,,,,,,,
,,,,,,,,[(%PROLIFIC_PID,1,2025-04-16_19h37.48.086,CLTandFLE,2024.1.5,Win32,59.88023952,5f10955ff12b1836dcdd0d62,67ffc4c40efe1bd1090b10ee,67ffeaa58ea4127ef8fabefd,,617.0546,618.0489,,,,,,,,,,,,,,,,,,,,,,,,,,,,,,,,,,,,,,,,,,,,,,,,,,,,,,,,,,,,,,,,,,,,,,,,,,,,,,,,,,,,,,,,487.6845,496.235,8.5498,1,5.788,0.02407406,-0.219444487,1,0,0,24,Maschio,Sì,18,No,TRUE,FALSE,6,8,8,7,6,FALSE,Conferma,c1ok,c2ok,c3ok,c4ok,c5ok,c6ok,c7ok,c8ok,c9ok,c10ok,c11ok,c12err,c13ok,c14err2,c15ok,c16ok,c17ok,c18err2,c19ok,c20err,c21err,c22ok,c23ok,c24ok,c25err3,c26ok,887.1292,893.7111,0,0,0,0,1
