﻿Alfa.started,Alfa.stopped,alfa_mouse.x,alfa_mouse.y,alfa_mouse.leftButton,alfa_mouse.midButton,alfa_mouse.rightButton,alfa_mouse.clicked_name,participant,group,date,expName,psychopyVersion,OS,frameRate,PROLIFIC_PID,STUDY_ID,SESSION_ID,)],ITI.started,ITI.stopped,B_consensoinformato.started,B_consensoinformato.stopped,tempo_consenso,cons_mouse.x,cons_mouse.y,cons_mouse.leftButton,cons_mouse.midButton,cons_mouse.rightButton,A_benvenuto.started,A_benvenuto.stopped,ben_mouse.x,ben_mouse.y,ben_mouse.leftButton,ben_mouse.midButton,ben_mouse.rightButton,B2_istruzioni.started,B2_istruzioni.stopped,tempo_istru,cons_mouse_2.x,cons_mouse_2.y,cons_mouse_2.leftButton,cons_mouse_2.midButton,cons_mouse_2.rightButton,SAMevaluation.started,SAMevaluation.stopped,temposam,sliderintensity.response,sliderintensity.rt,slidervalence.response,slidervalence.rt,mouse_sam.x,mouse_sam.y,mouse_sam.leftButton,mouse_sam.midButton,mouse_sam.rightButton,mouse_sam.time,mouse_sam.clicked_name,Loading.started,Loading.stopped,C_associative_task.started,C_associative_task.stopped,tempo_trial,hapremutosi,hapremutono,tempo_tasktot,mouse.x,mouse.y,mouse.leftButton,mouse.midButton,mouse.rightButton,trials.thisRepN,trials.thisTrialN,trials.thisN,trials.thisIndex,trials.ran,cond,causa,effetto,D_VD.started,D_VD.stopped,tempo_vd,vd.response,vd.rt,mouse_vd.x,mouse_vd.y,mouse_vd.leftButton,mouse_vd.midButton,mouse_vd.rightButton,Previous.started,Previous.stopped,tempo_vd1,previous.response,previous.rt,mouse_vd_2.x,mouse_vd_2.y,mouse_vd_2.leftButton,mouse_vd_2.midButton,mouse_vd_2.rightButton,EstENG.TrialSS,EstENG.TrialNN,EstENG.TrialNS,EstENG.TrialSN,ingesta.thisRepN,ingesta.thisTrialN,ingesta.thisN,ingesta.thisIndex,ingesta.ran,PF.started,PF.stopped,tempo_pf,processfluency.response,processfluency.rt,mouse_ch.x,mouse_ch.y,mouse_ch.leftButton,mouse_ch.midButton,mouse_ch.rightButton,Questionario_Lingua.Age,Questionario_Lingua.Sesso,Questionario_Lingua.StaiStudiando?,Questionario_Lingua.Anniscolarita,Questionario_Lingua.Diploma,Questionario_Lingua.ItaMADRE?,Questionario_Lingua.INGmadre?,Questionario_Lingua.Q5(AOAIng),Questionario_Lingua.INGLETTURA,Questionario_Lingua.INGCOMPRESO,Questionario_Lingua.INGSCRITTO,Questionario_Lingua.INGPARLATO,Questionario_Lingua.haivissutoestero,ProvaInglese.ProcediamoENg,ProvaInglese.C1,ProvaInglese.C2,ProvaInglese.C3,ProvaInglese.C4,ProvaInglese.C5,ProvaInglese.C6,ProvaInglese.C7,ProvaInglese.C8,ProvaInglese.C9,ProvaInglese.C10,ProvaInglese.C11,ProvaInglese.C12,ProvaInglese.C13,ProvaInglese.C14,ProvaInglese.C15,ProvaInglese.C16,ProvaInglese.C17,ProvaInglese.C18,ProvaInglese.C19,ProvaInglese.C20,ProvaInglese.C21,ProvaInglese.C22,ProvaInglese.C23,ProvaInglese.C24,ProvaInglese.C25,ProvaInglese.controlquestion,Ant_lastquestion.started,Ant_lastquestion.stopped,exp_loop.thisRepN,exp_loop.thisTrialN,exp_loop.thisN,exp_loop.thisIndex,exp_loop.ran
0.0003,112.9141,-0.100694444,0,1,0,0,alfa_mask,[(%PROLIFIC_PID,2,2025-04-16_18h50.23.695,CLTandFLE,2024.1.5,Win32,144.9275362,5fc81317cb747a11cec37374,67ffc4c40efe1bd1090b10ee,67ffdfb188ec3956ca487a5e,,,,,,,,,,,,,,,,,,,,,,,,,,,,,,,,,,,,,,,,,,,,,,,,,,,,,,,,,,,,,,,,,,,,,,,,,,,,,,,,,,,,,,,,,,,,,,,,,,,,,,,,,,,,,,,,,,,,,,,,,,,,,,,,,,,,,,,,,,,,,,,,,,,
,,,,,,,,[(%PROLIFIC_PID,2,2025-04-16_18h50.23.695,CLTandFLE,2024.1.5,Win32,144.9275362,5fc81317cb747a11cec37374,67ffc4c40efe1bd1090b10ee,67ffdfb188ec3956ca487a5e,,112.9143,113.3312,,,,,,,,,,,,,,,,,,,,,,,,,,,,,,,,,,,,,,,,,,,,,,,,,,,,,,,,,,,,,,,,,,,,,,,,,,,,,,,,,,,,,,,,,,,,,,,,,,,,,,,,,,,,,,,,,,,,,,,,,,,,,,,,,,,,,,,,,,,,,,,,
,,,,,,,,[(%PROLIFIC_PID,2,2025-04-16_18h50.23.695,CLTandFLE,2024.1.5,Win32,144.9275362,5fc81317cb747a11cec37374,67ffc4c40efe1bd1090b10ee,67ffdfb188ec3956ca487a5e,,,,113.3313,122.09,8.7583,0.190972222,-0.405555556,1,0,0,,,,,,,,,,,,,,,,,,,,,,,,,,,,,,,,,,,,,,,,,,,,,,,,,,,,,,,,,,,,,,,,,,,,,,,,,,,,,,,,,,,,,,,,,,,,,,,,,,,,,,,,,,,,,,,,,,,,,,,,,,,,,,,,,,,,,,,,
,,,,,,,,[(%PROLIFIC_PID,2,2025-04-16_18h50.23.695,CLTandFLE,2024.1.5,Win32,144.9275362,5fc81317cb747a11cec37374,67ffc4c40efe1bd1090b10ee,67ffdfb188ec3956ca487a5e,,236.5227,236.9396,,,,,,,,,122.5152,126.3856,0.00625,-0.102777778,1,0,0,126.8033,208.0789,81.2753,0.029166667,-0.411111111,1,0,0,208.4958,229.1073,20.611,0.853298611,20.1111,0.243055556,5.4867,"[-0.009027777777777777,-0.013888888888888888,0.10833333333333334,0.04097222222222222]","[0.19722222222222222,-0.008333333333333333,-0.011111111111111112,-0.2298611111111111]","[1,1,1,1]","[0,0,0,0]","[0,0,0,0]","[4.611400000035758,8.255100000023845,19.598300000011932,20.607800000011935]","[""sliderintensity"",""rettoksam""]",229.5236,236.5226,236.953,248.6688,11.7156,1,0,11.7156,0.015972222,-0.180555556,0,0,0,0,0,0,15,1,b,The patient has taken Batatrim,The patient has not overcome the crisis,,,,,,,,,,,,,,,,,,,,,,,,,,,,,,,,,,,,,,,,,,,,,,,,,,,,,,,,,,,,,,,,,,,,,,,,,,,,,,,,,,,,,,
,,,,,,,,[(%PROLIFIC_PID,2,2025-04-16_18h50.23.695,CLTandFLE,2024.1.5,Win32,144.9275362,5fc81317cb747a11cec37374,67ffc4c40efe1bd1090b10ee,67ffdfb188ec3956ca487a5e,,,,,,,,,,,,,,,,,,,,,,,,,,,,,,,,,,,,,,,,,,,248.6691,255.2493,6.5801,1,0,18.2957,0.000694444,0.118055556,0,0,0,0,1,1,24,1,c,The patient has not taken Batatrim,The patient has overcome the crisis,,,,,,,,,,,,,,,,,,,,,,,,,,,,,,,,,,,,,,,,,,,,,,,,,,,,,,,,,,,,,,,,,,,,,,,,,,,,,,,,,,,,,,
,,,,,,,,[(%PROLIFIC_PID,2,2025-04-16_18h50.23.695,CLTandFLE,2024.1.5,Win32,144.9275362,5fc81317cb747a11cec37374,67ffc4c40efe1bd1090b10ee,67ffdfb188ec3956ca487a5e,,,,,,,,,,,,,,,,,,,,,,,,,,,,,,,,,,,,,,,,,,,255.2496,262.8074,7.5577,0,1,25.8534,-0.08125,0.038888889,0,0,0,0,2,2,36,1,d,The patient has not taken Batatrim,The patient has not overcome the crisis,,,,,,,,,,,,,,,,,,,,,,,,,,,,,,,,,,,,,,,,,,,,,,,,,,,,,,,,,,,,,,,,,,,,,,,,,,,,,,,,,,,,,,
,,,,,,,,[(%PROLIFIC_PID,2,2025-04-16_18h50.23.695,CLTandFLE,2024.1.5,Win32,144.9275362,5fc81317cb747a11cec37374,67ffc4c40efe1bd1090b10ee,67ffdfb188ec3956ca487a5e,,,,,,,,,,,,,,,,,,,,,,,,,,,,,,,,,,,,,,,,,,,262.8076,269.7726,6.9648,1,0,32.8182,0.085416667,0.002777778,0,0,0,0,3,3,17,1,b,The patient has taken Batatrim,The patient has not overcome the crisis,,,,,,,,,,,,,,,,,,,,,,,,,,,,,,,,,,,,,,,,,,,,,,,,,,,,,,,,,,,,,,,,,,,,,,,,,,,,,,,,,,,,,,
,,,,,,,,[(%PROLIFIC_PID,2,2025-04-16_18h50.23.695,CLTandFLE,2024.1.5,Win32,144.9275362,5fc81317cb747a11cec37374,67ffc4c40efe1bd1090b10ee,67ffdfb188ec3956ca487a5e,,,,,,,,,,,,,,,,,,,,,,,,,,,,,,,,,,,,,,,,,,,269.7729,275.6604,5.8875,1,0,38.7057,0.013888889,-0.104166667,0,0,0,0,4,4,23,1,c,The patient has not taken Batatrim,The patient has overcome the crisis,,,,,,,,,,,,,,,,,,,,,,,,,,,,,,,,,,,,,,,,,,,,,,,,,,,,,,,,,,,,,,,,,,,,,,,,,,,,,,,,,,,,,,
,,,,,,,,[(%PROLIFIC_PID,2,2025-04-16_18h50.23.695,CLTandFLE,2024.1.5,Win32,144.9275362,5fc81317cb747a11cec37374,67ffc4c40efe1bd1090b10ee,67ffdfb188ec3956ca487a5e,,,,,,,,,,,,,,,,,,,,,,,,,,,,,,,,,,,,,,,,,,,275.6607,280.4273,4.7664,0,1,43.4721,-0.002777778,-0.072222222,0,0,0,0,5,5,18,1,b,The patient has taken Batatrim,The patient has not overcome the crisis,,,,,,,,,,,,,,,,,,,,,,,,,,,,,,,,,,,,,,,,,,,,,,,,,,,,,,,,,,,,,,,,,,,,,,,,,,,,,,,,,,,,,,
,,,,,,,,[(%PROLIFIC_PID,2,2025-04-16_18h50.23.695,CLTandFLE,2024.1.5,Win32,144.9275362,5fc81317cb747a11cec37374,67ffc4c40efe1bd1090b10ee,67ffdfb188ec3956ca487a5e,,,,,,,,,,,,,,,,,,,,,,,,,,,,,,,,,,,,,,,,,,,280.4276,285.272,4.8443,1,0,48.3164,0.053472222,-0.018055556,0,0,0,0,6,6,28,1,c,The patient has not taken Batatrim,The patient has overcome the crisis,,,,,,,,,,,,,,,,,,,,,,,,,,,,,,,,,,,,,,,,,,,,,,,,,,,,,,,,,,,,,,,,,,,,,,,,,,,,,,,,,,,,,,
,,,,,,,,[(%PROLIFIC_PID,2,2025-04-16_18h50.23.695,CLTandFLE,2024.1.5,Win32,144.9275362,5fc81317cb747a11cec37374,67ffc4c40efe1bd1090b10ee,67ffdfb188ec3956ca487a5e,,,,,,,,,,,,,,,,,,,,,,,,,,,,,,,,,,,,,,,,,,,285.2723,290.4317,5.1594,0,1,53.4758,0.025,-0.044444444,0,0,0,0,7,7,30,1,c,The patient has not taken Batatrim,The patient has overcome the crisis,,,,,,,,,,,,,,,,,,,,,,,,,,,,,,,,,,,,,,,,,,,,,,,,,,,,,,,,,,,,,,,,,,,,,,,,,,,,,,,,,,,,,,
,,,,,,,,[(%PROLIFIC_PID,2,2025-04-16_18h50.23.695,CLTandFLE,2024.1.5,Win32,144.9275362,5fc81317cb747a11cec37374,67ffc4c40efe1bd1090b10ee,67ffdfb188ec3956ca487a5e,,,,,,,,,,,,,,,,,,,,,,,,,,,,,,,,,,,,,,,,,,,290.4319,295.136,4.704,1,0,58.1798,0.086111111,-0.002777778,0,0,0,0,8,8,7,1,a,The patient has taken Batatrim,The patient has overcome the crisis,,,,,,,,,,,,,,,,,,,,,,,,,,,,,,,,,,,,,,,,,,,,,,,,,,,,,,,,,,,,,,,,,,,,,,,,,,,,,,,,,,,,,,
,,,,,,,,[(%PROLIFIC_PID,2,2025-04-16_18h50.23.695,CLTandFLE,2024.1.5,Win32,144.9275362,5fc81317cb747a11cec37374,67ffc4c40efe1bd1090b10ee,67ffdfb188ec3956ca487a5e,,,,,,,,,,,,,,,,,,,,,,,,,,,,,,,,,,,,,,,,,,,295.1362,299.9603,4.8239,1,0,63.0037,0.085416667,-0.016666667,0,0,0,0,9,9,12,1,a,The patient has taken Batatrim,The patient has overcome the crisis,,,,,,,,,,,,,,,,,,,,,,,,,,,,,,,,,,,,,,,,,,,,,,,,,,,,,,,,,,,,,,,,,,,,,,,,,,,,,,,,,,,,,,
,,,,,,,,[(%PROLIFIC_PID,2,2025-04-16_18h50.23.695,CLTandFLE,2024.1.5,Win32,144.9275362,5fc81317cb747a11cec37374,67ffc4c40efe1bd1090b10ee,67ffdfb188ec3956ca487a5e,,,,,,,,,,,,,,,,,,,,,,,,,,,,,,,,,,,,,,,,,,,299.9606,303.9085,3.9479,0,1,66.9516,0.034722222,-0.022916667,0,0,0,0,10,10,26,1,c,The patient has not taken Batatrim,The patient has overcome the crisis,,,,,,,,,,,,,,,,,,,,,,,,,,,,,,,,,,,,,,,,,,,,,,,,,,,,,,,,,,,,,,,,,,,,,,,,,,,,,,,,,,,,,,
,,,,,,,,[(%PROLIFIC_PID,2,2025-04-16_18h50.23.695,CLTandFLE,2024.1.5,Win32,144.9275362,5fc81317cb747a11cec37374,67ffc4c40efe1bd1090b10ee,67ffdfb188ec3956ca487a5e,,,,,,,,,,,,,,,,,,,,,,,,,,,,,,,,,,,,,,,,,,,303.9087,307.8014,3.8926,1,0,70.8442,-0.006944444,0.023611111,0,0,0,0,11,11,13,1,a,The patient has taken Batatrim,The patient has overcome the crisis,,,,,,,,,,,,,,,,,,,,,,,,,,,,,,,,,,,,,,,,,,,,,,,,,,,,,,,,,,,,,,,,,,,,,,,,,,,,,,,,,,,,,,
,,,,,,,,[(%PROLIFIC_PID,2,2025-04-16_18h50.23.695,CLTandFLE,2024.1.5,Win32,144.9275362,5fc81317cb747a11cec37374,67ffc4c40efe1bd1090b10ee,67ffdfb188ec3956ca487a5e,,,,,,,,,,,,,,,,,,,,,,,,,,,,,,,,,,,,,,,,,,,307.8018,313.1888,5.3869,0,1,76.2311,0.063194444,-0.009027778,0,0,0,0,12,12,1,1,a,The patient has taken Batatrim,The patient has overcome the crisis,,,,,,,,,,,,,,,,,,,,,,,,,,,,,,,,,,,,,,,,,,,,,,,,,,,,,,,,,,,,,,,,,,,,,,,,,,,,,,,,,,,,,,
,,,,,,,,[(%PROLIFIC_PID,2,2025-04-16_18h50.23.695,CLTandFLE,2024.1.5,Win32,144.9275362,5fc81317cb747a11cec37374,67ffc4c40efe1bd1090b10ee,67ffdfb188ec3956ca487a5e,,,,,,,,,,,,,,,,,,,,,,,,,,,,,,,,,,,,,,,,,,,313.1889,317.7574,4.5684,0,1,80.7995,0.138194444,0.036805556,0,0,0,0,13,13,38,1,d,The patient has not taken Batatrim,The patient has not overcome the crisis,,,,,,,,,,,,,,,,,,,,,,,,,,,,,,,,,,,,,,,,,,,,,,,,,,,,,,,,,,,,,,,,,,,,,,,,,,,,,,,,,,,,,,
,,,,,,,,[(%PROLIFIC_PID,2,2025-04-16_18h50.23.695,CLTandFLE,2024.1.5,Win32,144.9275362,5fc81317cb747a11cec37374,67ffc4c40efe1bd1090b10ee,67ffdfb188ec3956ca487a5e,,,,,,,,,,,,,,,,,,,,,,,,,,,,,,,,,,,,,,,,,,,317.7576,321.6963,3.9386,1,0,84.7381,0.034027778,0.084027778,0,0,0,0,14,14,0,1,a,The patient has taken Batatrim,The patient has overcome the crisis,,,,,,,,,,,,,,,,,,,,,,,,,,,,,,,,,,,,,,,,,,,,,,,,,,,,,,,,,,,,,,,,,,,,,,,,,,,,,,,,,,,,,,
,,,,,,,,[(%PROLIFIC_PID,2,2025-04-16_18h50.23.695,CLTandFLE,2024.1.5,Win32,144.9275362,5fc81317cb747a11cec37374,67ffc4c40efe1bd1090b10ee,67ffdfb188ec3956ca487a5e,,,,,,,,,,,,,,,,,,,,,,,,,,,,,,,,,,,,,,,,,,,321.6965,326.0347,4.3382,1,0,89.0763,-0.027777778,0.013194444,0,0,0,0,15,15,21,1,c,The patient has not taken Batatrim,The patient has overcome the crisis,,,,,,,,,,,,,,,,,,,,,,,,,,,,,,,,,,,,,,,,,,,,,,,,,,,,,,,,,,,,,,,,,,,,,,,,,,,,,,,,,,,,,,
,,,,,,,,[(%PROLIFIC_PID,2,2025-04-16_18h50.23.695,CLTandFLE,2024.1.5,Win32,144.9275362,5fc81317cb747a11cec37374,67ffc4c40efe1bd1090b10ee,67ffdfb188ec3956ca487a5e,,,,,,,,,,,,,,,,,,,,,,,,,,,,,,,,,,,,,,,,,,,326.0349,329.9275,3.8924,0,1,92.9687,0.025694444,-0.038194444,0,0,0,0,16,16,25,1,c,The patient has not taken Batatrim,The patient has overcome the crisis,,,,,,,,,,,,,,,,,,,,,,,,,,,,,,,,,,,,,,,,,,,,,,,,,,,,,,,,,,,,,,,,,,,,,,,,,,,,,,,,,,,,,,
,,,,,,,,[(%PROLIFIC_PID,2,2025-04-16_18h50.23.695,CLTandFLE,2024.1.5,Win32,144.9275362,5fc81317cb747a11cec37374,67ffc4c40efe1bd1090b10ee,67ffdfb188ec3956ca487a5e,,,,,,,,,,,,,,,,,,,,,,,,,,,,,,,,,,,,,,,,,,,329.9278,336.5173,6.5895,0,1,99.5582,0.108333333,-0.013194444,0,0,0,0,17,17,5,1,a,The patient has taken Batatrim,The patient has overcome the crisis,,,,,,,,,,,,,,,,,,,,,,,,,,,,,,,,,,,,,,,,,,,,,,,,,,,,,,,,,,,,,,,,,,,,,,,,,,,,,,,,,,,,,,
,,,,,,,,[(%PROLIFIC_PID,2,2025-04-16_18h50.23.695,CLTandFLE,2024.1.5,Win32,144.9275362,5fc81317cb747a11cec37374,67ffc4c40efe1bd1090b10ee,67ffdfb188ec3956ca487a5e,,,,,,,,,,,,,,,,,,,,,,,,,,,,,,,,,,,,,,,,,,,336.5176,341.0635,4.5457,1,0,104.1039,-0.042361111,-0.015277778,0,0,0,0,18,18,32,1,c,The patient has not taken Batatrim,The patient has overcome the crisis,,,,,,,,,,,,,,,,,,,,,,,,,,,,,,,,,,,,,,,,,,,,,,,,,,,,,,,,,,,,,,,,,,,,,,,,,,,,,,,,,,,,,,
,,,,,,,,[(%PROLIFIC_PID,2,2025-04-16_18h50.23.695,CLTandFLE,2024.1.5,Win32,144.9275362,5fc81317cb747a11cec37374,67ffc4c40efe1bd1090b10ee,67ffdfb188ec3956ca487a5e,,,,,,,,,,,,,,,,,,,,,,,,,,,,,,,,,,,,,,,,,,,341.0637,345.403,4.3392,1,0,108.4431,0.032638889,0.046527778,0,0,0,0,19,19,37,1,d,The patient has not taken Batatrim,The patient has not overcome the crisis,,,,,,,,,,,,,,,,,,,,,,,,,,,,,,,,,,,,,,,,,,,,,,,,,,,,,,,,,,,,,,,,,,,,,,,,,,,,,,,,,,,,,,
,,,,,,,,[(%PROLIFIC_PID,2,2025-04-16_18h50.23.695,CLTandFLE,2024.1.5,Win32,144.9275362,5fc81317cb747a11cec37374,67ffc4c40efe1bd1090b10ee,67ffdfb188ec3956ca487a5e,,,,,,,,,,,,,,,,,,,,,,,,,,,,,,,,,,,,,,,,,,,345.4035,351.0943,5.6907,0,1,114.1338,0.051388889,0.027083333,0,0,0,0,20,20,6,1,a,The patient has taken Batatrim,The patient has overcome the crisis,,,,,,,,,,,,,,,,,,,,,,,,,,,,,,,,,,,,,,,,,,,,,,,,,,,,,,,,,,,,,,,,,,,,,,,,,,,,,,,,,,,,,,
,,,,,,,,[(%PROLIFIC_PID,2,2025-04-16_18h50.23.695,CLTandFLE,2024.1.5,Win32,144.9275362,5fc81317cb747a11cec37374,67ffc4c40efe1bd1090b10ee,67ffdfb188ec3956ca487a5e,,,,,,,,,,,,,,,,,,,,,,,,,,,,,,,,,,,,,,,,,,,351.0945,354.7854,3.6908,1,0,117.8246,-0.002777778,0.002777778,0,0,0,0,21,21,8,1,a,The patient has taken Batatrim,The patient has overcome the crisis,,,,,,,,,,,,,,,,,,,,,,,,,,,,,,,,,,,,,,,,,,,,,,,,,,,,,,,,,,,,,,,,,,,,,,,,,,,,,,,,,,,,,,
,,,,,,,,[(%PROLIFIC_PID,2,2025-04-16_18h50.23.695,CLTandFLE,2024.1.5,Win32,144.9275362,5fc81317cb747a11cec37374,67ffc4c40efe1bd1090b10ee,67ffdfb188ec3956ca487a5e,,,,,,,,,,,,,,,,,,,,,,,,,,,,,,,,,,,,,,,,,,,354.7856,358.4628,3.677,1,0,121.5016,0.064583333,-0.023611111,0,0,0,0,22,22,31,1,c,The patient has not taken Batatrim,The patient has overcome the crisis,,,,,,,,,,,,,,,,,,,,,,,,,,,,,,,,,,,,,,,,,,,,,,,,,,,,,,,,,,,,,,,,,,,,,,,,,,,,,,,,,,,,,,
,,,,,,,,[(%PROLIFIC_PID,2,2025-04-16_18h50.23.695,CLTandFLE,2024.1.5,Win32,144.9275362,5fc81317cb747a11cec37374,67ffc4c40efe1bd1090b10ee,67ffdfb188ec3956ca487a5e,,,,,,,,,,,,,,,,,,,,,,,,,,,,,,,,,,,,,,,,,,,358.4629,362.4736,4.0106,0,1,125.5122,0.065277778,-0.035416667,0,0,0,0,23,23,19,1,b,The patient has taken Batatrim,The patient has not overcome the crisis,,,,,,,,,,,,,,,,,,,,,,,,,,,,,,,,,,,,,,,,,,,,,,,,,,,,,,,,,,,,,,,,,,,,,,,,,,,,,,,,,,,,,,
,,,,,,,,[(%PROLIFIC_PID,2,2025-04-16_18h50.23.695,CLTandFLE,2024.1.5,Win32,144.9275362,5fc81317cb747a11cec37374,67ffc4c40efe1bd1090b10ee,67ffdfb188ec3956ca487a5e,,,,,,,,,,,,,,,,,,,,,,,,,,,,,,,,,,,,,,,,,,,362.4738,366.1456,3.6718,1,0,129.184,-0.065277778,-0.039583333,0,0,0,0,24,24,14,1,b,The patient has taken Batatrim,The patient has overcome the crisis,,,,,,,,,,,,,,,,,,,,,,,,,,,,,,,,,,,,,,,,,,,,,,,,,,,,,,,,,,,,,,,,,,,,,,,,,,,,,,,,,,,,,,
,,,,,,,,[(%PROLIFIC_PID,2,2025-04-16_18h50.23.695,CLTandFLE,2024.1.5,Win32,144.9275362,5fc81317cb747a11cec37374,67ffc4c40efe1bd1090b10ee,67ffdfb188ec3956ca487a5e,,,,,,,,,,,,,,,,,,,,,,,,,,,,,,,,,,,,,,,,,,,366.1458,369.7883,3.6425,1,0,132.8265,0.011805556,-0.027083333,0,0,0,0,25,25,2,1,a,The patient has taken Batatrim,The patient has overcome the crisis,,,,,,,,,,,,,,,,,,,,,,,,,,,,,,,,,,,,,,,,,,,,,,,,,,,,,,,,,,,,,,,,,,,,,,,,,,,,,,,,,,,,,,
,,,,,,,,[(%PROLIFIC_PID,2,2025-04-16_18h50.23.695,CLTandFLE,2024.1.5,Win32,144.9275362,5fc81317cb747a11cec37374,67ffc4c40efe1bd1090b10ee,67ffdfb188ec3956ca487a5e,,,,,,,,,,,,,,,,,,,,,,,,,,,,,,,,,,,,,,,,,,,369.7885,373.693,3.9044,1,0,136.7309,0.099305556,-0.05,0,0,0,0,26,26,3,1,a,The patient has taken Batatrim,The patient has overcome the crisis,,,,,,,,,,,,,,,,,,,,,,,,,,,,,,,,,,,,,,,,,,,,,,,,,,,,,,,,,,,,,,,,,,,,,,,,,,,,,,,,,,,,,,
,,,,,,,,[(%PROLIFIC_PID,2,2025-04-16_18h50.23.695,CLTandFLE,2024.1.5,Win32,144.9275362,5fc81317cb747a11cec37374,67ffc4c40efe1bd1090b10ee,67ffdfb188ec3956ca487a5e,,,,,,,,,,,,,,,,,,,,,,,,,,,,,,,,,,,,,,,,,,,373.6933,377.5261,3.8328,0,1,140.5637,0.052777778,-0.042361111,0,0,0,0,27,27,39,1,d,The patient has not taken Batatrim,The patient has not overcome the crisis,,,,,,,,,,,,,,,,,,,,,,,,,,,,,,,,,,,,,,,,,,,,,,,,,,,,,,,,,,,,,,,,,,,,,,,,,,,,,,,,,,,,,,
,,,,,,,,[(%PROLIFIC_PID,2,2025-04-16_18h50.23.695,CLTandFLE,2024.1.5,Win32,144.9275362,5fc81317cb747a11cec37374,67ffc4c40efe1bd1090b10ee,67ffdfb188ec3956ca487a5e,,,,,,,,,,,,,,,,,,,,,,,,,,,,,,,,,,,,,,,,,,,377.5265,381.2009,3.6743,1,0,144.238,0.073611111,-0.027083333,0,0,0,0,28,28,4,1,a,The patient has taken Batatrim,The patient has overcome the crisis,,,,,,,,,,,,,,,,,,,,,,,,,,,,,,,,,,,,,,,,,,,,,,,,,,,,,,,,,,,,,,,,,,,,,,,,,,,,,,,,,,,,,,
,,,,,,,,[(%PROLIFIC_PID,2,2025-04-16_18h50.23.695,CLTandFLE,2024.1.5,Win32,144.9275362,5fc81317cb747a11cec37374,67ffc4c40efe1bd1090b10ee,67ffdfb188ec3956ca487a5e,,,,,,,,,,,,,,,,,,,,,,,,,,,,,,,,,,,,,,,,,,,381.2011,384.8661,3.6648,1,0,147.9028,0.020138889,-0.031944444,0,0,0,0,29,29,34,1,c,The patient has not taken Batatrim,The patient has overcome the crisis,,,,,,,,,,,,,,,,,,,,,,,,,,,,,,,,,,,,,,,,,,,,,,,,,,,,,,,,,,,,,,,,,,,,,,,,,,,,,,,,,,,,,,
,,,,,,,,[(%PROLIFIC_PID,2,2025-04-16_18h50.23.695,CLTandFLE,2024.1.5,Win32,144.9275362,5fc81317cb747a11cec37374,67ffc4c40efe1bd1090b10ee,67ffdfb188ec3956ca487a5e,,,,,,,,,,,,,,,,,,,,,,,,,,,,,,,,,,,,,,,,,,,384.8664,388.5296,3.6631,0,1,151.5659,0.053472222,0.007638889,0,0,0,0,30,30,27,1,c,The patient has not taken Batatrim,The patient has overcome the crisis,,,,,,,,,,,,,,,,,,,,,,,,,,,,,,,,,,,,,,,,,,,,,,,,,,,,,,,,,,,,,,,,,,,,,,,,,,,,,,,,,,,,,,
,,,,,,,,[(%PROLIFIC_PID,2,2025-04-16_18h50.23.695,CLTandFLE,2024.1.5,Win32,144.9275362,5fc81317cb747a11cec37374,67ffc4c40efe1bd1090b10ee,67ffdfb188ec3956ca487a5e,,,,,,,,,,,,,,,,,,,,,,,,,,,,,,,,,,,,,,,,,,,388.5299,392.1786,3.6486,1,0,155.2145,0.024305556,-0.022222222,0,0,0,0,31,31,10,1,a,The patient has taken Batatrim,The patient has overcome the crisis,,,,,,,,,,,,,,,,,,,,,,,,,,,,,,,,,,,,,,,,,,,,,,,,,,,,,,,,,,,,,,,,,,,,,,,,,,,,,,,,,,,,,,
,,,,,,,,[(%PROLIFIC_PID,2,2025-04-16_18h50.23.695,CLTandFLE,2024.1.5,Win32,144.9275362,5fc81317cb747a11cec37374,67ffc4c40efe1bd1090b10ee,67ffdfb188ec3956ca487a5e,,,,,,,,,,,,,,,,,,,,,,,,,,,,,,,,,,,,,,,,,,,392.1788,396.1706,3.9917,0,1,159.2062,0.022222222,0.016666667,0,0,0,0,32,32,9,1,a,The patient has taken Batatrim,The patient has overcome the crisis,,,,,,,,,,,,,,,,,,,,,,,,,,,,,,,,,,,,,,,,,,,,,,,,,,,,,,,,,,,,,,,,,,,,,,,,,,,,,,,,,,,,,,
,,,,,,,,[(%PROLIFIC_PID,2,2025-04-16_18h50.23.695,CLTandFLE,2024.1.5,Win32,144.9275362,5fc81317cb747a11cec37374,67ffc4c40efe1bd1090b10ee,67ffdfb188ec3956ca487a5e,,,,,,,,,,,,,,,,,,,,,,,,,,,,,,,,,,,,,,,,,,,396.1708,399.8233,3.6523,1,0,162.8585,0.084027778,-0.022916667,0,0,0,0,33,33,29,1,c,The patient has not taken Batatrim,The patient has overcome the crisis,,,,,,,,,,,,,,,,,,,,,,,,,,,,,,,,,,,,,,,,,,,,,,,,,,,,,,,,,,,,,,,,,,,,,,,,,,,,,,,,,,,,,,
,,,,,,,,[(%PROLIFIC_PID,2,2025-04-16_18h50.23.695,CLTandFLE,2024.1.5,Win32,144.9275362,5fc81317cb747a11cec37374,67ffc4c40efe1bd1090b10ee,67ffdfb188ec3956ca487a5e,,,,,,,,,,,,,,,,,,,,,,,,,,,,,,,,,,,,,,,,,,,399.8235,403.5073,3.6837,1,0,166.5422,0.049305556,-0.020833333,0,0,0,0,34,34,11,1,a,The patient has taken Batatrim,The patient has overcome the crisis,,,,,,,,,,,,,,,,,,,,,,,,,,,,,,,,,,,,,,,,,,,,,,,,,,,,,,,,,,,,,,,,,,,,,,,,,,,,,,,,,,,,,,
,,,,,,,,[(%PROLIFIC_PID,2,2025-04-16_18h50.23.695,CLTandFLE,2024.1.5,Win32,144.9275362,5fc81317cb747a11cec37374,67ffc4c40efe1bd1090b10ee,67ffdfb188ec3956ca487a5e,,,,,,,,,,,,,,,,,,,,,,,,,,,,,,,,,,,,,,,,,,,403.5075,407.3054,3.7978,0,1,170.34,0.075694444,-0.013888889,0,0,0,0,35,35,35,1,d,The patient has not taken Batatrim,The patient has not overcome the crisis,,,,,,,,,,,,,,,,,,,,,,,,,,,,,,,,,,,,,,,,,,,,,,,,,,,,,,,,,,,,,,,,,,,,,,,,,,,,,,,,,,,,,,
,,,,,,,,[(%PROLIFIC_PID,2,2025-04-16_18h50.23.695,CLTandFLE,2024.1.5,Win32,144.9275362,5fc81317cb747a11cec37374,67ffc4c40efe1bd1090b10ee,67ffdfb188ec3956ca487a5e,,,,,,,,,,,,,,,,,,,,,,,,,,,,,,,,,,,,,,,,,,,407.3057,410.973,3.6672,1,0,174.0072,-0.06875,-0.029166667,0,0,0,0,36,36,20,1,c,The patient has not taken Batatrim,The patient has overcome the crisis,,,,,,,,,,,,,,,,,,,,,,,,,,,,,,,,,,,,,,,,,,,,,,,,,,,,,,,,,,,,,,,,,,,,,,,,,,,,,,,,,,,,,,
,,,,,,,,[(%PROLIFIC_PID,2,2025-04-16_18h50.23.695,CLTandFLE,2024.1.5,Win32,144.9275362,5fc81317cb747a11cec37374,67ffc4c40efe1bd1090b10ee,67ffdfb188ec3956ca487a5e,,,,,,,,,,,,,,,,,,,,,,,,,,,,,,,,,,,,,,,,,,,410.9732,414.6434,3.6701,1,0,177.6773,-0.135416667,-0.030555556,0,0,0,0,37,37,16,1,b,The patient has taken Batatrim,The patient has not overcome the crisis,,,,,,,,,,,,,,,,,,,,,,,,,,,,,,,,,,,,,,,,,,,,,,,,,,,,,,,,,,,,,,,,,,,,,,,,,,,,,,,,,,,,,,
,,,,,,,,[(%PROLIFIC_PID,2,2025-04-16_18h50.23.695,CLTandFLE,2024.1.5,Win32,144.9275362,5fc81317cb747a11cec37374,67ffc4c40efe1bd1090b10ee,67ffdfb188ec3956ca487a5e,,,,,,,,,,,,,,,,,,,,,,,,,,,,,,,,,,,,,,,,,,,414.6435,418.2857,3.6422,1,0,181.3195,-0.144444444,-0.03125,0,0,0,0,38,38,22,1,c,The patient has not taken Batatrim,The patient has overcome the crisis,,,,,,,,,,,,,,,,,,,,,,,,,,,,,,,,,,,,,,,,,,,,,,,,,,,,,,,,,,,,,,,,,,,,,,,,,,,,,,,,,,,,,,
,,,,,,,,[(%PROLIFIC_PID,2,2025-04-16_18h50.23.695,CLTandFLE,2024.1.5,Win32,144.9275362,5fc81317cb747a11cec37374,67ffc4c40efe1bd1090b10ee,67ffdfb188ec3956ca487a5e,,,,,,,,,,,,,,,,,,,,,,,,,,,,,,,,,,,,,,,,,,,418.286,422.0274,3.7413,1,0,185.0608,-0.144444444,-0.03125,0,0,0,0,39,39,33,1,c,The patient has not taken Batatrim,The patient has overcome the crisis,,,,,,,,,,,,,,,,,,,,,,,,,,,,,,,,,,,,,,,,,,,,,,,,,,,,,,,,,,,,,,,,,,,,,,,,,,,,,,,,,,,,,,
,,,,,,,,[(%PROLIFIC_PID,2,2025-04-16_18h50.23.695,CLTandFLE,2024.1.5,Win32,144.9275362,5fc81317cb747a11cec37374,67ffc4c40efe1bd1090b10ee,67ffdfb188ec3956ca487a5e,,449.7756,450.1934,,,,,,,,,,,,,,,,,,,,,,,,,,,,,,,,,,,,,,,,,,,,,,,,,,,,,,,,,,,422.444,435.2959,12.8517,74,9.2982,0.071527778,-0.199305556,1,0,0,435.7198,449.7756,14.0554,93,13.1207,0.028472222,-0.227083333,1,0,0,20,10,0,10,0,0,0,0,1,,,,,,,,,,,,,,,,,,,,,,,,,,,,,,,,,,,,,,,,,,,,,,,,,,,,,,,,,
,,,,,,,,[(%PROLIFIC_PID,2,2025-04-16_18h50.23.695,CLTandFLE,2024.1.5,Win32,144.9275362,5fc81317cb747a11cec37374,67ffc4c40efe1bd1090b10ee,67ffdfb188ec3956ca487a5e,,578.6435,579.0563,,,,,,,,,,,,,,,,,,,,,,,,,,,,,,,,,,,,,,,,,,,,,,,,,,,,,,,,,,,,,,,,,,,,,,,,,,,,,,,,,,,,,,,,494.2988,506.0189,11.7199,2,11.1435,0.068055556,-0.222916667,1,0,0,23,Maschio,Sì,17,No,TRUE,FALSE,7,7,9,6,6,FALSE,Conferma,c1ok,c2ok,c3ok,c4ok,c5err2,c6ok,c7ok,c8ok,c9ok,c10ok,c11ok,c12ok,c13ok,c14ok,c15ok,c16ok,c17ok,c18ok,c19err2,c20ok,c21ok,c22ok,c23ok,c24ok,c25err2,c26ok,853.636,860.474,0,0,0,0,1
