﻿Alfa.started,Alfa.stopped,alfa_mouse.x,alfa_mouse.y,alfa_mouse.leftButton,alfa_mouse.midButton,alfa_mouse.rightButton,alfa_mouse.clicked_name,participant,group,date,expName,psychopyVersion,OS,frameRate,PROLIFIC_PID,STUDY_ID,SESSION_ID,)],ITI.started,ITI.stopped,B_consensoinformato.started,B_consensoinformato.stopped,tempo_consenso,cons_mouse.x,cons_mouse.y,cons_mouse.leftButton,cons_mouse.midButton,cons_mouse.rightButton,A_benvenuto.started,A_benvenuto.stopped,ben_mouse.x,ben_mouse.y,ben_mouse.leftButton,ben_mouse.midButton,ben_mouse.rightButton,B2_istruzioni.started,B2_istruzioni.stopped,tempo_istru,cons_mouse_2.x,cons_mouse_2.y,cons_mouse_2.leftButton,cons_mouse_2.midButton,cons_mouse_2.rightButton,SAMevaluation.started,SAMevaluation.stopped,temposam,sliderintensity.response,sliderintensity.rt,slidervalence.response,slidervalence.rt,mouse_sam.x,mouse_sam.y,mouse_sam.leftButton,mouse_sam.midButton,mouse_sam.rightButton,mouse_sam.time,mouse_sam.clicked_name,Loading.started,Loading.stopped,C_associative_task.started,C_associative_task.stopped,tempo_trial,hapremutosi,hapremutono,tempo_tasktot,mouse.x,mouse.y,mouse.leftButton,mouse.midButton,mouse.rightButton,trials.thisRepN,trials.thisTrialN,trials.thisN,trials.thisIndex,trials.ran,cond,causa,effetto,D_VD.started,D_VD.stopped,tempo_vd,vd.response,vd.rt,mouse_vd.x,mouse_vd.y,mouse_vd.leftButton,mouse_vd.midButton,mouse_vd.rightButton,Previous.started,Previous.stopped,tempo_vd1,previous.response,previous.rt,mouse_vd_2.x,mouse_vd_2.y,mouse_vd_2.leftButton,mouse_vd_2.midButton,mouse_vd_2.rightButton,EstENG.TrialSN,EstENG.TrialSS,EstENG.TrialNN,EstENG.TrialNS,ingesta.thisRepN,ingesta.thisTrialN,ingesta.thisN,ingesta.thisIndex,ingesta.ran,PF.started,PF.stopped,tempo_pf,processfluency.response,processfluency.rt,mouse_ch.x,mouse_ch.y,mouse_ch.leftButton,mouse_ch.midButton,mouse_ch.rightButton,Questionario_Lingua.Age,Questionario_Lingua.Sesso,Questionario_Lingua.StaiStudiando?,Questionario_Lingua.Anniscolarita,Questionario_Lingua.Diploma,Questionario_Lingua.Punteggiodiploma,Questionario_Lingua.ItaMADRE?,Questionario_Lingua.INGmadre?,Questionario_Lingua.Q5(AOAIng),Questionario_Lingua.INGLETTURA,Questionario_Lingua.INGCOMPRESO,Questionario_Lingua.INGSCRITTO,Questionario_Lingua.INGPARLATO,Questionario_Lingua.haivissutoestero,ProvaInglese.ProcediamoENg,ProvaInglese.C1,ProvaInglese.C2,ProvaInglese.C3,ProvaInglese.C4,ProvaInglese.C5,ProvaInglese.C6,ProvaInglese.C7,ProvaInglese.C8,ProvaInglese.C9,ProvaInglese.C10,ProvaInglese.C11,ProvaInglese.C12,ProvaInglese.C13,ProvaInglese.C14,ProvaInglese.C15,ProvaInglese.C16,ProvaInglese.C17,ProvaInglese.C18,ProvaInglese.C19,ProvaInglese.C20,ProvaInglese.C21,ProvaInglese.C22,ProvaInglese.C23,ProvaInglese.C24,ProvaInglese.C25,ProvaInglese.controlquestion,Ant_lastquestion.started,Ant_lastquestion.stopped,exp_loop.thisRepN,exp_loop.thisTrialN,exp_loop.thisN,exp_loop.thisIndex,exp_loop.ran
0.0005,7.0375,-0.061805556,-0.007638889,1,0,0,alfa_mask,[(%PROLIFIC_PID,2,2025-04-16_19h30.21.151,CLTandFLE,2024.1.5,Win32,158.7301587,60a7b37c58eafd07fa332fd4,67ffc4c40efe1bd1090b10ee,67ffe8a5bd5c96bb9ff7afb3,,,,,,,,,,,,,,,,,,,,,,,,,,,,,,,,,,,,,,,,,,,,,,,,,,,,,,,,,,,,,,,,,,,,,,,,,,,,,,,,,,,,,,,,,,,,,,,,,,,,,,,,,,,,,,,,,,,,,,,,,,,,,,,,,,,,,,,,,,,,,,,,,,,,
,,,,,,,,[(%PROLIFIC_PID,2,2025-04-16_19h30.21.151,CLTandFLE,2024.1.5,Win32,158.7301587,60a7b37c58eafd07fa332fd4,67ffc4c40efe1bd1090b10ee,67ffe8a5bd5c96bb9ff7afb3,,7.0376,7.4201,,,,,,,,,,,,,,,,,,,,,,,,,,,,,,,,,,,,,,,,,,,,,,,,,,,,,,,,,,,,,,,,,,,,,,,,,,,,,,,,,,,,,,,,,,,,,,,,,,,,,,,,,,,,,,,,,,,,,,,,,,,,,,,,,,,,,,,,,,,,,,,,,
,,,,,,,,[(%PROLIFIC_PID,2,2025-04-16_19h30.21.151,CLTandFLE,2024.1.5,Win32,158.7301587,60a7b37c58eafd07fa332fd4,67ffc4c40efe1bd1090b10ee,67ffe8a5bd5c96bb9ff7afb3,,,,7.4201,12.1747,4.7543,0.207638889,-0.420833333,1,0,0,,,,,,,,,,,,,,,,,,,,,,,,,,,,,,,,,,,,,,,,,,,,,,,,,,,,,,,,,,,,,,,,,,,,,,,,,,,,,,,,,,,,,,,,,,,,,,,,,,,,,,,,,,,,,,,,,,,,,,,,,,,,,,,,,,,,,,,,,
,,,,,,,,[(%PROLIFIC_PID,2,2025-04-16_19h30.21.151,CLTandFLE,2024.1.5,Win32,158.7301587,60a7b37c58eafd07fa332fd4,67ffc4c40efe1bd1090b10ee,67ffe8a5bd5c96bb9ff7afb3,,93.5699,93.9449,,,,,,,,,12.5561,21.7272,0.024305556,-0.109722222,1,0,0,22.1124,77.4448,55.3322,0.045138889,-0.371527778,1,0,0,77.8216,86.1951,8.3732,0.694444444,5.995,0.284722222,7.568,"[-0.014583333333333334,-0.004861111111111111,-0.004861111111111111]","[0.19305555555555556,0.011111111111111112,-0.22013888888888888]","[1,1,1]","[0,0,0]","[0,0,0]","[3.0649999999999977,6.9077000000000055,8.370200000000011]","[""rettoksam""]",86.5699,93.5699,93.9559,102.1466,8.1905,1,0,8.1905,-0.019444444,-0.090277778,0,0,0,0,0,0,25,1,c,The patient has not taken Batatrim,The patient has overcome the crisis,,,,,,,,,,,,,,,,,,,,,,,,,,,,,,,,,,,,,,,,,,,,,,,,,,,,,,,,,,,,,,,,,,,,,,,,,,,,,,,,,,,,,,,
,,,,,,,,[(%PROLIFIC_PID,2,2025-04-16_19h30.21.151,CLTandFLE,2024.1.5,Win32,158.7301587,60a7b37c58eafd07fa332fd4,67ffc4c40efe1bd1090b10ee,67ffe8a5bd5c96bb9ff7afb3,,,,,,,,,,,,,,,,,,,,,,,,,,,,,,,,,,,,,,,,,,,102.1468,107.9227,5.7758,1,0,13.9663,0.027083333,-0.017361111,0,0,0,0,1,1,34,1,c,The patient has not taken Batatrim,The patient has overcome the crisis,,,,,,,,,,,,,,,,,,,,,,,,,,,,,,,,,,,,,,,,,,,,,,,,,,,,,,,,,,,,,,,,,,,,,,,,,,,,,,,,,,,,,,,
,,,,,,,,[(%PROLIFIC_PID,2,2025-04-16_19h30.21.151,CLTandFLE,2024.1.5,Win32,158.7301587,60a7b37c58eafd07fa332fd4,67ffc4c40efe1bd1090b10ee,67ffe8a5bd5c96bb9ff7afb3,,,,,,,,,,,,,,,,,,,,,,,,,,,,,,,,,,,,,,,,,,,107.9229,113.5163,5.5932,1,0,19.5595,0.097916667,-0.195833333,0,0,0,0,2,2,33,1,c,The patient has not taken Batatrim,The patient has overcome the crisis,,,,,,,,,,,,,,,,,,,,,,,,,,,,,,,,,,,,,,,,,,,,,,,,,,,,,,,,,,,,,,,,,,,,,,,,,,,,,,,,,,,,,,,
,,,,,,,,[(%PROLIFIC_PID,2,2025-04-16_19h30.21.151,CLTandFLE,2024.1.5,Win32,158.7301587,60a7b37c58eafd07fa332fd4,67ffc4c40efe1bd1090b10ee,67ffe8a5bd5c96bb9ff7afb3,,,,,,,,,,,,,,,,,,,,,,,,,,,,,,,,,,,,,,,,,,,113.5168,118.7142,5.1973,1,0,24.7568,-0.020833333,-0.183333333,0,0,0,0,3,3,22,1,c,The patient has not taken Batatrim,The patient has overcome the crisis,,,,,,,,,,,,,,,,,,,,,,,,,,,,,,,,,,,,,,,,,,,,,,,,,,,,,,,,,,,,,,,,,,,,,,,,,,,,,,,,,,,,,,,
,,,,,,,,[(%PROLIFIC_PID,2,2025-04-16_19h30.21.151,CLTandFLE,2024.1.5,Win32,158.7301587,60a7b37c58eafd07fa332fd4,67ffc4c40efe1bd1090b10ee,67ffe8a5bd5c96bb9ff7afb3,,,,,,,,,,,,,,,,,,,,,,,,,,,,,,,,,,,,,,,,,,,118.7144,123.3958,4.6813,1,0,29.4381,0.057638889,-0.203472222,0,0,0,0,4,4,32,1,c,The patient has not taken Batatrim,The patient has overcome the crisis,,,,,,,,,,,,,,,,,,,,,,,,,,,,,,,,,,,,,,,,,,,,,,,,,,,,,,,,,,,,,,,,,,,,,,,,,,,,,,,,,,,,,,,
,,,,,,,,[(%PROLIFIC_PID,2,2025-04-16_19h30.21.151,CLTandFLE,2024.1.5,Win32,158.7301587,60a7b37c58eafd07fa332fd4,67ffc4c40efe1bd1090b10ee,67ffe8a5bd5c96bb9ff7afb3,,,,,,,,,,,,,,,,,,,,,,,,,,,,,,,,,,,,,,,,,,,123.396,132.4458,9.0497,1,0,38.4878,0.047916667,-0.055555556,0,0,0,0,5,5,38,1,d,The patient has not taken Batatrim,The patient has not overcome the crisis,,,,,,,,,,,,,,,,,,,,,,,,,,,,,,,,,,,,,,,,,,,,,,,,,,,,,,,,,,,,,,,,,,,,,,,,,,,,,,,,,,,,,,,
,,,,,,,,[(%PROLIFIC_PID,2,2025-04-16_19h30.21.151,CLTandFLE,2024.1.5,Win32,158.7301587,60a7b37c58eafd07fa332fd4,67ffc4c40efe1bd1090b10ee,67ffe8a5bd5c96bb9ff7afb3,,,,,,,,,,,,,,,,,,,,,,,,,,,,,,,,,,,,,,,,,,,132.446,136.8108,4.3648,0,1,42.8526,0.027083333,-0.055555556,0,0,0,0,6,6,21,1,c,The patient has not taken Batatrim,The patient has overcome the crisis,,,,,,,,,,,,,,,,,,,,,,,,,,,,,,,,,,,,,,,,,,,,,,,,,,,,,,,,,,,,,,,,,,,,,,,,,,,,,,,,,,,,,,,
,,,,,,,,[(%PROLIFIC_PID,2,2025-04-16_19h30.21.151,CLTandFLE,2024.1.5,Win32,158.7301587,60a7b37c58eafd07fa332fd4,67ffc4c40efe1bd1090b10ee,67ffe8a5bd5c96bb9ff7afb3,,,,,,,,,,,,,,,,,,,,,,,,,,,,,,,,,,,,,,,,,,,136.811,142.1176,5.3064,0,1,48.159,0.020833333,0.005555556,0,0,0,0,7,7,11,1,a,The patient has taken Batatrim,The patient has overcome the crisis,,,,,,,,,,,,,,,,,,,,,,,,,,,,,,,,,,,,,,,,,,,,,,,,,,,,,,,,,,,,,,,,,,,,,,,,,,,,,,,,,,,,,,,
,,,,,,,,[(%PROLIFIC_PID,2,2025-04-16_19h30.21.151,CLTandFLE,2024.1.5,Win32,158.7301587,60a7b37c58eafd07fa332fd4,67ffc4c40efe1bd1090b10ee,67ffe8a5bd5c96bb9ff7afb3,,,,,,,,,,,,,,,,,,,,,,,,,,,,,,,,,,,,,,,,,,,142.1179,146.0569,3.9388,0,1,52.0978,0.040972222,-0.019444444,0,0,0,0,8,8,5,1,a,The patient has taken Batatrim,The patient has overcome the crisis,,,,,,,,,,,,,,,,,,,,,,,,,,,,,,,,,,,,,,,,,,,,,,,,,,,,,,,,,,,,,,,,,,,,,,,,,,,,,,,,,,,,,,,
,,,,,,,,[(%PROLIFIC_PID,2,2025-04-16_19h30.21.151,CLTandFLE,2024.1.5,Win32,158.7301587,60a7b37c58eafd07fa332fd4,67ffc4c40efe1bd1090b10ee,67ffe8a5bd5c96bb9ff7afb3,,,,,,,,,,,,,,,,,,,,,,,,,,,,,,,,,,,,,,,,,,,146.057,149.9566,3.8995,1,0,55.9973,0.010416667,0.000694444,0,0,0,0,9,9,28,1,c,The patient has not taken Batatrim,The patient has overcome the crisis,,,,,,,,,,,,,,,,,,,,,,,,,,,,,,,,,,,,,,,,,,,,,,,,,,,,,,,,,,,,,,,,,,,,,,,,,,,,,,,,,,,,,,,
,,,,,,,,[(%PROLIFIC_PID,2,2025-04-16_19h30.21.151,CLTandFLE,2024.1.5,Win32,158.7301587,60a7b37c58eafd07fa332fd4,67ffc4c40efe1bd1090b10ee,67ffe8a5bd5c96bb9ff7afb3,,,,,,,,,,,,,,,,,,,,,,,,,,,,,,,,,,,,,,,,,,,149.9569,154.7796,4.8227,1,0,60.82,0.010416667,-0.003472222,0,0,0,0,10,10,7,1,a,The patient has taken Batatrim,The patient has overcome the crisis,,,,,,,,,,,,,,,,,,,,,,,,,,,,,,,,,,,,,,,,,,,,,,,,,,,,,,,,,,,,,,,,,,,,,,,,,,,,,,,,,,,,,,,
,,,,,,,,[(%PROLIFIC_PID,2,2025-04-16_19h30.21.151,CLTandFLE,2024.1.5,Win32,158.7301587,60a7b37c58eafd07fa332fd4,67ffc4c40efe1bd1090b10ee,67ffe8a5bd5c96bb9ff7afb3,,,,,,,,,,,,,,,,,,,,,,,,,,,,,,,,,,,,,,,,,,,154.7798,160.7111,5.9312,1,0,66.7512,0.051388889,-0.017361111,0,0,0,0,11,11,23,1,c,The patient has not taken Batatrim,The patient has overcome the crisis,,,,,,,,,,,,,,,,,,,,,,,,,,,,,,,,,,,,,,,,,,,,,,,,,,,,,,,,,,,,,,,,,,,,,,,,,,,,,,,,,,,,,,,
,,,,,,,,[(%PROLIFIC_PID,2,2025-04-16_19h30.21.151,CLTandFLE,2024.1.5,Win32,158.7301587,60a7b37c58eafd07fa332fd4,67ffc4c40efe1bd1090b10ee,67ffe8a5bd5c96bb9ff7afb3,,,,,,,,,,,,,,,,,,,,,,,,,,,,,,,,,,,,,,,,,,,160.7112,164.6039,3.8926,1,0,70.6438,-0.009027778,-0.015972222,0,0,0,0,12,12,30,1,c,The patient has not taken Batatrim,The patient has overcome the crisis,,,,,,,,,,,,,,,,,,,,,,,,,,,,,,,,,,,,,,,,,,,,,,,,,,,,,,,,,,,,,,,,,,,,,,,,,,,,,,,,,,,,,,,
,,,,,,,,[(%PROLIFIC_PID,2,2025-04-16_19h30.21.151,CLTandFLE,2024.1.5,Win32,158.7301587,60a7b37c58eafd07fa332fd4,67ffc4c40efe1bd1090b10ee,67ffe8a5bd5c96bb9ff7afb3,,,,,,,,,,,,,,,,,,,,,,,,,,,,,,,,,,,,,,,,,,,164.6039,168.8925,4.2886,0,1,74.9324,-0.248611111,-0.063888889,0,0,0,0,13,13,18,1,b,The patient has taken Batatrim,The patient has not overcome the crisis,,,,,,,,,,,,,,,,,,,,,,,,,,,,,,,,,,,,,,,,,,,,,,,,,,,,,,,,,,,,,,,,,,,,,,,,,,,,,,,,,,,,,,,
,,,,,,,,[(%PROLIFIC_PID,2,2025-04-16_19h30.21.151,CLTandFLE,2024.1.5,Win32,158.7301587,60a7b37c58eafd07fa332fd4,67ffc4c40efe1bd1090b10ee,67ffe8a5bd5c96bb9ff7afb3,,,,,,,,,,,,,,,,,,,,,,,,,,,,,,,,,,,,,,,,,,,168.8927,173.2238,4.3311,0,1,79.2635,0.061805556,-0.036805556,0,0,0,0,14,14,4,1,a,The patient has taken Batatrim,The patient has overcome the crisis,,,,,,,,,,,,,,,,,,,,,,,,,,,,,,,,,,,,,,,,,,,,,,,,,,,,,,,,,,,,,,,,,,,,,,,,,,,,,,,,,,,,,,,
,,,,,,,,[(%PROLIFIC_PID,2,2025-04-16_19h30.21.151,CLTandFLE,2024.1.5,Win32,158.7301587,60a7b37c58eafd07fa332fd4,67ffc4c40efe1bd1090b10ee,67ffe8a5bd5c96bb9ff7afb3,,,,,,,,,,,,,,,,,,,,,,,,,,,,,,,,,,,,,,,,,,,173.2239,177.5918,4.3678,0,1,83.6313,-0.045833333,-0.083333333,0,0,0,0,15,15,19,1,b,The patient has taken Batatrim,The patient has not overcome the crisis,,,,,,,,,,,,,,,,,,,,,,,,,,,,,,,,,,,,,,,,,,,,,,,,,,,,,,,,,,,,,,,,,,,,,,,,,,,,,,,,,,,,,,,
,,,,,,,,[(%PROLIFIC_PID,2,2025-04-16_19h30.21.151,CLTandFLE,2024.1.5,Win32,158.7301587,60a7b37c58eafd07fa332fd4,67ffc4c40efe1bd1090b10ee,67ffe8a5bd5c96bb9ff7afb3,,,,,,,,,,,,,,,,,,,,,,,,,,,,,,,,,,,,,,,,,,,177.5919,183.1367,5.5447,0,1,89.176,0.083333333,-0.051388889,0,0,0,0,16,16,6,1,a,The patient has taken Batatrim,The patient has overcome the crisis,,,,,,,,,,,,,,,,,,,,,,,,,,,,,,,,,,,,,,,,,,,,,,,,,,,,,,,,,,,,,,,,,,,,,,,,,,,,,,,,,,,,,,,
,,,,,,,,[(%PROLIFIC_PID,2,2025-04-16_19h30.21.151,CLTandFLE,2024.1.5,Win32,158.7301587,60a7b37c58eafd07fa332fd4,67ffc4c40efe1bd1090b10ee,67ffe8a5bd5c96bb9ff7afb3,,,,,,,,,,,,,,,,,,,,,,,,,,,,,,,,,,,,,,,,,,,183.1368,187.2614,4.1246,1,0,93.3006,-0.072222222,-0.049305556,0,0,0,0,17,17,27,1,c,The patient has not taken Batatrim,The patient has overcome the crisis,,,,,,,,,,,,,,,,,,,,,,,,,,,,,,,,,,,,,,,,,,,,,,,,,,,,,,,,,,,,,,,,,,,,,,,,,,,,,,,,,,,,,,,
,,,,,,,,[(%PROLIFIC_PID,2,2025-04-16_19h30.21.151,CLTandFLE,2024.1.5,Win32,158.7301587,60a7b37c58eafd07fa332fd4,67ffc4c40efe1bd1090b10ee,67ffe8a5bd5c96bb9ff7afb3,,,,,,,,,,,,,,,,,,,,,,,,,,,,,,,,,,,,,,,,,,,187.2616,191.2432,3.9815,1,0,97.2821,-0.03125,-0.094444444,0,0,0,0,18,18,10,1,a,The patient has taken Batatrim,The patient has overcome the crisis,,,,,,,,,,,,,,,,,,,,,,,,,,,,,,,,,,,,,,,,,,,,,,,,,,,,,,,,,,,,,,,,,,,,,,,,,,,,,,,,,,,,,,,
,,,,,,,,[(%PROLIFIC_PID,2,2025-04-16_19h30.21.151,CLTandFLE,2024.1.5,Win32,158.7301587,60a7b37c58eafd07fa332fd4,67ffc4c40efe1bd1090b10ee,67ffe8a5bd5c96bb9ff7afb3,,,,,,,,,,,,,,,,,,,,,,,,,,,,,,,,,,,,,,,,,,,191.2433,197.3614,6.1181,1,0,103.4002,-0.067361111,-0.070138889,0,0,0,0,19,19,20,1,c,The patient has not taken Batatrim,The patient has overcome the crisis,,,,,,,,,,,,,,,,,,,,,,,,,,,,,,,,,,,,,,,,,,,,,,,,,,,,,,,,,,,,,,,,,,,,,,,,,,,,,,,,,,,,,,,
,,,,,,,,[(%PROLIFIC_PID,2,2025-04-16_19h30.21.151,CLTandFLE,2024.1.5,Win32,158.7301587,60a7b37c58eafd07fa332fd4,67ffc4c40efe1bd1090b10ee,67ffe8a5bd5c96bb9ff7afb3,,,,,,,,,,,,,,,,,,,,,,,,,,,,,,,,,,,,,,,,,,,197.3616,201.9241,4.5624,0,1,107.9626,0.153472222,-0.046527778,0,0,0,0,20,20,13,1,a,The patient has taken Batatrim,The patient has overcome the crisis,,,,,,,,,,,,,,,,,,,,,,,,,,,,,,,,,,,,,,,,,,,,,,,,,,,,,,,,,,,,,,,,,,,,,,,,,,,,,,,,,,,,,,,
,,,,,,,,[(%PROLIFIC_PID,2,2025-04-16_19h30.21.151,CLTandFLE,2024.1.5,Win32,158.7301587,60a7b37c58eafd07fa332fd4,67ffc4c40efe1bd1090b10ee,67ffe8a5bd5c96bb9ff7afb3,,,,,,,,,,,,,,,,,,,,,,,,,,,,,,,,,,,,,,,,,,,201.9242,205.9678,4.0436,0,1,112.0062,0.152777778,-0.046527778,0,0,0,0,21,21,16,1,b,The patient has taken Batatrim,The patient has not overcome the crisis,,,,,,,,,,,,,,,,,,,,,,,,,,,,,,,,,,,,,,,,,,,,,,,,,,,,,,,,,,,,,,,,,,,,,,,,,,,,,,,,,,,,,,,
,,,,,,,,[(%PROLIFIC_PID,2,2025-04-16_19h30.21.151,CLTandFLE,2024.1.5,Win32,158.7301587,60a7b37c58eafd07fa332fd4,67ffc4c40efe1bd1090b10ee,67ffe8a5bd5c96bb9ff7afb3,,,,,,,,,,,,,,,,,,,,,,,,,,,,,,,,,,,,,,,,,,,205.9679,209.9849,4.017,0,1,116.0232,0.150694444,-0.046527778,0,0,0,0,22,22,37,1,d,The patient has not taken Batatrim,The patient has not overcome the crisis,,,,,,,,,,,,,,,,,,,,,,,,,,,,,,,,,,,,,,,,,,,,,,,,,,,,,,,,,,,,,,,,,,,,,,,,,,,,,,,,,,,,,,,
,,,,,,,,[(%PROLIFIC_PID,2,2025-04-16_19h30.21.151,CLTandFLE,2024.1.5,Win32,158.7301587,60a7b37c58eafd07fa332fd4,67ffc4c40efe1bd1090b10ee,67ffe8a5bd5c96bb9ff7afb3,,,,,,,,,,,,,,,,,,,,,,,,,,,,,,,,,,,,,,,,,,,209.9851,213.7791,3.794,1,0,119.8172,-0.2125,-0.035416667,0,0,0,0,23,23,9,1,a,The patient has taken Batatrim,The patient has overcome the crisis,,,,,,,,,,,,,,,,,,,,,,,,,,,,,,,,,,,,,,,,,,,,,,,,,,,,,,,,,,,,,,,,,,,,,,,,,,,,,,,,,,,,,,,
,,,,,,,,[(%PROLIFIC_PID,2,2025-04-16_19h30.21.151,CLTandFLE,2024.1.5,Win32,158.7301587,60a7b37c58eafd07fa332fd4,67ffc4c40efe1bd1090b10ee,67ffe8a5bd5c96bb9ff7afb3,,,,,,,,,,,,,,,,,,,,,,,,,,,,,,,,,,,,,,,,,,,213.7792,217.4163,3.637,1,0,123.4542,-0.224305556,-0.040277778,0,0,0,0,24,24,14,1,b,The patient has taken Batatrim,The patient has overcome the crisis,,,,,,,,,,,,,,,,,,,,,,,,,,,,,,,,,,,,,,,,,,,,,,,,,,,,,,,,,,,,,,,,,,,,,,,,,,,,,,,,,,,,,,,
,,,,,,,,[(%PROLIFIC_PID,2,2025-04-16_19h30.21.151,CLTandFLE,2024.1.5,Win32,158.7301587,60a7b37c58eafd07fa332fd4,67ffc4c40efe1bd1090b10ee,67ffe8a5bd5c96bb9ff7afb3,,,,,,,,,,,,,,,,,,,,,,,,,,,,,,,,,,,,,,,,,,,217.4165,221.4682,4.0517,1,0,127.5059,-0.21875,-0.030555556,0,0,0,0,25,25,36,1,d,The patient has not taken Batatrim,The patient has not overcome the crisis,,,,,,,,,,,,,,,,,,,,,,,,,,,,,,,,,,,,,,,,,,,,,,,,,,,,,,,,,,,,,,,,,,,,,,,,,,,,,,,,,,,,,,,
,,,,,,,,[(%PROLIFIC_PID,2,2025-04-16_19h30.21.151,CLTandFLE,2024.1.5,Win32,158.7301587,60a7b37c58eafd07fa332fd4,67ffc4c40efe1bd1090b10ee,67ffe8a5bd5c96bb9ff7afb3,,,,,,,,,,,,,,,,,,,,,,,,,,,,,,,,,,,,,,,,,,,221.4684,225.3799,3.9115,1,0,131.4174,-0.21875,-0.030555556,0,0,0,0,26,26,29,1,c,The patient has not taken Batatrim,The patient has overcome the crisis,,,,,,,,,,,,,,,,,,,,,,,,,,,,,,,,,,,,,,,,,,,,,,,,,,,,,,,,,,,,,,,,,,,,,,,,,,,,,,,,,,,,,,,
,,,,,,,,[(%PROLIFIC_PID,2,2025-04-16_19h30.21.151,CLTandFLE,2024.1.5,Win32,158.7301587,60a7b37c58eafd07fa332fd4,67ffc4c40efe1bd1090b10ee,67ffe8a5bd5c96bb9ff7afb3,,,,,,,,,,,,,,,,,,,,,,,,,,,,,,,,,,,,,,,,,,,225.38,229.4123,4.0322,0,1,135.4496,-0.002083333,-0.06875,0,0,0,0,27,27,0,1,a,The patient has taken Batatrim,The patient has overcome the crisis,,,,,,,,,,,,,,,,,,,,,,,,,,,,,,,,,,,,,,,,,,,,,,,,,,,,,,,,,,,,,,,,,,,,,,,,,,,,,,,,,,,,,,,
,,,,,,,,[(%PROLIFIC_PID,2,2025-04-16_19h30.21.151,CLTandFLE,2024.1.5,Win32,158.7301587,60a7b37c58eafd07fa332fd4,67ffc4c40efe1bd1090b10ee,67ffe8a5bd5c96bb9ff7afb3,,,,,,,,,,,,,,,,,,,,,,,,,,,,,,,,,,,,,,,,,,,229.4124,233.4065,3.994,0,1,139.4436,0.034722222,-0.072916667,0,0,0,0,28,28,39,1,d,The patient has not taken Batatrim,The patient has not overcome the crisis,,,,,,,,,,,,,,,,,,,,,,,,,,,,,,,,,,,,,,,,,,,,,,,,,,,,,,,,,,,,,,,,,,,,,,,,,,,,,,,,,,,,,,,
,,,,,,,,[(%PROLIFIC_PID,2,2025-04-16_19h30.21.151,CLTandFLE,2024.1.5,Win32,158.7301587,60a7b37c58eafd07fa332fd4,67ffc4c40efe1bd1090b10ee,67ffe8a5bd5c96bb9ff7afb3,,,,,,,,,,,,,,,,,,,,,,,,,,,,,,,,,,,,,,,,,,,233.4067,237.1615,3.7547,1,0,143.1983,-0.190972222,-0.063888889,0,0,0,0,29,29,35,1,d,The patient has not taken Batatrim,The patient has not overcome the crisis,,,,,,,,,,,,,,,,,,,,,,,,,,,,,,,,,,,,,,,,,,,,,,,,,,,,,,,,,,,,,,,,,,,,,,,,,,,,,,,,,,,,,,,
,,,,,,,,[(%PROLIFIC_PID,2,2025-04-16_19h30.21.151,CLTandFLE,2024.1.5,Win32,158.7301587,60a7b37c58eafd07fa332fd4,67ffc4c40efe1bd1090b10ee,67ffe8a5bd5c96bb9ff7afb3,,,,,,,,,,,,,,,,,,,,,,,,,,,,,,,,,,,,,,,,,,,237.1616,241.0316,3.8698,0,1,147.0681,0.091666667,-0.05625,0,0,0,0,30,30,1,1,a,The patient has taken Batatrim,The patient has overcome the crisis,,,,,,,,,,,,,,,,,,,,,,,,,,,,,,,,,,,,,,,,,,,,,,,,,,,,,,,,,,,,,,,,,,,,,,,,,,,,,,,,,,,,,,,
,,,,,,,,[(%PROLIFIC_PID,2,2025-04-16_19h30.21.151,CLTandFLE,2024.1.5,Win32,158.7301587,60a7b37c58eafd07fa332fd4,67ffc4c40efe1bd1090b10ee,67ffe8a5bd5c96bb9ff7afb3,,,,,,,,,,,,,,,,,,,,,,,,,,,,,,,,,,,,,,,,,,,241.0317,244.7878,3.7561,0,1,150.8242,0.133333333,-0.041666667,0,0,0,0,31,31,8,1,a,The patient has taken Batatrim,The patient has overcome the crisis,,,,,,,,,,,,,,,,,,,,,,,,,,,,,,,,,,,,,,,,,,,,,,,,,,,,,,,,,,,,,,,,,,,,,,,,,,,,,,,,,,,,,,,
,,,,,,,,[(%PROLIFIC_PID,2,2025-04-16_19h30.21.151,CLTandFLE,2024.1.5,Win32,158.7301587,60a7b37c58eafd07fa332fd4,67ffc4c40efe1bd1090b10ee,67ffe8a5bd5c96bb9ff7afb3,,,,,,,,,,,,,,,,,,,,,,,,,,,,,,,,,,,,,,,,,,,244.788,248.5358,3.7477,0,1,154.5719,0.126388889,-0.056944444,0,0,0,0,32,32,12,1,a,The patient has taken Batatrim,The patient has overcome the crisis,,,,,,,,,,,,,,,,,,,,,,,,,,,,,,,,,,,,,,,,,,,,,,,,,,,,,,,,,,,,,,,,,,,,,,,,,,,,,,,,,,,,,,,
,,,,,,,,[(%PROLIFIC_PID,2,2025-04-16_19h30.21.151,CLTandFLE,2024.1.5,Win32,158.7301587,60a7b37c58eafd07fa332fd4,67ffc4c40efe1bd1090b10ee,67ffe8a5bd5c96bb9ff7afb3,,,,,,,,,,,,,,,,,,,,,,,,,,,,,,,,,,,,,,,,,,,248.5359,252.3483,3.8124,1,0,158.3843,-0.036111111,-0.028472222,0,0,0,0,33,33,17,1,b,The patient has taken Batatrim,The patient has not overcome the crisis,,,,,,,,,,,,,,,,,,,,,,,,,,,,,,,,,,,,,,,,,,,,,,,,,,,,,,,,,,,,,,,,,,,,,,,,,,,,,,,,,,,,,,,
,,,,,,,,[(%PROLIFIC_PID,2,2025-04-16_19h30.21.151,CLTandFLE,2024.1.5,Win32,158.7301587,60a7b37c58eafd07fa332fd4,67ffc4c40efe1bd1090b10ee,67ffe8a5bd5c96bb9ff7afb3,,,,,,,,,,,,,,,,,,,,,,,,,,,,,,,,,,,,,,,,,,,252.3485,256.3109,3.9624,1,0,162.3467,-0.066666667,-0.0125,0,0,0,0,34,34,26,1,c,The patient has not taken Batatrim,The patient has overcome the crisis,,,,,,,,,,,,,,,,,,,,,,,,,,,,,,,,,,,,,,,,,,,,,,,,,,,,,,,,,,,,,,,,,,,,,,,,,,,,,,,,,,,,,,,
,,,,,,,,[(%PROLIFIC_PID,2,2025-04-16_19h30.21.151,CLTandFLE,2024.1.5,Win32,158.7301587,60a7b37c58eafd07fa332fd4,67ffc4c40efe1bd1090b10ee,67ffe8a5bd5c96bb9ff7afb3,,,,,,,,,,,,,,,,,,,,,,,,,,,,,,,,,,,,,,,,,,,256.311,260.4484,4.1374,0,1,166.4841,0.068055556,-0.039583333,0,0,0,0,35,35,2,1,a,The patient has taken Batatrim,The patient has overcome the crisis,,,,,,,,,,,,,,,,,,,,,,,,,,,,,,,,,,,,,,,,,,,,,,,,,,,,,,,,,,,,,,,,,,,,,,,,,,,,,,,,,,,,,,,
,,,,,,,,[(%PROLIFIC_PID,2,2025-04-16_19h30.21.151,CLTandFLE,2024.1.5,Win32,158.7301587,60a7b37c58eafd07fa332fd4,67ffc4c40efe1bd1090b10ee,67ffe8a5bd5c96bb9ff7afb3,,,,,,,,,,,,,,,,,,,,,,,,,,,,,,,,,,,,,,,,,,,260.4486,264.4361,3.9874,1,0,170.4715,-0.174305556,-0.041666667,0,0,0,0,36,36,3,1,a,The patient has taken Batatrim,The patient has overcome the crisis,,,,,,,,,,,,,,,,,,,,,,,,,,,,,,,,,,,,,,,,,,,,,,,,,,,,,,,,,,,,,,,,,,,,,,,,,,,,,,,,,,,,,,,
,,,,,,,,[(%PROLIFIC_PID,2,2025-04-16_19h30.21.151,CLTandFLE,2024.1.5,Win32,158.7301587,60a7b37c58eafd07fa332fd4,67ffc4c40efe1bd1090b10ee,67ffe8a5bd5c96bb9ff7afb3,,,,,,,,,,,,,,,,,,,,,,,,,,,,,,,,,,,,,,,,,,,264.4363,268.3236,3.8873,1,0,174.3588,-0.174305556,-0.041666667,0,0,0,0,37,37,15,1,b,The patient has taken Batatrim,The patient has not overcome the crisis,,,,,,,,,,,,,,,,,,,,,,,,,,,,,,,,,,,,,,,,,,,,,,,,,,,,,,,,,,,,,,,,,,,,,,,,,,,,,,,,,,,,,,,
,,,,,,,,[(%PROLIFIC_PID,2,2025-04-16_19h30.21.151,CLTandFLE,2024.1.5,Win32,158.7301587,60a7b37c58eafd07fa332fd4,67ffc4c40efe1bd1090b10ee,67ffe8a5bd5c96bb9ff7afb3,,,,,,,,,,,,,,,,,,,,,,,,,,,,,,,,,,,,,,,,,,,268.3238,272.3175,3.9936,0,1,178.3524,0.068055556,-0.05,0,0,0,0,38,38,31,1,c,The patient has not taken Batatrim,The patient has overcome the crisis,,,,,,,,,,,,,,,,,,,,,,,,,,,,,,,,,,,,,,,,,,,,,,,,,,,,,,,,,,,,,,,,,,,,,,,,,,,,,,,,,,,,,,,
,,,,,,,,[(%PROLIFIC_PID,2,2025-04-16_19h30.21.151,CLTandFLE,2024.1.5,Win32,158.7301587,60a7b37c58eafd07fa332fd4,67ffc4c40efe1bd1090b10ee,67ffe8a5bd5c96bb9ff7afb3,,,,,,,,,,,,,,,,,,,,,,,,,,,,,,,,,,,,,,,,,,,272.3176,276.2238,3.9061,1,0,182.2585,-0.180555556,-0.035416667,0,0,0,0,39,39,24,1,c,The patient has not taken Batatrim,The patient has overcome the crisis,,,,,,,,,,,,,,,,,,,,,,,,,,,,,,,,,,,,,,,,,,,,,,,,,,,,,,,,,,,,,,,,,,,,,,,,,,,,,,,,,,,,,,,
,,,,,,,,[(%PROLIFIC_PID,2,2025-04-16_19h30.21.151,CLTandFLE,2024.1.5,Win32,158.7301587,60a7b37c58eafd07fa332fd4,67ffc4c40efe1bd1090b10ee,67ffe8a5bd5c96bb9ff7afb3,,302.2183,302.6119,,,,,,,,,,,,,,,,,,,,,,,,,,,,,,,,,,,,,,,,,,,,,,,,,,,,,,,,,,,276.6053,293.5368,16.9313,70,15.5843,0.009722222,-0.217361111,1,0,0,293.9181,302.2182,8.3,60,7.889,0.009027778,-0.225694444,1,0,0,17,10,5,15,0,0,0,0,1,,,,,,,,,,,,,,,,,,,,,,,,,,,,,,,,,,,,,,,,,,,,,,,,,,,,,,,,,,
,,,,,,,,[(%PROLIFIC_PID,2,2025-04-16_19h30.21.151,CLTandFLE,2024.1.5,Win32,158.7301587,60a7b37c58eafd07fa332fd4,67ffc4c40efe1bd1090b10ee,67ffe8a5bd5c96bb9ff7afb3,,532.5047,532.8979,,,,,,,,,,,,,,,,,,,,,,,,,,,,,,,,,,,,,,,,,,,,,,,,,,,,,,,,,,,,,,,,,,,,,,,,,,,,,,,,,,,,,,,,359.4632,364.3761,4.9127,2,4.475,-0.027083333,-0.218055556,1,0,0,27,Maschio,No,15,"Sì, l'ho ottenuta più di due anni fa",B1 CEFR (4 - 5 IELTS),TRUE,FALSE,10,8,7,6,6,FALSE,Conferma,c1ok,c2ok,c3ok,c4ok,c5ok,c6ok,c7err2,c8ok,c9ok,c10ok,c11err,c12err,c13ok,c14err2,c15ok,c16ok,c17ok,c18err2,c19err2,c20err3,c21ok,c22ok,c23ok,c24err,c25err3,c26err3,856.5469,862.7609,0,0,0,0,1
