﻿Alfa.started,Alfa.stopped,alfa_mouse.x,alfa_mouse.y,alfa_mouse.leftButton,alfa_mouse.midButton,alfa_mouse.rightButton,alfa_mouse.clicked_name,participant,group,date,expName,psychopyVersion,OS,frameRate,PROLIFIC_PID,STUDY_ID,SESSION_ID,)],ITI.started,ITI.stopped,B_consensoinformato.started,B_consensoinformato.stopped,tempo_consenso,cons_mouse.x,cons_mouse.y,cons_mouse.leftButton,cons_mouse.midButton,cons_mouse.rightButton,A_benvenuto.started,A_benvenuto.stopped,ben_mouse.x,ben_mouse.y,ben_mouse.leftButton,ben_mouse.midButton,ben_mouse.rightButton,B2_istruzioni.started,B2_istruzioni.stopped,tempo_istru,cons_mouse_2.x,cons_mouse_2.y,cons_mouse_2.leftButton,cons_mouse_2.midButton,cons_mouse_2.rightButton,SAMevaluation.started,SAMevaluation.stopped,temposam,sliderintensity.response,sliderintensity.rt,slidervalence.response,slidervalence.rt,mouse_sam.x,mouse_sam.y,mouse_sam.leftButton,mouse_sam.midButton,mouse_sam.rightButton,mouse_sam.time,mouse_sam.clicked_name,Loading.started,Loading.stopped,C_associative_task.started,C_associative_task.stopped,tempo_trial,hapremutosi,hapremutono,tempo_tasktot,mouse.x,mouse.y,mouse.leftButton,mouse.midButton,mouse.rightButton,trials.thisRepN,trials.thisTrialN,trials.thisN,trials.thisIndex,trials.ran,cond,causa,effetto,D_VD.started,D_VD.stopped,tempo_vd,vd.response,vd.rt,mouse_vd.x,mouse_vd.y,mouse_vd.leftButton,mouse_vd.midButton,mouse_vd.rightButton,Previous.started,Previous.stopped,tempo_vd1,previous.response,previous.rt,mouse_vd_2.x,mouse_vd_2.y,mouse_vd_2.leftButton,mouse_vd_2.midButton,mouse_vd_2.rightButton,EstITA.TrialNS,EstITA.TrialD,EstITA.TrialSS,EstITA.TrialSN,itaest.thisRepN,itaest.thisTrialN,itaest.thisN,itaest.thisIndex,itaest.ran,PF.started,PF.stopped,tempo_pf,processfluency.response,processfluency.rt,mouse_ch.x,mouse_ch.y,mouse_ch.leftButton,mouse_ch.midButton,mouse_ch.rightButton,Questionario_Lingua.Age,Questionario_Lingua.Sesso,Questionario_Lingua.StaiStudiando?,Questionario_Lingua.Anniscolarita,Questionario_Lingua.Diploma,Questionario_Lingua.ItaMADRE?,Questionario_Lingua.INGmadre?,Questionario_Lingua.Q5(AOAIng),Questionario_Lingua.INGLETTURA,Questionario_Lingua.INGCOMPRESO,Questionario_Lingua.INGSCRITTO,Questionario_Lingua.INGPARLATO,Questionario_Lingua.haivissutoestero,ProvaInglese.ProcediamoENg,ProvaInglese.C1,ProvaInglese.C2,ProvaInglese.C3,ProvaInglese.C4,ProvaInglese.C5,ProvaInglese.C6,ProvaInglese.C7,ProvaInglese.C8,ProvaInglese.C9,ProvaInglese.C10,ProvaInglese.C11,ProvaInglese.C12,ProvaInglese.C13,ProvaInglese.C14,ProvaInglese.C15,ProvaInglese.C16,ProvaInglese.C17,ProvaInglese.C18,ProvaInglese.C19,ProvaInglese.C20,ProvaInglese.C21,ProvaInglese.C22,ProvaInglese.C23,ProvaInglese.C24,ProvaInglese.C25,ProvaInglese.controlquestion,Ant_lastquestion.started,Ant_lastquestion.stopped,exp_loop.thisRepN,exp_loop.thisTrialN,exp_loop.thisN,exp_loop.thisIndex,exp_loop.ran
0.0008,29.5562,-0.095045082,0.017832932,1,0,0,alfa_mask,[(%PROLIFIC_PID,1,2025-04-16_18h48.36.265,CLTandFLE,2024.1.5,Linux x86_64,60.0024001,5a5110bb76d1c60001aaa059,67ffc4c40efe1bd1090b10ee,67ffdf6cc81ce25bf9fe2fd6,,,,,,,,,,,,,,,,,,,,,,,,,,,,,,,,,,,,,,,,,,,,,,,,,,,,,,,,,,,,,,,,,,,,,,,,,,,,,,,,,,,,,,,,,,,,,,,,,,,,,,,,,,,,,,,,,,,,,,,,,,,,,,,,,,,,,,,,,,,,,,,,,,,
,,,,,,,,[(%PROLIFIC_PID,1,2025-04-16_18h48.36.265,CLTandFLE,2024.1.5,Linux x86_64,60.0024001,5a5110bb76d1c60001aaa059,67ffc4c40efe1bd1090b10ee,67ffdf6cc81ce25bf9fe2fd6,,29.5574,30.5493,,,,,,,,,,,,,,,,,,,,,,,,,,,,,,,,,,,,,,,,,,,,,,,,,,,,,,,,,,,,,,,,,,,,,,,,,,,,,,,,,,,,,,,,,,,,,,,,,,,,,,,,,,,,,,,,,,,,,,,,,,,,,,,,,,,,,,,,,,,,,,,,
,,,,,,,,[(%PROLIFIC_PID,1,2025-04-16_18h48.36.265,CLTandFLE,2024.1.5,Linux x86_64,60.0024001,5a5110bb76d1c60001aaa059,67ffc4c40efe1bd1090b10ee,67ffdf6cc81ce25bf9fe2fd6,,,,30.5498,35.5698,5.0172,0.205706598,-0.393965707,1,0,0,,,,,,,,,,,,,,,,,,,,,,,,,,,,,,,,,,,,,,,,,,,,,,,,,,,,,,,,,,,,,,,,,,,,,,,,,,,,,,,,,,,,,,,,,,,,,,,,,,,,,,,,,,,,,,,,,,,,,,,,,,,,,,,,,,,,,,,,
,,,,,,,,[(%PROLIFIC_PID,1,2025-04-16_18h48.36.265,CLTandFLE,2024.1.5,Linux x86_64,60.0024001,5a5110bb76d1c60001aaa059,67ffc4c40efe1bd1090b10ee,67ffdf6cc81ce25bf9fe2fd6,,158.336,159.3341,,,,,,,,,36.583,42.3089,0.10237136,-0.093213821,1,0,0,43.3099,134.8041,91.4919,0.039136549,-0.387796461,1,0,0,135.802,150.3364,14.5314,0.84003282,4.2852,0.265519484,10.8598,"[0.0005783925333164643,0.0036630154299510794,0.2797380413925439,0.02679781070765857]","[0.21524962143376772,0.003952170512293353,-0.24127642056237347,-0.20117607580022773]","[1,1,1,1]","[0,0,0,0]","[0,0,0,0]","[3.1664000000000385,8.8656,12.898200000000031,14.480700000000013]","[""sliderintensity"",""slidervalence"",""rettoksam""]",151.3352,158.3359,159.4358,170.0751,10.6371,0,1,10.6371,0.147098763,-0.063909904,0,0,0,0,0,0,25,1,c,Il paziente non ha preso il Batatrim,Il paziente ha superato la crisi,,,,,,,,,,,,,,,,,,,,,,,,,,,,,,,,,,,,,,,,,,,,,,,,,,,,,,,,,,,,,,,,,,,,,,,,,,,,,,,,,,,,,,
,,,,,,,,[(%PROLIFIC_PID,1,2025-04-16_18h48.36.265,CLTandFLE,2024.1.5,Linux x86_64,60.0024001,5a5110bb76d1c60001aaa059,67ffc4c40efe1bd1090b10ee,67ffdf6cc81ce25bf9fe2fd6,,,,,,,,,,,,,,,,,,,,,,,,,,,,,,,,,,,,,,,,,,,170.0984,176.7808,6.6816,0,1,17.3187,0.097744384,0.02245999,0,0,0,0,1,1,27,1,c,Il paziente non ha preso il Batatrim,Il paziente ha superato la crisi,,,,,,,,,,,,,,,,,,,,,,,,,,,,,,,,,,,,,,,,,,,,,,,,,,,,,,,,,,,,,,,,,,,,,,,,,,,,,,,,,,,,,,
,,,,,,,,[(%PROLIFIC_PID,1,2025-04-16_18h48.36.265,CLTandFLE,2024.1.5,Linux x86_64,60.0024001,5a5110bb76d1c60001aaa059,67ffc4c40efe1bd1090b10ee,67ffdf6cc81ce25bf9fe2fd6,,,,,,,,,,,,,,,,,,,,,,,,,,,,,,,,,,,,,,,,,,,176.8035,194.7475,17.9437,1,0,35.2624,0.165606582,0.002409859,0,0,0,0,2,2,2,1,a,Il paziente ha preso il Batatrim,Il paziente ha superato la crisi,,,,,,,,,,,,,,,,,,,,,,,,,,,,,,,,,,,,,,,,,,,,,,,,,,,,,,,,,,,,,,,,,,,,,,,,,,,,,,,,,,,,,,
,,,,,,,,[(%PROLIFIC_PID,1,2025-04-16_18h48.36.265,CLTandFLE,2024.1.5,Linux x86_64,60.0024001,5a5110bb76d1c60001aaa059,67ffc4c40efe1bd1090b10ee,67ffdf6cc81ce25bf9fe2fd6,,,,,,,,,,,,,,,,,,,,,,,,,,,,,,,,,,,,,,,,,,,194.7655,200.5031,5.737,1,0,40.9994,-0.010217829,0.045594744,0,0,0,0,3,3,3,1,a,Il paziente ha preso il Batatrim,Il paziente ha superato la crisi,,,,,,,,,,,,,,,,,,,,,,,,,,,,,,,,,,,,,,,,,,,,,,,,,,,,,,,,,,,,,,,,,,,,,,,,,,,,,,,,,,,,,,
,,,,,,,,[(%PROLIFIC_PID,1,2025-04-16_18h48.36.265,CLTandFLE,2024.1.5,Linux x86_64,60.0024001,5a5110bb76d1c60001aaa059,67ffc4c40efe1bd1090b10ee,67ffdf6cc81ce25bf9fe2fd6,,,,,,,,,,,,,,,,,,,,,,,,,,,,,,,,,,,,,,,,,,,200.5286,205.7541,5.225,1,0,46.2244,0.00212091,-0.006844051,0,0,0,0,4,4,17,1,b,Il paziente ha preso il Batatrim,Il paziente non ha superato la crisi,,,,,,,,,,,,,,,,,,,,,,,,,,,,,,,,,,,,,,,,,,,,,,,,,,,,,,,,,,,,,,,,,,,,,,,,,,,,,,,,,,,,,,
,,,,,,,,[(%PROLIFIC_PID,1,2025-04-16_18h48.36.265,CLTandFLE,2024.1.5,Linux x86_64,60.0024001,5a5110bb76d1c60001aaa059,67ffc4c40efe1bd1090b10ee,67ffdf6cc81ce25bf9fe2fd6,,,,,,,,,,,,,,,,,,,,,,,,,,,,,,,,,,,,,,,,,,,205.7704,211.2891,5.5185,1,0,51.7429,0.026797811,0.017832932,0,0,0,0,5,5,28,1,c,Il paziente non ha preso il Batatrim,Il paziente ha superato la crisi,,,,,,,,,,,,,,,,,,,,,,,,,,,,,,,,,,,,,,,,,,,,,,,,,,,,,,,,,,,,,,,,,,,,,,,,,,,,,,,,,,,,,,
,,,,,,,,[(%PROLIFIC_PID,1,2025-04-16_18h48.36.265,CLTandFLE,2024.1.5,Linux x86_64,60.0024001,5a5110bb76d1c60001aaa059,67ffc4c40efe1bd1090b10ee,67ffdf6cc81ce25bf9fe2fd6,,,,,,,,,,,,,,,,,,,,,,,,,,,,,,,,,,,,,,,,,,,211.3054,216.1623,4.8524,1,0,56.5953,-0.004048336,0.036340834,0,0,0,0,6,6,13,1,a,Il paziente ha preso il Batatrim,Il paziente ha superato la crisi,,,,,,,,,,,,,,,,,,,,,,,,,,,,,,,,,,,,,,,,,,,,,,,,,,,,,,,,,,,,,,,,,,,,,,,,,,,,,,,,,,,,,,
,,,,,,,,[(%PROLIFIC_PID,1,2025-04-16_18h48.36.265,CLTandFLE,2024.1.5,Linux x86_64,60.0024001,5a5110bb76d1c60001aaa059,67ffc4c40efe1bd1090b10ee,67ffdf6cc81ce25bf9fe2fd6,,,,,,,,,,,,,,,,,,,,,,,,,,,,,,,,,,,,,,,,,,,216.1628,221.1262,4.963,1,0,61.5583,-0.000963713,0.039425375,0,0,0,0,7,7,35,1,d,Il paziente non ha preso il Batatrim,Il paziente non ha superato la crisi,,,,,,,,,,,,,,,,,,,,,,,,,,,,,,,,,,,,,,,,,,,,,,,,,,,,,,,,,,,,,,,,,,,,,,,,,,,,,,,,,,,,,,
,,,,,,,,[(%PROLIFIC_PID,1,2025-04-16_18h48.36.265,CLTandFLE,2024.1.5,Linux x86_64,60.0024001,5a5110bb76d1c60001aaa059,67ffc4c40efe1bd1090b10ee,67ffdf6cc81ce25bf9fe2fd6,,,,,,,,,,,,,,,,,,,,,,,,,,,,,,,,,,,,,,,,,,,221.1552,225.8197,4.664,1,0,66.2223,0.008289991,0.037883146,0,0,0,0,8,8,10,1,a,Il paziente ha preso il Batatrim,Il paziente ha superato la crisi,,,,,,,,,,,,,,,,,,,,,,,,,,,,,,,,,,,,,,,,,,,,,,,,,,,,,,,,,,,,,,,,,,,,,,,,,,,,,,,,,,,,,,
,,,,,,,,[(%PROLIFIC_PID,1,2025-04-16_18h48.36.265,CLTandFLE,2024.1.5,Linux x86_64,60.0024001,5a5110bb76d1c60001aaa059,67ffc4c40efe1bd1090b10ee,67ffdf6cc81ce25bf9fe2fd6,,,,,,,,,,,,,,,,,,,,,,,,,,,,,,,,,,,,,,,,,,,225.8404,230.922,5.0812,1,0,71.3035,0.017544107,0.034798523,0,0,0,0,9,9,26,1,c,Il paziente non ha preso il Batatrim,Il paziente ha superato la crisi,,,,,,,,,,,,,,,,,,,,,,,,,,,,,,,,,,,,,,,,,,,,,,,,,,,,,,,,,,,,,,,,,,,,,,,,,,,,,,,,,,,,,,
,,,,,,,,[(%PROLIFIC_PID,1,2025-04-16_18h48.36.265,CLTandFLE,2024.1.5,Linux x86_64,60.0024001,5a5110bb76d1c60001aaa059,67ffc4c40efe1bd1090b10ee,67ffdf6cc81ce25bf9fe2fd6,,,,,,,,,,,,,,,,,,,,,,,,,,,,,,,,,,,,,,,,,,,230.9508,235.6445,4.6935,1,0,75.997,-0.011759934,0.027086925,0,0,0,0,10,10,33,1,c,Il paziente non ha preso il Batatrim,Il paziente ha superato la crisi,,,,,,,,,,,,,,,,,,,,,,,,,,,,,,,,,,,,,,,,,,,,,,,,,,,,,,,,,,,,,,,,,,,,,,,,,,,,,,,,,,,,,,
,,,,,,,,[(%PROLIFIC_PID,1,2025-04-16_18h48.36.265,CLTandFLE,2024.1.5,Linux x86_64,60.0024001,5a5110bb76d1c60001aaa059,67ffc4c40efe1bd1090b10ee,67ffdf6cc81ce25bf9fe2fd6,,,,,,,,,,,,,,,,,,,,,,,,,,,,,,,,,,,,,,,,,,,235.6586,240.5472,4.8875,1,0,80.8845,0.026797811,0.02245999,0,0,0,0,11,11,24,1,c,Il paziente non ha preso il Batatrim,Il paziente ha superato la crisi,,,,,,,,,,,,,,,,,,,,,,,,,,,,,,,,,,,,,,,,,,,,,,,,,,,,,,,,,,,,,,,,,,,,,,,,,,,,,,,,,,,,,,
,,,,,,,,[(%PROLIFIC_PID,1,2025-04-16_18h48.36.265,CLTandFLE,2024.1.5,Linux x86_64,60.0024001,5a5110bb76d1c60001aaa059,67ffc4c40efe1bd1090b10ee,67ffdf6cc81ce25bf9fe2fd6,,,,,,,,,,,,,,,,,,,,,,,,,,,,,,,,,,,,,,,,,,,240.549,247.3112,6.7616,1,0,87.6461,0.003663015,0.025544613,0,0,0,0,12,12,29,1,c,Il paziente non ha preso il Batatrim,Il paziente ha superato la crisi,,,,,,,,,,,,,,,,,,,,,,,,,,,,,,,,,,,,,,,,,,,,,,,,,,,,,,,,,,,,,,,,,,,,,,,,,,,,,,,,,,,,,,
,,,,,,,,[(%PROLIFIC_PID,1,2025-04-16_18h48.36.265,CLTandFLE,2024.1.5,Linux x86_64,60.0024001,5a5110bb76d1c60001aaa059,67ffc4c40efe1bd1090b10ee,67ffdf6cc81ce25bf9fe2fd6,,,,,,,,,,,,,,,,,,,,,,,,,,,,,,,,,,,,,,,,,,,247.3356,251.5937,4.2576,1,0,91.9037,-0.047233221,0.008579022,0,0,0,0,13,13,19,1,b,Il paziente ha preso il Batatrim,Il paziente non ha superato la crisi,,,,,,,,,,,,,,,,,,,,,,,,,,,,,,,,,,,,,,,,,,,,,,,,,,,,,,,,,,,,,,,,,,,,,,,,,,,,,,,,,,,,,,
,,,,,,,,[(%PROLIFIC_PID,1,2025-04-16_18h48.36.265,CLTandFLE,2024.1.5,Linux x86_64,60.0024001,5a5110bb76d1c60001aaa059,67ffc4c40efe1bd1090b10ee,67ffdf6cc81ce25bf9fe2fd6,,,,,,,,,,,,,,,,,,,,,,,,,,,,,,,,,,,,,,,,,,,251.612,256.0567,4.4442,1,0,96.3479,-0.045691116,0.031713777,0,0,0,0,14,14,11,1,a,Il paziente ha preso il Batatrim,Il paziente ha superato la crisi,,,,,,,,,,,,,,,,,,,,,,,,,,,,,,,,,,,,,,,,,,,,,,,,,,,,,,,,,,,,,,,,,,,,,,,,,,,,,,,,,,,,,,
,,,,,,,,[(%PROLIFIC_PID,1,2025-04-16_18h48.36.265,CLTandFLE,2024.1.5,Linux x86_64,60.0024001,5a5110bb76d1c60001aaa059,67ffc4c40efe1bd1090b10ee,67ffdf6cc81ce25bf9fe2fd6,,,,,,,,,,,,,,,,,,,,,,,,,,,,,,,,,,,,,,,,,,,256.0574,260.8741,4.8164,1,0,101.1643,-0.05957196,0.068729498,0,0,0,0,15,15,20,1,c,Il paziente non ha preso il Batatrim,Il paziente ha superato la crisi,,,,,,,,,,,,,,,,,,,,,,,,,,,,,,,,,,,,,,,,,,,,,,,,,,,,,,,,,,,,,,,,,,,,,,,,,,,,,,,,,,,,,,
,,,,,,,,[(%PROLIFIC_PID,1,2025-04-16_18h48.36.265,CLTandFLE,2024.1.5,Linux x86_64,60.0024001,5a5110bb76d1c60001aaa059,67ffc4c40efe1bd1090b10ee,67ffdf6cc81ce25bf9fe2fd6,,,,,,,,,,,,,,,,,,,,,,,,,,,,,,,,,,,,,,,,,,,260.8746,265.1092,4.2343,1,0,105.3986,-0.045691116,0.024002302,0,0,0,0,16,16,30,1,c,Il paziente non ha preso il Batatrim,Il paziente ha superato la crisi,,,,,,,,,,,,,,,,,,,,,,,,,,,,,,,,,,,,,,,,,,,,,,,,,,,,,,,,,,,,,,,,,,,,,,,,,,,,,,,,,,,,,,
,,,,,,,,[(%PROLIFIC_PID,1,2025-04-16_18h48.36.265,CLTandFLE,2024.1.5,Linux x86_64,60.0024001,5a5110bb76d1c60001aaa059,67ffc4c40efe1bd1090b10ee,67ffdf6cc81ce25bf9fe2fd6,,,,,,,,,,,,,,,,,,,,,,,,,,,,,,,,,,,,,,,,,,,265.1333,270.0978,4.9637,1,0,110.3623,-0.051860197,0.011663769,0,0,0,0,17,17,14,1,b,Il paziente ha preso il Batatrim,Il paziente ha superato la crisi,,,,,,,,,,,,,,,,,,,,,,,,,,,,,,,,,,,,,,,,,,,,,,,,,,,,,,,,,,,,,,,,,,,,,,,,,,,,,,,,,,,,,,
,,,,,,,,[(%PROLIFIC_PID,1,2025-04-16_18h48.36.265,CLTandFLE,2024.1.5,Linux x86_64,60.0024001,5a5110bb76d1c60001aaa059,67ffc4c40efe1bd1090b10ee,67ffdf6cc81ce25bf9fe2fd6,,,,,,,,,,,,,,,,,,,,,,,,,,,,,,,,,,,,,,,,,,,270.1243,274.775,4.6504,1,0,115.0127,-0.05957196,0.08877963,0,0,0,0,18,18,22,1,c,Il paziente non ha preso il Batatrim,Il paziente ha superato la crisi,,,,,,,,,,,,,,,,,,,,,,,,,,,,,,,,,,,,,,,,,,,,,,,,,,,,,,,,,,,,,,,,,,,,,,,,,,,,,,,,,,,,,,
,,,,,,,,[(%PROLIFIC_PID,1,2025-04-16_18h48.36.265,CLTandFLE,2024.1.5,Linux x86_64,60.0024001,5a5110bb76d1c60001aaa059,67ffc4c40efe1bd1090b10ee,67ffdf6cc81ce25bf9fe2fd6,,,,,,,,,,,,,,,,,,,,,,,,,,,,,,,,,,,,,,,,,,,274.7755,295.661,20.885,1,0,135.8977,-0.070368181,0.042509998,0,0,0,0,19,19,12,1,a,Il paziente ha preso il Batatrim,Il paziente ha superato la crisi,,,,,,,,,,,,,,,,,,,,,,,,,,,,,,,,,,,,,,,,,,,,,,,,,,,,,,,,,,,,,,,,,,,,,,,,,,,,,,,,,,,,,,
,,,,,,,,[(%PROLIFIC_PID,1,2025-04-16_18h48.36.265,CLTandFLE,2024.1.5,Linux x86_64,60.0024001,5a5110bb76d1c60001aaa059,67ffc4c40efe1bd1090b10ee,67ffdf6cc81ce25bf9fe2fd6,,,,,,,,,,,,,,,,,,,,,,,,,,,,,,,,,,,,,,,,,,,295.6786,300.3202,4.641,1,0,140.5387,-0.045691116,0.019375244,0,0,0,0,20,20,36,1,d,Il paziente non ha preso il Batatrim,Il paziente non ha superato la crisi,,,,,,,,,,,,,,,,,,,,,,,,,,,,,,,,,,,,,,,,,,,,,,,,,,,,,,,,,,,,,,,,,,,,,,,,,,,,,,,,,,,,,,
,,,,,,,,[(%PROLIFIC_PID,1,2025-04-16_18h48.36.265,CLTandFLE,2024.1.5,Linux x86_64,60.0024001,5a5110bb76d1c60001aaa059,67ffc4c40efe1bd1090b10ee,67ffdf6cc81ce25bf9fe2fd6,,,,,,,,,,,,,,,,,,,,,,,,,,,,,,,,,,,,,,,,,,,300.3454,304.6787,4.3329,1,0,144.8716,-0.138229967,-0.025351953,0,0,0,0,21,21,8,1,a,Il paziente ha preso il Batatrim,Il paziente ha superato la crisi,,,,,,,,,,,,,,,,,,,,,,,,,,,,,,,,,,,,,,,,,,,,,,,,,,,,,,,,,,,,,,,,,,,,,,,,,,,,,,,,,,,,,,
,,,,,,,,[(%PROLIFIC_PID,1,2025-04-16_18h48.36.265,CLTandFLE,2024.1.5,Linux x86_64,60.0024001,5a5110bb76d1c60001aaa059,67ffc4c40efe1bd1090b10ee,67ffdf6cc81ce25bf9fe2fd6,,,,,,,,,,,,,,,,,,,,,,,,,,,,,,,,,,,,,,,,,,,304.6794,309.1584,4.4788,1,0,149.3504,-0.014844557,-0.023809641,0,0,0,0,22,22,16,1,b,Il paziente ha preso il Batatrim,Il paziente non ha superato la crisi,,,,,,,,,,,,,,,,,,,,,,,,,,,,,,,,,,,,,,,,,,,,,,,,,,,,,,,,,,,,,,,,,,,,,,,,,,,,,,,,,,,,,,
,,,,,,,,[(%PROLIFIC_PID,1,2025-04-16_18h48.36.265,CLTandFLE,2024.1.5,Linux x86_64,60.0024001,5a5110bb76d1c60001aaa059,67ffc4c40efe1bd1090b10ee,67ffdf6cc81ce25bf9fe2fd6,,,,,,,,,,,,,,,,,,,,,,,,,,,,,,,,,,,,,,,,,,,309.159,313.6129,4.4535,1,0,153.8039,-0.011759934,0.019375244,0,0,0,0,23,23,9,1,a,Il paziente ha preso il Batatrim,Il paziente ha superato la crisi,,,,,,,,,,,,,,,,,,,,,,,,,,,,,,,,,,,,,,,,,,,,,,,,,,,,,,,,,,,,,,,,,,,,,,,,,,,,,,,,,,,,,,
,,,,,,,,[(%PROLIFIC_PID,1,2025-04-16_18h48.36.265,CLTandFLE,2024.1.5,Linux x86_64,60.0024001,5a5110bb76d1c60001aaa059,67ffc4c40efe1bd1090b10ee,67ffdf6cc81ce25bf9fe2fd6,,,,,,,,,,,,,,,,,,,,,,,,,,,,,,,,,,,,,,,,,,,313.6135,320.9221,7.3081,1,0,161.112,-0.093502976,-0.097840838,0,0,0,0,24,24,38,1,d,Il paziente non ha preso il Batatrim,Il paziente non ha superato la crisi,,,,,,,,,,,,,,,,,,,,,,,,,,,,,,,,,,,,,,,,,,,,,,,,,,,,,,,,,,,,,,,,,,,,,,,,,,,,,,,,,,,,,,
,,,,,,,,[(%PROLIFIC_PID,1,2025-04-16_18h48.36.265,CLTandFLE,2024.1.5,Linux x86_64,60.0024001,5a5110bb76d1c60001aaa059,67ffc4c40efe1bd1090b10ee,67ffdf6cc81ce25bf9fe2fd6,,,,,,,,,,,,,,,,,,,,,,,,,,,,,,,,,,,,,,,,,,,320.9226,325.4845,4.5615,1,0,165.6735,-0.14594173,0.01320608,0,0,0,0,25,25,34,1,c,Il paziente non ha preso il Batatrim,Il paziente ha superato la crisi,,,,,,,,,,,,,,,,,,,,,,,,,,,,,,,,,,,,,,,,,,,,,,,,,,,,,,,,,,,,,,,,,,,,,,,,,,,,,,,,,,,,,,
,,,,,,,,[(%PROLIFIC_PID,1,2025-04-16_18h48.36.265,CLTandFLE,2024.1.5,Linux x86_64,60.0024001,5a5110bb76d1c60001aaa059,67ffc4c40efe1bd1090b10ee,67ffdf6cc81ce25bf9fe2fd6,,,,,,,,,,,,,,,,,,,,,,,,,,,,,,,,,,,,,,,,,,,325.4852,329.8206,4.3351,1,0,170.0086,-0.115095419,0.003952171,0,0,0,0,26,26,32,1,c,Il paziente non ha preso il Batatrim,Il paziente ha superato la crisi,,,,,,,,,,,,,,,,,,,,,,,,,,,,,,,,,,,,,,,,,,,,,,,,,,,,,,,,,,,,,,,,,,,,,,,,,,,,,,,,,,,,,,
,,,,,,,,[(%PROLIFIC_PID,1,2025-04-16_18h48.36.265,CLTandFLE,2024.1.5,Linux x86_64,60.0024001,5a5110bb76d1c60001aaa059,67ffc4c40efe1bd1090b10ee,67ffdf6cc81ce25bf9fe2fd6,,,,,,,,,,,,,,,,,,,,,,,,,,,,,,,,,,,,,,,,,,,329.8336,334.0004,4.1662,1,0,174.1748,-0.070368181,0.027086925,0,0,0,0,27,27,15,1,b,Il paziente ha preso il Batatrim,Il paziente non ha superato la crisi,,,,,,,,,,,,,,,,,,,,,,,,,,,,,,,,,,,,,,,,,,,,,,,,,,,,,,,,,,,,,,,,,,,,,,,,,,,,,,,,,,,,,,
,,,,,,,,[(%PROLIFIC_PID,1,2025-04-16_18h48.36.265,CLTandFLE,2024.1.5,Linux x86_64,60.0024001,5a5110bb76d1c60001aaa059,67ffc4c40efe1bd1090b10ee,67ffdf6cc81ce25bf9fe2fd6,,,,,,,,,,,,,,,,,,,,,,,,,,,,,,,,,,,,,,,,,,,334.0232,338.3714,4.3475,1,0,178.5223,0.005205368,0.020917555,0,0,0,0,28,28,6,1,a,Il paziente ha preso il Batatrim,Il paziente ha superato la crisi,,,,,,,,,,,,,,,,,,,,,,,,,,,,,,,,,,,,,,,,,,,,,,,,,,,,,,,,,,,,,,,,,,,,,,,,,,,,,,,,,,,,,,
,,,,,,,,[(%PROLIFIC_PID,1,2025-04-16_18h48.36.265,CLTandFLE,2024.1.5,Linux x86_64,60.0024001,5a5110bb76d1c60001aaa059,67ffc4c40efe1bd1090b10ee,67ffdf6cc81ce25bf9fe2fd6,,,,,,,,,,,,,,,,,,,,,,,,,,,,,,,,,,,,,,,,,,,338.3992,343.0703,4.6709,1,0,183.1932,-0.005590853,-0.002217199,0,0,0,0,29,29,18,1,b,Il paziente ha preso il Batatrim,Il paziente non ha superato la crisi,,,,,,,,,,,,,,,,,,,,,,,,,,,,,,,,,,,,,,,,,,,,,,,,,,,,,,,,,,,,,,,,,,,,,,,,,,,,,,,,,,,,,,
,,,,,,,,[(%PROLIFIC_PID,1,2025-04-16_18h48.36.265,CLTandFLE,2024.1.5,Linux x86_64,60.0024001,5a5110bb76d1c60001aaa059,67ffc4c40efe1bd1090b10ee,67ffdf6cc81ce25bf9fe2fd6,,,,,,,,,,,,,,,,,,,,,,,,,,,,,,,,,,,,,,,,,,,343.0707,347.5868,4.5158,1,0,187.709,-0.024098673,-0.020725019,0,0,0,0,30,30,37,1,d,Il paziente non ha preso il Batatrim,Il paziente non ha superato la crisi,,,,,,,,,,,,,,,,,,,,,,,,,,,,,,,,,,,,,,,,,,,,,,,,,,,,,,,,,,,,,,,,,,,,,,,,,,,,,,,,,,,,,,
,,,,,,,,[(%PROLIFIC_PID,1,2025-04-16_18h48.36.265,CLTandFLE,2024.1.5,Linux x86_64,60.0024001,5a5110bb76d1c60001aaa059,67ffc4c40efe1bd1090b10ee,67ffdf6cc81ce25bf9fe2fd6,,,,,,,,,,,,,,,,,,,,,,,,,,,,,,,,,,,,,,,,,,,347.5876,351.9031,4.315,1,0,192.024,0.008289991,-0.016097961,0,0,0,0,31,31,4,1,a,Il paziente ha preso il Batatrim,Il paziente ha superato la crisi,,,,,,,,,,,,,,,,,,,,,,,,,,,,,,,,,,,,,,,,,,,,,,,,,,,,,,,,,,,,,,,,,,,,,,,,,,,,,,,,,,,,,,
,,,,,,,,[(%PROLIFIC_PID,1,2025-04-16_18h48.36.265,CLTandFLE,2024.1.5,Linux x86_64,60.0024001,5a5110bb76d1c60001aaa059,67ffc4c40efe1bd1090b10ee,67ffdf6cc81ce25bf9fe2fd6,,,,,,,,,,,,,,,,,,,,,,,,,,,,,,,,,,,,,,,,,,,351.9036,356.7163,4.8123,0,1,196.8363,-0.142857108,-0.045402084,0,0,0,0,32,32,5,1,a,Il paziente ha preso il Batatrim,Il paziente ha superato la crisi,,,,,,,,,,,,,,,,,,,,,,,,,,,,,,,,,,,,,,,,,,,,,,,,,,,,,,,,,,,,,,,,,,,,,,,,,,,,,,,,,,,,,,
,,,,,,,,[(%PROLIFIC_PID,1,2025-04-16_18h48.36.265,CLTandFLE,2024.1.5,Linux x86_64,60.0024001,5a5110bb76d1c60001aaa059,67ffc4c40efe1bd1090b10ee,67ffdf6cc81ce25bf9fe2fd6,,,,,,,,,,,,,,,,,,,,,,,,,,,,,,,,,,,,,,,,,,,356.7421,361.0949,4.352,1,0,201.1883,-0.147484083,-0.036148174,0,0,0,0,33,33,31,1,c,Il paziente non ha preso il Batatrim,Il paziente ha superato la crisi,,,,,,,,,,,,,,,,,,,,,,,,,,,,,,,,,,,,,,,,,,,,,,,,,,,,,,,,,,,,,,,,,,,,,,,,,,,,,,,,,,,,,,
,,,,,,,,[(%PROLIFIC_PID,1,2025-04-16_18h48.36.265,CLTandFLE,2024.1.5,Linux x86_64,60.0024001,5a5110bb76d1c60001aaa059,67ffc4c40efe1bd1090b10ee,67ffdf6cc81ce25bf9fe2fd6,,,,,,,,,,,,,,,,,,,,,,,,,,,,,,,,,,,,,,,,,,,361.0959,365.9348,4.838,1,0,206.0263,-0.014844557,0.01320608,0,0,0,0,34,34,23,1,c,Il paziente non ha preso il Batatrim,Il paziente ha superato la crisi,,,,,,,,,,,,,,,,,,,,,,,,,,,,,,,,,,,,,,,,,,,,,,,,,,,,,,,,,,,,,,,,,,,,,,,,,,,,,,,,,,,,,,
,,,,,,,,[(%PROLIFIC_PID,1,2025-04-16_18h48.36.265,CLTandFLE,2024.1.5,Linux x86_64,60.0024001,5a5110bb76d1c60001aaa059,67ffc4c40efe1bd1090b10ee,67ffdf6cc81ce25bf9fe2fd6,,,,,,,,,,,,,,,,,,,,,,,,,,,,,,,,,,,,,,,,,,,365.9356,370.2562,4.3203,1,0,210.3466,-0.218430657,0.036340834,0,0,0,0,35,35,0,1,a,Il paziente ha preso il Batatrim,Il paziente ha superato la crisi,,,,,,,,,,,,,,,,,,,,,,,,,,,,,,,,,,,,,,,,,,,,,,,,,,,,,,,,,,,,,,,,,,,,,,,,,,,,,,,,,,,,,,
,,,,,,,,[(%PROLIFIC_PID,1,2025-04-16_18h48.36.265,CLTandFLE,2024.1.5,Linux x86_64,60.0024001,5a5110bb76d1c60001aaa059,67ffc4c40efe1bd1090b10ee,67ffdf6cc81ce25bf9fe2fd6,,,,,,,,,,,,,,,,,,,,,,,,,,,,,,,,,,,,,,,,,,,370.2843,374.603,4.3183,1,0,214.6649,-0.121264665,0.019375244,0,0,0,0,36,36,1,1,a,Il paziente ha preso il Batatrim,Il paziente ha superato la crisi,,,,,,,,,,,,,,,,,,,,,,,,,,,,,,,,,,,,,,,,,,,,,,,,,,,,,,,,,,,,,,,,,,,,,,,,,,,,,,,,,,,,,,
,,,,,,,,[(%PROLIFIC_PID,1,2025-04-16_18h48.36.265,CLTandFLE,2024.1.5,Linux x86_64,60.0024001,5a5110bb76d1c60001aaa059,67ffc4c40efe1bd1090b10ee,67ffdf6cc81ce25bf9fe2fd6,,,,,,,,,,,,,,,,,,,,,,,,,,,,,,,,,,,,,,,,,,,374.625,379.3501,4.7246,0,1,219.3895,-0.081164403,-0.016097961,0,0,0,0,37,37,39,1,d,Il paziente non ha preso il Batatrim,Il paziente non ha superato la crisi,,,,,,,,,,,,,,,,,,,,,,,,,,,,,,,,,,,,,,,,,,,,,,,,,,,,,,,,,,,,,,,,,,,,,,,,,,,,,,,,,,,,,,
,,,,,,,,[(%PROLIFIC_PID,1,2025-04-16_18h48.36.265,CLTandFLE,2024.1.5,Linux x86_64,60.0024001,5a5110bb76d1c60001aaa059,67ffc4c40efe1bd1090b10ee,67ffdf6cc81ce25bf9fe2fd6,,,,,,,,,,,,,,,,,,,,,,,,,,,,,,,,,,,,,,,,,,,379.3515,383.6922,4.3402,1,0,223.7297,-0.010217829,-0.017640272,0,0,0,0,38,38,7,1,a,Il paziente ha preso il Batatrim,Il paziente ha superato la crisi,,,,,,,,,,,,,,,,,,,,,,,,,,,,,,,,,,,,,,,,,,,,,,,,,,,,,,,,,,,,,,,,,,,,,,,,,,,,,,,,,,,,,,
,,,,,,,,[(%PROLIFIC_PID,1,2025-04-16_18h48.36.265,CLTandFLE,2024.1.5,Linux x86_64,60.0024001,5a5110bb76d1c60001aaa059,67ffc4c40efe1bd1090b10ee,67ffdf6cc81ce25bf9fe2fd6,,,,,,,,,,,,,,,,,,,,,,,,,,,,,,,,,,,,,,,,,,,383.6929,387.9608,4.2674,0,1,227.9971,-0.099672222,-0.009928797,0,0,0,0,39,39,21,1,c,Il paziente non ha preso il Batatrim,Il paziente ha superato la crisi,,,,,,,,,,,,,,,,,,,,,,,,,,,,,,,,,,,,,,,,,,,,,,,,,,,,,,,,,,,,,,,,,,,,,,,,,,,,,,,,,,,,,,
,,,,,,,,[(%PROLIFIC_PID,1,2025-04-16_18h48.36.265,CLTandFLE,2024.1.5,Linux x86_64,60.0024001,5a5110bb76d1c60001aaa059,67ffc4c40efe1bd1090b10ee,67ffdf6cc81ce25bf9fe2fd6,,408.0354,409.0328,,,,,,,,,,,,,,,,,,,,,,,,,,,,,,,,,,,,,,,,,,,,,,,,,,,,,,,,,,,388.9511,400.4354,11.4824,13,8.9048,0.003663015,-0.187295273,1,0,0,401.4504,408.035,6.5822,71,5.4226,0.02062873,-0.204260699,1,0,0,12,6,5,4,0,0,0,0,1,,,,,,,,,,,,,,,,,,,,,,,,,,,,,,,,,,,,,,,,,,,,,,,,,,,,,,,,,
,,,,,,,,[(%PROLIFIC_PID,1,2025-04-16_18h48.36.265,CLTandFLE,2024.1.5,Linux x86_64,60.0024001,5a5110bb76d1c60001aaa059,67ffc4c40efe1bd1090b10ee,67ffdf6cc81ce25bf9fe2fd6,,1343.425,1344.4152,,,,,,,,,,,,,,,,,,,,,,,,,,,,,,,,,,,,,,,,,,,,,,,,,,,,,,,,,,,,,,,,,,,,,,,,,,,,,,,,,,,,,,,,1272.8704,1277.1555,4.2826,4,2.296,-0.013302452,-0.191922125,1,0,0,47,Maschio,No,12,No,TRUE,FALSE,11,8,8,7,7,FALSE,Conferma,c1ok,c2ok,c3ok,c4ok,c5ok,c6ok,c7ok,c8ok,c9err2,c10ok,c11ok,c12err,c13err3,c14err2,c15err,c16err3,c17ok,c18err2,c19ok,c20err,c21err2,c22err2,c23err,c24err3,c25ok,c26ok,1559.9392,1566.1165,0,0,0,0,1
