﻿Alfa.started,Alfa.stopped,alfa_mouse.x,alfa_mouse.y,alfa_mouse.leftButton,alfa_mouse.midButton,alfa_mouse.rightButton,alfa_mouse.clicked_name,participant,group,date,expName,psychopyVersion,OS,frameRate,PROLIFIC_PID,STUDY_ID,SESSION_ID,)],ITI.started,ITI.stopped,B_consensoinformato.started,B_consensoinformato.stopped,tempo_consenso,cons_mouse.x,cons_mouse.y,cons_mouse.leftButton,cons_mouse.midButton,cons_mouse.rightButton,A_benvenuto.started,A_benvenuto.stopped,ben_mouse.x,ben_mouse.y,ben_mouse.leftButton,ben_mouse.midButton,ben_mouse.rightButton,B2_istruzioni.started,B2_istruzioni.stopped,tempo_istru,cons_mouse_2.x,cons_mouse_2.y,cons_mouse_2.leftButton,cons_mouse_2.midButton,cons_mouse_2.rightButton,SAMevaluation.started,SAMevaluation.stopped,temposam,sliderintensity.response,sliderintensity.rt,slidervalence.response,slidervalence.rt,mouse_sam.x,mouse_sam.y,mouse_sam.leftButton,mouse_sam.midButton,mouse_sam.rightButton,mouse_sam.time,mouse_sam.clicked_name,Loading.started,Loading.stopped,C_associative_task.started,C_associative_task.stopped,tempo_trial,hapremutosi,hapremutono,tempo_tasktot,mouse.x,mouse.y,mouse.leftButton,mouse.midButton,mouse.rightButton,trials.thisRepN,trials.thisTrialN,trials.thisN,trials.thisIndex,trials.ran,cond,causa,effetto,D_VD.started,D_VD.stopped,tempo_vd,vd.response,vd.rt,mouse_vd.x,mouse_vd.y,mouse_vd.leftButton,mouse_vd.midButton,mouse_vd.rightButton,Previous.started,Previous.stopped,tempo_vd1,previous.response,previous.rt,mouse_vd_2.x,mouse_vd_2.y,mouse_vd_2.leftButton,mouse_vd_2.midButton,mouse_vd_2.rightButton,EstENG.TrialNS,EstENG.TrialSN,EstENG.TrialNN,EstENG.TrialSS,ingesta.thisRepN,ingesta.thisTrialN,ingesta.thisN,ingesta.thisIndex,ingesta.ran,PF.started,PF.stopped,tempo_pf,processfluency.response,processfluency.rt,mouse_ch.x,mouse_ch.y,mouse_ch.leftButton,mouse_ch.midButton,mouse_ch.rightButton,Questionario_Lingua.Age,Questionario_Lingua.Sesso,Questionario_Lingua.StaiStudiando?,Questionario_Lingua.Anniscolarita,Questionario_Lingua.Diploma,Questionario_Lingua.Punteggiodiploma,Questionario_Lingua.ItaMADRE?,Questionario_Lingua.INGmadre?,Questionario_Lingua.Q5(AOAIng),Questionario_Lingua.INGLETTURA,Questionario_Lingua.INGCOMPRESO,Questionario_Lingua.INGSCRITTO,Questionario_Lingua.INGPARLATO,Questionario_Lingua.haivissutoestero,ProvaInglese.ProcediamoENg,ProvaInglese.C1,ProvaInglese.C2,ProvaInglese.C3,ProvaInglese.C4,ProvaInglese.C5,ProvaInglese.C6,ProvaInglese.C7,ProvaInglese.C8,ProvaInglese.C9,ProvaInglese.C10,ProvaInglese.C11,ProvaInglese.C12,ProvaInglese.C13,ProvaInglese.C14,ProvaInglese.C15,ProvaInglese.C16,ProvaInglese.C17,ProvaInglese.C18,ProvaInglese.C19,ProvaInglese.C20,ProvaInglese.C21,ProvaInglese.C22,ProvaInglese.C23,ProvaInglese.C24,ProvaInglese.C25,ProvaInglese.controlquestion,Ant_lastquestion.started,Ant_lastquestion.stopped,exp_loop.thisRepN,exp_loop.thisTrialN,exp_loop.thisN,exp_loop.thisIndex,exp_loop.ran
0.001,7.422,0.040740741,0.008333333,1,0,0,alfa_mask,[(%PROLIFIC_PID,2,2025-04-16_18h42.39.398,CLTandFLE,2024.1.5,Linux x86_64,62.18905473,60e0cf57e08c9f0c2ee1eb2f,67ffc4c40efe1bd1090b10ee,67ffdde27ec12f4b937f2326,,,,,,,,,,,,,,,,,,,,,,,,,,,,,,,,,,,,,,,,,,,,,,,,,,,,,,,,,,,,,,,,,,,,,,,,,,,,,,,,,,,,,,,,,,,,,,,,,,,,,,,,,,,,,,,,,,,,,,,,,,,,,,,,,,,,,,,,,,,,,,,,,,,,
,,,,,,,,[(%PROLIFIC_PID,2,2025-04-16_18h42.39.398,CLTandFLE,2024.1.5,Linux x86_64,62.18905473,60e0cf57e08c9f0c2ee1eb2f,67ffc4c40efe1bd1090b10ee,67ffdde27ec12f4b937f2326,,7.422,8.419,,,,,,,,,,,,,,,,,,,,,,,,,,,,,,,,,,,,,,,,,,,,,,,,,,,,,,,,,,,,,,,,,,,,,,,,,,,,,,,,,,,,,,,,,,,,,,,,,,,,,,,,,,,,,,,,,,,,,,,,,,,,,,,,,,,,,,,,,,,,,,,,,
,,,,,,,,[(%PROLIFIC_PID,2,2025-04-16_18h42.39.398,CLTandFLE,2024.1.5,Linux x86_64,62.18905473,60e0cf57e08c9f0c2ee1eb2f,67ffc4c40efe1bd1090b10ee,67ffdde27ec12f4b937f2326,,,,8.419,19.435,11.016,0.247222222,-0.42037037,1,0,0,,,,,,,,,,,,,,,,,,,,,,,,,,,,,,,,,,,,,,,,,,,,,,,,,,,,,,,,,,,,,,,,,,,,,,,,,,,,,,,,,,,,,,,,,,,,,,,,,,,,,,,,,,,,,,,,,,,,,,,,,,,,,,,,,,,,,,,,,
,,,,,,,,[(%PROLIFIC_PID,2,2025-04-16_18h42.39.398,CLTandFLE,2024.1.5,Linux x86_64,62.18905473,60e0cf57e08c9f0c2ee1eb2f,67ffc4c40efe1bd1090b10ee,67ffdde27ec12f4b937f2326,,107.907,108.906,,,,,,,,,20.435,22.706,0.033333333,-0.096296296,1,0,0,23.723,77.585,53.861,0.016666667,-0.391666667,1,0,0,78.59,99.906,21.316,0.849537037,20.563,0.353009259,8.828,"[-0.004629629629629629,0.011111111111111112,0.15833333333333333,0.03611111111111111]","[0.19444444444444445,-0.004629629629629629,-0.002777777777777778,-0.19722222222222222]","[1,1,1,1]","[0,0,0,0]","[0,0,0,0]","[6.237000000000009,9.457999999999998,20.076000000000008,21.308000000000007]","[""sliderintensity"",""sliderintensity"",""rettoksam""]",100.907,107.907,108.922,124.963,16.04,0,1,16.04,0.117592593,-0.087962963,0,0,0,0,0,0,38,1,d,The patient has not taken Batatrim,The patient has not overcome the crisis,,,,,,,,,,,,,,,,,,,,,,,,,,,,,,,,,,,,,,,,,,,,,,,,,,,,,,,,,,,,,,,,,,,,,,,,,,,,,,,,,,,,,,,
,,,,,,,,[(%PROLIFIC_PID,2,2025-04-16_18h42.39.398,CLTandFLE,2024.1.5,Linux x86_64,62.18905473,60e0cf57e08c9f0c2ee1eb2f,67ffc4c40efe1bd1090b10ee,67ffdde27ec12f4b937f2326,,,,,,,,,,,,,,,,,,,,,,,,,,,,,,,,,,,,,,,,,,,124.965,131.523,6.558,0,1,22.598,0.262962963,-0.125,0,0,0,0,1,1,6,1,a,The patient has taken Batatrim,The patient has overcome the crisis,,,,,,,,,,,,,,,,,,,,,,,,,,,,,,,,,,,,,,,,,,,,,,,,,,,,,,,,,,,,,,,,,,,,,,,,,,,,,,,,,,,,,,,
,,,,,,,,[(%PROLIFIC_PID,2,2025-04-16_18h42.39.398,CLTandFLE,2024.1.5,Linux x86_64,62.18905473,60e0cf57e08c9f0c2ee1eb2f,67ffc4c40efe1bd1090b10ee,67ffdde27ec12f4b937f2326,,,,,,,,,,,,,,,,,,,,,,,,,,,,,,,,,,,,,,,,,,,131.524,143.199,11.675,1,0,34.273,-0.175925926,-0.044444444,0,0,0,0,2,2,10,1,a,The patient has taken Batatrim,The patient has overcome the crisis,,,,,,,,,,,,,,,,,,,,,,,,,,,,,,,,,,,,,,,,,,,,,,,,,,,,,,,,,,,,,,,,,,,,,,,,,,,,,,,,,,,,,,,
,,,,,,,,[(%PROLIFIC_PID,2,2025-04-16_18h42.39.398,CLTandFLE,2024.1.5,Linux x86_64,62.18905473,60e0cf57e08c9f0c2ee1eb2f,67ffc4c40efe1bd1090b10ee,67ffdde27ec12f4b937f2326,,,,,,,,,,,,,,,,,,,,,,,,,,,,,,,,,,,,,,,,,,,143.201,149.711,6.51,1,0,40.783,-0.167592593,-0.048148148,0,0,0,0,3,3,16,1,b,The patient has taken Batatrim,The patient has not overcome the crisis,,,,,,,,,,,,,,,,,,,,,,,,,,,,,,,,,,,,,,,,,,,,,,,,,,,,,,,,,,,,,,,,,,,,,,,,,,,,,,,,,,,,,,,
,,,,,,,,[(%PROLIFIC_PID,2,2025-04-16_18h42.39.398,CLTandFLE,2024.1.5,Linux x86_64,62.18905473,60e0cf57e08c9f0c2ee1eb2f,67ffc4c40efe1bd1090b10ee,67ffdde27ec12f4b937f2326,,,,,,,,,,,,,,,,,,,,,,,,,,,,,,,,,,,,,,,,,,,149.712,156.757,7.044,0,1,47.827,0.107407407,-0.102777778,0,0,0,0,4,4,28,1,c,The patient has not taken Batatrim,The patient has overcome the crisis,,,,,,,,,,,,,,,,,,,,,,,,,,,,,,,,,,,,,,,,,,,,,,,,,,,,,,,,,,,,,,,,,,,,,,,,,,,,,,,,,,,,,,,
,,,,,,,,[(%PROLIFIC_PID,2,2025-04-16_18h42.39.398,CLTandFLE,2024.1.5,Linux x86_64,62.18905473,60e0cf57e08c9f0c2ee1eb2f,67ffc4c40efe1bd1090b10ee,67ffdde27ec12f4b937f2326,,,,,,,,,,,,,,,,,,,,,,,,,,,,,,,,,,,,,,,,,,,156.759,162.297,5.538,1,0,53.365,0.025925926,-0.05462963,0,0,0,0,5,5,2,1,a,The patient has taken Batatrim,The patient has overcome the crisis,,,,,,,,,,,,,,,,,,,,,,,,,,,,,,,,,,,,,,,,,,,,,,,,,,,,,,,,,,,,,,,,,,,,,,,,,,,,,,,,,,,,,,,
,,,,,,,,[(%PROLIFIC_PID,2,2025-04-16_18h42.39.398,CLTandFLE,2024.1.5,Linux x86_64,62.18905473,60e0cf57e08c9f0c2ee1eb2f,67ffc4c40efe1bd1090b10ee,67ffdde27ec12f4b937f2326,,,,,,,,,,,,,,,,,,,,,,,,,,,,,,,,,,,,,,,,,,,162.298,169.841,7.543,0,1,60.908,0.162962963,-0.052777778,0,0,0,0,6,6,39,1,d,The patient has not taken Batatrim,The patient has not overcome the crisis,,,,,,,,,,,,,,,,,,,,,,,,,,,,,,,,,,,,,,,,,,,,,,,,,,,,,,,,,,,,,,,,,,,,,,,,,,,,,,,,,,,,,,,
,,,,,,,,[(%PROLIFIC_PID,2,2025-04-16_18h42.39.398,CLTandFLE,2024.1.5,Linux x86_64,62.18905473,60e0cf57e08c9f0c2ee1eb2f,67ffc4c40efe1bd1090b10ee,67ffdde27ec12f4b937f2326,,,,,,,,,,,,,,,,,,,,,,,,,,,,,,,,,,,,,,,,,,,169.841,176.099,6.257,0,1,67.165,0.001851852,-0.089814815,0,0,0,0,7,7,22,1,c,The patient has not taken Batatrim,The patient has overcome the crisis,,,,,,,,,,,,,,,,,,,,,,,,,,,,,,,,,,,,,,,,,,,,,,,,,,,,,,,,,,,,,,,,,,,,,,,,,,,,,,,,,,,,,,,
,,,,,,,,[(%PROLIFIC_PID,2,2025-04-16_18h42.39.398,CLTandFLE,2024.1.5,Linux x86_64,62.18905473,60e0cf57e08c9f0c2ee1eb2f,67ffc4c40efe1bd1090b10ee,67ffdde27ec12f4b937f2326,,,,,,,,,,,,,,,,,,,,,,,,,,,,,,,,,,,,,,,,,,,176.099,182.049,5.95,0,1,73.115,0.016666667,-0.05,0,0,0,0,8,8,20,1,c,The patient has not taken Batatrim,The patient has overcome the crisis,,,,,,,,,,,,,,,,,,,,,,,,,,,,,,,,,,,,,,,,,,,,,,,,,,,,,,,,,,,,,,,,,,,,,,,,,,,,,,,,,,,,,,,
,,,,,,,,[(%PROLIFIC_PID,2,2025-04-16_18h42.39.398,CLTandFLE,2024.1.5,Linux x86_64,62.18905473,60e0cf57e08c9f0c2ee1eb2f,67ffc4c40efe1bd1090b10ee,67ffdde27ec12f4b937f2326,,,,,,,,,,,,,,,,,,,,,,,,,,,,,,,,,,,,,,,,,,,182.05,188.585,6.534,1,0,79.649,-0.007407407,-0.047222222,0,0,0,0,9,9,13,1,a,The patient has taken Batatrim,The patient has overcome the crisis,,,,,,,,,,,,,,,,,,,,,,,,,,,,,,,,,,,,,,,,,,,,,,,,,,,,,,,,,,,,,,,,,,,,,,,,,,,,,,,,,,,,,,,
,,,,,,,,[(%PROLIFIC_PID,2,2025-04-16_18h42.39.398,CLTandFLE,2024.1.5,Linux x86_64,62.18905473,60e0cf57e08c9f0c2ee1eb2f,67ffc4c40efe1bd1090b10ee,67ffdde27ec12f4b937f2326,,,,,,,,,,,,,,,,,,,,,,,,,,,,,,,,,,,,,,,,,,,188.586,194.985,6.399,1,0,86.048,0.012962963,-0.030555556,0,0,0,0,10,10,17,1,b,The patient has taken Batatrim,The patient has not overcome the crisis,,,,,,,,,,,,,,,,,,,,,,,,,,,,,,,,,,,,,,,,,,,,,,,,,,,,,,,,,,,,,,,,,,,,,,,,,,,,,,,,,,,,,,,
,,,,,,,,[(%PROLIFIC_PID,2,2025-04-16_18h42.39.398,CLTandFLE,2024.1.5,Linux x86_64,62.18905473,60e0cf57e08c9f0c2ee1eb2f,67ffc4c40efe1bd1090b10ee,67ffdde27ec12f4b937f2326,,,,,,,,,,,,,,,,,,,,,,,,,,,,,,,,,,,,,,,,,,,194.986,202.996,8.01,1,0,94.058,-0.039814815,-0.031481481,0,0,0,0,11,11,12,1,a,The patient has taken Batatrim,The patient has overcome the crisis,,,,,,,,,,,,,,,,,,,,,,,,,,,,,,,,,,,,,,,,,,,,,,,,,,,,,,,,,,,,,,,,,,,,,,,,,,,,,,,,,,,,,,,
,,,,,,,,[(%PROLIFIC_PID,2,2025-04-16_18h42.39.398,CLTandFLE,2024.1.5,Linux x86_64,62.18905473,60e0cf57e08c9f0c2ee1eb2f,67ffc4c40efe1bd1090b10ee,67ffdde27ec12f4b937f2326,,,,,,,,,,,,,,,,,,,,,,,,,,,,,,,,,,,,,,,,,,,202.998,210.383,7.385,0,1,101.443,0.023148148,-0.050925926,0,0,0,0,12,12,25,1,c,The patient has not taken Batatrim,The patient has overcome the crisis,,,,,,,,,,,,,,,,,,,,,,,,,,,,,,,,,,,,,,,,,,,,,,,,,,,,,,,,,,,,,,,,,,,,,,,,,,,,,,,,,,,,,,,
,,,,,,,,[(%PROLIFIC_PID,2,2025-04-16_18h42.39.398,CLTandFLE,2024.1.5,Linux x86_64,62.18905473,60e0cf57e08c9f0c2ee1eb2f,67ffc4c40efe1bd1090b10ee,67ffdde27ec12f4b937f2326,,,,,,,,,,,,,,,,,,,,,,,,,,,,,,,,,,,,,,,,,,,210.383,217.364,6.981,1,0,108.424,-0.039814815,-0.040740741,0,0,0,0,13,13,4,1,a,The patient has taken Batatrim,The patient has overcome the crisis,,,,,,,,,,,,,,,,,,,,,,,,,,,,,,,,,,,,,,,,,,,,,,,,,,,,,,,,,,,,,,,,,,,,,,,,,,,,,,,,,,,,,,,
,,,,,,,,[(%PROLIFIC_PID,2,2025-04-16_18h42.39.398,CLTandFLE,2024.1.5,Linux x86_64,62.18905473,60e0cf57e08c9f0c2ee1eb2f,67ffc4c40efe1bd1090b10ee,67ffdde27ec12f4b937f2326,,,,,,,,,,,,,,,,,,,,,,,,,,,,,,,,,,,,,,,,,,,217.364,223.758,6.394,1,0,114.818,-0.165740741,-0.042592593,0,0,0,0,14,14,1,1,a,The patient has taken Batatrim,The patient has overcome the crisis,,,,,,,,,,,,,,,,,,,,,,,,,,,,,,,,,,,,,,,,,,,,,,,,,,,,,,,,,,,,,,,,,,,,,,,,,,,,,,,,,,,,,,,
,,,,,,,,[(%PROLIFIC_PID,2,2025-04-16_18h42.39.398,CLTandFLE,2024.1.5,Linux x86_64,62.18905473,60e0cf57e08c9f0c2ee1eb2f,67ffc4c40efe1bd1090b10ee,67ffdde27ec12f4b937f2326,,,,,,,,,,,,,,,,,,,,,,,,,,,,,,,,,,,,,,,,,,,223.76,229.782,6.021,1,0,120.839,-0.048148148,-0.031481481,0,0,0,0,15,15,29,1,c,The patient has not taken Batatrim,The patient has overcome the crisis,,,,,,,,,,,,,,,,,,,,,,,,,,,,,,,,,,,,,,,,,,,,,,,,,,,,,,,,,,,,,,,,,,,,,,,,,,,,,,,,,,,,,,,
,,,,,,,,[(%PROLIFIC_PID,2,2025-04-16_18h42.39.398,CLTandFLE,2024.1.5,Linux x86_64,62.18905473,60e0cf57e08c9f0c2ee1eb2f,67ffc4c40efe1bd1090b10ee,67ffdde27ec12f4b937f2326,,,,,,,,,,,,,,,,,,,,,,,,,,,,,,,,,,,,,,,,,,,229.782,235.277,5.494,1,0,126.333,-0.012962963,-0.028703704,0,0,0,0,16,16,33,1,c,The patient has not taken Batatrim,The patient has overcome the crisis,,,,,,,,,,,,,,,,,,,,,,,,,,,,,,,,,,,,,,,,,,,,,,,,,,,,,,,,,,,,,,,,,,,,,,,,,,,,,,,,,,,,,,,
,,,,,,,,[(%PROLIFIC_PID,2,2025-04-16_18h42.39.398,CLTandFLE,2024.1.5,Linux x86_64,62.18905473,60e0cf57e08c9f0c2ee1eb2f,67ffc4c40efe1bd1090b10ee,67ffdde27ec12f4b937f2326,,,,,,,,,,,,,,,,,,,,,,,,,,,,,,,,,,,,,,,,,,,235.277,240.556,5.279,1,0,131.612,0.00462963,-0.035185185,0,0,0,0,17,17,18,1,b,The patient has taken Batatrim,The patient has not overcome the crisis,,,,,,,,,,,,,,,,,,,,,,,,,,,,,,,,,,,,,,,,,,,,,,,,,,,,,,,,,,,,,,,,,,,,,,,,,,,,,,,,,,,,,,,
,,,,,,,,[(%PROLIFIC_PID,2,2025-04-16_18h42.39.398,CLTandFLE,2024.1.5,Linux x86_64,62.18905473,60e0cf57e08c9f0c2ee1eb2f,67ffc4c40efe1bd1090b10ee,67ffdde27ec12f4b937f2326,,,,,,,,,,,,,,,,,,,,,,,,,,,,,,,,,,,,,,,,,,,240.557,245.523,4.965,1,0,136.577,-0.011111111,-0.038888889,0,0,0,0,18,18,3,1,a,The patient has taken Batatrim,The patient has overcome the crisis,,,,,,,,,,,,,,,,,,,,,,,,,,,,,,,,,,,,,,,,,,,,,,,,,,,,,,,,,,,,,,,,,,,,,,,,,,,,,,,,,,,,,,,
,,,,,,,,[(%PROLIFIC_PID,2,2025-04-16_18h42.39.398,CLTandFLE,2024.1.5,Linux x86_64,62.18905473,60e0cf57e08c9f0c2ee1eb2f,67ffc4c40efe1bd1090b10ee,67ffdde27ec12f4b937f2326,,,,,,,,,,,,,,,,,,,,,,,,,,,,,,,,,,,,,,,,,,,245.523,251.747,6.223,1,0,142.8,0,-0.025925926,0,0,0,0,19,19,34,1,c,The patient has not taken Batatrim,The patient has overcome the crisis,,,,,,,,,,,,,,,,,,,,,,,,,,,,,,,,,,,,,,,,,,,,,,,,,,,,,,,,,,,,,,,,,,,,,,,,,,,,,,,,,,,,,,,
,,,,,,,,[(%PROLIFIC_PID,2,2025-04-16_18h42.39.398,CLTandFLE,2024.1.5,Linux x86_64,62.18905473,60e0cf57e08c9f0c2ee1eb2f,67ffc4c40efe1bd1090b10ee,67ffdde27ec12f4b937f2326,,,,,,,,,,,,,,,,,,,,,,,,,,,,,,,,,,,,,,,,,,,251.748,257.186,5.437,1,0,148.237,0.011111111,-0.024074074,0,0,0,0,20,20,30,1,c,The patient has not taken Batatrim,The patient has overcome the crisis,,,,,,,,,,,,,,,,,,,,,,,,,,,,,,,,,,,,,,,,,,,,,,,,,,,,,,,,,,,,,,,,,,,,,,,,,,,,,,,,,,,,,,,
,,,,,,,,[(%PROLIFIC_PID,2,2025-04-16_18h42.39.398,CLTandFLE,2024.1.5,Linux x86_64,62.18905473,60e0cf57e08c9f0c2ee1eb2f,67ffc4c40efe1bd1090b10ee,67ffdde27ec12f4b937f2326,,,,,,,,,,,,,,,,,,,,,,,,,,,,,,,,,,,,,,,,,,,257.186,262.523,5.337,1,0,153.574,-0.024074074,-0.025,0,0,0,0,21,21,37,1,d,The patient has not taken Batatrim,The patient has not overcome the crisis,,,,,,,,,,,,,,,,,,,,,,,,,,,,,,,,,,,,,,,,,,,,,,,,,,,,,,,,,,,,,,,,,,,,,,,,,,,,,,,,,,,,,,,
,,,,,,,,[(%PROLIFIC_PID,2,2025-04-16_18h42.39.398,CLTandFLE,2024.1.5,Linux x86_64,62.18905473,60e0cf57e08c9f0c2ee1eb2f,67ffc4c40efe1bd1090b10ee,67ffdde27ec12f4b937f2326,,,,,,,,,,,,,,,,,,,,,,,,,,,,,,,,,,,,,,,,,,,262.524,268.874,6.349,1,0,159.923,-0.052777778,-0.044444444,0,0,0,0,22,22,23,1,c,The patient has not taken Batatrim,The patient has overcome the crisis,,,,,,,,,,,,,,,,,,,,,,,,,,,,,,,,,,,,,,,,,,,,,,,,,,,,,,,,,,,,,,,,,,,,,,,,,,,,,,,,,,,,,,,
,,,,,,,,[(%PROLIFIC_PID,2,2025-04-16_18h42.39.398,CLTandFLE,2024.1.5,Linux x86_64,62.18905473,60e0cf57e08c9f0c2ee1eb2f,67ffc4c40efe1bd1090b10ee,67ffdde27ec12f4b937f2326,,,,,,,,,,,,,,,,,,,,,,,,,,,,,,,,,,,,,,,,,,,268.874,275.266,6.392,1,0,166.315,-0.012037037,-0.041666667,0,0,0,0,23,23,19,1,b,The patient has taken Batatrim,The patient has not overcome the crisis,,,,,,,,,,,,,,,,,,,,,,,,,,,,,,,,,,,,,,,,,,,,,,,,,,,,,,,,,,,,,,,,,,,,,,,,,,,,,,,,,,,,,,,
,,,,,,,,[(%PROLIFIC_PID,2,2025-04-16_18h42.39.398,CLTandFLE,2024.1.5,Linux x86_64,62.18905473,60e0cf57e08c9f0c2ee1eb2f,67ffc4c40efe1bd1090b10ee,67ffdde27ec12f4b937f2326,,,,,,,,,,,,,,,,,,,,,,,,,,,,,,,,,,,,,,,,,,,275.267,281.79,6.523,0,1,172.838,0.074074074,-0.035185185,0,0,0,0,24,24,5,1,a,The patient has taken Batatrim,The patient has overcome the crisis,,,,,,,,,,,,,,,,,,,,,,,,,,,,,,,,,,,,,,,,,,,,,,,,,,,,,,,,,,,,,,,,,,,,,,,,,,,,,,,,,,,,,,,
,,,,,,,,[(%PROLIFIC_PID,2,2025-04-16_18h42.39.398,CLTandFLE,2024.1.5,Linux x86_64,62.18905473,60e0cf57e08c9f0c2ee1eb2f,67ffc4c40efe1bd1090b10ee,67ffdde27ec12f4b937f2326,,,,,,,,,,,,,,,,,,,,,,,,,,,,,,,,,,,,,,,,,,,281.791,290.048,8.257,1,0,181.095,-0.026851852,-0.031481481,0,0,0,0,25,25,14,1,b,The patient has taken Batatrim,The patient has overcome the crisis,,,,,,,,,,,,,,,,,,,,,,,,,,,,,,,,,,,,,,,,,,,,,,,,,,,,,,,,,,,,,,,,,,,,,,,,,,,,,,,,,,,,,,,
,,,,,,,,[(%PROLIFIC_PID,2,2025-04-16_18h42.39.398,CLTandFLE,2024.1.5,Linux x86_64,62.18905473,60e0cf57e08c9f0c2ee1eb2f,67ffc4c40efe1bd1090b10ee,67ffdde27ec12f4b937f2326,,,,,,,,,,,,,,,,,,,,,,,,,,,,,,,,,,,,,,,,,,,290.05,297.056,7.006,1,0,188.101,-0.028703704,-0.028703704,0,0,0,0,26,26,7,1,a,The patient has taken Batatrim,The patient has overcome the crisis,,,,,,,,,,,,,,,,,,,,,,,,,,,,,,,,,,,,,,,,,,,,,,,,,,,,,,,,,,,,,,,,,,,,,,,,,,,,,,,,,,,,,,,
,,,,,,,,[(%PROLIFIC_PID,2,2025-04-16_18h42.39.398,CLTandFLE,2024.1.5,Linux x86_64,62.18905473,60e0cf57e08c9f0c2ee1eb2f,67ffc4c40efe1bd1090b10ee,67ffdde27ec12f4b937f2326,,,,,,,,,,,,,,,,,,,,,,,,,,,,,,,,,,,,,,,,,,,297.057,303.197,6.139,1,0,194.24,-0.023148148,-0.041666667,0,0,0,0,27,27,11,1,a,The patient has taken Batatrim,The patient has overcome the crisis,,,,,,,,,,,,,,,,,,,,,,,,,,,,,,,,,,,,,,,,,,,,,,,,,,,,,,,,,,,,,,,,,,,,,,,,,,,,,,,,,,,,,,,
,,,,,,,,[(%PROLIFIC_PID,2,2025-04-16_18h42.39.398,CLTandFLE,2024.1.5,Linux x86_64,62.18905473,60e0cf57e08c9f0c2ee1eb2f,67ffc4c40efe1bd1090b10ee,67ffdde27ec12f4b937f2326,,,,,,,,,,,,,,,,,,,,,,,,,,,,,,,,,,,,,,,,,,,303.197,308.202,5.005,0,1,199.245,0.022222222,-0.048148148,0,0,0,0,28,28,8,1,a,The patient has taken Batatrim,The patient has overcome the crisis,,,,,,,,,,,,,,,,,,,,,,,,,,,,,,,,,,,,,,,,,,,,,,,,,,,,,,,,,,,,,,,,,,,,,,,,,,,,,,,,,,,,,,,
,,,,,,,,[(%PROLIFIC_PID,2,2025-04-16_18h42.39.398,CLTandFLE,2024.1.5,Linux x86_64,62.18905473,60e0cf57e08c9f0c2ee1eb2f,67ffc4c40efe1bd1090b10ee,67ffdde27ec12f4b937f2326,,,,,,,,,,,,,,,,,,,,,,,,,,,,,,,,,,,,,,,,,,,308.202,314.124,5.921,1,0,205.166,-0.028703704,-0.035185185,0,0,0,0,29,29,24,1,c,The patient has not taken Batatrim,The patient has overcome the crisis,,,,,,,,,,,,,,,,,,,,,,,,,,,,,,,,,,,,,,,,,,,,,,,,,,,,,,,,,,,,,,,,,,,,,,,,,,,,,,,,,,,,,,,
,,,,,,,,[(%PROLIFIC_PID,2,2025-04-16_18h42.39.398,CLTandFLE,2024.1.5,Linux x86_64,62.18905473,60e0cf57e08c9f0c2ee1eb2f,67ffc4c40efe1bd1090b10ee,67ffdde27ec12f4b937f2326,,,,,,,,,,,,,,,,,,,,,,,,,,,,,,,,,,,,,,,,,,,314.124,319.156,5.032,1,0,210.198,-0.011111111,-0.024074074,0,0,0,0,30,30,27,1,c,The patient has not taken Batatrim,The patient has overcome the crisis,,,,,,,,,,,,,,,,,,,,,,,,,,,,,,,,,,,,,,,,,,,,,,,,,,,,,,,,,,,,,,,,,,,,,,,,,,,,,,,,,,,,,,,
,,,,,,,,[(%PROLIFIC_PID,2,2025-04-16_18h42.39.398,CLTandFLE,2024.1.5,Linux x86_64,62.18905473,60e0cf57e08c9f0c2ee1eb2f,67ffc4c40efe1bd1090b10ee,67ffdde27ec12f4b937f2326,,,,,,,,,,,,,,,,,,,,,,,,,,,,,,,,,,,,,,,,,,,319.158,323.893,4.734,1,0,214.932,-0.018518519,-0.016666667,0,0,0,0,31,31,0,1,a,The patient has taken Batatrim,The patient has overcome the crisis,,,,,,,,,,,,,,,,,,,,,,,,,,,,,,,,,,,,,,,,,,,,,,,,,,,,,,,,,,,,,,,,,,,,,,,,,,,,,,,,,,,,,,,
,,,,,,,,[(%PROLIFIC_PID,2,2025-04-16_18h42.39.398,CLTandFLE,2024.1.5,Linux x86_64,62.18905473,60e0cf57e08c9f0c2ee1eb2f,67ffc4c40efe1bd1090b10ee,67ffdde27ec12f4b937f2326,,,,,,,,,,,,,,,,,,,,,,,,,,,,,,,,,,,,,,,,,,,323.894,328.957,5.063,1,0,219.995,-0.02037037,-0.023148148,0,0,0,0,32,32,26,1,c,The patient has not taken Batatrim,The patient has overcome the crisis,,,,,,,,,,,,,,,,,,,,,,,,,,,,,,,,,,,,,,,,,,,,,,,,,,,,,,,,,,,,,,,,,,,,,,,,,,,,,,,,,,,,,,,
,,,,,,,,[(%PROLIFIC_PID,2,2025-04-16_18h42.39.398,CLTandFLE,2024.1.5,Linux x86_64,62.18905473,60e0cf57e08c9f0c2ee1eb2f,67ffc4c40efe1bd1090b10ee,67ffdde27ec12f4b937f2326,,,,,,,,,,,,,,,,,,,,,,,,,,,,,,,,,,,,,,,,,,,328.958,333.63,4.671,1,0,224.666,-0.012962963,-0.013888889,0,0,0,0,33,33,9,1,a,The patient has taken Batatrim,The patient has overcome the crisis,,,,,,,,,,,,,,,,,,,,,,,,,,,,,,,,,,,,,,,,,,,,,,,,,,,,,,,,,,,,,,,,,,,,,,,,,,,,,,,,,,,,,,,
,,,,,,,,[(%PROLIFIC_PID,2,2025-04-16_18h42.39.398,CLTandFLE,2024.1.5,Linux x86_64,62.18905473,60e0cf57e08c9f0c2ee1eb2f,67ffc4c40efe1bd1090b10ee,67ffdde27ec12f4b937f2326,,,,,,,,,,,,,,,,,,,,,,,,,,,,,,,,,,,,,,,,,,,333.63,338.078,4.448,1,0,229.114,-0.014814815,-0.022222222,0,0,0,0,34,34,32,1,c,The patient has not taken Batatrim,The patient has overcome the crisis,,,,,,,,,,,,,,,,,,,,,,,,,,,,,,,,,,,,,,,,,,,,,,,,,,,,,,,,,,,,,,,,,,,,,,,,,,,,,,,,,,,,,,,
,,,,,,,,[(%PROLIFIC_PID,2,2025-04-16_18h42.39.398,CLTandFLE,2024.1.5,Linux x86_64,62.18905473,60e0cf57e08c9f0c2ee1eb2f,67ffc4c40efe1bd1090b10ee,67ffdde27ec12f4b937f2326,,,,,,,,,,,,,,,,,,,,,,,,,,,,,,,,,,,,,,,,,,,338.079,342.543,4.464,1,0,233.578,-0.001851852,-0.017592593,0,0,0,0,35,35,21,1,c,The patient has not taken Batatrim,The patient has overcome the crisis,,,,,,,,,,,,,,,,,,,,,,,,,,,,,,,,,,,,,,,,,,,,,,,,,,,,,,,,,,,,,,,,,,,,,,,,,,,,,,,,,,,,,,,
,,,,,,,,[(%PROLIFIC_PID,2,2025-04-16_18h42.39.398,CLTandFLE,2024.1.5,Linux x86_64,62.18905473,60e0cf57e08c9f0c2ee1eb2f,67ffc4c40efe1bd1090b10ee,67ffdde27ec12f4b937f2326,,,,,,,,,,,,,,,,,,,,,,,,,,,,,,,,,,,,,,,,,,,342.544,347.182,4.638,1,0,238.216,0.032407407,-0.030555556,0,0,0,0,36,36,36,1,d,The patient has not taken Batatrim,The patient has not overcome the crisis,,,,,,,,,,,,,,,,,,,,,,,,,,,,,,,,,,,,,,,,,,,,,,,,,,,,,,,,,,,,,,,,,,,,,,,,,,,,,,,,,,,,,,,
,,,,,,,,[(%PROLIFIC_PID,2,2025-04-16_18h42.39.398,CLTandFLE,2024.1.5,Linux x86_64,62.18905473,60e0cf57e08c9f0c2ee1eb2f,67ffc4c40efe1bd1090b10ee,67ffdde27ec12f4b937f2326,,,,,,,,,,,,,,,,,,,,,,,,,,,,,,,,,,,,,,,,,,,347.183,352.1,4.917,1,0,243.133,0.010185185,-0.028703704,0,0,0,0,37,37,15,1,b,The patient has taken Batatrim,The patient has not overcome the crisis,,,,,,,,,,,,,,,,,,,,,,,,,,,,,,,,,,,,,,,,,,,,,,,,,,,,,,,,,,,,,,,,,,,,,,,,,,,,,,,,,,,,,,,
,,,,,,,,[(%PROLIFIC_PID,2,2025-04-16_18h42.39.398,CLTandFLE,2024.1.5,Linux x86_64,62.18905473,60e0cf57e08c9f0c2ee1eb2f,67ffc4c40efe1bd1090b10ee,67ffdde27ec12f4b937f2326,,,,,,,,,,,,,,,,,,,,,,,,,,,,,,,,,,,,,,,,,,,352.102,356.657,4.554,1,0,247.687,0.015740741,-0.026851852,0,0,0,0,38,38,31,1,c,The patient has not taken Batatrim,The patient has overcome the crisis,,,,,,,,,,,,,,,,,,,,,,,,,,,,,,,,,,,,,,,,,,,,,,,,,,,,,,,,,,,,,,,,,,,,,,,,,,,,,,,,,,,,,,,
,,,,,,,,[(%PROLIFIC_PID,2,2025-04-16_18h42.39.398,CLTandFLE,2024.1.5,Linux x86_64,62.18905473,60e0cf57e08c9f0c2ee1eb2f,67ffc4c40efe1bd1090b10ee,67ffdde27ec12f4b937f2326,,,,,,,,,,,,,,,,,,,,,,,,,,,,,,,,,,,,,,,,,,,356.657,361.424,4.767,1,0,252.454,-0.016666667,-0.026851852,0,0,0,0,39,39,35,1,d,The patient has not taken Batatrim,The patient has not overcome the crisis,,,,,,,,,,,,,,,,,,,,,,,,,,,,,,,,,,,,,,,,,,,,,,,,,,,,,,,,,,,,,,,,,,,,,,,,,,,,,,,,,,,,,,,
,,,,,,,,[(%PROLIFIC_PID,2,2025-04-16_18h42.39.398,CLTandFLE,2024.1.5,Linux x86_64,62.18905473,60e0cf57e08c9f0c2ee1eb2f,67ffc4c40efe1bd1090b10ee,67ffdde27ec12f4b937f2326,,396.306,397.307,,,,,,,,,,,,,,,,,,,,,,,,,,,,,,,,,,,,,,,,,,,,,,,,,,,,,,,,,,,362.435,384.803,22.367,32,17.87,0.010185185,-0.190740741,1,0,0,385.801,396.305,10.504,67,8.295,0.025,-0.192592593,1,0,0,15,6,10,12,0,0,0,0,1,,,,,,,,,,,,,,,,,,,,,,,,,,,,,,,,,,,,,,,,,,,,,,,,,,,,,,,,,,
,,,,,,,,[(%PROLIFIC_PID,2,2025-04-16_18h42.39.398,CLTandFLE,2024.1.5,Linux x86_64,62.18905473,60e0cf57e08c9f0c2ee1eb2f,67ffc4c40efe1bd1090b10ee,67ffdde27ec12f4b937f2326,,561.379,562.384,,,,,,,,,,,,,,,,,,,,,,,,,,,,,,,,,,,,,,,,,,,,,,,,,,,,,,,,,,,,,,,,,,,,,,,,,,,,,,,,,,,,,,,,451.753,465.077,13.323,2,6.111,0.001851852,-0.212962963,1,0,0,45,Maschio,No,22,"Sì, l'ho ottenuta più di due anni fa",C1 CEFR (7 - 8 IELTS),TRUE,FALSE,7,7,7,6,6,FALSE,Conferma,c1ok,c2ok,c3ok,c4ok,c5ok,c6ok,c7ok,c8ok,c9ok,c10ok,c11ok,c12err,c13ok,c14err2,c15ok,c16ok,c17ok,c18ok,c19ok,c20ok,c21err2,c22err2,c23ok,c24err2,c25err3,c26ok,954.418,961.24,0,0,0,0,1
