﻿Alfa.started,Alfa.stopped,alfa_mouse.x,alfa_mouse.y,alfa_mouse.leftButton,alfa_mouse.midButton,alfa_mouse.rightButton,alfa_mouse.clicked_name,participant,group,date,expName,psychopyVersion,OS,frameRate,PROLIFIC_PID,STUDY_ID,SESSION_ID,)],ITI.started,ITI.stopped,B_consensoinformato.started,B_consensoinformato.stopped,tempo_consenso,cons_mouse.x,cons_mouse.y,cons_mouse.leftButton,cons_mouse.midButton,cons_mouse.rightButton,A_benvenuto.started,A_benvenuto.stopped,ben_mouse.x,ben_mouse.y,ben_mouse.leftButton,ben_mouse.midButton,ben_mouse.rightButton,B2_istruzioni.started,B2_istruzioni.stopped,tempo_istru,cons_mouse_2.x,cons_mouse_2.y,cons_mouse_2.leftButton,cons_mouse_2.midButton,cons_mouse_2.rightButton,SAMevaluation.started,SAMevaluation.stopped,temposam,sliderintensity.response,sliderintensity.rt,slidervalence.response,slidervalence.rt,mouse_sam.x,mouse_sam.y,mouse_sam.leftButton,mouse_sam.midButton,mouse_sam.rightButton,mouse_sam.time,mouse_sam.clicked_name,Loading.started,Loading.stopped,C_associative_task.started,C_associative_task.stopped,tempo_trial,hapremutosi,hapremutono,tempo_tasktot,mouse.x,mouse.y,mouse.leftButton,mouse.midButton,mouse.rightButton,trials.thisRepN,trials.thisTrialN,trials.thisN,trials.thisIndex,trials.ran,cond,causa,effetto,D_VD.started,D_VD.stopped,tempo_vd,vd.response,vd.rt,mouse_vd.x,mouse_vd.y,mouse_vd.leftButton,mouse_vd.midButton,mouse_vd.rightButton,Previous.started,Previous.stopped,tempo_vd1,previous.response,previous.rt,mouse_vd_2.x,mouse_vd_2.y,mouse_vd_2.leftButton,mouse_vd_2.midButton,mouse_vd_2.rightButton,EstITA.TrialSN,EstITA.TrialSS,EstITA.TrialD,EstITA.TrialNS,itaest.thisRepN,itaest.thisTrialN,itaest.thisN,itaest.thisIndex,itaest.ran,PF.started,PF.stopped,tempo_pf,processfluency.response,processfluency.rt,mouse_ch.x,mouse_ch.y,mouse_ch.leftButton,mouse_ch.midButton,mouse_ch.rightButton,Questionario_Lingua.Age,Questionario_Lingua.Sesso,Questionario_Lingua.StaiStudiando?,Questionario_Lingua.Anniscolarita,Questionario_Lingua.Diploma,Questionario_Lingua.ItaMADRE?,Questionario_Lingua.INGmadre?,Questionario_Lingua.Q5(AOAIng),Questionario_Lingua.INGLETTURA,Questionario_Lingua.INGCOMPRESO,Questionario_Lingua.INGSCRITTO,Questionario_Lingua.INGPARLATO,Questionario_Lingua.haivissutoestero,ProvaInglese.ProcediamoENg,ProvaInglese.C1,ProvaInglese.C2,ProvaInglese.C3,ProvaInglese.C4,ProvaInglese.C5,ProvaInglese.C6,ProvaInglese.C7,ProvaInglese.C8,ProvaInglese.C9,ProvaInglese.C10,ProvaInglese.C11,ProvaInglese.C12,ProvaInglese.C13,ProvaInglese.C14,ProvaInglese.C15,ProvaInglese.C16,ProvaInglese.C17,ProvaInglese.C18,ProvaInglese.C19,ProvaInglese.C20,ProvaInglese.C21,ProvaInglese.C22,ProvaInglese.C23,ProvaInglese.C24,ProvaInglese.C25,ProvaInglese.controlquestion,Ant_lastquestion.started,Ant_lastquestion.stopped,exp_loop.thisRepN,exp_loop.thisTrialN,exp_loop.thisN,exp_loop.thisIndex,exp_loop.ran
0.0003,9.1649,-0.06031404,0.001784429,1,0,0,alfa_mask,[(%PROLIFIC_PID,1,2025-04-16_20h06.07.487,CLTandFLE,2024.1.5,Win32,59.88023952,60ba1f1fd9f2b2eb0633c28e,67ffc4c40efe1bd1090b10ee,67fff17943eec5472f205a57,,,,,,,,,,,,,,,,,,,,,,,,,,,,,,,,,,,,,,,,,,,,,,,,,,,,,,,,,,,,,,,,,,,,,,,,,,,,,,,,,,,,,,,,,,,,,,,,,,,,,,,,,,,,,,,,,,,,,,,,,,,,,,,,,,,,,,,,,,,,,,,,,,,
,,,,,,,,[(%PROLIFIC_PID,1,2025-04-16_20h06.07.487,CLTandFLE,2024.1.5,Win32,59.88023952,60ba1f1fd9f2b2eb0633c28e,67ffc4c40efe1bd1090b10ee,67fff17943eec5472f205a57,,9.1656,10.1638,,,,,,,,,,,,,,,,,,,,,,,,,,,,,,,,,,,,,,,,,,,,,,,,,,,,,,,,,,,,,,,,,,,,,,,,,,,,,,,,,,,,,,,,,,,,,,,,,,,,,,,,,,,,,,,,,,,,,,,,,,,,,,,,,,,,,,,,,,,,,,,,
,,,,,,,,[(%PROLIFIC_PID,1,2025-04-16_20h06.07.487,CLTandFLE,2024.1.5,Win32,59.88023952,60ba1f1fd9f2b2eb0633c28e,67ffc4c40efe1bd1090b10ee,67fff17943eec5472f205a57,,,,10.1641,20.4314,10.2667,0.211634569,-0.37366167,1,0,0,,,,,,,,,,,,,,,,,,,,,,,,,,,,,,,,,,,,,,,,,,,,,,,,,,,,,,,,,,,,,,,,,,,,,,,,,,,,,,,,,,,,,,,,,,,,,,,,,,,,,,,,,,,,,,,,,,,,,,,,,,,,,,,,,,,,,,,,
,,,,,,,,[(%PROLIFIC_PID,1,2025-04-16_20h06.07.487,CLTandFLE,2024.1.5,Win32,59.88023952,60ba1f1fd9f2b2eb0633c28e,67ffc4c40efe1bd1090b10ee,67fff17943eec5472f205a57,,130.6889,131.6884,,,,,,,,,21.4314,23.8981,0.035331906,-0.113133498,1,0,0,24.8984,86.8363,61.9372,0.046752342,-0.379371921,1,0,0,87.836,122.6884,34.8516,0.71101002,15.0217,0.504907236,33.6672,"[-0.0024981937776030515,0.0010706638115631692,-0.018201284796573874,0.013918629550321198]","[0.20877944325481798,-0.0053533190578158455,0.1937901498929336,-0.2037830556996119]","[1,1,1,1]","[0,0,0,0]","[0,0,0,0]","[7.798999999999992,14.249399999998502,32.41739999999851,34.834100000001484]","[""sliderintensity"",""rettoksam""]",123.6881,130.6888,131.737,143.6078,11.87,1,0,11.87,0.15596005,0.005353319,0,0,0,0,0,0,15,1,b,Il paziente ha preso il Batatrim,Il paziente non ha superato la crisi,,,,,,,,,,,,,,,,,,,,,,,,,,,,,,,,,,,,,,,,,,,,,,,,,,,,,,,,,,,,,,,,,,,,,,,,,,,,,,,,,,,,,,
,,,,,,,,[(%PROLIFIC_PID,1,2025-04-16_20h06.07.487,CLTandFLE,2024.1.5,Win32,59.88023952,60ba1f1fd9f2b2eb0633c28e,67ffc4c40efe1bd1090b10ee,67fff17943eec5472f205a57,,,,,,,,,,,,,,,,,,,,,,,,,,,,,,,,,,,,,,,,,,,143.6087,155.2234,11.6143,1,0,23.4843,-0.208779443,-0.054603854,0,0,0,0,1,1,31,1,c,Il paziente non ha preso il Batatrim,Il paziente ha superato la crisi,,,,,,,,,,,,,,,,,,,,,,,,,,,,,,,,,,,,,,,,,,,,,,,,,,,,,,,,,,,,,,,,,,,,,,,,,,,,,,,,,,,,,,
,,,,,,,,[(%PROLIFIC_PID,1,2025-04-16_20h06.07.487,CLTandFLE,2024.1.5,Win32,59.88023952,60ba1f1fd9f2b2eb0633c28e,67ffc4c40efe1bd1090b10ee,67fff17943eec5472f205a57,,,,,,,,,,,,,,,,,,,,,,,,,,,,,,,,,,,,,,,,,,,155.2238,161.6403,6.4163,0,1,29.9006,0.175231999,-0.052462527,0,0,0,0,2,2,11,1,a,Il paziente ha preso il Batatrim,Il paziente ha superato la crisi,,,,,,,,,,,,,,,,,,,,,,,,,,,,,,,,,,,,,,,,,,,,,,,,,,,,,,,,,,,,,,,,,,,,,,,,,,,,,,,,,,,,,,
,,,,,,,,[(%PROLIFIC_PID,1,2025-04-16_20h06.07.487,CLTandFLE,2024.1.5,Win32,59.88023952,60ba1f1fd9f2b2eb0633c28e,67ffc4c40efe1bd1090b10ee,67fff17943eec5472f205a57,,,,,,,,,,,,,,,,,,,,,,,,,,,,,,,,,,,,,,,,,,,161.6407,170.5243,8.8833,1,0,38.7839,-0.218772284,-0.054603854,0,0,0,0,3,3,32,1,c,Il paziente non ha preso il Batatrim,Il paziente ha superato la crisi,,,,,,,,,,,,,,,,,,,,,,,,,,,,,,,,,,,,,,,,,,,,,,,,,,,,,,,,,,,,,,,,,,,,,,,,,,,,,,,,,,,,,,
,,,,,,,,[(%PROLIFIC_PID,1,2025-04-16_20h06.07.487,CLTandFLE,2024.1.5,Win32,59.88023952,60ba1f1fd9f2b2eb0633c28e,67ffc4c40efe1bd1090b10ee,67fff17943eec5472f205a57,,,,,,,,,,,,,,,,,,,,,,,,,,,,,,,,,,,,,,,,,,,170.5248,177.443,6.9181,1,0,45.702,-0.180942184,-0.031763048,0,0,0,0,4,4,38,1,d,Il paziente non ha preso il Batatrim,Il paziente non ha superato la crisi,,,,,,,,,,,,,,,,,,,,,,,,,,,,,,,,,,,,,,,,,,,,,,,,,,,,,,,,,,,,,,,,,,,,,,,,,,,,,,,,,,,,,,
,,,,,,,,[(%PROLIFIC_PID,1,2025-04-16_20h06.07.487,CLTandFLE,2024.1.5,Win32,59.88023952,60ba1f1fd9f2b2eb0633c28e,67ffc4c40efe1bd1090b10ee,67fff17943eec5472f205a57,,,,,,,,,,,,,,,,,,,,,,,,,,,,,,,,,,,,,,,,,,,177.4436,184.0093,6.5655,0,1,52.2675,0.218058551,-0.041042124,0,0,0,0,5,5,6,1,a,Il paziente ha preso il Batatrim,Il paziente ha superato la crisi,,,,,,,,,,,,,,,,,,,,,,,,,,,,,,,,,,,,,,,,,,,,,,,,,,,,,,,,,,,,,,,,,,,,,,,,,,,,,,,,,,,,,,
,,,,,,,,[(%PROLIFIC_PID,1,2025-04-16_20h06.07.487,CLTandFLE,2024.1.5,Win32,59.88023952,60ba1f1fd9f2b2eb0633c28e,67ffc4c40efe1bd1090b10ee,67fff17943eec5472f205a57,,,,,,,,,,,,,,,,,,,,,,,,,,,,,,,,,,,,,,,,,,,184.0098,194.8593,10.8494,1,0,63.1169,-0.210206973,-0.038900796,0,0,0,0,6,6,36,1,d,Il paziente non ha preso il Batatrim,Il paziente non ha superato la crisi,,,,,,,,,,,,,,,,,,,,,,,,,,,,,,,,,,,,,,,,,,,,,,,,,,,,,,,,,,,,,,,,,,,,,,,,,,,,,,,,,,,,,,
,,,,,,,,[(%PROLIFIC_PID,1,2025-04-16_20h06.07.487,CLTandFLE,2024.1.5,Win32,59.88023952,60ba1f1fd9f2b2eb0633c28e,67ffc4c40efe1bd1090b10ee,67fff17943eec5472f205a57,,,,,,,,,,,,,,,,,,,,,,,,,,,,,,,,,,,,,,,,,,,194.8597,201.1439,6.284,1,0,69.4009,0.241613155,-0.156673848,0,0,0,0,7,7,3,1,a,Il paziente ha preso il Batatrim,Il paziente ha superato la crisi,,,,,,,,,,,,,,,,,,,,,,,,,,,,,,,,,,,,,,,,,,,,,,,,,,,,,,,,,,,,,,,,,,,,,,,,,,,,,,,,,,,,,,
,,,,,,,,[(%PROLIFIC_PID,1,2025-04-16_20h06.07.487,CLTandFLE,2024.1.5,Win32,59.88023952,60ba1f1fd9f2b2eb0633c28e,67ffc4c40efe1bd1090b10ee,67fff17943eec5472f205a57,,,,,,,,,,,,,,,,,,,,,,,,,,,,,,,,,,,,,,,,,,,201.1443,207.5468,6.4023,0,1,75.8032,0.178087124,-0.037473233,0,0,0,0,8,8,5,1,a,Il paziente ha preso il Batatrim,Il paziente ha superato la crisi,,,,,,,,,,,,,,,,,,,,,,,,,,,,,,,,,,,,,,,,,,,,,,,,,,,,,,,,,,,,,,,,,,,,,,,,,,,,,,,,,,,,,,
,,,,,,,,[(%PROLIFIC_PID,1,2025-04-16_20h06.07.487,CLTandFLE,2024.1.5,Win32,59.88023952,60ba1f1fd9f2b2eb0633c28e,67ffc4c40efe1bd1090b10ee,67fff17943eec5472f205a57,,,,,,,,,,,,,,,,,,,,,,,,,,,,,,,,,,,,,,,,,,,207.5473,217.1777,9.6301,1,0,85.4333,-0.218058486,-0.040328359,0,0,0,0,9,9,37,1,d,Il paziente non ha preso il Batatrim,Il paziente non ha superato la crisi,,,,,,,,,,,,,,,,,,,,,,,,,,,,,,,,,,,,,,,,,,,,,,,,,,,,,,,,,,,,,,,,,,,,,,,,,,,,,,,,,,,,,,
,,,,,,,,[(%PROLIFIC_PID,1,2025-04-16_20h06.07.487,CLTandFLE,2024.1.5,Win32,59.88023952,60ba1f1fd9f2b2eb0633c28e,67ffc4c40efe1bd1090b10ee,67fff17943eec5472f205a57,,,,,,,,,,,,,,,,,,,,,,,,,,,,,,,,,,,,,,,,,,,217.1784,224.2279,7.0492,1,0,92.4825,-0.172376874,-0.033904376,0,0,0,0,10,10,21,1,c,Il paziente non ha preso il Batatrim,Il paziente ha superato la crisi,,,,,,,,,,,,,,,,,,,,,,,,,,,,,,,,,,,,,,,,,,,,,,,,,,,,,,,,,,,,,,,,,,,,,,,,,,,,,,,,,,,,,,
,,,,,,,,[(%PROLIFIC_PID,1,2025-04-16_20h06.07.487,CLTandFLE,2024.1.5,Win32,59.88023952,60ba1f1fd9f2b2eb0633c28e,67ffc4c40efe1bd1090b10ee,67fff17943eec5472f205a57,,,,,,,,,,,,,,,,,,,,,,,,,,,,,,,,,,,,,,,,,,,224.2283,230.5169,6.2885,1,0,98.771,-0.01391863,0.004639521,0,0,0,0,11,11,34,1,c,Il paziente non ha preso il Batatrim,Il paziente ha superato la crisi,,,,,,,,,,,,,,,,,,,,,,,,,,,,,,,,,,,,,,,,,,,,,,,,,,,,,,,,,,,,,,,,,,,,,,,,,,,,,,,,,,,,,,
,,,,,,,,[(%PROLIFIC_PID,1,2025-04-16_20h06.07.487,CLTandFLE,2024.1.5,Win32,59.88023952,60ba1f1fd9f2b2eb0633c28e,67ffc4c40efe1bd1090b10ee,67fff17943eec5472f205a57,,,,,,,,,,,,,,,,,,,,,,,,,,,,,,,,,,,,,,,,,,,230.5176,235.2494,4.7316,0,1,103.5026,0.194503948,-0.033190578,0,0,0,0,12,12,24,1,c,Il paziente non ha preso il Batatrim,Il paziente ha superato la crisi,,,,,,,,,,,,,,,,,,,,,,,,,,,,,,,,,,,,,,,,,,,,,,,,,,,,,,,,,,,,,,,,,,,,,,,,,,,,,,,,,,,,,,
,,,,,,,,[(%PROLIFIC_PID,1,2025-04-16_20h06.07.487,CLTandFLE,2024.1.5,Win32,59.88023952,60ba1f1fd9f2b2eb0633c28e,67ffc4c40efe1bd1090b10ee,67fff17943eec5472f205a57,,,,,,,,,,,,,,,,,,,,,,,,,,,,,,,,,,,,,,,,,,,235.25,242.7493,7.4992,0,1,111.0018,0.220199879,-0.046038544,0,0,0,0,13,13,19,1,b,Il paziente ha preso il Batatrim,Il paziente non ha superato la crisi,,,,,,,,,,,,,,,,,,,,,,,,,,,,,,,,,,,,,,,,,,,,,,,,,,,,,,,,,,,,,,,,,,,,,,,,,,,,,,,,,,,,,,
,,,,,,,,[(%PROLIFIC_PID,1,2025-04-16_20h06.07.487,CLTandFLE,2024.1.5,Win32,59.88023952,60ba1f1fd9f2b2eb0633c28e,67ffc4c40efe1bd1090b10ee,67fff17943eec5472f205a57,,,,,,,,,,,,,,,,,,,,,,,,,,,,,,,,,,,,,,,,,,,242.7498,253.3022,10.5522,0,1,121.554,0.162384033,-0.021770175,0,0,0,0,14,14,7,1,a,Il paziente ha preso il Batatrim,Il paziente ha superato la crisi,,,,,,,,,,,,,,,,,,,,,,,,,,,,,,,,,,,,,,,,,,,,,,,,,,,,,,,,,,,,,,,,,,,,,,,,,,,,,,,,,,,,,,
,,,,,,,,[(%PROLIFIC_PID,1,2025-04-16_20h06.07.487,CLTandFLE,2024.1.5,Win32,59.88023952,60ba1f1fd9f2b2eb0633c28e,67ffc4c40efe1bd1090b10ee,67fff17943eec5472f205a57,,,,,,,,,,,,,,,,,,,,,,,,,,,,,,,,,,,,,,,,,,,253.3026,262.3529,9.0502,1,0,130.6042,-0.14882227,-0.043897216,0,0,0,0,15,15,10,1,a,Il paziente ha preso il Batatrim,Il paziente ha superato la crisi,,,,,,,,,,,,,,,,,,,,,,,,,,,,,,,,,,,,,,,,,,,,,,,,,,,,,,,,,,,,,,,,,,,,,,,,,,,,,,,,,,,,,,
,,,,,,,,[(%PROLIFIC_PID,1,2025-04-16_20h06.07.487,CLTandFLE,2024.1.5,Win32,59.88023952,60ba1f1fd9f2b2eb0633c28e,67ffc4c40efe1bd1090b10ee,67fff17943eec5472f205a57,,,,,,,,,,,,,,,,,,,,,,,,,,,,,,,,,,,,,,,,,,,262.3534,268.2026,5.8491,0,1,136.4533,0.174518201,-0.021770175,0,0,0,0,16,16,30,1,c,Il paziente non ha preso il Batatrim,Il paziente ha superato la crisi,,,,,,,,,,,,,,,,,,,,,,,,,,,,,,,,,,,,,,,,,,,,,,,,,,,,,,,,,,,,,,,,,,,,,,,,,,,,,,,,,,,,,,
,,,,,,,,[(%PROLIFIC_PID,1,2025-04-16_20h06.07.487,CLTandFLE,2024.1.5,Win32,59.88023952,60ba1f1fd9f2b2eb0633c28e,67ffc4c40efe1bd1090b10ee,67fff17943eec5472f205a57,,,,,,,,,,,,,,,,,,,,,,,,,,,,,,,,,,,,,,,,,,,268.2031,276.4033,8.1997,1,0,144.653,-0.180942184,-0.049607467,0,0,0,0,17,17,28,1,c,Il paziente non ha preso il Batatrim,Il paziente ha superato la crisi,,,,,,,,,,,,,,,,,,,,,,,,,,,,,,,,,,,,,,,,,,,,,,,,,,,,,,,,,,,,,,,,,,,,,,,,,,,,,,,,,,,,,,
,,,,,,,,[(%PROLIFIC_PID,1,2025-04-16_20h06.07.487,CLTandFLE,2024.1.5,Win32,59.88023952,60ba1f1fd9f2b2eb0633c28e,67ffc4c40efe1bd1090b10ee,67fff17943eec5472f205a57,,,,,,,,,,,,,,,,,,,,,,,,,,,,,,,,,,,,,,,,,,,276.4038,282.4019,5.9979,0,1,150.6509,0.152391193,-0.037473233,0,0,0,0,18,18,26,1,c,Il paziente non ha preso il Batatrim,Il paziente ha superato la crisi,,,,,,,,,,,,,,,,,,,,,,,,,,,,,,,,,,,,,,,,,,,,,,,,,,,,,,,,,,,,,,,,,,,,,,,,,,,,,,,,,,,,,,
,,,,,,,,[(%PROLIFIC_PID,1,2025-04-16_20h06.07.487,CLTandFLE,2024.1.5,Win32,59.88023952,60ba1f1fd9f2b2eb0633c28e,67ffc4c40efe1bd1090b10ee,67fff17943eec5472f205a57,,,,,,,,,,,,,,,,,,,,,,,,,,,,,,,,,,,,,,,,,,,282.4023,290.5878,8.1852,0,1,158.8361,0.168094218,-0.029621721,0,0,0,0,19,19,17,1,b,Il paziente ha preso il Batatrim,Il paziente non ha superato la crisi,,,,,,,,,,,,,,,,,,,,,,,,,,,,,,,,,,,,,,,,,,,,,,,,,,,,,,,,,,,,,,,,,,,,,,,,,,,,,,,,,,,,,,
,,,,,,,,[(%PROLIFIC_PID,1,2025-04-16_20h06.07.487,CLTandFLE,2024.1.5,Win32,59.88023952,60ba1f1fd9f2b2eb0633c28e,67ffc4c40efe1bd1090b10ee,67fff17943eec5472f205a57,,,,,,,,,,,,,,,,,,,,,,,,,,,,,,,,,,,,,,,,,,,290.5881,296.3865,5.7979,1,0,164.634,-0.189507495,-0.043897216,0,0,0,0,20,20,8,1,a,Il paziente ha preso il Batatrim,Il paziente ha superato la crisi,,,,,,,,,,,,,,,,,,,,,,,,,,,,,,,,,,,,,,,,,,,,,,,,,,,,,,,,,,,,,,,,,,,,,,,,,,,,,,,,,,,,,,
,,,,,,,,[(%PROLIFIC_PID,1,2025-04-16_20h06.07.487,CLTandFLE,2024.1.5,Win32,59.88023952,60ba1f1fd9f2b2eb0633c28e,67ffc4c40efe1bd1090b10ee,67fff17943eec5472f205a57,,,,,,,,,,,,,,,,,,,,,,,,,,,,,,,,,,,,,,,,,,,296.387,302.5887,6.2015,1,0,170.8355,-0.189507495,-0.043897216,0,0,0,0,21,21,4,1,a,Il paziente ha preso il Batatrim,Il paziente ha superato la crisi,,,,,,,,,,,,,,,,,,,,,,,,,,,,,,,,,,,,,,,,,,,,,,,,,,,,,,,,,,,,,,,,,,,,,,,,,,,,,,,,,,,,,,
,,,,,,,,[(%PROLIFIC_PID,1,2025-04-16_20h06.07.487,CLTandFLE,2024.1.5,Win32,59.88023952,60ba1f1fd9f2b2eb0633c28e,67ffc4c40efe1bd1090b10ee,67fff17943eec5472f205a57,,,,,,,,,,,,,,,,,,,,,,,,,,,,,,,,,,,,,,,,,,,302.5891,308.3537,5.7644,0,1,176.5999,0.2373305,-0.02605283,0,0,0,0,22,22,2,1,a,Il paziente ha preso il Batatrim,Il paziente ha superato la crisi,,,,,,,,,,,,,,,,,,,,,,,,,,,,,,,,,,,,,,,,,,,,,,,,,,,,,,,,,,,,,,,,,,,,,,,,,,,,,,,,,,,,,,
,,,,,,,,[(%PROLIFIC_PID,1,2025-04-16_20h06.07.487,CLTandFLE,2024.1.5,Win32,59.88023952,60ba1f1fd9f2b2eb0633c28e,67ffc4c40efe1bd1090b10ee,67fff17943eec5472f205a57,,,,,,,,,,,,,,,,,,,,,,,,,,,,,,,,,,,,,,,,,,,308.3541,314.6057,6.2513,0,1,182.8512,0.256602449,-0.029621721,0,0,0,0,23,23,9,1,a,Il paziente ha preso il Batatrim,Il paziente ha superato la crisi,,,,,,,,,,,,,,,,,,,,,,,,,,,,,,,,,,,,,,,,,,,,,,,,,,,,,,,,,,,,,,,,,,,,,,,,,,,,,,,,,,,,,,
,,,,,,,,[(%PROLIFIC_PID,1,2025-04-16_20h06.07.487,CLTandFLE,2024.1.5,Win32,59.88023952,60ba1f1fd9f2b2eb0633c28e,67ffc4c40efe1bd1090b10ee,67fff17943eec5472f205a57,,,,,,,,,,,,,,,,,,,,,,,,,,,,,,,,,,,,,,,,,,,314.606,320.2842,5.678,1,0,188.5292,-0.20521052,-0.033904376,0,0,0,0,24,24,23,1,c,Il paziente non ha preso il Batatrim,Il paziente ha superato la crisi,,,,,,,,,,,,,,,,,,,,,,,,,,,,,,,,,,,,,,,,,,,,,,,,,,,,,,,,,,,,,,,,,,,,,,,,,,,,,,,,,,,,,,
,,,,,,,,[(%PROLIFIC_PID,1,2025-04-16_20h06.07.487,CLTandFLE,2024.1.5,Win32,59.88023952,60ba1f1fd9f2b2eb0633c28e,67ffc4c40efe1bd1090b10ee,67fff17943eec5472f205a57,,,,,,,,,,,,,,,,,,,,,,,,,,,,,,,,,,,,,,,,,,,320.2847,326.1847,5.8997,0,1,194.4289,0.191648822,-0.068879415,0,0,0,0,25,25,14,1,b,Il paziente ha preso il Batatrim,Il paziente ha superato la crisi,,,,,,,,,,,,,,,,,,,,,,,,,,,,,,,,,,,,,,,,,,,,,,,,,,,,,,,,,,,,,,,,,,,,,,,,,,,,,,,,,,,,,,
,,,,,,,,[(%PROLIFIC_PID,1,2025-04-16_20h06.07.487,CLTandFLE,2024.1.5,Win32,59.88023952,60ba1f1fd9f2b2eb0633c28e,67ffc4c40efe1bd1090b10ee,67fff17943eec5472f205a57,,,,,,,,,,,,,,,,,,,,,,,,,,,,,,,,,,,,,,,,,,,326.1854,334.9684,8.7829,1,0,203.2118,-0.170949278,-0.033190578,0,0,0,0,26,26,0,1,a,Il paziente ha preso il Batatrim,Il paziente ha superato la crisi,,,,,,,,,,,,,,,,,,,,,,,,,,,,,,,,,,,,,,,,,,,,,,,,,,,,,,,,,,,,,,,,,,,,,,,,,,,,,,,,,,,,,,
,,,,,,,,[(%PROLIFIC_PID,1,2025-04-16_20h06.07.487,CLTandFLE,2024.1.5,Win32,59.88023952,60ba1f1fd9f2b2eb0633c28e,67ffc4c40efe1bd1090b10ee,67fff17943eec5472f205a57,,,,,,,,,,,,,,,,,,,,,,,,,,,,,,,,,,,,,,,,,,,334.9688,341.669,6.7,1,0,209.9118,0.009635974,0.034618108,0,0,0,0,27,27,13,1,a,Il paziente ha preso il Batatrim,Il paziente ha superato la crisi,,,,,,,,,,,,,,,,,,,,,,,,,,,,,,,,,,,,,,,,,,,,,,,,,,,,,,,,,,,,,,,,,,,,,,,,,,,,,,,,,,,,,,
,,,,,,,,[(%PROLIFIC_PID,1,2025-04-16_20h06.07.487,CLTandFLE,2024.1.5,Win32,59.88023952,60ba1f1fd9f2b2eb0633c28e,67ffc4c40efe1bd1090b10ee,67fff17943eec5472f205a57,,,,,,,,,,,,,,,,,,,,,,,,,,,,,,,,,,,,,,,,,,,341.6695,346.636,4.9662,0,1,214.878,0.165239158,-0.052462527,0,0,0,0,28,28,33,1,c,Il paziente non ha preso il Batatrim,Il paziente ha superato la crisi,,,,,,,,,,,,,,,,,,,,,,,,,,,,,,,,,,,,,,,,,,,,,,,,,,,,,,,,,,,,,,,,,,,,,,,,,,,,,,,,,,,,,,
,,,,,,,,[(%PROLIFIC_PID,1,2025-04-16_20h06.07.487,CLTandFLE,2024.1.5,Win32,59.88023952,60ba1f1fd9f2b2eb0633c28e,67ffc4c40efe1bd1090b10ee,67fff17943eec5472f205a57,,,,,,,,,,,,,,,,,,,,,,,,,,,,,,,,,,,,,,,,,,,346.6365,353.1699,6.533,1,0,221.411,-0.213775831,-0.045324779,0,0,0,0,29,29,29,1,c,Il paziente non ha preso il Batatrim,Il paziente ha superato la crisi,,,,,,,,,,,,,,,,,,,,,,,,,,,,,,,,,,,,,,,,,,,,,,,,,,,,,,,,,,,,,,,,,,,,,,,,,,,,,,,,,,,,,,
,,,,,,,,[(%PROLIFIC_PID,1,2025-04-16_20h06.07.487,CLTandFLE,2024.1.5,Win32,59.88023952,60ba1f1fd9f2b2eb0633c28e,67ffc4c40efe1bd1090b10ee,67fff17943eec5472f205a57,,,,,,,,,,,,,,,,,,,,,,,,,,,,,,,,,,,,,,,,,,,353.1704,359.3524,6.1817,1,0,227.5927,-0.213775831,-0.045324779,0,0,0,0,30,30,25,1,c,Il paziente non ha preso il Batatrim,Il paziente ha superato la crisi,,,,,,,,,,,,,,,,,,,,,,,,,,,,,,,,,,,,,,,,,,,,,,,,,,,,,,,,,,,,,,,,,,,,,,,,,,,,,,,,,,,,,,
,,,,,,,,[(%PROLIFIC_PID,1,2025-04-16_20h06.07.487,CLTandFLE,2024.1.5,Win32,59.88023952,60ba1f1fd9f2b2eb0633c28e,67ffc4c40efe1bd1090b10ee,67fff17943eec5472f205a57,,,,,,,,,,,,,,,,,,,,,,,,,,,,,,,,,,,,,,,,,,,359.353,365.2423,5.8891,1,0,233.4818,-0.213775831,-0.045324779,0,0,0,0,31,31,27,1,c,Il paziente non ha preso il Batatrim,Il paziente ha superato la crisi,,,,,,,,,,,,,,,,,,,,,,,,,,,,,,,,,,,,,,,,,,,,,,,,,,,,,,,,,,,,,,,,,,,,,,,,,,,,,,,,,,,,,,
,,,,,,,,[(%PROLIFIC_PID,1,2025-04-16_20h06.07.487,CLTandFLE,2024.1.5,Win32,59.88023952,60ba1f1fd9f2b2eb0633c28e,67ffc4c40efe1bd1090b10ee,67fff17943eec5472f205a57,,,,,,,,,,,,,,,,,,,,,,,,,,,,,,,,,,,,,,,,,,,365.2427,370.4264,5.1835,1,0,238.6653,-0.213775831,-0.045324779,0,0,0,0,32,32,12,1,a,Il paziente ha preso il Batatrim,Il paziente ha superato la crisi,,,,,,,,,,,,,,,,,,,,,,,,,,,,,,,,,,,,,,,,,,,,,,,,,,,,,,,,,,,,,,,,,,,,,,,,,,,,,,,,,,,,,,
,,,,,,,,[(%PROLIFIC_PID,1,2025-04-16_20h06.07.487,CLTandFLE,2024.1.5,Win32,59.88023952,60ba1f1fd9f2b2eb0633c28e,67ffc4c40efe1bd1090b10ee,67fff17943eec5472f205a57,,,,,,,,,,,,,,,,,,,,,,,,,,,,,,,,,,,,,,,,,,,370.4268,375.9613,5.5342,1,0,244.1995,-0.213775831,-0.045324779,0,0,0,0,33,33,20,1,c,Il paziente non ha preso il Batatrim,Il paziente ha superato la crisi,,,,,,,,,,,,,,,,,,,,,,,,,,,,,,,,,,,,,,,,,,,,,,,,,,,,,,,,,,,,,,,,,,,,,,,,,,,,,,,,,,,,,,
,,,,,,,,[(%PROLIFIC_PID,1,2025-04-16_20h06.07.487,CLTandFLE,2024.1.5,Win32,59.88023952,60ba1f1fd9f2b2eb0633c28e,67ffc4c40efe1bd1090b10ee,67fff17943eec5472f205a57,,,,,,,,,,,,,,,,,,,,,,,,,,,,,,,,,,,,,,,,,,,375.9617,380.7116,4.7496,1,0,248.9491,0.01106357,-0.008208444,0,0,0,0,34,34,16,1,b,Il paziente ha preso il Batatrim,Il paziente non ha superato la crisi,,,,,,,,,,,,,,,,,,,,,,,,,,,,,,,,,,,,,,,,,,,,,,,,,,,,,,,,,,,,,,,,,,,,,,,,,,,,,,,,,,,,,,
,,,,,,,,[(%PROLIFIC_PID,1,2025-04-16_20h06.07.487,CLTandFLE,2024.1.5,Win32,59.88023952,60ba1f1fd9f2b2eb0633c28e,67ffc4c40efe1bd1090b10ee,67fff17943eec5472f205a57,,,,,,,,,,,,,,,,,,,,,,,,,,,,,,,,,,,,,,,,,,,380.7121,385.6935,4.9812,1,0,253.9303,0.113133498,-0.037473233,0,0,0,0,35,35,18,1,b,Il paziente ha preso il Batatrim,Il paziente non ha superato la crisi,,,,,,,,,,,,,,,,,,,,,,,,,,,,,,,,,,,,,,,,,,,,,,,,,,,,,,,,,,,,,,,,,,,,,,,,,,,,,,,,,,,,,,
,,,,,,,,[(%PROLIFIC_PID,1,2025-04-16_20h06.07.487,CLTandFLE,2024.1.5,Win32,59.88023952,60ba1f1fd9f2b2eb0633c28e,67ffc4c40efe1bd1090b10ee,67fff17943eec5472f205a57,,,,,,,,,,,,,,,,,,,,,,,,,,,,,,,,,,,,,,,,,,,385.6938,391.5606,5.8667,0,1,259.797,0.20235546,-0.026766595,0,0,0,0,36,36,1,1,a,Il paziente ha preso il Batatrim,Il paziente ha superato la crisi,,,,,,,,,,,,,,,,,,,,,,,,,,,,,,,,,,,,,,,,,,,,,,,,,,,,,,,,,,,,,,,,,,,,,,,,,,,,,,,,,,,,,,
,,,,,,,,[(%PROLIFIC_PID,1,2025-04-16_20h06.07.487,CLTandFLE,2024.1.5,Win32,59.88023952,60ba1f1fd9f2b2eb0633c28e,67ffc4c40efe1bd1090b10ee,67fff17943eec5472f205a57,,,,,,,,,,,,,,,,,,,,,,,,,,,,,,,,,,,,,,,,,,,391.561,398.2463,6.685,1,0,266.482,-0.155246253,-0.043183451,0,0,0,0,37,37,22,1,c,Il paziente non ha preso il Batatrim,Il paziente ha superato la crisi,,,,,,,,,,,,,,,,,,,,,,,,,,,,,,,,,,,,,,,,,,,,,,,,,,,,,,,,,,,,,,,,,,,,,,,,,,,,,,,,,,,,,,
,,,,,,,,[(%PROLIFIC_PID,1,2025-04-16_20h06.07.487,CLTandFLE,2024.1.5,Win32,59.88023952,60ba1f1fd9f2b2eb0633c28e,67ffc4c40efe1bd1090b10ee,67fff17943eec5472f205a57,,,,,,,,,,,,,,,,,,,,,,,,,,,,,,,,,,,,,,,,,,,398.2467,403.8601,5.6132,1,0,272.0952,-0.155246253,-0.043183451,0,0,0,0,38,38,39,1,d,Il paziente non ha preso il Batatrim,Il paziente non ha superato la crisi,,,,,,,,,,,,,,,,,,,,,,,,,,,,,,,,,,,,,,,,,,,,,,,,,,,,,,,,,,,,,,,,,,,,,,,,,,,,,,,,,,,,,,
,,,,,,,,[(%PROLIFIC_PID,1,2025-04-16_20h06.07.487,CLTandFLE,2024.1.5,Win32,59.88023952,60ba1f1fd9f2b2eb0633c28e,67ffc4c40efe1bd1090b10ee,67fff17943eec5472f205a57,,,,,,,,,,,,,,,,,,,,,,,,,,,,,,,,,,,,,,,,,,,403.8604,414.1954,10.3348,1,0,282.43,-0.165952891,-0.033190578,0,0,0,0,39,39,35,1,d,Il paziente non ha preso il Batatrim,Il paziente non ha superato la crisi,,,,,,,,,,,,,,,,,,,,,,,,,,,,,,,,,,,,,,,,,,,,,,,,,,,,,,,,,,,,,,,,,,,,,,,,,,,,,,,,,,,,,,
,,,,,,,,[(%PROLIFIC_PID,1,2025-04-16_20h06.07.487,CLTandFLE,2024.1.5,Win32,59.88023952,60ba1f1fd9f2b2eb0633c28e,67ffc4c40efe1bd1090b10ee,67fff17943eec5472f205a57,,460.5272,461.5272,,,,,,,,,,,,,,,,,,,,,,,,,,,,,,,,,,,,,,,,,,,,,,,,,,,,,,,,,,,415.191,439.9091,24.7176,34,21.087,0.044611014,-0.198072805,1,0,0,440.9091,460.5271,19.6176,46,18.6714,-0.001070664,-0.209493241,1,0,0,14,7,10,18,0,0,0,0,1,,,,,,,,,,,,,,,,,,,,,,,,,,,,,,,,,,,,,,,,,,,,,,,,,,,,,,,,,
,,,,,,,,[(%PROLIFIC_PID,1,2025-04-16_20h06.07.487,CLTandFLE,2024.1.5,Win32,59.88023952,60ba1f1fd9f2b2eb0633c28e,67ffc4c40efe1bd1090b10ee,67fff17943eec5472f205a57,,732.3807,733.378,,,,,,,,,,,,,,,,,,,,,,,,,,,,,,,,,,,,,,,,,,,,,,,,,,,,,,,,,,,,,,,,,,,,,,,,,,,,,,,,,,,,,,,,530.4819,578.8859,48.4033,3,47.3011,0.043897216,-0.210207039,1,0,0,30,Femmina,No,22,No,TRUE,FALSE,6,6,7,5,6,FALSE,Conferma,c1ok,c2ok,c3ok,c4ok,c5ok,c6err3,c7ok,c8ok,c9err,c10ok,c11ok,c12err,c13ok,c14err2,c15ok,c16err,c17ok,c18err2,c19err2,c20err2,c21err,c22err2,c23ok,c24ok,c25err3,c26ok,1136.7026,1143.1721,0,0,0,0,1
