﻿Alfa.started,Alfa.stopped,alfa_mouse.x,alfa_mouse.y,alfa_mouse.leftButton,alfa_mouse.midButton,alfa_mouse.rightButton,alfa_mouse.clicked_name,participant,group,date,expName,psychopyVersion,OS,frameRate,PROLIFIC_PID,STUDY_ID,SESSION_ID,)],ITI.started,ITI.stopped,B_consensoinformato.started,B_consensoinformato.stopped,tempo_consenso,cons_mouse.x,cons_mouse.y,cons_mouse.leftButton,cons_mouse.midButton,cons_mouse.rightButton,A_benvenuto.started,A_benvenuto.stopped,ben_mouse.x,ben_mouse.y,ben_mouse.leftButton,ben_mouse.midButton,ben_mouse.rightButton,B2_istruzioni.started,B2_istruzioni.stopped,tempo_istru,cons_mouse_2.x,cons_mouse_2.y,cons_mouse_2.leftButton,cons_mouse_2.midButton,cons_mouse_2.rightButton,SAMevaluation.started,SAMevaluation.stopped,temposam,sliderintensity.response,sliderintensity.rt,slidervalence.response,slidervalence.rt,mouse_sam.x,mouse_sam.y,mouse_sam.leftButton,mouse_sam.midButton,mouse_sam.rightButton,mouse_sam.time,mouse_sam.clicked_name,Loading.started,Loading.stopped,C_associative_task.started,C_associative_task.stopped,tempo_trial,hapremutosi,hapremutono,tempo_tasktot,mouse.x,mouse.y,mouse.leftButton,mouse.midButton,mouse.rightButton,trials.thisRepN,trials.thisTrialN,trials.thisN,trials.thisIndex,trials.ran,cond,causa,effetto,D_VD.started,D_VD.stopped,tempo_vd,vd.response,vd.rt,mouse_vd.x,mouse_vd.y,mouse_vd.leftButton,mouse_vd.midButton,mouse_vd.rightButton,Previous.started,Previous.stopped,tempo_vd1,previous.response,previous.rt,mouse_vd_2.x,mouse_vd_2.y,mouse_vd_2.leftButton,mouse_vd_2.midButton,mouse_vd_2.rightButton,EstITA.TrialSS,EstITA.TrialNS,EstITA.TrialSN,EstITA.TrialD,itaest.thisRepN,itaest.thisTrialN,itaest.thisN,itaest.thisIndex,itaest.ran,PF.started,PF.stopped,tempo_pf,processfluency.response,processfluency.rt,mouse_ch.x,mouse_ch.y,mouse_ch.leftButton,mouse_ch.midButton,mouse_ch.rightButton,Questionario_Lingua.Age,Questionario_Lingua.Sesso,Questionario_Lingua.StaiStudiando?,Questionario_Lingua.Anniscolarita,Questionario_Lingua.Diploma,Questionario_Lingua.Punteggiodiploma,Questionario_Lingua.ItaMADRE?,Questionario_Lingua.INGmadre?,Questionario_Lingua.Q5(AOAIng),Questionario_Lingua.INGLETTURA,Questionario_Lingua.INGCOMPRESO,Questionario_Lingua.INGSCRITTO,Questionario_Lingua.INGPARLATO,Questionario_Lingua.haivissutoestero,ProvaInglese.ProcediamoENg,ProvaInglese.C1,ProvaInglese.C2,ProvaInglese.C3,ProvaInglese.C4,ProvaInglese.C5,ProvaInglese.C6,ProvaInglese.C7,ProvaInglese.C8,ProvaInglese.C9,ProvaInglese.C10,ProvaInglese.C11,ProvaInglese.C12,ProvaInglese.C13,ProvaInglese.C14,ProvaInglese.C15,ProvaInglese.C16,ProvaInglese.C17,ProvaInglese.C18,ProvaInglese.C19,ProvaInglese.C20,ProvaInglese.C21,ProvaInglese.C22,ProvaInglese.C23,ProvaInglese.C24,ProvaInglese.C25,ProvaInglese.controlquestion,Ant_lastquestion.started,Ant_lastquestion.stopped,exp_loop.thisRepN,exp_loop.thisTrialN,exp_loop.thisN,exp_loop.thisIndex,exp_loop.ran
0.0004,5.1644,0.12037037,-0.006481489,1,0,0,alfa_mask,[(%PROLIFIC_PID,1,2025-05-08_11h28.15.384,CLTandFLE,2024.1.5,Win32,59.52380952,609426371c5045e101d5647a,67ffc4c40efe1bd1090b10ee,681c791f0ed1d3d75ff839a7,,,,,,,,,,,,,,,,,,,,,,,,,,,,,,,,,,,,,,,,,,,,,,,,,,,,,,,,,,,,,,,,,,,,,,,,,,,,,,,,,,,,,,,,,,,,,,,,,,,,,,,,,,,,,,,,,,,,,,,,,,,,,,,,,,,,,,,,,,,,,,,,,,,,
,,,,,,,,[(%PROLIFIC_PID,1,2025-05-08_11h28.15.384,CLTandFLE,2024.1.5,Win32,59.52380952,609426371c5045e101d5647a,67ffc4c40efe1bd1090b10ee,681c791f0ed1d3d75ff839a7,,5.1646,6.1642,,,,,,,,,,,,,,,,,,,,,,,,,,,,,,,,,,,,,,,,,,,,,,,,,,,,,,,,,,,,,,,,,,,,,,,,,,,,,,,,,,,,,,,,,,,,,,,,,,,,,,,,,,,,,,,,,,,,,,,,,,,,,,,,,,,,,,,,,,,,,,,,,
,,,,,,,,[(%PROLIFIC_PID,1,2025-05-08_11h28.15.384,CLTandFLE,2024.1.5,Win32,59.52380952,609426371c5045e101d5647a,67ffc4c40efe1bd1090b10ee,681c791f0ed1d3d75ff839a7,,,,6.1644,10.5058,4.341,0.217592593,-0.376851894,1,0,0,,,,,,,,,,,,,,,,,,,,,,,,,,,,,,,,,,,,,,,,,,,,,,,,,,,,,,,,,,,,,,,,,,,,,,,,,,,,,,,,,,,,,,,,,,,,,,,,,,,,,,,,,,,,,,,,,,,,,,,,,,,,,,,,,,,,,,,,,
,,,,,,,,[(%PROLIFIC_PID,1,2025-05-08_11h28.15.384,CLTandFLE,2024.1.5,Win32,59.52380952,609426371c5045e101d5647a,67ffc4c40efe1bd1090b10ee,681c791f0ed1d3d75ff839a7,,46.8288,47.8289,,,,,,,,,11.5066,14.2248,0.050925926,-0.099074116,1,0,0,15.2155,30.7486,15.5312,0.037962949,-0.395370413,1,0,0,31.7528,38.8381,7.0844,0.613425961,6.2807,0.608796314,3.401,"[0.0009259117974175347,-0.004629629629629629,0.06111109698260272]","[0.19907407407407407,-0.010185206377947773,-0.1935185326470269]","[1,1,1]","[0,0,0]","[0,0,0]","[2.4705999999046355,4.620800000190734,7.078900000095366]","[""slidervalence"",""rettoksam""]",39.8361,46.8287,47.8445,53.6787,5.8339,1,0,5.8339,0.074999986,-0.179629644,0,0,0,0,0,0,8,1,a,Il paziente ha preso il Batatrim,Il paziente ha superato la crisi,,,,,,,,,,,,,,,,,,,,,,,,,,,,,,,,,,,,,,,,,,,,,,,,,,,,,,,,,,,,,,,,,,,,,,,,,,,,,,,,,,,,,,,
,,,,,,,,[(%PROLIFIC_PID,1,2025-05-08_11h28.15.384,CLTandFLE,2024.1.5,Win32,59.52380952,609426371c5045e101d5647a,67ffc4c40efe1bd1090b10ee,681c791f0ed1d3d75ff839a7,,,,,,,,,,,,,,,,,,,,,,,,,,,,,,,,,,,,,,,,,,,53.6792,58.6865,5.0071,0,1,10.841,-0.086111069,-0.108333376,0,0,0,0,1,1,20,1,c,Il paziente non ha preso il Batatrim,Il paziente ha superato la crisi,,,,,,,,,,,,,,,,,,,,,,,,,,,,,,,,,,,,,,,,,,,,,,,,,,,,,,,,,,,,,,,,,,,,,,,,,,,,,,,,,,,,,,,
,,,,,,,,[(%PROLIFIC_PID,1,2025-05-08_11h28.15.384,CLTandFLE,2024.1.5,Win32,59.52380952,609426371c5045e101d5647a,67ffc4c40efe1bd1090b10ee,681c791f0ed1d3d75ff839a7,,,,,,,,,,,,,,,,,,,,,,,,,,,,,,,,,,,,,,,,,,,58.6866,64.1943,5.5077,0,1,16.3487,-0.090740698,-0.083333333,0,0,0,0,2,2,29,1,c,Il paziente non ha preso il Batatrim,Il paziente ha superato la crisi,,,,,,,,,,,,,,,,,,,,,,,,,,,,,,,,,,,,,,,,,,,,,,,,,,,,,,,,,,,,,,,,,,,,,,,,,,,,,,,,,,,,,,,
,,,,,,,,[(%PROLIFIC_PID,1,2025-05-08_11h28.15.384,CLTandFLE,2024.1.5,Win32,59.52380952,609426371c5045e101d5647a,67ffc4c40efe1bd1090b10ee,681c791f0ed1d3d75ff839a7,,,,,,,,,,,,,,,,,,,,,,,,,,,,,,,,,,,,,,,,,,,64.1946,68.9942,4.7994,0,1,21.1481,-0.140740712,-0.059259273,0,0,0,0,3,3,33,1,c,Il paziente non ha preso il Batatrim,Il paziente ha superato la crisi,,,,,,,,,,,,,,,,,,,,,,,,,,,,,,,,,,,,,,,,,,,,,,,,,,,,,,,,,,,,,,,,,,,,,,,,,,,,,,,,,,,,,,,
,,,,,,,,[(%PROLIFIC_PID,1,2025-05-08_11h28.15.384,CLTandFLE,2024.1.5,Win32,59.52380952,609426371c5045e101d5647a,67ffc4c40efe1bd1090b10ee,681c791f0ed1d3d75ff839a7,,,,,,,,,,,,,,,,,,,,,,,,,,,,,,,,,,,,,,,,,,,68.9945,73.2607,4.2661,1,0,25.4142,0.064814815,-0.050000014,0,0,0,0,4,4,39,1,d,Il paziente non ha preso il Batatrim,Il paziente non ha superato la crisi,,,,,,,,,,,,,,,,,,,,,,,,,,,,,,,,,,,,,,,,,,,,,,,,,,,,,,,,,,,,,,,,,,,,,,,,,,,,,,,,,,,,,,,
,,,,,,,,[(%PROLIFIC_PID,1,2025-05-08_11h28.15.384,CLTandFLE,2024.1.5,Win32,59.52380952,609426371c5045e101d5647a,67ffc4c40efe1bd1090b10ee,681c791f0ed1d3d75ff839a7,,,,,,,,,,,,,,,,,,,,,,,,,,,,,,,,,,,,,,,,,,,73.2609,78.4775,5.2164,0,1,30.6306,-0.051851838,-0.063888903,0,0,0,0,5,5,24,1,c,Il paziente non ha preso il Batatrim,Il paziente ha superato la crisi,,,,,,,,,,,,,,,,,,,,,,,,,,,,,,,,,,,,,,,,,,,,,,,,,,,,,,,,,,,,,,,,,,,,,,,,,,,,,,,,,,,,,,,
,,,,,,,,[(%PROLIFIC_PID,1,2025-05-08_11h28.15.384,CLTandFLE,2024.1.5,Win32,59.52380952,609426371c5045e101d5647a,67ffc4c40efe1bd1090b10ee,681c791f0ed1d3d75ff839a7,,,,,,,,,,,,,,,,,,,,,,,,,,,,,,,,,,,,,,,,,,,78.4777,83.7106,5.2326,1,0,35.8632,-0.074999986,-0.094444487,0,0,0,0,6,6,34,1,c,Il paziente non ha preso il Batatrim,Il paziente ha superato la crisi,,,,,,,,,,,,,,,,,,,,,,,,,,,,,,,,,,,,,,,,,,,,,,,,,,,,,,,,,,,,,,,,,,,,,,,,,,,,,,,,,,,,,,,
,,,,,,,,[(%PROLIFIC_PID,1,2025-05-08_11h28.15.384,CLTandFLE,2024.1.5,Win32,59.52380952,609426371c5045e101d5647a,67ffc4c40efe1bd1090b10ee,681c791f0ed1d3d75ff839a7,,,,,,,,,,,,,,,,,,,,,,,,,,,,,,,,,,,,,,,,,,,83.7108,94.7017,10.9908,1,0,46.854,-0.159259231,-0.041666667,0,0,0,0,7,7,23,1,c,Il paziente non ha preso il Batatrim,Il paziente ha superato la crisi,,,,,,,,,,,,,,,,,,,,,,,,,,,,,,,,,,,,,,,,,,,,,,,,,,,,,,,,,,,,,,,,,,,,,,,,,,,,,,,,,,,,,,,
,,,,,,,,[(%PROLIFIC_PID,1,2025-05-08_11h28.15.384,CLTandFLE,2024.1.5,Win32,59.52380952,609426371c5045e101d5647a,67ffc4c40efe1bd1090b10ee,681c791f0ed1d3d75ff839a7,,,,,,,,,,,,,,,,,,,,,,,,,,,,,,,,,,,,,,,,,,,94.702,100.2043,5.5021,1,0,52.3561,-0.176851838,-0.055555556,0,0,0,0,8,8,14,1,b,Il paziente ha preso il Batatrim,Il paziente ha superato la crisi,,,,,,,,,,,,,,,,,,,,,,,,,,,,,,,,,,,,,,,,,,,,,,,,,,,,,,,,,,,,,,,,,,,,,,,,,,,,,,,,,,,,,,,
,,,,,,,,[(%PROLIFIC_PID,1,2025-05-08_11h28.15.384,CLTandFLE,2024.1.5,Win32,59.52380952,609426371c5045e101d5647a,67ffc4c40efe1bd1090b10ee,681c791f0ed1d3d75ff839a7,,,,,,,,,,,,,,,,,,,,,,,,,,,,,,,,,,,,,,,,,,,100.205,105.7709,5.5656,1,0,57.9217,-0.16851849,-0.054629644,0,0,0,0,9,9,26,1,c,Il paziente non ha preso il Batatrim,Il paziente ha superato la crisi,,,,,,,,,,,,,,,,,,,,,,,,,,,,,,,,,,,,,,,,,,,,,,,,,,,,,,,,,,,,,,,,,,,,,,,,,,,,,,,,,,,,,,,
,,,,,,,,[(%PROLIFIC_PID,1,2025-05-08_11h28.15.384,CLTandFLE,2024.1.5,Win32,59.52380952,609426371c5045e101d5647a,67ffc4c40efe1bd1090b10ee,681c791f0ed1d3d75ff839a7,,,,,,,,,,,,,,,,,,,,,,,,,,,,,,,,,,,,,,,,,,,105.7711,111.8333,6.0622,0,1,63.9839,-0.160185143,-0.059259273,0,0,0,0,10,10,35,1,d,Il paziente non ha preso il Batatrim,Il paziente non ha superato la crisi,,,,,,,,,,,,,,,,,,,,,,,,,,,,,,,,,,,,,,,,,,,,,,,,,,,,,,,,,,,,,,,,,,,,,,,,,,,,,,,,,,,,,,,
,,,,,,,,[(%PROLIFIC_PID,1,2025-05-08_11h28.15.384,CLTandFLE,2024.1.5,Win32,59.52380952,609426371c5045e101d5647a,67ffc4c40efe1bd1090b10ee,681c791f0ed1d3d75ff839a7,,,,,,,,,,,,,,,,,,,,,,,,,,,,,,,,,,,,,,,,,,,111.8336,116.1004,4.2667,1,0,68.2506,0.001851894,-0.057407414,0,0,0,0,11,11,18,1,b,Il paziente ha preso il Batatrim,Il paziente non ha superato la crisi,,,,,,,,,,,,,,,,,,,,,,,,,,,,,,,,,,,,,,,,,,,,,,,,,,,,,,,,,,,,,,,,,,,,,,,,,,,,,,,,,,,,,,,
,,,,,,,,[(%PROLIFIC_PID,1,2025-05-08_11h28.15.384,CLTandFLE,2024.1.5,Win32,59.52380952,609426371c5045e101d5647a,67ffc4c40efe1bd1090b10ee,681c791f0ed1d3d75ff839a7,,,,,,,,,,,,,,,,,,,,,,,,,,,,,,,,,,,,,,,,,,,116.1006,121.4441,5.3432,1,0,73.5938,-0.175925926,-0.053703697,0,0,0,0,12,12,11,1,a,Il paziente ha preso il Batatrim,Il paziente ha superato la crisi,,,,,,,,,,,,,,,,,,,,,,,,,,,,,,,,,,,,,,,,,,,,,,,,,,,,,,,,,,,,,,,,,,,,,,,,,,,,,,,,,,,,,,,
,,,,,,,,[(%PROLIFIC_PID,1,2025-05-08_11h28.15.384,CLTandFLE,2024.1.5,Win32,59.52380952,609426371c5045e101d5647a,67ffc4c40efe1bd1090b10ee,681c791f0ed1d3d75ff839a7,,,,,,,,,,,,,,,,,,,,,,,,,,,,,,,,,,,,,,,,,,,121.4442,130.6913,9.2469,0,1,82.8407,-0.164814772,-0.050925926,0,0,0,0,13,13,21,1,c,Il paziente non ha preso il Batatrim,Il paziente ha superato la crisi,,,,,,,,,,,,,,,,,,,,,,,,,,,,,,,,,,,,,,,,,,,,,,,,,,,,,,,,,,,,,,,,,,,,,,,,,,,,,,,,,,,,,,,
,,,,,,,,[(%PROLIFIC_PID,1,2025-05-08_11h28.15.384,CLTandFLE,2024.1.5,Win32,59.52380952,609426371c5045e101d5647a,67ffc4c40efe1bd1090b10ee,681c791f0ed1d3d75ff839a7,,,,,,,,,,,,,,,,,,,,,,,,,,,,,,,,,,,,,,,,,,,130.6916,134.8301,4.1383,1,0,86.979,-0.165740755,-0.050925926,0,0,0,0,14,14,12,1,a,Il paziente ha preso il Batatrim,Il paziente ha superato la crisi,,,,,,,,,,,,,,,,,,,,,,,,,,,,,,,,,,,,,,,,,,,,,,,,,,,,,,,,,,,,,,,,,,,,,,,,,,,,,,,,,,,,,,,
,,,,,,,,[(%PROLIFIC_PID,1,2025-05-08_11h28.15.384,CLTandFLE,2024.1.5,Win32,59.52380952,609426371c5045e101d5647a,67ffc4c40efe1bd1090b10ee,681c791f0ed1d3d75ff839a7,,,,,,,,,,,,,,,,,,,,,,,,,,,,,,,,,,,,,,,,,,,134.8304,139.3311,4.5005,1,0,91.4795,-0.106481481,-0.047222243,0,0,0,0,15,15,9,1,a,Il paziente ha preso il Batatrim,Il paziente ha superato la crisi,,,,,,,,,,,,,,,,,,,,,,,,,,,,,,,,,,,,,,,,,,,,,,,,,,,,,,,,,,,,,,,,,,,,,,,,,,,,,,,,,,,,,,,
,,,,,,,,[(%PROLIFIC_PID,1,2025-05-08_11h28.15.384,CLTandFLE,2024.1.5,Win32,59.52380952,609426371c5045e101d5647a,67ffc4c40efe1bd1090b10ee,681c791f0ed1d3d75ff839a7,,,,,,,,,,,,,,,,,,,,,,,,,,,,,,,,,,,,,,,,,,,139.3312,143.1992,3.8678,1,0,95.3473,-0.141666624,-0.033333355,0,0,0,0,16,16,0,1,a,Il paziente ha preso il Batatrim,Il paziente ha superato la crisi,,,,,,,,,,,,,,,,,,,,,,,,,,,,,,,,,,,,,,,,,,,,,,,,,,,,,,,,,,,,,,,,,,,,,,,,,,,,,,,,,,,,,,,
,,,,,,,,[(%PROLIFIC_PID,1,2025-05-08_11h28.15.384,CLTandFLE,2024.1.5,Win32,59.52380952,609426371c5045e101d5647a,67ffc4c40efe1bd1090b10ee,681c791f0ed1d3d75ff839a7,,,,,,,,,,,,,,,,,,,,,,,,,,,,,,,,,,,,,,,,,,,143.1997,203.3468,60.147,1,0,155.4943,0.167592578,-0.027777778,0,0,0,0,17,17,16,1,b,Il paziente ha preso il Batatrim,Il paziente non ha superato la crisi,,,,,,,,,,,,,,,,,,,,,,,,,,,,,,,,,,,,,,,,,,,,,,,,,,,,,,,,,,,,,,,,,,,,,,,,,,,,,,,,,,,,,,,
,,,,,,,,[(%PROLIFIC_PID,1,2025-05-08_11h28.15.384,CLTandFLE,2024.1.5,Win32,59.52380952,609426371c5045e101d5647a,67ffc4c40efe1bd1090b10ee,681c791f0ed1d3d75ff839a7,,,,,,,,,,,,,,,,,,,,,,,,,,,,,,,,,,,,,,,,,,,203.3473,207.4043,4.0568,1,0,159.5511,-0.113888847,-0.053703697,0,0,0,0,18,18,31,1,c,Il paziente non ha preso il Batatrim,Il paziente ha superato la crisi,,,,,,,,,,,,,,,,,,,,,,,,,,,,,,,,,,,,,,,,,,,,,,,,,,,,,,,,,,,,,,,,,,,,,,,,,,,,,,,,,,,,,,,
,,,,,,,,[(%PROLIFIC_PID,1,2025-05-08_11h28.15.384,CLTandFLE,2024.1.5,Win32,59.52380952,609426371c5045e101d5647a,67ffc4c40efe1bd1090b10ee,681c791f0ed1d3d75ff839a7,,,,,,,,,,,,,,,,,,,,,,,,,,,,,,,,,,,,,,,,,,,207.4044,212.1781,4.7736,1,0,164.3247,-0.217592593,-0.030555548,0,0,0,0,19,19,36,1,d,Il paziente non ha preso il Batatrim,Il paziente non ha superato la crisi,,,,,,,,,,,,,,,,,,,,,,,,,,,,,,,,,,,,,,,,,,,,,,,,,,,,,,,,,,,,,,,,,,,,,,,,,,,,,,,,,,,,,,,
,,,,,,,,[(%PROLIFIC_PID,1,2025-05-08_11h28.15.384,CLTandFLE,2024.1.5,Win32,59.52380952,609426371c5045e101d5647a,67ffc4c40efe1bd1090b10ee,681c791f0ed1d3d75ff839a7,,,,,,,,,,,,,,,,,,,,,,,,,,,,,,,,,,,,,,,,,,,212.1784,216.5811,4.4026,1,0,168.7273,-0.020370342,-0.026851866,0,0,0,0,20,20,28,1,c,Il paziente non ha preso il Batatrim,Il paziente ha superato la crisi,,,,,,,,,,,,,,,,,,,,,,,,,,,,,,,,,,,,,,,,,,,,,,,,,,,,,,,,,,,,,,,,,,,,,,,,,,,,,,,,,,,,,,,
,,,,,,,,[(%PROLIFIC_PID,1,2025-05-08_11h28.15.384,CLTandFLE,2024.1.5,Win32,59.52380952,609426371c5045e101d5647a,67ffc4c40efe1bd1090b10ee,681c791f0ed1d3d75ff839a7,,,,,,,,,,,,,,,,,,,,,,,,,,,,,,,,,,,,,,,,,,,216.5813,220.5429,3.9614,0,1,172.6887,-0.193518533,-0.023148148,0,0,0,0,21,21,32,1,c,Il paziente non ha preso il Batatrim,Il paziente ha superato la crisi,,,,,,,,,,,,,,,,,,,,,,,,,,,,,,,,,,,,,,,,,,,,,,,,,,,,,,,,,,,,,,,,,,,,,,,,,,,,,,,,,,,,,,,
,,,,,,,,[(%PROLIFIC_PID,1,2025-05-08_11h28.15.384,CLTandFLE,2024.1.5,Win32,59.52380952,609426371c5045e101d5647a,67ffc4c40efe1bd1090b10ee,681c791f0ed1d3d75ff839a7,,,,,,,,,,,,,,,,,,,,,,,,,,,,,,,,,,,,,,,,,,,220.5434,224.5965,4.0528,1,0,176.7415,-0.193518533,-0.023148148,0,0,0,0,22,22,17,1,b,Il paziente ha preso il Batatrim,Il paziente non ha superato la crisi,,,,,,,,,,,,,,,,,,,,,,,,,,,,,,,,,,,,,,,,,,,,,,,,,,,,,,,,,,,,,,,,,,,,,,,,,,,,,,,,,,,,,,,
,,,,,,,,[(%PROLIFIC_PID,1,2025-05-08_11h28.15.384,CLTandFLE,2024.1.5,Win32,59.52380952,609426371c5045e101d5647a,67ffc4c40efe1bd1090b10ee,681c791f0ed1d3d75ff839a7,,,,,,,,,,,,,,,,,,,,,,,,,,,,,,,,,,,,,,,,,,,224.5969,228.6369,4.0398,1,0,180.7813,-0.193518533,-0.023148148,0,0,0,0,23,23,38,1,d,Il paziente non ha preso il Batatrim,Il paziente non ha superato la crisi,,,,,,,,,,,,,,,,,,,,,,,,,,,,,,,,,,,,,,,,,,,,,,,,,,,,,,,,,,,,,,,,,,,,,,,,,,,,,,,,,,,,,,,
,,,,,,,,[(%PROLIFIC_PID,1,2025-05-08_11h28.15.384,CLTandFLE,2024.1.5,Win32,59.52380952,609426371c5045e101d5647a,67ffc4c40efe1bd1090b10ee,681c791f0ed1d3d75ff839a7,,,,,,,,,,,,,,,,,,,,,,,,,,,,,,,,,,,,,,,,,,,228.6372,232.5198,3.8825,1,0,184.6638,-0.193518533,-0.023148148,0,0,0,0,24,24,7,1,a,Il paziente ha preso il Batatrim,Il paziente ha superato la crisi,,,,,,,,,,,,,,,,,,,,,,,,,,,,,,,,,,,,,,,,,,,,,,,,,,,,,,,,,,,,,,,,,,,,,,,,,,,,,,,,,,,,,,,
,,,,,,,,[(%PROLIFIC_PID,1,2025-05-08_11h28.15.384,CLTandFLE,2024.1.5,Win32,59.52380952,609426371c5045e101d5647a,67ffc4c40efe1bd1090b10ee,681c791f0ed1d3d75ff839a7,,,,,,,,,,,,,,,,,,,,,,,,,,,,,,,,,,,,,,,,,,,232.52,236.6866,4.1666,1,0,188.8304,-0.193518533,-0.023148148,0,0,0,0,25,25,25,1,c,Il paziente non ha preso il Batatrim,Il paziente ha superato la crisi,,,,,,,,,,,,,,,,,,,,,,,,,,,,,,,,,,,,,,,,,,,,,,,,,,,,,,,,,,,,,,,,,,,,,,,,,,,,,,,,,,,,,,,
,,,,,,,,[(%PROLIFIC_PID,1,2025-05-08_11h28.15.384,CLTandFLE,2024.1.5,Win32,59.52380952,609426371c5045e101d5647a,67ffc4c40efe1bd1090b10ee,681c791f0ed1d3d75ff839a7,,,,,,,,,,,,,,,,,,,,,,,,,,,,,,,,,,,,,,,,,,,236.6868,240.542,3.855,0,1,192.6854,0.199999986,-0.035185178,0,0,0,0,26,26,10,1,a,Il paziente ha preso il Batatrim,Il paziente ha superato la crisi,,,,,,,,,,,,,,,,,,,,,,,,,,,,,,,,,,,,,,,,,,,,,,,,,,,,,,,,,,,,,,,,,,,,,,,,,,,,,,,,,,,,,,,
,,,,,,,,[(%PROLIFIC_PID,1,2025-05-08_11h28.15.384,CLTandFLE,2024.1.5,Win32,59.52380952,609426371c5045e101d5647a,67ffc4c40efe1bd1090b10ee,681c791f0ed1d3d75ff839a7,,,,,,,,,,,,,,,,,,,,,,,,,,,,,,,,,,,,,,,,,,,240.5423,244.4431,3.9007,0,1,196.5861,0.199999986,-0.035185178,0,0,0,0,27,27,30,1,c,Il paziente non ha preso il Batatrim,Il paziente ha superato la crisi,,,,,,,,,,,,,,,,,,,,,,,,,,,,,,,,,,,,,,,,,,,,,,,,,,,,,,,,,,,,,,,,,,,,,,,,,,,,,,,,,,,,,,,
,,,,,,,,[(%PROLIFIC_PID,1,2025-05-08_11h28.15.384,CLTandFLE,2024.1.5,Win32,59.52380952,609426371c5045e101d5647a,67ffc4c40efe1bd1090b10ee,681c791f0ed1d3d75ff839a7,,,,,,,,,,,,,,,,,,,,,,,,,,,,,,,,,,,,,,,,,,,244.4433,248.3437,3.9002,0,1,200.4863,0.199999986,-0.035185178,0,0,0,0,28,28,3,1,a,Il paziente ha preso il Batatrim,Il paziente ha superato la crisi,,,,,,,,,,,,,,,,,,,,,,,,,,,,,,,,,,,,,,,,,,,,,,,,,,,,,,,,,,,,,,,,,,,,,,,,,,,,,,,,,,,,,,,
,,,,,,,,[(%PROLIFIC_PID,1,2025-05-08_11h28.15.384,CLTandFLE,2024.1.5,Win32,59.52380952,609426371c5045e101d5647a,67ffc4c40efe1bd1090b10ee,681c791f0ed1d3d75ff839a7,,,,,,,,,,,,,,,,,,,,,,,,,,,,,,,,,,,,,,,,,,,248.344,252.1881,3.844,0,1,204.3303,0.061111097,-0.037037037,0,0,0,0,29,29,2,1,a,Il paziente ha preso il Batatrim,Il paziente ha superato la crisi,,,,,,,,,,,,,,,,,,,,,,,,,,,,,,,,,,,,,,,,,,,,,,,,,,,,,,,,,,,,,,,,,,,,,,,,,,,,,,,,,,,,,,,
,,,,,,,,[(%PROLIFIC_PID,1,2025-05-08_11h28.15.384,CLTandFLE,2024.1.5,Win32,59.52380952,609426371c5045e101d5647a,67ffc4c40efe1bd1090b10ee,681c791f0ed1d3d75ff839a7,,,,,,,,,,,,,,,,,,,,,,,,,,,,,,,,,,,,,,,,,,,252.1883,256.0355,3.8472,1,0,208.1775,0.163888931,-0.038888896,0,0,0,0,30,30,27,1,c,Il paziente non ha preso il Batatrim,Il paziente ha superato la crisi,,,,,,,,,,,,,,,,,,,,,,,,,,,,,,,,,,,,,,,,,,,,,,,,,,,,,,,,,,,,,,,,,,,,,,,,,,,,,,,,,,,,,,,
,,,,,,,,[(%PROLIFIC_PID,1,2025-05-08_11h28.15.384,CLTandFLE,2024.1.5,Win32,59.52380952,609426371c5045e101d5647a,67ffc4c40efe1bd1090b10ee,681c791f0ed1d3d75ff839a7,,,,,,,,,,,,,,,,,,,,,,,,,,,,,,,,,,,,,,,,,,,256.0358,259.9355,3.8996,0,1,212.0771,0.146296325,-0.038888896,0,0,0,0,31,31,15,1,b,Il paziente ha preso il Batatrim,Il paziente non ha superato la crisi,,,,,,,,,,,,,,,,,,,,,,,,,,,,,,,,,,,,,,,,,,,,,,,,,,,,,,,,,,,,,,,,,,,,,,,,,,,,,,,,,,,,,,,
,,,,,,,,[(%PROLIFIC_PID,1,2025-05-08_11h28.15.384,CLTandFLE,2024.1.5,Win32,59.52380952,609426371c5045e101d5647a,67ffc4c40efe1bd1090b10ee,681c791f0ed1d3d75ff839a7,,,,,,,,,,,,,,,,,,,,,,,,,,,,,,,,,,,,,,,,,,,259.9358,263.8354,3.8995,1,0,215.9766,0.164814843,-0.024074095,0,0,0,0,32,32,13,1,a,Il paziente ha preso il Batatrim,Il paziente ha superato la crisi,,,,,,,,,,,,,,,,,,,,,,,,,,,,,,,,,,,,,,,,,,,,,,,,,,,,,,,,,,,,,,,,,,,,,,,,,,,,,,,,,,,,,,,
,,,,,,,,[(%PROLIFIC_PID,1,2025-05-08_11h28.15.384,CLTandFLE,2024.1.5,Win32,59.52380952,609426371c5045e101d5647a,67ffc4c40efe1bd1090b10ee,681c791f0ed1d3d75ff839a7,,,,,,,,,,,,,,,,,,,,,,,,,,,,,,,,,,,,,,,,,,,263.8356,267.8184,3.9827,0,1,219.9593,-0.172222208,-0.044444437,0,0,0,0,33,33,1,1,a,Il paziente ha preso il Batatrim,Il paziente ha superato la crisi,,,,,,,,,,,,,,,,,,,,,,,,,,,,,,,,,,,,,,,,,,,,,,,,,,,,,,,,,,,,,,,,,,,,,,,,,,,,,,,,,,,,,,,
,,,,,,,,[(%PROLIFIC_PID,1,2025-05-08_11h28.15.384,CLTandFLE,2024.1.5,Win32,59.52380952,609426371c5045e101d5647a,67ffc4c40efe1bd1090b10ee,681c791f0ed1d3d75ff839a7,,,,,,,,,,,,,,,,,,,,,,,,,,,,,,,,,,,,,,,,,,,267.8185,271.6651,3.8463,1,0,223.8056,-0.184259273,-0.046296296,0,0,0,0,34,34,5,1,a,Il paziente ha preso il Batatrim,Il paziente ha superato la crisi,,,,,,,,,,,,,,,,,,,,,,,,,,,,,,,,,,,,,,,,,,,,,,,,,,,,,,,,,,,,,,,,,,,,,,,,,,,,,,,,,,,,,,,
,,,,,,,,[(%PROLIFIC_PID,1,2025-05-08_11h28.15.384,CLTandFLE,2024.1.5,Win32,59.52380952,609426371c5045e101d5647a,67ffc4c40efe1bd1090b10ee,681c791f0ed1d3d75ff839a7,,,,,,,,,,,,,,,,,,,,,,,,,,,,,,,,,,,,,,,,,,,271.6656,279.9844,8.3186,1,0,232.1242,-0.138888889,-0.020370377,0,0,0,0,35,35,4,1,a,Il paziente ha preso il Batatrim,Il paziente ha superato la crisi,,,,,,,,,,,,,,,,,,,,,,,,,,,,,,,,,,,,,,,,,,,,,,,,,,,,,,,,,,,,,,,,,,,,,,,,,,,,,,,,,,,,,,,
,,,,,,,,[(%PROLIFIC_PID,1,2025-05-08_11h28.15.384,CLTandFLE,2024.1.5,Win32,59.52380952,609426371c5045e101d5647a,67ffc4c40efe1bd1090b10ee,681c791f0ed1d3d75ff839a7,,,,,,,,,,,,,,,,,,,,,,,,,,,,,,,,,,,,,,,,,,,279.9846,285.001,5.0162,1,0,237.1404,0.148148148,-0.047222243,0,0,0,0,36,36,19,1,b,Il paziente ha preso il Batatrim,Il paziente non ha superato la crisi,,,,,,,,,,,,,,,,,,,,,,,,,,,,,,,,,,,,,,,,,,,,,,,,,,,,,,,,,,,,,,,,,,,,,,,,,,,,,,,,,,,,,,,
,,,,,,,,[(%PROLIFIC_PID,1,2025-05-08_11h28.15.384,CLTandFLE,2024.1.5,Win32,59.52380952,609426371c5045e101d5647a,67ffc4c40efe1bd1090b10ee,681c791f0ed1d3d75ff839a7,,,,,,,,,,,,,,,,,,,,,,,,,,,,,,,,,,,,,,,,,,,285.0011,289.1044,4.1031,0,1,241.2435,-0.150925884,-0.046296296,0,0,0,0,37,37,6,1,a,Il paziente ha preso il Batatrim,Il paziente ha superato la crisi,,,,,,,,,,,,,,,,,,,,,,,,,,,,,,,,,,,,,,,,,,,,,,,,,,,,,,,,,,,,,,,,,,,,,,,,,,,,,,,,,,,,,,,
,,,,,,,,[(%PROLIFIC_PID,1,2025-05-08_11h28.15.384,CLTandFLE,2024.1.5,Win32,59.52380952,609426371c5045e101d5647a,67ffc4c40efe1bd1090b10ee,681c791f0ed1d3d75ff839a7,,,,,,,,,,,,,,,,,,,,,,,,,,,,,,,,,,,,,,,,,,,289.1047,292.9673,3.8625,1,0,245.106,-0.150925884,-0.046296296,0,0,0,0,38,38,37,1,d,Il paziente non ha preso il Batatrim,Il paziente non ha superato la crisi,,,,,,,,,,,,,,,,,,,,,,,,,,,,,,,,,,,,,,,,,,,,,,,,,,,,,,,,,,,,,,,,,,,,,,,,,,,,,,,,,,,,,,,
,,,,,,,,[(%PROLIFIC_PID,1,2025-05-08_11h28.15.384,CLTandFLE,2024.1.5,Win32,59.52380952,609426371c5045e101d5647a,67ffc4c40efe1bd1090b10ee,681c791f0ed1d3d75ff839a7,,,,,,,,,,,,,,,,,,,,,,,,,,,,,,,,,,,,,,,,,,,292.9675,296.8335,3.8659,1,0,248.9719,-0.150925884,-0.046296296,0,0,0,0,39,39,22,1,c,Il paziente non ha preso il Batatrim,Il paziente ha superato la crisi,,,,,,,,,,,,,,,,,,,,,,,,,,,,,,,,,,,,,,,,,,,,,,,,,,,,,,,,,,,,,,,,,,,,,,,,,,,,,,,,,,,,,,,
,,,,,,,,[(%PROLIFIC_PID,1,2025-05-08_11h28.15.384,CLTandFLE,2024.1.5,Win32,59.52380952,609426371c5045e101d5647a,67ffc4c40efe1bd1090b10ee,681c791f0ed1d3d75ff839a7,,325.6578,326.6502,,,,,,,,,,,,,,,,,,,,,,,,,,,,,,,,,,,,,,,,,,,,,,,,,,,,,,,,,,,297.8344,315.5849,17.7489,78,15.7621,0.029629672,-0.209259245,1,0,0,316.585,325.6577,9.0722,95,8.387,0.015740783,-0.17777782,1,0,0,18,7,7,10,0,0,0,0,1,,,,,,,,,,,,,,,,,,,,,,,,,,,,,,,,,,,,,,,,,,,,,,,,,,,,,,,,,,
,,,,,,,,[(%PROLIFIC_PID,1,2025-05-08_11h28.15.384,CLTandFLE,2024.1.5,Win32,59.52380952,609426371c5045e101d5647a,67ffc4c40efe1bd1090b10ee,681c791f0ed1d3d75ff839a7,,452.9997,453.9935,,,,,,,,,,,,,,,,,,,,,,,,,,,,,,,,,,,,,,,,,,,,,,,,,,,,,,,,,,,,,,,,,,,,,,,,,,,,,,,,,,,,,,,,373.9977,379.53,5.5321,2,3.7292,-0.046296296,-0.219444487,1,0,0,25,Maschio,No,18,"Sì, l'ho ottenuta più di due anni fa",B2 CEFR (5.5 - 6 IELTS),TRUE,FALSE,10,9,8,6,7,FALSE,Conferma,c1ok,c2ok,c3ok,c4ok,c5ok,c6ok,c7ok,c8ok,c9ok,c10ok,c11ok,c12err,c13err3,c14err,c15err3,c16err,c17err,c18err3,c19ok,c20err3,c21err3,c22err2,c23err,c24ok,c25err2,c26err2,552.6503,558.8843,0,0,0,0,1
