﻿Alfa.started,Alfa.stopped,alfa_mouse.x,alfa_mouse.y,alfa_mouse.leftButton,alfa_mouse.midButton,alfa_mouse.rightButton,alfa_mouse.clicked_name,participant,group,date,expName,psychopyVersion,OS,frameRate,PROLIFIC_PID,STUDY_ID,SESSION_ID,)],ITI.started,ITI.stopped,B_consensoinformato.started,B_consensoinformato.stopped,tempo_consenso,cons_mouse.x,cons_mouse.y,cons_mouse.leftButton,cons_mouse.midButton,cons_mouse.rightButton,A_benvenuto.started,A_benvenuto.stopped,ben_mouse.x,ben_mouse.y,ben_mouse.leftButton,ben_mouse.midButton,ben_mouse.rightButton,B2_istruzioni.started,B2_istruzioni.stopped,tempo_istru,cons_mouse_2.x,cons_mouse_2.y,cons_mouse_2.leftButton,cons_mouse_2.midButton,cons_mouse_2.rightButton,SAMevaluation.started,SAMevaluation.stopped,temposam,sliderintensity.response,sliderintensity.rt,slidervalence.response,slidervalence.rt,mouse_sam.x,mouse_sam.y,mouse_sam.leftButton,mouse_sam.midButton,mouse_sam.rightButton,mouse_sam.time,mouse_sam.clicked_name,Loading.started,Loading.stopped,C_associative_task.started,C_associative_task.stopped,tempo_trial,hapremutosi,hapremutono,tempo_tasktot,mouse.x,mouse.y,mouse.leftButton,mouse.midButton,mouse.rightButton,trials.thisRepN,trials.thisTrialN,trials.thisN,trials.thisIndex,trials.ran,cond,causa,effetto,D_VD.started,D_VD.stopped,tempo_vd,vd.response,vd.rt,mouse_vd.x,mouse_vd.y,mouse_vd.leftButton,mouse_vd.midButton,mouse_vd.rightButton,Previous.started,Previous.stopped,tempo_vd1,previous.response,previous.rt,mouse_vd_2.x,mouse_vd_2.y,mouse_vd_2.leftButton,mouse_vd_2.midButton,mouse_vd_2.rightButton,EstENG.TrialNS,EstENG.TrialSS,EstENG.TrialNN,EstENG.TrialSN,ingesta.thisRepN,ingesta.thisTrialN,ingesta.thisN,ingesta.thisIndex,ingesta.ran,PF.started,PF.stopped,tempo_pf,processfluency.response,processfluency.rt,mouse_ch.x,mouse_ch.y,mouse_ch.leftButton,mouse_ch.midButton,mouse_ch.rightButton,Questionario_Lingua.Age,Questionario_Lingua.Sesso,Questionario_Lingua.StaiStudiando?,Questionario_Lingua.Anniscolarita,Questionario_Lingua.Diploma,Questionario_Lingua.ItaMADRE?,Questionario_Lingua.INGmadre?,Questionario_Lingua.Q5(AOAIng),Questionario_Lingua.INGLETTURA,Questionario_Lingua.INGCOMPRESO,Questionario_Lingua.INGSCRITTO,Questionario_Lingua.INGPARLATO,Questionario_Lingua.haivissutoestero,ProvaInglese.ProcediamoENg,ProvaInglese.C1,ProvaInglese.C2,ProvaInglese.C3,ProvaInglese.C4,ProvaInglese.C5,ProvaInglese.C6,ProvaInglese.C7,ProvaInglese.C8,ProvaInglese.C9,ProvaInglese.C10,ProvaInglese.C11,ProvaInglese.C12,ProvaInglese.C13,ProvaInglese.C14,ProvaInglese.C15,ProvaInglese.C16,ProvaInglese.C17,ProvaInglese.C18,ProvaInglese.C19,ProvaInglese.C20,ProvaInglese.C21,ProvaInglese.C22,ProvaInglese.C23,ProvaInglese.C24,ProvaInglese.C25,ProvaInglese.controlquestion,Ant_lastquestion.started,Ant_lastquestion.stopped,exp_loop.thisRepN,exp_loop.thisTrialN,exp_loop.thisN,exp_loop.thisIndex,exp_loop.ran
0.0002,6.6454,-0.011111111,-0.003703704,1,0,0,alfa_mask,[(%PROLIFIC_PID,2,2025-04-17_14h04.37.463,CLTandFLE,2024.1.5,Win32,75.18796992,5aa5b170f6dfdd0001eafbe2,67ffc4c40efe1bd1090b10ee,6800edb23996c67ce199e1b9,,,,,,,,,,,,,,,,,,,,,,,,,,,,,,,,,,,,,,,,,,,,,,,,,,,,,,,,,,,,,,,,,,,,,,,,,,,,,,,,,,,,,,,,,,,,,,,,,,,,,,,,,,,,,,,,,,,,,,,,,,,,,,,,,,,,,,,,,,,,,,,,,,,
,,,,,,,,[(%PROLIFIC_PID,2,2025-04-17_14h04.37.463,CLTandFLE,2024.1.5,Win32,75.18796992,5aa5b170f6dfdd0001eafbe2,67ffc4c40efe1bd1090b10ee,6800edb23996c67ce199e1b9,,6.6464,7.4417,,,,,,,,,,,,,,,,,,,,,,,,,,,,,,,,,,,,,,,,,,,,,,,,,,,,,,,,,,,,,,,,,,,,,,,,,,,,,,,,,,,,,,,,,,,,,,,,,,,,,,,,,,,,,,,,,,,,,,,,,,,,,,,,,,,,,,,,,,,,,,,,
,,,,,,,,[(%PROLIFIC_PID,2,2025-04-17_14h04.37.463,CLTandFLE,2024.1.5,Win32,75.18796992,5aa5b170f6dfdd0001eafbe2,67ffc4c40efe1bd1090b10ee,6800edb23996c67ce199e1b9,,,,7.442,24.4614,17.0186,0.174074074,-0.394444444,1,0,0,,,,,,,,,,,,,,,,,,,,,,,,,,,,,,,,,,,,,,,,,,,,,,,,,,,,,,,,,,,,,,,,,,,,,,,,,,,,,,,,,,,,,,,,,,,,,,,,,,,,,,,,,,,,,,,,,,,,,,,,,,,,,,,,,,,,,,,,
,,,,,,,,[(%PROLIFIC_PID,2,2025-04-17_14h04.37.463,CLTandFLE,2024.1.5,Win32,75.18796992,5aa5b170f6dfdd0001eafbe2,67ffc4c40efe1bd1090b10ee,6800edb23996c67ce199e1b9,,136.4486,137.2487,,,,,,,,,25.2617,27.6492,0.001851852,-0.1,1,0,0,28.4492,103.5171,75.0671,-0.018518519,-0.390740741,1,0,0,104.3178,128.6462,24.3278,0.686342593,12.5061,0.256944444,14.4113,"[0.007407407407407408,-0.016666666666666666,-0.018518518518518517]","[0.2,-0.005555555555555556,-0.21203703703703702]","[1,1,1]","[0,0,0]","[0,0,0]","[10.185999999999993,13.346699999988076,24.310799999982123]","[""sliderintensity"",""rettoksam""]",129.4463,136.4486,137.2732,150.8697,13.5958,0,1,13.5958,0.040740741,0.016666667,0,0,0,0,0,0,21,1,c,The patient has not taken Batatrim,The patient has overcome the crisis,,,,,,,,,,,,,,,,,,,,,,,,,,,,,,,,,,,,,,,,,,,,,,,,,,,,,,,,,,,,,,,,,,,,,,,,,,,,,,,,,,,,,,
,,,,,,,,[(%PROLIFIC_PID,2,2025-04-17_14h04.37.463,CLTandFLE,2024.1.5,Win32,75.18796992,5aa5b170f6dfdd0001eafbe2,67ffc4c40efe1bd1090b10ee,6800edb23996c67ce199e1b9,,,,,,,,,,,,,,,,,,,,,,,,,,,,,,,,,,,,,,,,,,,150.8704,157.9154,7.0447,0,1,20.6405,0.064814815,0.061111111,0,0,0,0,1,1,28,1,c,The patient has not taken Batatrim,The patient has overcome the crisis,,,,,,,,,,,,,,,,,,,,,,,,,,,,,,,,,,,,,,,,,,,,,,,,,,,,,,,,,,,,,,,,,,,,,,,,,,,,,,,,,,,,,,
,,,,,,,,[(%PROLIFIC_PID,2,2025-04-17_14h04.37.463,CLTandFLE,2024.1.5,Win32,75.18796992,5aa5b170f6dfdd0001eafbe2,67ffc4c40efe1bd1090b10ee,6800edb23996c67ce199e1b9,,,,,,,,,,,,,,,,,,,,,,,,,,,,,,,,,,,,,,,,,,,157.9159,163.1731,5.2571,1,0,25.8976,-0.039814815,0.010185185,0,0,0,0,2,2,31,1,c,The patient has not taken Batatrim,The patient has overcome the crisis,,,,,,,,,,,,,,,,,,,,,,,,,,,,,,,,,,,,,,,,,,,,,,,,,,,,,,,,,,,,,,,,,,,,,,,,,,,,,,,,,,,,,,
,,,,,,,,[(%PROLIFIC_PID,2,2025-04-17_14h04.37.463,CLTandFLE,2024.1.5,Win32,75.18796992,5aa5b170f6dfdd0001eafbe2,67ffc4c40efe1bd1090b10ee,6800edb23996c67ce199e1b9,,,,,,,,,,,,,,,,,,,,,,,,,,,,,,,,,,,,,,,,,,,163.1736,170.4057,7.2317,1,0,33.1293,-0.006481481,0.019444444,0,0,0,0,3,3,37,1,d,The patient has not taken Batatrim,The patient has not overcome the crisis,,,,,,,,,,,,,,,,,,,,,,,,,,,,,,,,,,,,,,,,,,,,,,,,,,,,,,,,,,,,,,,,,,,,,,,,,,,,,,,,,,,,,,
,,,,,,,,[(%PROLIFIC_PID,2,2025-04-17_14h04.37.463,CLTandFLE,2024.1.5,Win32,75.18796992,5aa5b170f6dfdd0001eafbe2,67ffc4c40efe1bd1090b10ee,6800edb23996c67ce199e1b9,,,,,,,,,,,,,,,,,,,,,,,,,,,,,,,,,,,,,,,,,,,170.4062,177.6705,7.264,1,0,40.3933,-0.051851852,-0.012962963,0,0,0,0,4,4,0,1,a,The patient has taken Batatrim,The patient has overcome the crisis,,,,,,,,,,,,,,,,,,,,,,,,,,,,,,,,,,,,,,,,,,,,,,,,,,,,,,,,,,,,,,,,,,,,,,,,,,,,,,,,,,,,,,
,,,,,,,,[(%PROLIFIC_PID,2,2025-04-17_14h04.37.463,CLTandFLE,2024.1.5,Win32,75.18796992,5aa5b170f6dfdd0001eafbe2,67ffc4c40efe1bd1090b10ee,6800edb23996c67ce199e1b9,,,,,,,,,,,,,,,,,,,,,,,,,,,,,,,,,,,,,,,,,,,177.671,184.1407,6.4695,1,0,46.8628,-0.02962963,0.033333333,0,0,0,0,5,5,13,1,a,The patient has taken Batatrim,The patient has overcome the crisis,,,,,,,,,,,,,,,,,,,,,,,,,,,,,,,,,,,,,,,,,,,,,,,,,,,,,,,,,,,,,,,,,,,,,,,,,,,,,,,,,,,,,,
,,,,,,,,[(%PROLIFIC_PID,2,2025-04-17_14h04.37.463,CLTandFLE,2024.1.5,Win32,75.18796992,5aa5b170f6dfdd0001eafbe2,67ffc4c40efe1bd1090b10ee,6800edb23996c67ce199e1b9,,,,,,,,,,,,,,,,,,,,,,,,,,,,,,,,,,,,,,,,,,,184.1413,190.9468,6.8053,1,0,53.6681,-0.026851852,0.019444444,0,0,0,0,6,6,9,1,a,The patient has taken Batatrim,The patient has overcome the crisis,,,,,,,,,,,,,,,,,,,,,,,,,,,,,,,,,,,,,,,,,,,,,,,,,,,,,,,,,,,,,,,,,,,,,,,,,,,,,,,,,,,,,,
,,,,,,,,[(%PROLIFIC_PID,2,2025-04-17_14h04.37.463,CLTandFLE,2024.1.5,Win32,75.18796992,5aa5b170f6dfdd0001eafbe2,67ffc4c40efe1bd1090b10ee,6800edb23996c67ce199e1b9,,,,,,,,,,,,,,,,,,,,,,,,,,,,,,,,,,,,,,,,,,,190.9471,196.5308,5.5834,0,1,59.2515,-0.091666667,0.031481481,0,0,0,0,7,7,39,1,d,The patient has not taken Batatrim,The patient has not overcome the crisis,,,,,,,,,,,,,,,,,,,,,,,,,,,,,,,,,,,,,,,,,,,,,,,,,,,,,,,,,,,,,,,,,,,,,,,,,,,,,,,,,,,,,,
,,,,,,,,[(%PROLIFIC_PID,2,2025-04-17_14h04.37.463,CLTandFLE,2024.1.5,Win32,75.18796992,5aa5b170f6dfdd0001eafbe2,67ffc4c40efe1bd1090b10ee,6800edb23996c67ce199e1b9,,,,,,,,,,,,,,,,,,,,,,,,,,,,,,,,,,,,,,,,,,,196.5313,204.3149,7.7833,1,0,67.0348,-0.102777778,-0.033333333,0,0,0,0,8,8,8,1,a,The patient has taken Batatrim,The patient has overcome the crisis,,,,,,,,,,,,,,,,,,,,,,,,,,,,,,,,,,,,,,,,,,,,,,,,,,,,,,,,,,,,,,,,,,,,,,,,,,,,,,,,,,,,,,
,,,,,,,,[(%PROLIFIC_PID,2,2025-04-17_14h04.37.463,CLTandFLE,2024.1.5,Win32,75.18796992,5aa5b170f6dfdd0001eafbe2,67ffc4c40efe1bd1090b10ee,6800edb23996c67ce199e1b9,,,,,,,,,,,,,,,,,,,,,,,,,,,,,,,,,,,,,,,,,,,204.3157,209.4605,5.1446,1,0,72.1794,-0.160185185,-0.050925926,0,0,0,0,9,9,10,1,a,The patient has taken Batatrim,The patient has overcome the crisis,,,,,,,,,,,,,,,,,,,,,,,,,,,,,,,,,,,,,,,,,,,,,,,,,,,,,,,,,,,,,,,,,,,,,,,,,,,,,,,,,,,,,,
,,,,,,,,[(%PROLIFIC_PID,2,2025-04-17_14h04.37.463,CLTandFLE,2024.1.5,Win32,75.18796992,5aa5b170f6dfdd0001eafbe2,67ffc4c40efe1bd1090b10ee,6800edb23996c67ce199e1b9,,,,,,,,,,,,,,,,,,,,,,,,,,,,,,,,,,,,,,,,,,,209.4608,217.4497,7.9887,0,1,80.1681,-0.008333333,0.014814815,0,0,0,0,10,10,36,1,d,The patient has not taken Batatrim,The patient has not overcome the crisis,,,,,,,,,,,,,,,,,,,,,,,,,,,,,,,,,,,,,,,,,,,,,,,,,,,,,,,,,,,,,,,,,,,,,,,,,,,,,,,,,,,,,,
,,,,,,,,[(%PROLIFIC_PID,2,2025-04-17_14h04.37.463,CLTandFLE,2024.1.5,Win32,75.18796992,5aa5b170f6dfdd0001eafbe2,67ffc4c40efe1bd1090b10ee,6800edb23996c67ce199e1b9,,,,,,,,,,,,,,,,,,,,,,,,,,,,,,,,,,,,,,,,,,,217.4502,223.694,6.2433,1,0,86.4114,-0.051851852,0.001851852,0,0,0,0,11,11,1,1,a,The patient has taken Batatrim,The patient has overcome the crisis,,,,,,,,,,,,,,,,,,,,,,,,,,,,,,,,,,,,,,,,,,,,,,,,,,,,,,,,,,,,,,,,,,,,,,,,,,,,,,,,,,,,,,
,,,,,,,,[(%PROLIFIC_PID,2,2025-04-17_14h04.37.463,CLTandFLE,2024.1.5,Win32,75.18796992,5aa5b170f6dfdd0001eafbe2,67ffc4c40efe1bd1090b10ee,6800edb23996c67ce199e1b9,,,,,,,,,,,,,,,,,,,,,,,,,,,,,,,,,,,,,,,,,,,223.6942,230.1744,6.48,0,1,92.8914,-0.125,0.072222222,0,0,0,0,12,12,32,1,c,The patient has not taken Batatrim,The patient has overcome the crisis,,,,,,,,,,,,,,,,,,,,,,,,,,,,,,,,,,,,,,,,,,,,,,,,,,,,,,,,,,,,,,,,,,,,,,,,,,,,,,,,,,,,,,
,,,,,,,,[(%PROLIFIC_PID,2,2025-04-17_14h04.37.463,CLTandFLE,2024.1.5,Win32,75.18796992,5aa5b170f6dfdd0001eafbe2,67ffc4c40efe1bd1090b10ee,6800edb23996c67ce199e1b9,,,,,,,,,,,,,,,,,,,,,,,,,,,,,,,,,,,,,,,,,,,230.1748,234.8291,4.654,1,0,97.5454,-0.064814815,0.002777778,0,0,0,0,13,13,25,1,c,The patient has not taken Batatrim,The patient has overcome the crisis,,,,,,,,,,,,,,,,,,,,,,,,,,,,,,,,,,,,,,,,,,,,,,,,,,,,,,,,,,,,,,,,,,,,,,,,,,,,,,,,,,,,,,
,,,,,,,,[(%PROLIFIC_PID,2,2025-04-17_14h04.37.463,CLTandFLE,2024.1.5,Win32,75.18796992,5aa5b170f6dfdd0001eafbe2,67ffc4c40efe1bd1090b10ee,6800edb23996c67ce199e1b9,,,,,,,,,,,,,,,,,,,,,,,,,,,,,,,,,,,,,,,,,,,234.8294,239.6438,4.8141,1,0,102.3595,0.002777778,-0.019444444,0,0,0,0,14,14,30,1,c,The patient has not taken Batatrim,The patient has overcome the crisis,,,,,,,,,,,,,,,,,,,,,,,,,,,,,,,,,,,,,,,,,,,,,,,,,,,,,,,,,,,,,,,,,,,,,,,,,,,,,,,,,,,,,,
,,,,,,,,[(%PROLIFIC_PID,2,2025-04-17_14h04.37.463,CLTandFLE,2024.1.5,Win32,75.18796992,5aa5b170f6dfdd0001eafbe2,67ffc4c40efe1bd1090b10ee,6800edb23996c67ce199e1b9,,,,,,,,,,,,,,,,,,,,,,,,,,,,,,,,,,,,,,,,,,,239.6442,244.3784,4.7336,1,0,107.0931,-0.030555556,-0.008333333,0,0,0,0,15,15,33,1,c,The patient has not taken Batatrim,The patient has overcome the crisis,,,,,,,,,,,,,,,,,,,,,,,,,,,,,,,,,,,,,,,,,,,,,,,,,,,,,,,,,,,,,,,,,,,,,,,,,,,,,,,,,,,,,,
,,,,,,,,[(%PROLIFIC_PID,2,2025-04-17_14h04.37.463,CLTandFLE,2024.1.5,Win32,75.18796992,5aa5b170f6dfdd0001eafbe2,67ffc4c40efe1bd1090b10ee,6800edb23996c67ce199e1b9,,,,,,,,,,,,,,,,,,,,,,,,,,,,,,,,,,,,,,,,,,,244.3788,249.6915,5.3125,1,0,112.4056,-0.087962963,-0.036111111,0,0,0,0,16,16,15,1,b,The patient has taken Batatrim,The patient has not overcome the crisis,,,,,,,,,,,,,,,,,,,,,,,,,,,,,,,,,,,,,,,,,,,,,,,,,,,,,,,,,,,,,,,,,,,,,,,,,,,,,,,,,,,,,,
,,,,,,,,[(%PROLIFIC_PID,2,2025-04-17_14h04.37.463,CLTandFLE,2024.1.5,Win32,75.18796992,5aa5b170f6dfdd0001eafbe2,67ffc4c40efe1bd1090b10ee,6800edb23996c67ce199e1b9,,,,,,,,,,,,,,,,,,,,,,,,,,,,,,,,,,,,,,,,,,,249.6918,254.9112,5.2192,1,0,117.6248,-0.044444444,-0.008333333,0,0,0,0,17,17,19,1,b,The patient has taken Batatrim,The patient has not overcome the crisis,,,,,,,,,,,,,,,,,,,,,,,,,,,,,,,,,,,,,,,,,,,,,,,,,,,,,,,,,,,,,,,,,,,,,,,,,,,,,,,,,,,,,,
,,,,,,,,[(%PROLIFIC_PID,2,2025-04-17_14h04.37.463,CLTandFLE,2024.1.5,Win32,75.18796992,5aa5b170f6dfdd0001eafbe2,67ffc4c40efe1bd1090b10ee,6800edb23996c67ce199e1b9,,,,,,,,,,,,,,,,,,,,,,,,,,,,,,,,,,,,,,,,,,,254.9116,259.48,4.5681,0,1,122.1929,-0.000925926,0.003703704,0,0,0,0,18,18,2,1,a,The patient has taken Batatrim,The patient has overcome the crisis,,,,,,,,,,,,,,,,,,,,,,,,,,,,,,,,,,,,,,,,,,,,,,,,,,,,,,,,,,,,,,,,,,,,,,,,,,,,,,,,,,,,,,
,,,,,,,,[(%PROLIFIC_PID,2,2025-04-17_14h04.37.463,CLTandFLE,2024.1.5,Win32,75.18796992,5aa5b170f6dfdd0001eafbe2,67ffc4c40efe1bd1090b10ee,6800edb23996c67ce199e1b9,,,,,,,,,,,,,,,,,,,,,,,,,,,,,,,,,,,,,,,,,,,259.4803,265.8289,6.3483,0,1,128.5412,-0.022222222,-0.021296296,0,0,0,0,19,19,29,1,c,The patient has not taken Batatrim,The patient has overcome the crisis,,,,,,,,,,,,,,,,,,,,,,,,,,,,,,,,,,,,,,,,,,,,,,,,,,,,,,,,,,,,,,,,,,,,,,,,,,,,,,,,,,,,,,
,,,,,,,,[(%PROLIFIC_PID,2,2025-04-17_14h04.37.463,CLTandFLE,2024.1.5,Win32,75.18796992,5aa5b170f6dfdd0001eafbe2,67ffc4c40efe1bd1090b10ee,6800edb23996c67ce199e1b9,,,,,,,,,,,,,,,,,,,,,,,,,,,,,,,,,,,,,,,,,,,265.8294,271.3457,5.5159,1,0,134.0571,-0.160185185,-0.033333333,0,0,0,0,20,20,7,1,a,The patient has taken Batatrim,The patient has overcome the crisis,,,,,,,,,,,,,,,,,,,,,,,,,,,,,,,,,,,,,,,,,,,,,,,,,,,,,,,,,,,,,,,,,,,,,,,,,,,,,,,,,,,,,,
,,,,,,,,[(%PROLIFIC_PID,2,2025-04-17_14h04.37.463,CLTandFLE,2024.1.5,Win32,75.18796992,5aa5b170f6dfdd0001eafbe2,67ffc4c40efe1bd1090b10ee,6800edb23996c67ce199e1b9,,,,,,,,,,,,,,,,,,,,,,,,,,,,,,,,,,,,,,,,,,,271.346,277.1289,5.7824,0,1,139.8395,-0.088888889,-0.038888889,0,0,0,0,21,21,24,1,c,The patient has not taken Batatrim,The patient has overcome the crisis,,,,,,,,,,,,,,,,,,,,,,,,,,,,,,,,,,,,,,,,,,,,,,,,,,,,,,,,,,,,,,,,,,,,,,,,,,,,,,,,,,,,,,
,,,,,,,,[(%PROLIFIC_PID,2,2025-04-17_14h04.37.463,CLTandFLE,2024.1.5,Win32,75.18796992,5aa5b170f6dfdd0001eafbe2,67ffc4c40efe1bd1090b10ee,6800edb23996c67ce199e1b9,,,,,,,,,,,,,,,,,,,,,,,,,,,,,,,,,,,,,,,,,,,277.1294,283.6739,6.5443,1,0,146.3838,-0.171296296,-0.037037037,0,0,0,0,22,22,17,1,b,The patient has taken Batatrim,The patient has not overcome the crisis,,,,,,,,,,,,,,,,,,,,,,,,,,,,,,,,,,,,,,,,,,,,,,,,,,,,,,,,,,,,,,,,,,,,,,,,,,,,,,,,,,,,,,
,,,,,,,,[(%PROLIFIC_PID,2,2025-04-17_14h04.37.463,CLTandFLE,2024.1.5,Win32,75.18796992,5aa5b170f6dfdd0001eafbe2,67ffc4c40efe1bd1090b10ee,6800edb23996c67ce199e1b9,,,,,,,,,,,,,,,,,,,,,,,,,,,,,,,,,,,,,,,,,,,283.6743,289.59,5.9155,1,0,152.2993,-0.171296296,-0.037037037,0,0,0,0,23,23,4,1,a,The patient has taken Batatrim,The patient has overcome the crisis,,,,,,,,,,,,,,,,,,,,,,,,,,,,,,,,,,,,,,,,,,,,,,,,,,,,,,,,,,,,,,,,,,,,,,,,,,,,,,,,,,,,,,
,,,,,,,,[(%PROLIFIC_PID,2,2025-04-17_14h04.37.463,CLTandFLE,2024.1.5,Win32,75.18796992,5aa5b170f6dfdd0001eafbe2,67ffc4c40efe1bd1090b10ee,6800edb23996c67ce199e1b9,,,,,,,,,,,,,,,,,,,,,,,,,,,,,,,,,,,,,,,,,,,289.5903,295.1215,5.5308,1,0,157.8301,-0.013888889,-0.023148148,0,0,0,0,24,24,6,1,a,The patient has taken Batatrim,The patient has overcome the crisis,,,,,,,,,,,,,,,,,,,,,,,,,,,,,,,,,,,,,,,,,,,,,,,,,,,,,,,,,,,,,,,,,,,,,,,,,,,,,,,,,,,,,,
,,,,,,,,[(%PROLIFIC_PID,2,2025-04-17_14h04.37.463,CLTandFLE,2024.1.5,Win32,75.18796992,5aa5b170f6dfdd0001eafbe2,67ffc4c40efe1bd1090b10ee,6800edb23996c67ce199e1b9,,,,,,,,,,,,,,,,,,,,,,,,,,,,,,,,,,,,,,,,,,,295.1218,299.6986,4.5766,0,1,162.4067,-0.034259259,-0.026851852,0,0,0,0,25,25,20,1,c,The patient has not taken Batatrim,The patient has overcome the crisis,,,,,,,,,,,,,,,,,,,,,,,,,,,,,,,,,,,,,,,,,,,,,,,,,,,,,,,,,,,,,,,,,,,,,,,,,,,,,,,,,,,,,,
,,,,,,,,[(%PROLIFIC_PID,2,2025-04-17_14h04.37.463,CLTandFLE,2024.1.5,Win32,75.18796992,5aa5b170f6dfdd0001eafbe2,67ffc4c40efe1bd1090b10ee,6800edb23996c67ce199e1b9,,,,,,,,,,,,,,,,,,,,,,,,,,,,,,,,,,,,,,,,,,,299.6991,303.983,4.2837,1,0,166.6904,-0.073148148,-0.042592593,0,0,0,0,26,26,26,1,c,The patient has not taken Batatrim,The patient has overcome the crisis,,,,,,,,,,,,,,,,,,,,,,,,,,,,,,,,,,,,,,,,,,,,,,,,,,,,,,,,,,,,,,,,,,,,,,,,,,,,,,,,,,,,,,
,,,,,,,,[(%PROLIFIC_PID,2,2025-04-17_14h04.37.463,CLTandFLE,2024.1.5,Win32,75.18796992,5aa5b170f6dfdd0001eafbe2,67ffc4c40efe1bd1090b10ee,6800edb23996c67ce199e1b9,,,,,,,,,,,,,,,,,,,,,,,,,,,,,,,,,,,,,,,,,,,303.9834,309.2365,5.2529,1,0,171.9433,-0.184259259,-0.056481481,0,0,0,0,27,27,16,1,b,The patient has taken Batatrim,The patient has not overcome the crisis,,,,,,,,,,,,,,,,,,,,,,,,,,,,,,,,,,,,,,,,,,,,,,,,,,,,,,,,,,,,,,,,,,,,,,,,,,,,,,,,,,,,,,
,,,,,,,,[(%PROLIFIC_PID,2,2025-04-17_14h04.37.463,CLTandFLE,2024.1.5,Win32,75.18796992,5aa5b170f6dfdd0001eafbe2,67ffc4c40efe1bd1090b10ee,6800edb23996c67ce199e1b9,,,,,,,,,,,,,,,,,,,,,,,,,,,,,,,,,,,,,,,,,,,309.237,314.0351,4.7978,1,0,176.7411,-0.172222222,-0.039814815,0,0,0,0,28,28,3,1,a,The patient has taken Batatrim,The patient has overcome the crisis,,,,,,,,,,,,,,,,,,,,,,,,,,,,,,,,,,,,,,,,,,,,,,,,,,,,,,,,,,,,,,,,,,,,,,,,,,,,,,,,,,,,,,
,,,,,,,,[(%PROLIFIC_PID,2,2025-04-17_14h04.37.463,CLTandFLE,2024.1.5,Win32,75.18796992,5aa5b170f6dfdd0001eafbe2,67ffc4c40efe1bd1090b10ee,6800edb23996c67ce199e1b9,,,,,,,,,,,,,,,,,,,,,,,,,,,,,,,,,,,,,,,,,,,314.0356,318.8859,4.8499,1,0,181.591,-0.172222222,-0.039814815,0,0,0,0,29,29,12,1,a,The patient has taken Batatrim,The patient has overcome the crisis,,,,,,,,,,,,,,,,,,,,,,,,,,,,,,,,,,,,,,,,,,,,,,,,,,,,,,,,,,,,,,,,,,,,,,,,,,,,,,,,,,,,,,
,,,,,,,,[(%PROLIFIC_PID,2,2025-04-17_14h04.37.463,CLTandFLE,2024.1.5,Win32,75.18796992,5aa5b170f6dfdd0001eafbe2,67ffc4c40efe1bd1090b10ee,6800edb23996c67ce199e1b9,,,,,,,,,,,,,,,,,,,,,,,,,,,,,,,,,,,,,,,,,,,318.8862,324.3218,5.4354,0,1,187.0264,-0.133333333,-0.007407407,0,0,0,0,30,30,27,1,c,The patient has not taken Batatrim,The patient has overcome the crisis,,,,,,,,,,,,,,,,,,,,,,,,,,,,,,,,,,,,,,,,,,,,,,,,,,,,,,,,,,,,,,,,,,,,,,,,,,,,,,,,,,,,,,
,,,,,,,,[(%PROLIFIC_PID,2,2025-04-17_14h04.37.463,CLTandFLE,2024.1.5,Win32,75.18796992,5aa5b170f6dfdd0001eafbe2,67ffc4c40efe1bd1090b10ee,6800edb23996c67ce199e1b9,,,,,,,,,,,,,,,,,,,,,,,,,,,,,,,,,,,,,,,,,,,324.3223,328.675,4.3526,1,0,191.379,-0.168518519,-0.022222222,0,0,0,0,31,31,38,1,d,The patient has not taken Batatrim,The patient has not overcome the crisis,,,,,,,,,,,,,,,,,,,,,,,,,,,,,,,,,,,,,,,,,,,,,,,,,,,,,,,,,,,,,,,,,,,,,,,,,,,,,,,,,,,,,,
,,,,,,,,[(%PROLIFIC_PID,2,2025-04-17_14h04.37.463,CLTandFLE,2024.1.5,Win32,75.18796992,5aa5b170f6dfdd0001eafbe2,67ffc4c40efe1bd1090b10ee,6800edb23996c67ce199e1b9,,,,,,,,,,,,,,,,,,,,,,,,,,,,,,,,,,,,,,,,,,,328.6755,332.9974,4.3217,1,0,195.7007,-0.168518519,-0.022222222,0,0,0,0,32,32,22,1,c,The patient has not taken Batatrim,The patient has overcome the crisis,,,,,,,,,,,,,,,,,,,,,,,,,,,,,,,,,,,,,,,,,,,,,,,,,,,,,,,,,,,,,,,,,,,,,,,,,,,,,,,,,,,,,,
,,,,,,,,[(%PROLIFIC_PID,2,2025-04-17_14h04.37.463,CLTandFLE,2024.1.5,Win32,75.18796992,5aa5b170f6dfdd0001eafbe2,67ffc4c40efe1bd1090b10ee,6800edb23996c67ce199e1b9,,,,,,,,,,,,,,,,,,,,,,,,,,,,,,,,,,,,,,,,,,,332.9979,337.261,4.2628,1,0,199.9635,-0.168518519,-0.022222222,0,0,0,0,33,33,34,1,c,The patient has not taken Batatrim,The patient has overcome the crisis,,,,,,,,,,,,,,,,,,,,,,,,,,,,,,,,,,,,,,,,,,,,,,,,,,,,,,,,,,,,,,,,,,,,,,,,,,,,,,,,,,,,,,
,,,,,,,,[(%PROLIFIC_PID,2,2025-04-17_14h04.37.463,CLTandFLE,2024.1.5,Win32,75.18796992,5aa5b170f6dfdd0001eafbe2,67ffc4c40efe1bd1090b10ee,6800edb23996c67ce199e1b9,,,,,,,,,,,,,,,,,,,,,,,,,,,,,,,,,,,,,,,,,,,337.2613,341.6927,4.431,1,0,204.3945,-0.168518519,-0.022222222,0,0,0,0,34,34,23,1,c,The patient has not taken Batatrim,The patient has overcome the crisis,,,,,,,,,,,,,,,,,,,,,,,,,,,,,,,,,,,,,,,,,,,,,,,,,,,,,,,,,,,,,,,,,,,,,,,,,,,,,,,,,,,,,,
,,,,,,,,[(%PROLIFIC_PID,2,2025-04-17_14h04.37.463,CLTandFLE,2024.1.5,Win32,75.18796992,5aa5b170f6dfdd0001eafbe2,67ffc4c40efe1bd1090b10ee,6800edb23996c67ce199e1b9,,,,,,,,,,,,,,,,,,,,,,,,,,,,,,,,,,,,,,,,,,,341.6929,346.5892,4.896,1,0,209.2905,-0.176851852,-0.103703704,0,0,0,0,35,35,14,1,b,The patient has taken Batatrim,The patient has overcome the crisis,,,,,,,,,,,,,,,,,,,,,,,,,,,,,,,,,,,,,,,,,,,,,,,,,,,,,,,,,,,,,,,,,,,,,,,,,,,,,,,,,,,,,,
,,,,,,,,[(%PROLIFIC_PID,2,2025-04-17_14h04.37.463,CLTandFLE,2024.1.5,Win32,75.18796992,5aa5b170f6dfdd0001eafbe2,67ffc4c40efe1bd1090b10ee,6800edb23996c67ce199e1b9,,,,,,,,,,,,,,,,,,,,,,,,,,,,,,,,,,,,,,,,,,,346.5896,351.3382,4.7483,1,0,214.0388,-0.193518519,-0.031481481,0,0,0,0,36,36,11,1,a,The patient has taken Batatrim,The patient has overcome the crisis,,,,,,,,,,,,,,,,,,,,,,,,,,,,,,,,,,,,,,,,,,,,,,,,,,,,,,,,,,,,,,,,,,,,,,,,,,,,,,,,,,,,,,
,,,,,,,,[(%PROLIFIC_PID,2,2025-04-17_14h04.37.463,CLTandFLE,2024.1.5,Win32,75.18796992,5aa5b170f6dfdd0001eafbe2,67ffc4c40efe1bd1090b10ee,6800edb23996c67ce199e1b9,,,,,,,,,,,,,,,,,,,,,,,,,,,,,,,,,,,,,,,,,,,351.3388,356.0962,4.7573,1,0,218.7961,-0.193518519,-0.031481481,0,0,0,0,37,37,18,1,b,The patient has taken Batatrim,The patient has not overcome the crisis,,,,,,,,,,,,,,,,,,,,,,,,,,,,,,,,,,,,,,,,,,,,,,,,,,,,,,,,,,,,,,,,,,,,,,,,,,,,,,,,,,,,,,
,,,,,,,,[(%PROLIFIC_PID,2,2025-04-17_14h04.37.463,CLTandFLE,2024.1.5,Win32,75.18796992,5aa5b170f6dfdd0001eafbe2,67ffc4c40efe1bd1090b10ee,6800edb23996c67ce199e1b9,,,,,,,,,,,,,,,,,,,,,,,,,,,,,,,,,,,,,,,,,,,356.0965,360.7248,4.6281,1,0,223.4242,-0.184259259,-0.026851852,0,0,0,0,38,38,5,1,a,The patient has taken Batatrim,The patient has overcome the crisis,,,,,,,,,,,,,,,,,,,,,,,,,,,,,,,,,,,,,,,,,,,,,,,,,,,,,,,,,,,,,,,,,,,,,,,,,,,,,,,,,,,,,,
,,,,,,,,[(%PROLIFIC_PID,2,2025-04-17_14h04.37.463,CLTandFLE,2024.1.5,Win32,75.18796992,5aa5b170f6dfdd0001eafbe2,67ffc4c40efe1bd1090b10ee,6800edb23996c67ce199e1b9,,,,,,,,,,,,,,,,,,,,,,,,,,,,,,,,,,,,,,,,,,,360.7253,365.5642,4.8387,1,0,228.2629,-0.180555556,-0.037962963,0,0,0,0,39,39,35,1,d,The patient has not taken Batatrim,The patient has not overcome the crisis,,,,,,,,,,,,,,,,,,,,,,,,,,,,,,,,,,,,,,,,,,,,,,,,,,,,,,,,,,,,,,,,,,,,,,,,,,,,,,,,,,,,,,
,,,,,,,,[(%PROLIFIC_PID,2,2025-04-17_14h04.37.463,CLTandFLE,2024.1.5,Win32,75.18796992,5aa5b170f6dfdd0001eafbe2,67ffc4c40efe1bd1090b10ee,6800edb23996c67ce199e1b9,,399.0252,399.8255,,,,,,,,,,,,,,,,,,,,,,,,,,,,,,,,,,,,,,,,,,,,,,,,,,,,,,,,,,,366.3598,378.6444,12.284,95,8.5304,-0.026851852,-0.190740741,1,0,0,379.4445,399.0251,19.58,90,18.9082,0.040740741,-0.197222222,1,0,0,30,60,10,5,0,0,0,0,1,,,,,,,,,,,,,,,,,,,,,,,,,,,,,,,,,,,,,,,,,,,,,,,,,,,,,,,,,
,,,,,,,,[(%PROLIFIC_PID,2,2025-04-17_14h04.37.463,CLTandFLE,2024.1.5,Win32,75.18796992,5aa5b170f6dfdd0001eafbe2,67ffc4c40efe1bd1090b10ee,6800edb23996c67ce199e1b9,,576.4682,577.2635,,,,,,,,,,,,,,,,,,,,,,,,,,,,,,,,,,,,,,,,,,,,,,,,,,,,,,,,,,,,,,,,,,,,,,,,,,,,,,,,,,,,,,,,462.768,479.0544,16.2858,1,12.6569,0.015740741,-0.224074074,1,0,0,40,Maschio,No,16,No,TRUE,FALSE,6,7,7,5,3,FALSE,Conferma,c1ok,c2ok,c3ok,c4ok,c5ok,c6ok,c7ok,c8ok,c9ok,c10ok,c11ok,c12err,c13ok,c14ok,c15ok,c16ok,c17ok,c18ok,c19ok,c20err3,c21ok,c22ok,c23err2,c24ok,c25ok,c26ok,788.8589,795.4766,0,0,0,0,1
