﻿Alfa.started,Alfa.stopped,alfa_mouse.x,alfa_mouse.y,alfa_mouse.leftButton,alfa_mouse.midButton,alfa_mouse.rightButton,alfa_mouse.clicked_name,participant,group,date,expName,psychopyVersion,OS,frameRate,PROLIFIC_PID,STUDY_ID,SESSION_ID,)],ITI.started,ITI.stopped,B_consensoinformato.started,B_consensoinformato.stopped,tempo_consenso,cons_mouse.x,cons_mouse.y,cons_mouse.leftButton,cons_mouse.midButton,cons_mouse.rightButton,A_benvenuto.started,A_benvenuto.stopped,ben_mouse.x,ben_mouse.y,ben_mouse.leftButton,ben_mouse.midButton,ben_mouse.rightButton,B2_istruzioni.started,B2_istruzioni.stopped,tempo_istru,cons_mouse_2.x,cons_mouse_2.y,cons_mouse_2.leftButton,cons_mouse_2.midButton,cons_mouse_2.rightButton,SAMevaluation.started,SAMevaluation.stopped,temposam,sliderintensity.response,sliderintensity.rt,slidervalence.response,slidervalence.rt,mouse_sam.x,mouse_sam.y,mouse_sam.leftButton,mouse_sam.midButton,mouse_sam.rightButton,mouse_sam.time,mouse_sam.clicked_name,Loading.started,Loading.stopped,C_associative_task.started,C_associative_task.stopped,tempo_trial,hapremutosi,hapremutono,tempo_tasktot,mouse.x,mouse.y,mouse.leftButton,mouse.midButton,mouse.rightButton,trials.thisRepN,trials.thisTrialN,trials.thisN,trials.thisIndex,trials.ran,cond,causa,effetto,D_VD.started,D_VD.stopped,tempo_vd,vd.response,vd.rt,mouse_vd.x,mouse_vd.y,mouse_vd.leftButton,mouse_vd.midButton,mouse_vd.rightButton,Previous.started,Previous.stopped,tempo_vd1,previous.response,previous.rt,mouse_vd_2.x,mouse_vd_2.y,mouse_vd_2.leftButton,mouse_vd_2.midButton,mouse_vd_2.rightButton,EstITA.TrialSS,EstITA.TrialD,EstITA.TrialNS,EstITA.TrialSN,itaest.thisRepN,itaest.thisTrialN,itaest.thisN,itaest.thisIndex,itaest.ran,PF.started,PF.stopped,tempo_pf,processfluency.response,processfluency.rt,mouse_ch.x,mouse_ch.y,mouse_ch.leftButton,mouse_ch.midButton,mouse_ch.rightButton,Questionario_Lingua.Age,Questionario_Lingua.Sesso,Questionario_Lingua.StaiStudiando?,Questionario_Lingua.Anniscolarita,Questionario_Lingua.Diploma,Questionario_Lingua.ItaMADRE?,Questionario_Lingua.INGmadre?,Questionario_Lingua.Q5(AOAIng),Questionario_Lingua.INGLETTURA,Questionario_Lingua.INGCOMPRESO,Questionario_Lingua.INGSCRITTO,Questionario_Lingua.INGPARLATO,Questionario_Lingua.haivissutoestero,ProvaInglese.ProcediamoENg,ProvaInglese.C1,ProvaInglese.C2,ProvaInglese.C3,ProvaInglese.C4,ProvaInglese.C5,ProvaInglese.C6,ProvaInglese.C7,ProvaInglese.C8,ProvaInglese.C9,ProvaInglese.C10,ProvaInglese.C11,ProvaInglese.C12,ProvaInglese.C13,ProvaInglese.C14,ProvaInglese.C15,ProvaInglese.C16,ProvaInglese.C17,ProvaInglese.C18,ProvaInglese.C19,ProvaInglese.C20,ProvaInglese.C21,ProvaInglese.C22,ProvaInglese.C23,ProvaInglese.C24,ProvaInglese.C25,ProvaInglese.controlquestion,Ant_lastquestion.started,Ant_lastquestion.stopped,exp_loop.thisRepN,exp_loop.thisTrialN,exp_loop.thisN,exp_loop.thisIndex,exp_loop.ran
0.0002,2.4458,-0.035675216,-0.020218679,1,0,0,alfa_mask,[(%PROLIFIC_PID,1,2025-04-16_20h14.41.853,CLTandFLE,2024.1.5,Win32,250,604092168305452a726e70bb,67ffc4c40efe1bd1090b10ee,67fff1cb950e2861ef004996,,,,,,,,,,,,,,,,,,,,,,,,,,,,,,,,,,,,,,,,,,,,,,,,,,,,,,,,,,,,,,,,,,,,,,,,,,,,,,,,,,,,,,,,,,,,,,,,,,,,,,,,,,,,,,,,,,,,,,,,,,,,,,,,,,,,,,,,,,,,,,,,,,,
,,,,,,,,[(%PROLIFIC_PID,1,2025-04-16_20h14.41.853,CLTandFLE,2024.1.5,Win32,250,604092168305452a726e70bb,67ffc4c40efe1bd1090b10ee,67fff1cb950e2861ef004996,,2.446,2.7054,,,,,,,,,,,,,,,,,,,,,,,,,,,,,,,,,,,,,,,,,,,,,,,,,,,,,,,,,,,,,,,,,,,,,,,,,,,,,,,,,,,,,,,,,,,,,,,,,,,,,,,,,,,,,,,,,,,,,,,,,,,,,,,,,,,,,,,,,,,,,,,,
,,,,,,,,[(%PROLIFIC_PID,1,2025-04-16_20h14.41.853,CLTandFLE,2024.1.5,Win32,250,604092168305452a726e70bb,67ffc4c40efe1bd1090b10ee,67fff1cb950e2861ef004996,,,,2.7055,5.3837,2.6778,0.18852479,-0.402419994,1,0,0,,,,,,,,,,,,,,,,,,,,,,,,,,,,,,,,,,,,,,,,,,,,,,,,,,,,,,,,,,,,,,,,,,,,,,,,,,,,,,,,,,,,,,,,,,,,,,,,,,,,,,,,,,,,,,,,,,,,,,,,,,,,,,,,,,,,,,,,
,,,,,,,,[(%PROLIFIC_PID,1,2025-04-16_20h14.41.853,CLTandFLE,2024.1.5,Win32,250,604092168305452a726e70bb,67ffc4c40efe1bd1090b10ee,67fff1cb950e2861ef004996,,161.9843,162.2371,,,,,,,,,5.7134,27.5189,0.050507426,-0.130757316,1,0,0,27.765,146.1571,118.3915,0.066744912,-0.369320862,1,0,0,146.4533,154.7276,8.2739,0.505268737,7.7572,0.344472575,6.9137,"[-0.00007804495389344263,0.009914310642930328,-0.058782191875853824,0.022404571699965847,0.051132118767076504]","[0.21834503340590847,0.008508967832137978,0.18899292659238387,-0.012724529328893442,-0.20382513661202187]","[1,1,1,1,1]","[0,0,0,0,0]","[0,0,0,0,0]","[0.8435000000000059,1.758499999999998,6.536099999994036,7.4424999999999955,8.268500000000017]","[""sliderintensity"",""sliderintensity"",""rettoksam""]",154.9816,161.9842,162.2458,173.3461,11.1002,1,0,11.1002,0.676268597,-0.201327098,0,0,0,0,0,0,34,1,c,Il paziente non ha preso il Batatrim,Il paziente ha superato la crisi,,,,,,,,,,,,,,,,,,,,,,,,,,,,,,,,,,,,,,,,,,,,,,,,,,,,,,,,,,,,,,,,,,,,,,,,,,,,,,,,,,,,,,
,,,,,,,,[(%PROLIFIC_PID,1,2025-04-16_20h14.41.853,CLTandFLE,2024.1.5,Win32,250,604092168305452a726e70bb,67ffc4c40efe1bd1090b10ee,67fff1cb950e2861ef004996,,,,,,,,,,,,,,,,,,,,,,,,,,,,,,,,,,,,,,,,,,,173.3463,191.6327,18.2863,1,0,29.3865,-0.096877401,-0.01896966,0,0,0,0,1,1,12,1,a,Il paziente ha preso il Batatrim,Il paziente ha superato la crisi,,,,,,,,,,,,,,,,,,,,,,,,,,,,,,,,,,,,,,,,,,,,,,,,,,,,,,,,,,,,,,,,,,,,,,,,,,,,,,,,,,,,,,
,,,,,,,,[(%PROLIFIC_PID,1,2025-04-16_20h14.41.853,CLTandFLE,2024.1.5,Win32,250,604092168305452a726e70bb,67ffc4c40efe1bd1090b10ee,67fff1cb950e2861ef004996,,,,,,,,,,,,,,,,,,,,,,,,,,,,,,,,,,,,,,,,,,,191.633,196,4.3669,1,0,33.7534,-0.169320795,-0.043950049,0,0,0,0,2,2,10,1,a,Il paziente ha preso il Batatrim,Il paziente ha superato la crisi,,,,,,,,,,,,,,,,,,,,,,,,,,,,,,,,,,,,,,,,,,,,,,,,,,,,,,,,,,,,,,,,,,,,,,,,,,,,,,,,,,,,,,
,,,,,,,,[(%PROLIFIC_PID,1,2025-04-16_20h14.41.853,CLTandFLE,2024.1.5,Win32,250,604092168305452a726e70bb,67ffc4c40efe1bd1090b10ee,67fff1cb950e2861ef004996,,,,,,,,,,,,,,,,,,,,,,,,,,,,,,,,,,,,,,,,,,,196.0001,208.7564,12.7562,1,0,46.5096,-0.168071809,-0.042701029,0,0,0,0,3,3,39,1,d,Il paziente non ha preso il Batatrim,Il paziente non ha superato la crisi,,,,,,,,,,,,,,,,,,,,,,,,,,,,,,,,,,,,,,,,,,,,,,,,,,,,,,,,,,,,,,,,,,,,,,,,,,,,,,,,,,,,,,
,,,,,,,,[(%PROLIFIC_PID,1,2025-04-16_20h14.41.853,CLTandFLE,2024.1.5,Win32,250,604092168305452a726e70bb,67ffc4c40efe1bd1090b10ee,67fff1cb950e2861ef004996,,,,,,,,,,,,,,,,,,,,,,,,,,,,,,,,,,,,,,,,,,,208.7567,215.2945,6.5377,1,0,53.0473,-0.168071809,-0.042701029,0,0,0,0,4,4,35,1,d,Il paziente non ha preso il Batatrim,Il paziente non ha superato la crisi,,,,,,,,,,,,,,,,,,,,,,,,,,,,,,,,,,,,,,,,,,,,,,,,,,,,,,,,,,,,,,,,,,,,,,,,,,,,,,,,,,,,,,
,,,,,,,,[(%PROLIFIC_PID,1,2025-04-16_20h14.41.853,CLTandFLE,2024.1.5,Win32,250,604092168305452a726e70bb,67ffc4c40efe1bd1090b10ee,67fff1cb950e2861ef004996,,,,,,,,,,,,,,,,,,,,,,,,,,,,,,,,,,,,,,,,,,,215.2947,219.3631,4.0683,1,0,57.1156,-0.051912368,-0.107650273,0,0,0,0,5,5,6,1,a,Il paziente ha preso il Batatrim,Il paziente ha superato la crisi,,,,,,,,,,,,,,,,,,,,,,,,,,,,,,,,,,,,,,,,,,,,,,,,,,,,,,,,,,,,,,,,,,,,,,,,,,,,,,,,,,,,,,
,,,,,,,,[(%PROLIFIC_PID,1,2025-04-16_20h14.41.853,CLTandFLE,2024.1.5,Win32,250,604092168305452a726e70bb,67ffc4c40efe1bd1090b10ee,67fff1cb950e2861ef004996,,,,,,,,,,,,,,,,,,,,,,,,,,,,,,,,,,,,,,,,,,,219.3633,227.2377,7.8743,1,0,64.9899,-0.144964833,-0.037705018,0,0,0,0,6,6,37,1,d,Il paziente non ha preso il Batatrim,Il paziente non ha superato la crisi,,,,,,,,,,,,,,,,,,,,,,,,,,,,,,,,,,,,,,,,,,,,,,,,,,,,,,,,,,,,,,,,,,,,,,,,,,,,,,,,,,,,,,
,,,,,,,,[(%PROLIFIC_PID,1,2025-04-16_20h14.41.853,CLTandFLE,2024.1.5,Win32,250,604092168305452a726e70bb,67ffc4c40efe1bd1090b10ee,67fff1cb950e2861ef004996,,,,,,,,,,,,,,,,,,,,,,,,,,,,,,,,,,,,,,,,,,,227.2378,231.874,4.6361,1,0,69.626,-0.140593248,-0.022716718,0,0,0,0,7,7,18,1,b,Il paziente ha preso il Batatrim,Il paziente non ha superato la crisi,,,,,,,,,,,,,,,,,,,,,,,,,,,,,,,,,,,,,,,,,,,,,,,,,,,,,,,,,,,,,,,,,,,,,,,,,,,,,,,,,,,,,,
,,,,,,,,[(%PROLIFIC_PID,1,2025-04-16_20h14.41.853,CLTandFLE,2024.1.5,Win32,250,604092168305452a726e70bb,67ffc4c40efe1bd1090b10ee,67fff1cb950e2861ef004996,,,,,,,,,,,,,,,,,,,,,,,,,,,,,,,,,,,,,,,,,,,231.8742,236.6803,4.806,1,0,74.432,-0.140593248,-0.020218679,0,0,0,0,8,8,1,1,a,Il paziente ha preso il Batatrim,Il paziente ha superato la crisi,,,,,,,,,,,,,,,,,,,,,,,,,,,,,,,,,,,,,,,,,,,,,,,,,,,,,,,,,,,,,,,,,,,,,,,,,,,,,,,,,,,,,,
,,,,,,,,[(%PROLIFIC_PID,1,2025-04-16_20h14.41.853,CLTandFLE,2024.1.5,Win32,250,604092168305452a726e70bb,67ffc4c40efe1bd1090b10ee,67fff1cb950e2861ef004996,,,,,,,,,,,,,,,,,,,,,,,,,,,,,,,,,,,,,,,,,,,236.6804,240.7103,4.0297,1,0,78.4617,-0.161826679,-0.01147551,0,0,0,0,9,9,2,1,a,Il paziente ha preso il Batatrim,Il paziente ha superato la crisi,,,,,,,,,,,,,,,,,,,,,,,,,,,,,,,,,,,,,,,,,,,,,,,,,,,,,,,,,,,,,,,,,,,,,,,,,,,,,,,,,,,,,,
,,,,,,,,[(%PROLIFIC_PID,1,2025-04-16_20h14.41.853,CLTandFLE,2024.1.5,Win32,250,604092168305452a726e70bb,67ffc4c40efe1bd1090b10ee,67fff1cb950e2861ef004996,,,,,,,,,,,,,,,,,,,,,,,,,,,,,,,,,,,,,,,,,,,240.7105,244.4299,3.7193,1,0,82.181,-0.161826679,-0.01147551,0,0,0,0,10,10,3,1,a,Il paziente ha preso il Batatrim,Il paziente ha superato la crisi,,,,,,,,,,,,,,,,,,,,,,,,,,,,,,,,,,,,,,,,,,,,,,,,,,,,,,,,,,,,,,,,,,,,,,,,,,,,,,,,,,,,,,
,,,,,,,,[(%PROLIFIC_PID,1,2025-04-16_20h14.41.853,CLTandFLE,2024.1.5,Win32,250,604092168305452a726e70bb,67ffc4c40efe1bd1090b10ee,67fff1cb950e2861ef004996,,,,,,,,,,,,,,,,,,,,,,,,,,,,,,,,,,,,,,,,,,,244.43,251.2777,6.8475,1,0,89.0285,-0.18181099,-0.052693218,0,0,0,0,11,11,7,1,a,Il paziente ha preso il Batatrim,Il paziente ha superato la crisi,,,,,,,,,,,,,,,,,,,,,,,,,,,,,,,,,,,,,,,,,,,,,,,,,,,,,,,,,,,,,,,,,,,,,,,,,,,,,,,,,,,,,,
,,,,,,,,[(%PROLIFIC_PID,1,2025-04-16_20h14.41.853,CLTandFLE,2024.1.5,Win32,250,604092168305452a726e70bb,67ffc4c40efe1bd1090b10ee,67fff1cb950e2861ef004996,,,,,,,,,,,,,,,,,,,,,,,,,,,,,,,,,,,,,,,,,,,251.2778,256.1512,4.8734,1,0,93.9019,-0.18181099,-0.052693218,0,0,0,0,12,12,15,1,b,Il paziente ha preso il Batatrim,Il paziente non ha superato la crisi,,,,,,,,,,,,,,,,,,,,,,,,,,,,,,,,,,,,,,,,,,,,,,,,,,,,,,,,,,,,,,,,,,,,,,,,,,,,,,,,,,,,,,
,,,,,,,,[(%PROLIFIC_PID,1,2025-04-16_20h14.41.853,CLTandFLE,2024.1.5,Win32,250,604092168305452a726e70bb,67ffc4c40efe1bd1090b10ee,67fff1cb950e2861ef004996,,,,,,,,,,,,,,,,,,,,,,,,,,,,,,,,,,,,,,,,,,,256.1513,260.9148,4.7634,1,0,98.6653,-0.18181099,-0.052693218,0,0,0,0,13,13,16,1,b,Il paziente ha preso il Batatrim,Il paziente non ha superato la crisi,,,,,,,,,,,,,,,,,,,,,,,,,,,,,,,,,,,,,,,,,,,,,,,,,,,,,,,,,,,,,,,,,,,,,,,,,,,,,,,,,,,,,,
,,,,,,,,[(%PROLIFIC_PID,1,2025-04-16_20h14.41.853,CLTandFLE,2024.1.5,Win32,250,604092168305452a726e70bb,67ffc4c40efe1bd1090b10ee,67fff1cb950e2861ef004996,,,,,,,,,,,,,,,,,,,,,,,,,,,,,,,,,,,,,,,,,,,260.915,266.073,5.158,1,0,103.8233,-0.191178719,-0.03395786,0,0,0,0,14,14,26,1,c,Il paziente non ha preso il Batatrim,Il paziente ha superato la crisi,,,,,,,,,,,,,,,,,,,,,,,,,,,,,,,,,,,,,,,,,,,,,,,,,,,,,,,,,,,,,,,,,,,,,,,,,,,,,,,,,,,,,,
,,,,,,,,[(%PROLIFIC_PID,1,2025-04-16_20h14.41.853,CLTandFLE,2024.1.5,Win32,250,604092168305452a726e70bb,67ffc4c40efe1bd1090b10ee,67fff1cb950e2861ef004996,,,,,,,,,,,,,,,,,,,,,,,,,,,,,,,,,,,,,,,,,,,266.0732,271.9253,5.8516,1,0,109.6749,-0.151209964,-0.014598075,0,0,0,0,15,15,33,1,c,Il paziente non ha preso il Batatrim,Il paziente ha superato la crisi,,,,,,,,,,,,,,,,,,,,,,,,,,,,,,,,,,,,,,,,,,,,,,,,,,,,,,,,,,,,,,,,,,,,,,,,,,,,,,,,,,,,,,
,,,,,,,,[(%PROLIFIC_PID,1,2025-04-16_20h14.41.853,CLTandFLE,2024.1.5,Win32,250,604092168305452a726e70bb,67ffc4c40efe1bd1090b10ee,67fff1cb950e2861ef004996,,,,,,,,,,,,,,,,,,,,,,,,,,,,,,,,,,,,,,,,,,,271.9254,277.4509,5.5254,1,0,115.2003,-0.153083509,-0.038329444,0,0,0,0,16,16,31,1,c,Il paziente non ha preso il Batatrim,Il paziente ha superato la crisi,,,,,,,,,,,,,,,,,,,,,,,,,,,,,,,,,,,,,,,,,,,,,,,,,,,,,,,,,,,,,,,,,,,,,,,,,,,,,,,,,,,,,,
,,,,,,,,[(%PROLIFIC_PID,1,2025-04-16_20h14.41.853,CLTandFLE,2024.1.5,Win32,250,604092168305452a726e70bb,67ffc4c40efe1bd1090b10ee,67fff1cb950e2861ef004996,,,,,,,,,,,,,,,,,,,,,,,,,,,,,,,,,,,,,,,,,,,277.4511,282.6598,5.2085,1,0,120.4088,-0.151209964,-0.060811961,0,0,0,0,17,17,24,1,c,Il paziente non ha preso il Batatrim,Il paziente ha superato la crisi,,,,,,,,,,,,,,,,,,,,,,,,,,,,,,,,,,,,,,,,,,,,,,,,,,,,,,,,,,,,,,,,,,,,,,,,,,,,,,,,,,,,,,
,,,,,,,,[(%PROLIFIC_PID,1,2025-04-16_20h14.41.853,CLTandFLE,2024.1.5,Win32,250,604092168305452a726e70bb,67ffc4c40efe1bd1090b10ee,67fff1cb950e2861ef004996,,,,,,,,,,,,,,,,,,,,,,,,,,,,,,,,,,,,,,,,,,,282.6599,289.9676,7.3076,1,0,127.7164,-0.149336418,-0.037705018,0,0,0,0,18,18,17,1,b,Il paziente ha preso il Batatrim,Il paziente non ha superato la crisi,,,,,,,,,,,,,,,,,,,,,,,,,,,,,,,,,,,,,,,,,,,,,,,,,,,,,,,,,,,,,,,,,,,,,,,,,,,,,,,,,,,,,,
,,,,,,,,[(%PROLIFIC_PID,1,2025-04-16_20h14.41.853,CLTandFLE,2024.1.5,Win32,250,604092168305452a726e70bb,67ffc4c40efe1bd1090b10ee,67fff1cb950e2861ef004996,,,,,,,,,,,,,,,,,,,,,,,,,,,,,,,,,,,,,,,,,,,289.9677,294.4434,4.4756,1,0,132.192,-0.149336418,-0.037705018,0,0,0,0,19,19,36,1,d,Il paziente non ha preso il Batatrim,Il paziente non ha superato la crisi,,,,,,,,,,,,,,,,,,,,,,,,,,,,,,,,,,,,,,,,,,,,,,,,,,,,,,,,,,,,,,,,,,,,,,,,,,,,,,,,,,,,,,
,,,,,,,,[(%PROLIFIC_PID,1,2025-04-16_20h14.41.853,CLTandFLE,2024.1.5,Win32,250,604092168305452a726e70bb,67ffc4c40efe1bd1090b10ee,67fff1cb950e2861ef004996,,,,,,,,,,,,,,,,,,,,,,,,,,,,,,,,,,,,,,,,,,,294.4435,300.7734,6.3298,1,0,138.5218,-0.187431694,-0.040827583,0,0,0,0,20,20,13,1,a,Il paziente ha preso il Batatrim,Il paziente ha superato la crisi,,,,,,,,,,,,,,,,,,,,,,,,,,,,,,,,,,,,,,,,,,,,,,,,,,,,,,,,,,,,,,,,,,,,,,,,,,,,,,,,,,,,,,
,,,,,,,,[(%PROLIFIC_PID,1,2025-04-16_20h14.41.853,CLTandFLE,2024.1.5,Win32,250,604092168305452a726e70bb,67ffc4c40efe1bd1090b10ee,67fff1cb950e2861ef004996,,,,,,,,,,,,,,,,,,,,,,,,,,,,,,,,,,,,,,,,,,,300.7735,304.9892,4.2156,1,0,142.7374,-0.095003722,-0.07142861,0,0,0,0,21,21,5,1,a,Il paziente ha preso il Batatrim,Il paziente ha superato la crisi,,,,,,,,,,,,,,,,,,,,,,,,,,,,,,,,,,,,,,,,,,,,,,,,,,,,,,,,,,,,,,,,,,,,,,,,,,,,,,,,,,,,,,
,,,,,,,,[(%PROLIFIC_PID,1,2025-04-16_20h14.41.853,CLTandFLE,2024.1.5,Win32,250,604092168305452a726e70bb,67ffc4c40efe1bd1090b10ee,67fff1cb950e2861ef004996,,,,,,,,,,,,,,,,,,,,,,,,,,,,,,,,,,,,,,,,,,,304.9893,309.4775,4.4881,1,0,147.2255,-0.171818768,-0.02646371,0,0,0,0,22,22,9,1,a,Il paziente ha preso il Batatrim,Il paziente ha superato la crisi,,,,,,,,,,,,,,,,,,,,,,,,,,,,,,,,,,,,,,,,,,,,,,,,,,,,,,,,,,,,,,,,,,,,,,,,,,,,,,,,,,,,,,
,,,,,,,,[(%PROLIFIC_PID,1,2025-04-16_20h14.41.853,CLTandFLE,2024.1.5,Win32,250,604092168305452a726e70bb,67ffc4c40efe1bd1090b10ee,67fff1cb950e2861ef004996,,,,,,,,,,,,,,,,,,,,,,,,,,,,,,,,,,,,,,,,,,,309.4776,314.1544,4.6767,1,0,151.9022,-0.171818768,-0.02646371,0,0,0,0,23,23,25,1,c,Il paziente non ha preso il Batatrim,Il paziente ha superato la crisi,,,,,,,,,,,,,,,,,,,,,,,,,,,,,,,,,,,,,,,,,,,,,,,,,,,,,,,,,,,,,,,,,,,,,,,,,,,,,,,,,,,,,,
,,,,,,,,[(%PROLIFIC_PID,1,2025-04-16_20h14.41.853,CLTandFLE,2024.1.5,Win32,250,604092168305452a726e70bb,67ffc4c40efe1bd1090b10ee,67fff1cb950e2861ef004996,,,,,,,,,,,,,,,,,,,,,,,,,,,,,,,,,,,,,,,,,,,314.1545,319.3235,5.1689,1,0,157.0711,-0.169320795,-0.045199168,0,0,0,0,24,24,8,1,a,Il paziente ha preso il Batatrim,Il paziente ha superato la crisi,,,,,,,,,,,,,,,,,,,,,,,,,,,,,,,,,,,,,,,,,,,,,,,,,,,,,,,,,,,,,,,,,,,,,,,,,,,,,,,,,,,,,,
,,,,,,,,[(%PROLIFIC_PID,1,2025-04-16_20h14.41.853,CLTandFLE,2024.1.5,Win32,250,604092168305452a726e70bb,67ffc4c40efe1bd1090b10ee,67fff1cb950e2861ef004996,,,,,,,,,,,,,,,,,,,,,,,,,,,,,,,,,,,,,,,,,,,319.3237,324.0605,4.7367,1,0,161.8078,-0.149960777,-0.045823594,0,0,0,0,25,25,14,1,b,Il paziente ha preso il Batatrim,Il paziente ha superato la crisi,,,,,,,,,,,,,,,,,,,,,,,,,,,,,,,,,,,,,,,,,,,,,,,,,,,,,,,,,,,,,,,,,,,,,,,,,,,,,,,,,,,,,,
,,,,,,,,[(%PROLIFIC_PID,1,2025-04-16_20h14.41.853,CLTandFLE,2024.1.5,Win32,250,604092168305452a726e70bb,67ffc4c40efe1bd1090b10ee,67fff1cb950e2861ef004996,,,,,,,,,,,,,,,,,,,,,,,,,,,,,,,,,,,,,,,,,,,324.0607,328.8149,4.754,1,0,166.5618,-0.142466794,-0.024590264,0,0,0,0,26,26,27,1,c,Il paziente non ha preso il Batatrim,Il paziente ha superato la crisi,,,,,,,,,,,,,,,,,,,,,,,,,,,,,,,,,,,,,,,,,,,,,,,,,,,,,,,,,,,,,,,,,,,,,,,,,,,,,,,,,,,,,,
,,,,,,,,[(%PROLIFIC_PID,1,2025-04-16_20h14.41.853,CLTandFLE,2024.1.5,Win32,250,604092168305452a726e70bb,67ffc4c40efe1bd1090b10ee,67fff1cb950e2861ef004996,,,,,,,,,,,,,,,,,,,,,,,,,,,,,,,,,,,,,,,,,,,328.8151,332.9974,4.1822,1,0,170.744,-0.142466794,-0.024590264,0,0,0,0,27,27,28,1,c,Il paziente non ha preso il Batatrim,Il paziente ha superato la crisi,,,,,,,,,,,,,,,,,,,,,,,,,,,,,,,,,,,,,,,,,,,,,,,,,,,,,,,,,,,,,,,,,,,,,,,,,,,,,,,,,,,,,,
,,,,,,,,[(%PROLIFIC_PID,1,2025-04-16_20h14.41.853,CLTandFLE,2024.1.5,Win32,250,604092168305452a726e70bb,67ffc4c40efe1bd1090b10ee,67fff1cb950e2861ef004996,,,,,,,,,,,,,,,,,,,,,,,,,,,,,,,,,,,,,,,,,,,332.9975,337.8303,4.8327,1,0,175.5767,-0.142466794,-0.024590264,0,0,0,0,28,28,38,1,d,Il paziente non ha preso il Batatrim,Il paziente non ha superato la crisi,,,,,,,,,,,,,,,,,,,,,,,,,,,,,,,,,,,,,,,,,,,,,,,,,,,,,,,,,,,,,,,,,,,,,,,,,,,,,,,,,,,,,,
,,,,,,,,[(%PROLIFIC_PID,1,2025-04-16_20h14.41.853,CLTandFLE,2024.1.5,Win32,250,604092168305452a726e70bb,67ffc4c40efe1bd1090b10ee,67fff1cb950e2861ef004996,,,,,,,,,,,,,,,,,,,,,,,,,,,,,,,,,,,,,,,,,,,337.8307,343.7874,5.9566,1,0,181.5333,-0.17306782,-0.052068792,0,0,0,0,29,29,20,1,c,Il paziente non ha preso il Batatrim,Il paziente ha superato la crisi,,,,,,,,,,,,,,,,,,,,,,,,,,,,,,,,,,,,,,,,,,,,,,,,,,,,,,,,,,,,,,,,,,,,,,,,,,,,,,,,,,,,,,
,,,,,,,,[(%PROLIFIC_PID,1,2025-04-16_20h14.41.853,CLTandFLE,2024.1.5,Win32,250,604092168305452a726e70bb,67ffc4c40efe1bd1090b10ee,67fff1cb950e2861ef004996,,,,,,,,,,,,,,,,,,,,,,,,,,,,,,,,,,,,,,,,,,,343.7875,349.3003,5.5127,1,0,187.046,-0.185558148,-0.047072614,0,0,0,0,30,30,22,1,c,Il paziente non ha preso il Batatrim,Il paziente ha superato la crisi,,,,,,,,,,,,,,,,,,,,,,,,,,,,,,,,,,,,,,,,,,,,,,,,,,,,,,,,,,,,,,,,,,,,,,,,,,,,,,,,,,,,,,
,,,,,,,,[(%PROLIFIC_PID,1,2025-04-16_20h14.41.853,CLTandFLE,2024.1.5,Win32,250,604092168305452a726e70bb,67ffc4c40efe1bd1090b10ee,67fff1cb950e2861ef004996,,,,,,,,,,,,,,,,,,,,,,,,,,,,,,,,,,,,,,,,,,,349.3005,353.1299,3.8293,1,0,190.8753,-0.185558148,-0.047072614,0,0,0,0,31,31,21,1,c,Il paziente non ha preso il Batatrim,Il paziente ha superato la crisi,,,,,,,,,,,,,,,,,,,,,,,,,,,,,,,,,,,,,,,,,,,,,,,,,,,,,,,,,,,,,,,,,,,,,,,,,,,,,,,,,,,,,,
,,,,,,,,[(%PROLIFIC_PID,1,2025-04-16_20h14.41.853,CLTandFLE,2024.1.5,Win32,250,604092168305452a726e70bb,67ffc4c40efe1bd1090b10ee,67fff1cb950e2861ef004996,,,,,,,,,,,,,,,,,,,,,,,,,,,,,,,,,,,,,,,,,,,353.1301,359.8865,6.7563,1,0,197.6316,-0.185558148,-0.047072614,0,0,0,0,32,32,19,1,b,Il paziente ha preso il Batatrim,Il paziente non ha superato la crisi,,,,,,,,,,,,,,,,,,,,,,,,,,,,,,,,,,,,,,,,,,,,,,,,,,,,,,,,,,,,,,,,,,,,,,,,,,,,,,,,,,,,,,
,,,,,,,,[(%PROLIFIC_PID,1,2025-04-16_20h14.41.853,CLTandFLE,2024.1.5,Win32,250,604092168305452a726e70bb,67ffc4c40efe1bd1090b10ee,67fff1cb950e2861ef004996,,,,,,,,,,,,,,,,,,,,,,,,,,,,,,,,,,,,,,,,,,,359.8867,367.1691,7.2823,1,0,204.9139,-0.185558148,-0.047072614,0,0,0,0,33,33,4,1,a,Il paziente ha preso il Batatrim,Il paziente ha superato la crisi,,,,,,,,,,,,,,,,,,,,,,,,,,,,,,,,,,,,,,,,,,,,,,,,,,,,,,,,,,,,,,,,,,,,,,,,,,,,,,,,,,,,,,
,,,,,,,,[(%PROLIFIC_PID,1,2025-04-16_20h14.41.853,CLTandFLE,2024.1.5,Win32,250,604092168305452a726e70bb,67ffc4c40efe1bd1090b10ee,67fff1cb950e2861ef004996,,,,,,,,,,,,,,,,,,,,,,,,,,,,,,,,,,,,,,,,,,,367.1693,386.8022,19.6328,1,0,224.5467,-0.18868068,-0.047697207,0,0,0,0,34,34,23,1,c,Il paziente non ha preso il Batatrim,Il paziente ha superato la crisi,,,,,,,,,,,,,,,,,,,,,,,,,,,,,,,,,,,,,,,,,,,,,,,,,,,,,,,,,,,,,,,,,,,,,,,,,,,,,,,,,,,,,,
,,,,,,,,[(%PROLIFIC_PID,1,2025-04-16_20h14.41.853,CLTandFLE,2024.1.5,Win32,250,604092168305452a726e70bb,67ffc4c40efe1bd1090b10ee,67fff1cb950e2861ef004996,,,,,,,,,,,,,,,,,,,,,,,,,,,,,,,,,,,,,,,,,,,386.8024,391.8708,5.0684,1,0,229.6151,-0.18868068,-0.047697207,0,0,0,0,35,35,30,1,c,Il paziente non ha preso il Batatrim,Il paziente ha superato la crisi,,,,,,,,,,,,,,,,,,,,,,,,,,,,,,,,,,,,,,,,,,,,,,,,,,,,,,,,,,,,,,,,,,,,,,,,,,,,,,,,,,,,,,
,,,,,,,,[(%PROLIFIC_PID,1,2025-04-16_20h14.41.853,CLTandFLE,2024.1.5,Win32,250,604092168305452a726e70bb,67ffc4c40efe1bd1090b10ee,67fff1cb950e2861ef004996,,,,,,,,,,,,,,,,,,,,,,,,,,,,,,,,,,,,,,,,,,,391.871,397.7633,5.8923,1,0,235.5074,-0.158703947,-0.037080425,0,0,0,0,36,36,32,1,c,Il paziente non ha preso il Batatrim,Il paziente ha superato la crisi,,,,,,,,,,,,,,,,,,,,,,,,,,,,,,,,,,,,,,,,,,,,,,,,,,,,,,,,,,,,,,,,,,,,,,,,,,,,,,,,,,,,,,
,,,,,,,,[(%PROLIFIC_PID,1,2025-04-16_20h14.41.853,CLTandFLE,2024.1.5,Win32,250,604092168305452a726e70bb,67ffc4c40efe1bd1090b10ee,67fff1cb950e2861ef004996,,,,,,,,,,,,,,,,,,,,,,,,,,,,,,,,,,,,,,,,,,,397.7635,401.9289,4.1652,1,0,239.6726,-0.158703947,-0.037080425,0,0,0,0,37,37,29,1,c,Il paziente non ha preso il Batatrim,Il paziente ha superato la crisi,,,,,,,,,,,,,,,,,,,,,,,,,,,,,,,,,,,,,,,,,,,,,,,,,,,,,,,,,,,,,,,,,,,,,,,,,,,,,,,,,,,,,,
,,,,,,,,[(%PROLIFIC_PID,1,2025-04-16_20h14.41.853,CLTandFLE,2024.1.5,Win32,250,604092168305452a726e70bb,67ffc4c40efe1bd1090b10ee,67fff1cb950e2861ef004996,,,,,,,,,,,,,,,,,,,,,,,,,,,,,,,,,,,,,,,,,,,401.9291,405.7851,3.8559,1,0,243.5285,-0.15932864,-0.037080425,0,0,0,0,38,38,0,1,a,Il paziente ha preso il Batatrim,Il paziente ha superato la crisi,,,,,,,,,,,,,,,,,,,,,,,,,,,,,,,,,,,,,,,,,,,,,,,,,,,,,,,,,,,,,,,,,,,,,,,,,,,,,,,,,,,,,,
,,,,,,,,[(%PROLIFIC_PID,1,2025-04-16_20h14.41.853,CLTandFLE,2024.1.5,Win32,250,604092168305452a726e70bb,67ffc4c40efe1bd1090b10ee,67fff1cb950e2861ef004996,,,,,,,,,,,,,,,,,,,,,,,,,,,,,,,,,,,,,,,,,,,405.7852,411.8012,6.0159,1,0,249.5444,0.067369271,0.039110061,0,0,0,0,39,39,11,1,a,Il paziente ha preso il Batatrim,Il paziente ha superato la crisi,,,,,,,,,,,,,,,,,,,,,,,,,,,,,,,,,,,,,,,,,,,,,,,,,,,,,,,,,,,,,,,,,,,,,,,,,,,,,,,,,,,,,,
,,,,,,,,[(%PROLIFIC_PID,1,2025-04-16_20h14.41.853,CLTandFLE,2024.1.5,Win32,250,604092168305452a726e70bb,67ffc4c40efe1bd1090b10ee,67fff1cb950e2861ef004996,,463.9303,464.2835,,,,,,,,,,,,,,,,,,,,,,,,,,,,,,,,,,,,,,,,,,,,,,,,,,,,,,,,,,,412.1099,456.8744,44.7641,75,43.7451,0.05487901,-0.203200644,1,0,0,457.1328,463.9301,6.797,78,5.9265,0.064246873,-0.194457474,1,0,0,14,7,14,5,0,0,0,0,1,,,,,,,,,,,,,,,,,,,,,,,,,,,,,,,,,,,,,,,,,,,,,,,,,,,,,,,,,
,,,,,,,,[(%PROLIFIC_PID,1,2025-04-16_20h14.41.853,CLTandFLE,2024.1.5,Win32,250,604092168305452a726e70bb,67ffc4c40efe1bd1090b10ee,67fff1cb950e2861ef004996,,590.3199,590.579,,,,,,,,,,,,,,,,,,,,,,,,,,,,,,,,,,,,,,,,,,,,,,,,,,,,,,,,,,,,,,,,,,,,,,,,,,,,,,,,,,,,,,,,498.2379,502.937,4.6987,3,3.1809,0.011163163,-0.224434074,1,0,0,29,Maschio,No,18,No,TRUE,FALSE,8,10,9,9,8,FALSE,Conferma,c1ok,c2ok,c3ok,c4ok,c5ok,c6ok,c7ok,c8ok,c9ok,c10ok,c11ok,c12ok,c13ok,c14ok,c15ok,c16ok,c17ok,c18ok,c19ok,c20ok,c21ok,c22ok,c23ok,c24ok,c25ok,c26ok,789.2526,796.0738,0,0,0,0,1
