﻿Alfa.started,Alfa.stopped,alfa_mouse.x,alfa_mouse.y,alfa_mouse.leftButton,alfa_mouse.midButton,alfa_mouse.rightButton,alfa_mouse.clicked_name,participant,group,date,expName,psychopyVersion,OS,frameRate,PROLIFIC_PID,STUDY_ID,SESSION_ID,)],ITI.started,ITI.stopped,B_consensoinformato.started,B_consensoinformato.stopped,tempo_consenso,cons_mouse.x,cons_mouse.y,cons_mouse.leftButton,cons_mouse.midButton,cons_mouse.rightButton,A_benvenuto.started,A_benvenuto.stopped,ben_mouse.x,ben_mouse.y,ben_mouse.leftButton,ben_mouse.midButton,ben_mouse.rightButton,B2_istruzioni.started,B2_istruzioni.stopped,tempo_istru,cons_mouse_2.x,cons_mouse_2.y,cons_mouse_2.leftButton,cons_mouse_2.midButton,cons_mouse_2.rightButton,SAMevaluation.started,SAMevaluation.stopped,temposam,sliderintensity.response,sliderintensity.rt,slidervalence.response,slidervalence.rt,mouse_sam.x,mouse_sam.y,mouse_sam.leftButton,mouse_sam.midButton,mouse_sam.rightButton,mouse_sam.time,mouse_sam.clicked_name,Loading.started,Loading.stopped,C_associative_task.started,C_associative_task.stopped,tempo_trial,hapremutosi,hapremutono,tempo_tasktot,mouse.x,mouse.y,mouse.leftButton,mouse.midButton,mouse.rightButton,trials.thisRepN,trials.thisTrialN,trials.thisN,trials.thisIndex,trials.ran,cond,causa,effetto,D_VD.started,D_VD.stopped,tempo_vd,vd.response,vd.rt,mouse_vd.x,mouse_vd.y,mouse_vd.leftButton,mouse_vd.midButton,mouse_vd.rightButton,Previous.started,Previous.stopped,tempo_vd1,previous.response,previous.rt,mouse_vd_2.x,mouse_vd_2.y,mouse_vd_2.leftButton,mouse_vd_2.midButton,mouse_vd_2.rightButton,EstITA.TrialNS,EstITA.TrialD,EstITA.TrialSS,EstITA.TrialSN,itaest.thisRepN,itaest.thisTrialN,itaest.thisN,itaest.thisIndex,itaest.ran,PF.started,PF.stopped,tempo_pf,processfluency.response,processfluency.rt,mouse_ch.x,mouse_ch.y,mouse_ch.leftButton,mouse_ch.midButton,mouse_ch.rightButton,Questionario_Lingua.Age,Questionario_Lingua.Sesso,Questionario_Lingua.StaiStudiando?,Questionario_Lingua.Anniscolarita,Questionario_Lingua.Diploma,Questionario_Lingua.ItaMADRE?,Questionario_Lingua.INGmadre?,Questionario_Lingua.Q5(AOAIng),Questionario_Lingua.INGLETTURA,Questionario_Lingua.INGCOMPRESO,Questionario_Lingua.INGSCRITTO,Questionario_Lingua.INGPARLATO,Questionario_Lingua.haivissutoestero,ProvaInglese.ProcediamoENg,ProvaInglese.C1,ProvaInglese.C2,ProvaInglese.C3,ProvaInglese.C4,ProvaInglese.C5,ProvaInglese.C6,ProvaInglese.C7,ProvaInglese.C8,ProvaInglese.C9,ProvaInglese.C10,ProvaInglese.C11,ProvaInglese.C12,ProvaInglese.C13,ProvaInglese.C14,ProvaInglese.C15,ProvaInglese.C16,ProvaInglese.C17,ProvaInglese.C18,ProvaInglese.C19,ProvaInglese.C20,ProvaInglese.C21,ProvaInglese.C22,ProvaInglese.C23,ProvaInglese.C24,ProvaInglese.C25,ProvaInglese.controlquestion,Ant_lastquestion.started,Ant_lastquestion.stopped,exp_loop.thisRepN,exp_loop.thisTrialN,exp_loop.thisN,exp_loop.thisIndex,exp_loop.ran
0.0004,5.0798,-0.1,0.007407379,1,0,0,alfa_mask,[(%PROLIFIC_PID,1,2025-04-16_19h17.30.890,CLTandFLE,2024.1.5,Win32,60.24096386,6010381382846a0ae97c00c5,67ffc4c40efe1bd1090b10ee,67ffe52c1ed9a792c58afa6e,,,,,,,,,,,,,,,,,,,,,,,,,,,,,,,,,,,,,,,,,,,,,,,,,,,,,,,,,,,,,,,,,,,,,,,,,,,,,,,,,,,,,,,,,,,,,,,,,,,,,,,,,,,,,,,,,,,,,,,,,,,,,,,,,,,,,,,,,,,,,,,,,,,
,,,,,,,,[(%PROLIFIC_PID,1,2025-04-16_19h17.30.890,CLTandFLE,2024.1.5,Win32,60.24096386,6010381382846a0ae97c00c5,67ffc4c40efe1bd1090b10ee,67ffe52c1ed9a792c58afa6e,,5.0803,6.0691,,,,,,,,,,,,,,,,,,,,,,,,,,,,,,,,,,,,,,,,,,,,,,,,,,,,,,,,,,,,,,,,,,,,,,,,,,,,,,,,,,,,,,,,,,,,,,,,,,,,,,,,,,,,,,,,,,,,,,,,,,,,,,,,,,,,,,,,,,,,,,,,
,,,,,,,,[(%PROLIFIC_PID,1,2025-04-16_19h17.30.890,CLTandFLE,2024.1.5,Win32,60.24096386,6010381382846a0ae97c00c5,67ffc4c40efe1bd1090b10ee,67ffe52c1ed9a792c58afa6e,,,,6.07,19.8195,13.7465,0.213888889,-0.388888889,1,0,0,,,,,,,,,,,,,,,,,,,,,,,,,,,,,,,,,,,,,,,,,,,,,,,,,,,,,,,,,,,,,,,,,,,,,,,,,,,,,,,,,,,,,,,,,,,,,,,,,,,,,,,,,,,,,,,,,,,,,,,,,,,,,,,,,,,,,,,,
,,,,,,,,[(%PROLIFIC_PID,1,2025-04-16_19h17.30.890,CLTandFLE,2024.1.5,Win32,60.24096386,6010381382846a0ae97c00c5,67ffc4c40efe1bd1090b10ee,67ffe52c1ed9a792c58afa6e,,107.1198,108.1171,,,,,,,,,20.8163,23.8822,-0.057407379,-0.09629631,1,0,0,24.8768,79.5053,54.6278,0.012037065,-0.403703732,1,0,0,80.5039,99.1229,18.6179,0.788194444,16.306,0.171296332,4.4729,"[-0.004629601372612847,-0.008333333333333333,-0.003703647189670139]","[0.20185184478759766,0.01296293470594618,-0.19166666666666668]","[1,1,1]","[0,0,0]","[0,0,0]","[3.564000000000007,6.277200000000008,18.603799999999993]","[""rettoksam""]",100.1186,107.1195,108.1605,115.854,7.6928,1,0,7.6928,-0.195370356,-0.037037065,0,0,0,0,0,0,9,1,a,Il paziente ha preso il Batatrim,Il paziente ha superato la crisi,,,,,,,,,,,,,,,,,,,,,,,,,,,,,,,,,,,,,,,,,,,,,,,,,,,,,,,,,,,,,,,,,,,,,,,,,,,,,,,,,,,,,,
,,,,,,,,[(%PROLIFIC_PID,1,2025-04-16_19h17.30.890,CLTandFLE,2024.1.5,Win32,60.24096386,6010381382846a0ae97c00c5,67ffc4c40efe1bd1090b10ee,67ffe52c1ed9a792c58afa6e,,,,,,,,,,,,,,,,,,,,,,,,,,,,,,,,,,,,,,,,,,,115.855,121.804,5.9487,0,1,13.6415,0.178703732,-0.039814843,0,0,0,0,1,1,22,1,c,Il paziente non ha preso il Batatrim,Il paziente ha superato la crisi,,,,,,,,,,,,,,,,,,,,,,,,,,,,,,,,,,,,,,,,,,,,,,,,,,,,,,,,,,,,,,,,,,,,,,,,,,,,,,,,,,,,,,
,,,,,,,,[(%PROLIFIC_PID,1,2025-04-16_19h17.30.890,CLTandFLE,2024.1.5,Win32,60.24096386,6010381382846a0ae97c00c5,67ffc4c40efe1bd1090b10ee,67ffe52c1ed9a792c58afa6e,,,,,,,,,,,,,,,,,,,,,,,,,,,,,,,,,,,,,,,,,,,121.8047,127.6163,5.8108,1,0,19.4523,0.027777778,-0.038888889,0,0,0,0,2,2,18,1,b,Il paziente ha preso il Batatrim,Il paziente non ha superato la crisi,,,,,,,,,,,,,,,,,,,,,,,,,,,,,,,,,,,,,,,,,,,,,,,,,,,,,,,,,,,,,,,,,,,,,,,,,,,,,,,,,,,,,,
,,,,,,,,[(%PROLIFIC_PID,1,2025-04-16_19h17.30.890,CLTandFLE,2024.1.5,Win32,60.24096386,6010381382846a0ae97c00c5,67ffc4c40efe1bd1090b10ee,67ffe52c1ed9a792c58afa6e,,,,,,,,,,,,,,,,,,,,,,,,,,,,,,,,,,,,,,,,,,,127.6169,134.2017,6.5842,1,0,26.0365,-0.152777778,-0.037962977,0,0,0,0,3,3,3,1,a,Il paziente ha preso il Batatrim,Il paziente ha superato la crisi,,,,,,,,,,,,,,,,,,,,,,,,,,,,,,,,,,,,,,,,,,,,,,,,,,,,,,,,,,,,,,,,,,,,,,,,,,,,,,,,,,,,,,
,,,,,,,,[(%PROLIFIC_PID,1,2025-04-16_19h17.30.890,CLTandFLE,2024.1.5,Win32,60.24096386,6010381382846a0ae97c00c5,67ffc4c40efe1bd1090b10ee,67ffe52c1ed9a792c58afa6e,,,,,,,,,,,,,,,,,,,,,,,,,,,,,,,,,,,,,,,,,,,134.2023,141.1443,6.9412,1,0,32.9777,-0.152777778,-0.037962977,0,0,0,0,4,4,20,1,c,Il paziente non ha preso il Batatrim,Il paziente ha superato la crisi,,,,,,,,,,,,,,,,,,,,,,,,,,,,,,,,,,,,,,,,,,,,,,,,,,,,,,,,,,,,,,,,,,,,,,,,,,,,,,,,,,,,,,
,,,,,,,,[(%PROLIFIC_PID,1,2025-04-16_19h17.30.890,CLTandFLE,2024.1.5,Win32,60.24096386,6010381382846a0ae97c00c5,67ffc4c40efe1bd1090b10ee,67ffe52c1ed9a792c58afa6e,,,,,,,,,,,,,,,,,,,,,,,,,,,,,,,,,,,,,,,,,,,141.1449,146.4597,5.3146,1,0,38.2923,-0.152777778,-0.037962977,0,0,0,0,5,5,36,1,d,Il paziente non ha preso il Batatrim,Il paziente non ha superato la crisi,,,,,,,,,,,,,,,,,,,,,,,,,,,,,,,,,,,,,,,,,,,,,,,,,,,,,,,,,,,,,,,,,,,,,,,,,,,,,,,,,,,,,,
,,,,,,,,[(%PROLIFIC_PID,1,2025-04-16_19h17.30.890,CLTandFLE,2024.1.5,Win32,60.24096386,6010381382846a0ae97c00c5,67ffc4c40efe1bd1090b10ee,67ffe52c1ed9a792c58afa6e,,,,,,,,,,,,,,,,,,,,,,,,,,,,,,,,,,,,,,,,,,,146.4602,151.6611,5.2005,1,0,43.4928,-0.152777778,-0.037962977,0,0,0,0,6,6,27,1,c,Il paziente non ha preso il Batatrim,Il paziente ha superato la crisi,,,,,,,,,,,,,,,,,,,,,,,,,,,,,,,,,,,,,,,,,,,,,,,,,,,,,,,,,,,,,,,,,,,,,,,,,,,,,,,,,,,,,,
,,,,,,,,[(%PROLIFIC_PID,1,2025-04-16_19h17.30.890,CLTandFLE,2024.1.5,Win32,60.24096386,6010381382846a0ae97c00c5,67ffc4c40efe1bd1090b10ee,67ffe52c1ed9a792c58afa6e,,,,,,,,,,,,,,,,,,,,,,,,,,,,,,,,,,,,,,,,,,,151.6616,157.1914,5.5295,0,1,49.0223,0.225,-0.037962977,0,0,0,0,7,7,17,1,b,Il paziente ha preso il Batatrim,Il paziente non ha superato la crisi,,,,,,,,,,,,,,,,,,,,,,,,,,,,,,,,,,,,,,,,,,,,,,,,,,,,,,,,,,,,,,,,,,,,,,,,,,,,,,,,,,,,,,
,,,,,,,,[(%PROLIFIC_PID,1,2025-04-16_19h17.30.890,CLTandFLE,2024.1.5,Win32,60.24096386,6010381382846a0ae97c00c5,67ffc4c40efe1bd1090b10ee,67ffe52c1ed9a792c58afa6e,,,,,,,,,,,,,,,,,,,,,,,,,,,,,,,,,,,,,,,,,,,157.192,165.054,7.8617,1,0,56.884,0.174074131,-0.024074088,0,0,0,0,8,8,37,1,d,Il paziente non ha preso il Batatrim,Il paziente non ha superato la crisi,,,,,,,,,,,,,,,,,,,,,,,,,,,,,,,,,,,,,,,,,,,,,,,,,,,,,,,,,,,,,,,,,,,,,,,,,,,,,,,,,,,,,,
,,,,,,,,[(%PROLIFIC_PID,1,2025-04-16_19h17.30.890,CLTandFLE,2024.1.5,Win32,60.24096386,6010381382846a0ae97c00c5,67ffc4c40efe1bd1090b10ee,67ffe52c1ed9a792c58afa6e,,,,,,,,,,,,,,,,,,,,,,,,,,,,,,,,,,,,,,,,,,,165.0549,170.0439,4.9887,0,1,61.8727,0.174074131,-0.024074088,0,0,0,0,9,9,33,1,c,Il paziente non ha preso il Batatrim,Il paziente ha superato la crisi,,,,,,,,,,,,,,,,,,,,,,,,,,,,,,,,,,,,,,,,,,,,,,,,,,,,,,,,,,,,,,,,,,,,,,,,,,,,,,,,,,,,,,
,,,,,,,,[(%PROLIFIC_PID,1,2025-04-16_19h17.30.890,CLTandFLE,2024.1.5,Win32,60.24096386,6010381382846a0ae97c00c5,67ffc4c40efe1bd1090b10ee,67ffe52c1ed9a792c58afa6e,,,,,,,,,,,,,,,,,,,,,,,,,,,,,,,,,,,,,,,,,,,170.0444,176.0241,5.9793,1,0,67.852,-0.25,-0.037037065,0,0,0,0,10,10,34,1,c,Il paziente non ha preso il Batatrim,Il paziente ha superato la crisi,,,,,,,,,,,,,,,,,,,,,,,,,,,,,,,,,,,,,,,,,,,,,,,,,,,,,,,,,,,,,,,,,,,,,,,,,,,,,,,,,,,,,,
,,,,,,,,[(%PROLIFIC_PID,1,2025-04-16_19h17.30.890,CLTandFLE,2024.1.5,Win32,60.24096386,6010381382846a0ae97c00c5,67ffc4c40efe1bd1090b10ee,67ffe52c1ed9a792c58afa6e,,,,,,,,,,,,,,,,,,,,,,,,,,,,,,,,,,,,,,,,,,,176.0249,181.2824,5.2572,1,0,73.1092,-0.25,-0.037037065,0,0,0,0,11,11,30,1,c,Il paziente non ha preso il Batatrim,Il paziente ha superato la crisi,,,,,,,,,,,,,,,,,,,,,,,,,,,,,,,,,,,,,,,,,,,,,,,,,,,,,,,,,,,,,,,,,,,,,,,,,,,,,,,,,,,,,,
,,,,,,,,[(%PROLIFIC_PID,1,2025-04-16_19h17.30.890,CLTandFLE,2024.1.5,Win32,60.24096386,6010381382846a0ae97c00c5,67ffc4c40efe1bd1090b10ee,67ffe52c1ed9a792c58afa6e,,,,,,,,,,,,,,,,,,,,,,,,,,,,,,,,,,,,,,,,,,,181.283,186.261,4.9775,1,0,78.0867,-0.25,-0.037037065,0,0,0,0,12,12,21,1,c,Il paziente non ha preso il Batatrim,Il paziente ha superato la crisi,,,,,,,,,,,,,,,,,,,,,,,,,,,,,,,,,,,,,,,,,,,,,,,,,,,,,,,,,,,,,,,,,,,,,,,,,,,,,,,,,,,,,,
,,,,,,,,[(%PROLIFIC_PID,1,2025-04-16_19h17.30.890,CLTandFLE,2024.1.5,Win32,60.24096386,6010381382846a0ae97c00c5,67ffc4c40efe1bd1090b10ee,67ffe52c1ed9a792c58afa6e,,,,,,,,,,,,,,,,,,,,,,,,,,,,,,,,,,,,,,,,,,,186.2614,191.1932,4.9315,1,0,83.0182,-0.25,-0.037037065,0,0,0,0,13,13,35,1,d,Il paziente non ha preso il Batatrim,Il paziente non ha superato la crisi,,,,,,,,,,,,,,,,,,,,,,,,,,,,,,,,,,,,,,,,,,,,,,,,,,,,,,,,,,,,,,,,,,,,,,,,,,,,,,,,,,,,,,
,,,,,,,,[(%PROLIFIC_PID,1,2025-04-16_19h17.30.890,CLTandFLE,2024.1.5,Win32,60.24096386,6010381382846a0ae97c00c5,67ffc4c40efe1bd1090b10ee,67ffe52c1ed9a792c58afa6e,,,,,,,,,,,,,,,,,,,,,,,,,,,,,,,,,,,,,,,,,,,191.1939,196.1947,5.0005,0,1,88.0187,0.202777778,-0.035185199,0,0,0,0,14,14,32,1,c,Il paziente non ha preso il Batatrim,Il paziente ha superato la crisi,,,,,,,,,,,,,,,,,,,,,,,,,,,,,,,,,,,,,,,,,,,,,,,,,,,,,,,,,,,,,,,,,,,,,,,,,,,,,,,,,,,,,,
,,,,,,,,[(%PROLIFIC_PID,1,2025-04-16_19h17.30.890,CLTandFLE,2024.1.5,Win32,60.24096386,6010381382846a0ae97c00c5,67ffc4c40efe1bd1090b10ee,67ffe52c1ed9a792c58afa6e,,,,,,,,,,,,,,,,,,,,,,,,,,,,,,,,,,,,,,,,,,,196.1953,200.5906,4.3951,0,1,92.4138,0.202777778,-0.035185199,0,0,0,0,15,15,16,1,b,Il paziente ha preso il Batatrim,Il paziente non ha superato la crisi,,,,,,,,,,,,,,,,,,,,,,,,,,,,,,,,,,,,,,,,,,,,,,,,,,,,,,,,,,,,,,,,,,,,,,,,,,,,,,,,,,,,,,
,,,,,,,,[(%PROLIFIC_PID,1,2025-04-16_19h17.30.890,CLTandFLE,2024.1.5,Win32,60.24096386,6010381382846a0ae97c00c5,67ffc4c40efe1bd1090b10ee,67ffe52c1ed9a792c58afa6e,,,,,,,,,,,,,,,,,,,,,,,,,,,,,,,,,,,,,,,,,,,200.5913,206.923,6.3314,1,0,98.7452,-0.169444444,-0.025925954,0,0,0,0,16,16,4,1,a,Il paziente ha preso il Batatrim,Il paziente ha superato la crisi,,,,,,,,,,,,,,,,,,,,,,,,,,,,,,,,,,,,,,,,,,,,,,,,,,,,,,,,,,,,,,,,,,,,,,,,,,,,,,,,,,,,,,
,,,,,,,,[(%PROLIFIC_PID,1,2025-04-16_19h17.30.890,CLTandFLE,2024.1.5,Win32,60.24096386,6010381382846a0ae97c00c5,67ffc4c40efe1bd1090b10ee,67ffe52c1ed9a792c58afa6e,,,,,,,,,,,,,,,,,,,,,,,,,,,,,,,,,,,,,,,,,,,206.9235,211.7903,4.8666,1,0,103.6118,-0.169444444,-0.025925954,0,0,0,0,17,17,12,1,a,Il paziente ha preso il Batatrim,Il paziente ha superato la crisi,,,,,,,,,,,,,,,,,,,,,,,,,,,,,,,,,,,,,,,,,,,,,,,,,,,,,,,,,,,,,,,,,,,,,,,,,,,,,,,,,,,,,,
,,,,,,,,[(%PROLIFIC_PID,1,2025-04-16_19h17.30.890,CLTandFLE,2024.1.5,Win32,60.24096386,6010381382846a0ae97c00c5,67ffc4c40efe1bd1090b10ee,67ffe52c1ed9a792c58afa6e,,,,,,,,,,,,,,,,,,,,,,,,,,,,,,,,,,,,,,,,,,,211.7908,216.6402,4.849,1,0,108.4608,-0.169444444,-0.025925954,0,0,0,0,18,18,13,1,a,Il paziente ha preso il Batatrim,Il paziente ha superato la crisi,,,,,,,,,,,,,,,,,,,,,,,,,,,,,,,,,,,,,,,,,,,,,,,,,,,,,,,,,,,,,,,,,,,,,,,,,,,,,,,,,,,,,,
,,,,,,,,[(%PROLIFIC_PID,1,2025-04-16_19h17.30.890,CLTandFLE,2024.1.5,Win32,60.24096386,6010381382846a0ae97c00c5,67ffc4c40efe1bd1090b10ee,67ffe52c1ed9a792c58afa6e,,,,,,,,,,,,,,,,,,,,,,,,,,,,,,,,,,,,,,,,,,,216.641,222.3242,5.6829,1,0,114.1437,-0.169444444,-0.025925954,0,0,0,0,19,19,1,1,a,Il paziente ha preso il Batatrim,Il paziente ha superato la crisi,,,,,,,,,,,,,,,,,,,,,,,,,,,,,,,,,,,,,,,,,,,,,,,,,,,,,,,,,,,,,,,,,,,,,,,,,,,,,,,,,,,,,,
,,,,,,,,[(%PROLIFIC_PID,1,2025-04-16_19h17.30.890,CLTandFLE,2024.1.5,Win32,60.24096386,6010381382846a0ae97c00c5,67ffc4c40efe1bd1090b10ee,67ffe52c1ed9a792c58afa6e,,,,,,,,,,,,,,,,,,,,,,,,,,,,,,,,,,,,,,,,,,,222.3248,228.4787,6.1536,1,0,120.2973,-0.161111111,-0.037037065,0,0,0,0,20,20,24,1,c,Il paziente non ha preso il Batatrim,Il paziente ha superato la crisi,,,,,,,,,,,,,,,,,,,,,,,,,,,,,,,,,,,,,,,,,,,,,,,,,,,,,,,,,,,,,,,,,,,,,,,,,,,,,,,,,,,,,,
,,,,,,,,[(%PROLIFIC_PID,1,2025-04-16_19h17.30.890,CLTandFLE,2024.1.5,Win32,60.24096386,6010381382846a0ae97c00c5,67ffc4c40efe1bd1090b10ee,67ffe52c1ed9a792c58afa6e,,,,,,,,,,,,,,,,,,,,,,,,,,,,,,,,,,,,,,,,,,,228.4792,233.5233,5.0439,1,0,125.3412,-0.161111111,-0.037037065,0,0,0,0,21,21,10,1,a,Il paziente ha preso il Batatrim,Il paziente ha superato la crisi,,,,,,,,,,,,,,,,,,,,,,,,,,,,,,,,,,,,,,,,,,,,,,,,,,,,,,,,,,,,,,,,,,,,,,,,,,,,,,,,,,,,,,
,,,,,,,,[(%PROLIFIC_PID,1,2025-04-16_19h17.30.890,CLTandFLE,2024.1.5,Win32,60.24096386,6010381382846a0ae97c00c5,67ffc4c40efe1bd1090b10ee,67ffe52c1ed9a792c58afa6e,,,,,,,,,,,,,,,,,,,,,,,,,,,,,,,,,,,,,,,,,,,233.524,238.4261,4.9018,1,0,130.243,-0.161111111,-0.037037065,0,0,0,0,22,22,31,1,c,Il paziente non ha preso il Batatrim,Il paziente ha superato la crisi,,,,,,,,,,,,,,,,,,,,,,,,,,,,,,,,,,,,,,,,,,,,,,,,,,,,,,,,,,,,,,,,,,,,,,,,,,,,,,,,,,,,,,
,,,,,,,,[(%PROLIFIC_PID,1,2025-04-16_19h17.30.890,CLTandFLE,2024.1.5,Win32,60.24096386,6010381382846a0ae97c00c5,67ffc4c40efe1bd1090b10ee,67ffe52c1ed9a792c58afa6e,,,,,,,,,,,,,,,,,,,,,,,,,,,,,,,,,,,,,,,,,,,238.4265,243.7514,5.3246,1,0,135.5676,-0.161111111,-0.037037065,0,0,0,0,23,23,6,1,a,Il paziente ha preso il Batatrim,Il paziente ha superato la crisi,,,,,,,,,,,,,,,,,,,,,,,,,,,,,,,,,,,,,,,,,,,,,,,,,,,,,,,,,,,,,,,,,,,,,,,,,,,,,,,,,,,,,,
,,,,,,,,[(%PROLIFIC_PID,1,2025-04-16_19h17.30.890,CLTandFLE,2024.1.5,Win32,60.24096386,6010381382846a0ae97c00c5,67ffc4c40efe1bd1090b10ee,67ffe52c1ed9a792c58afa6e,,,,,,,,,,,,,,,,,,,,,,,,,,,,,,,,,,,,,,,,,,,243.7519,248.6269,4.8742,1,0,140.4418,-0.161111111,-0.037037065,0,0,0,0,24,24,14,1,b,Il paziente ha preso il Batatrim,Il paziente ha superato la crisi,,,,,,,,,,,,,,,,,,,,,,,,,,,,,,,,,,,,,,,,,,,,,,,,,,,,,,,,,,,,,,,,,,,,,,,,,,,,,,,,,,,,,,
,,,,,,,,[(%PROLIFIC_PID,1,2025-04-16_19h17.30.890,CLTandFLE,2024.1.5,Win32,60.24096386,6010381382846a0ae97c00c5,67ffc4c40efe1bd1090b10ee,67ffe52c1ed9a792c58afa6e,,,,,,,,,,,,,,,,,,,,,,,,,,,,,,,,,,,,,,,,,,,248.6276,254.6387,6.0107,0,1,146.4525,-0.195370356,-0.05,0,0,0,0,25,25,23,1,c,Il paziente non ha preso il Batatrim,Il paziente ha superato la crisi,,,,,,,,,,,,,,,,,,,,,,,,,,,,,,,,,,,,,,,,,,,,,,,,,,,,,,,,,,,,,,,,,,,,,,,,,,,,,,,,,,,,,,
,,,,,,,,[(%PROLIFIC_PID,1,2025-04-16_19h17.30.890,CLTandFLE,2024.1.5,Win32,60.24096386,6010381382846a0ae97c00c5,67ffc4c40efe1bd1090b10ee,67ffe52c1ed9a792c58afa6e,,,,,,,,,,,,,,,,,,,,,,,,,,,,,,,,,,,,,,,,,,,254.6394,259.4273,4.7877,1,0,151.2402,-0.195370356,-0.05,0,0,0,0,26,26,26,1,c,Il paziente non ha preso il Batatrim,Il paziente ha superato la crisi,,,,,,,,,,,,,,,,,,,,,,,,,,,,,,,,,,,,,,,,,,,,,,,,,,,,,,,,,,,,,,,,,,,,,,,,,,,,,,,,,,,,,,
,,,,,,,,[(%PROLIFIC_PID,1,2025-04-16_19h17.30.890,CLTandFLE,2024.1.5,Win32,60.24096386,6010381382846a0ae97c00c5,67ffc4c40efe1bd1090b10ee,67ffe52c1ed9a792c58afa6e,,,,,,,,,,,,,,,,,,,,,,,,,,,,,,,,,,,,,,,,,,,259.4279,264.3687,4.9404,1,0,156.1806,-0.195370356,-0.05,0,0,0,0,27,27,38,1,d,Il paziente non ha preso il Batatrim,Il paziente non ha superato la crisi,,,,,,,,,,,,,,,,,,,,,,,,,,,,,,,,,,,,,,,,,,,,,,,,,,,,,,,,,,,,,,,,,,,,,,,,,,,,,,,,,,,,,,
,,,,,,,,[(%PROLIFIC_PID,1,2025-04-16_19h17.30.890,CLTandFLE,2024.1.5,Win32,60.24096386,6010381382846a0ae97c00c5,67ffc4c40efe1bd1090b10ee,67ffe52c1ed9a792c58afa6e,,,,,,,,,,,,,,,,,,,,,,,,,,,,,,,,,,,,,,,,,,,264.3694,269.0709,4.7012,1,0,160.8818,-0.195370356,-0.05,0,0,0,0,28,28,11,1,a,Il paziente ha preso il Batatrim,Il paziente ha superato la crisi,,,,,,,,,,,,,,,,,,,,,,,,,,,,,,,,,,,,,,,,,,,,,,,,,,,,,,,,,,,,,,,,,,,,,,,,,,,,,,,,,,,,,,
,,,,,,,,[(%PROLIFIC_PID,1,2025-04-16_19h17.30.890,CLTandFLE,2024.1.5,Win32,60.24096386,6010381382846a0ae97c00c5,67ffc4c40efe1bd1090b10ee,67ffe52c1ed9a792c58afa6e,,,,,,,,,,,,,,,,,,,,,,,,,,,,,,,,,,,,,,,,,,,269.0717,274.0582,4.986,1,0,165.8678,-0.195370356,-0.05,0,0,0,0,29,29,8,1,a,Il paziente ha preso il Batatrim,Il paziente ha superato la crisi,,,,,,,,,,,,,,,,,,,,,,,,,,,,,,,,,,,,,,,,,,,,,,,,,,,,,,,,,,,,,,,,,,,,,,,,,,,,,,,,,,,,,,
,,,,,,,,[(%PROLIFIC_PID,1,2025-04-16_19h17.30.890,CLTandFLE,2024.1.5,Win32,60.24096386,6010381382846a0ae97c00c5,67ffc4c40efe1bd1090b10ee,67ffe52c1ed9a792c58afa6e,,,,,,,,,,,,,,,,,,,,,,,,,,,,,,,,,,,,,,,,,,,274.0586,279.5547,5.4959,1,0,171.3637,-0.195370356,-0.05,0,0,0,0,30,30,0,1,a,Il paziente ha preso il Batatrim,Il paziente ha superato la crisi,,,,,,,,,,,,,,,,,,,,,,,,,,,,,,,,,,,,,,,,,,,,,,,,,,,,,,,,,,,,,,,,,,,,,,,,,,,,,,,,,,,,,,
,,,,,,,,[(%PROLIFIC_PID,1,2025-04-16_19h17.30.890,CLTandFLE,2024.1.5,Win32,60.24096386,6010381382846a0ae97c00c5,67ffc4c40efe1bd1090b10ee,67ffe52c1ed9a792c58afa6e,,,,,,,,,,,,,,,,,,,,,,,,,,,,,,,,,,,,,,,,,,,279.5553,285.5675,6.0118,0,1,177.3755,0.218518575,-0.049074088,0,0,0,0,31,31,39,1,d,Il paziente non ha preso il Batatrim,Il paziente non ha superato la crisi,,,,,,,,,,,,,,,,,,,,,,,,,,,,,,,,,,,,,,,,,,,,,,,,,,,,,,,,,,,,,,,,,,,,,,,,,,,,,,,,,,,,,,
,,,,,,,,[(%PROLIFIC_PID,1,2025-04-16_19h17.30.890,CLTandFLE,2024.1.5,Win32,60.24096386,6010381382846a0ae97c00c5,67ffc4c40efe1bd1090b10ee,67ffe52c1ed9a792c58afa6e,,,,,,,,,,,,,,,,,,,,,,,,,,,,,,,,,,,,,,,,,,,285.568,291.2722,5.7039,1,0,183.0794,0.059259288,-0.032407422,0,0,0,0,32,32,19,1,b,Il paziente ha preso il Batatrim,Il paziente non ha superato la crisi,,,,,,,,,,,,,,,,,,,,,,,,,,,,,,,,,,,,,,,,,,,,,,,,,,,,,,,,,,,,,,,,,,,,,,,,,,,,,,,,,,,,,,
,,,,,,,,[(%PROLIFIC_PID,1,2025-04-16_19h17.30.890,CLTandFLE,2024.1.5,Win32,60.24096386,6010381382846a0ae97c00c5,67ffc4c40efe1bd1090b10ee,67ffe52c1ed9a792c58afa6e,,,,,,,,,,,,,,,,,,,,,,,,,,,,,,,,,,,,,,,,,,,291.2727,297.8698,6.5969,1,0,189.6763,-0.069444444,0.005555556,0,0,0,0,33,33,29,1,c,Il paziente non ha preso il Batatrim,Il paziente ha superato la crisi,,,,,,,,,,,,,,,,,,,,,,,,,,,,,,,,,,,,,,,,,,,,,,,,,,,,,,,,,,,,,,,,,,,,,,,,,,,,,,,,,,,,,,
,,,,,,,,[(%PROLIFIC_PID,1,2025-04-16_19h17.30.890,CLTandFLE,2024.1.5,Win32,60.24096386,6010381382846a0ae97c00c5,67ffc4c40efe1bd1090b10ee,67ffe52c1ed9a792c58afa6e,,,,,,,,,,,,,,,,,,,,,,,,,,,,,,,,,,,,,,,,,,,297.8707,303.7995,5.9284,1,0,195.6047,-0.075,-0.057407422,0,0,0,0,34,34,28,1,c,Il paziente non ha preso il Batatrim,Il paziente ha superato la crisi,,,,,,,,,,,,,,,,,,,,,,,,,,,,,,,,,,,,,,,,,,,,,,,,,,,,,,,,,,,,,,,,,,,,,,,,,,,,,,,,,,,,,,
,,,,,,,,[(%PROLIFIC_PID,1,2025-04-16_19h17.30.890,CLTandFLE,2024.1.5,Win32,60.24096386,6010381382846a0ae97c00c5,67ffc4c40efe1bd1090b10ee,67ffe52c1ed9a792c58afa6e,,,,,,,,,,,,,,,,,,,,,,,,,,,,,,,,,,,,,,,,,,,303.8004,308.9305,5.1297,1,0,200.7344,-0.222222222,-0.043518533,0,0,0,0,35,35,15,1,b,Il paziente ha preso il Batatrim,Il paziente non ha superato la crisi,,,,,,,,,,,,,,,,,,,,,,,,,,,,,,,,,,,,,,,,,,,,,,,,,,,,,,,,,,,,,,,,,,,,,,,,,,,,,,,,,,,,,,
,,,,,,,,[(%PROLIFIC_PID,1,2025-04-16_19h17.30.890,CLTandFLE,2024.1.5,Win32,60.24096386,6010381382846a0ae97c00c5,67ffc4c40efe1bd1090b10ee,67ffe52c1ed9a792c58afa6e,,,,,,,,,,,,,,,,,,,,,,,,,,,,,,,,,,,,,,,,,,,308.9311,314.8555,5.924,1,0,206.6584,-0.222222222,-0.043518533,0,0,0,0,36,36,25,1,c,Il paziente non ha preso il Batatrim,Il paziente ha superato la crisi,,,,,,,,,,,,,,,,,,,,,,,,,,,,,,,,,,,,,,,,,,,,,,,,,,,,,,,,,,,,,,,,,,,,,,,,,,,,,,,,,,,,,,
,,,,,,,,[(%PROLIFIC_PID,1,2025-04-16_19h17.30.890,CLTandFLE,2024.1.5,Win32,60.24096386,6010381382846a0ae97c00c5,67ffc4c40efe1bd1090b10ee,67ffe52c1ed9a792c58afa6e,,,,,,,,,,,,,,,,,,,,,,,,,,,,,,,,,,,,,,,,,,,314.8563,319.6266,4.77,1,0,211.4284,-0.222222222,-0.043518533,0,0,0,0,37,37,5,1,a,Il paziente ha preso il Batatrim,Il paziente ha superato la crisi,,,,,,,,,,,,,,,,,,,,,,,,,,,,,,,,,,,,,,,,,,,,,,,,,,,,,,,,,,,,,,,,,,,,,,,,,,,,,,,,,,,,,,
,,,,,,,,[(%PROLIFIC_PID,1,2025-04-16_19h17.30.890,CLTandFLE,2024.1.5,Win32,60.24096386,6010381382846a0ae97c00c5,67ffc4c40efe1bd1090b10ee,67ffe52c1ed9a792c58afa6e,,,,,,,,,,,,,,,,,,,,,,,,,,,,,,,,,,,,,,,,,,,319.6272,324.768,5.1404,1,0,216.5688,-0.222222222,-0.043518533,0,0,0,0,38,38,2,1,a,Il paziente ha preso il Batatrim,Il paziente ha superato la crisi,,,,,,,,,,,,,,,,,,,,,,,,,,,,,,,,,,,,,,,,,,,,,,,,,,,,,,,,,,,,,,,,,,,,,,,,,,,,,,,,,,,,,,
,,,,,,,,[(%PROLIFIC_PID,1,2025-04-16_19h17.30.890,CLTandFLE,2024.1.5,Win32,60.24096386,6010381382846a0ae97c00c5,67ffc4c40efe1bd1090b10ee,67ffe52c1ed9a792c58afa6e,,,,,,,,,,,,,,,,,,,,,,,,,,,,,,,,,,,,,,,,,,,324.7685,329.8335,5.0647,1,0,221.6335,-0.222222222,-0.043518533,0,0,0,0,39,39,7,1,a,Il paziente ha preso il Batatrim,Il paziente ha superato la crisi,,,,,,,,,,,,,,,,,,,,,,,,,,,,,,,,,,,,,,,,,,,,,,,,,,,,,,,,,,,,,,,,,,,,,,,,,,,,,,,,,,,,,,
,,,,,,,,[(%PROLIFIC_PID,1,2025-04-16_19h17.30.890,CLTandFLE,2024.1.5,Win32,60.24096386,6010381382846a0ae97c00c5,67ffc4c40efe1bd1090b10ee,67ffe52c1ed9a792c58afa6e,,372.8195,373.9089,,,,,,,,,,,,,,,,,,,,,,,,,,,,,,,,,,,,,,,,,,,,,,,,,,,,,,,,,,,330.8257,354.8182,23.9916,40,20.9596,-0.04351849,-0.180555556,1,0,0,355.8093,372.8193,17.0096,82,13.5552,0.037037065,-0.19629631,1,0,0,20,10,20,10,0,0,0,0,1,,,,,,,,,,,,,,,,,,,,,,,,,,,,,,,,,,,,,,,,,,,,,,,,,,,,,,,,,
,,,,,,,,[(%PROLIFIC_PID,1,2025-04-16_19h17.30.890,CLTandFLE,2024.1.5,Win32,60.24096386,6010381382846a0ae97c00c5,67ffc4c40efe1bd1090b10ee,67ffe52c1ed9a792c58afa6e,,505.3002,506.2938,,,,,,,,,,,,,,,,,,,,,,,,,,,,,,,,,,,,,,,,,,,,,,,,,,,,,,,,,,,,,,,,,,,,,,,,,,,,,,,,,,,,,,,,424.4694,433.5411,9.0698,5,7.8283,0.012037065,-0.216666667,1,0,0,38,Femmina,No,18,No,TRUE,FALSE,8,9,9,8,8,FALSE,Conferma,c1ok,c2ok,c3ok,c4ok,c5ok,c6err2,c7ok,c8ok,c9ok,c10ok,c11ok,c12err,c13ok,c14err,c15ok,c16ok,c17ok,c18ok,c19ok,c20ok,c21err,c22ok,c23ok,c24ok,c25err3,c26ok,852.953,859.6801,0,0,0,0,1
